Value,Count,apps_mzs_rast,LC20_BPS_220,LC24_SCla_250,BPS_MODEL,BPS_NAME,GROUPVEG,FRI_REPLAC,FRI_MIXED,FRI_SURFAC,FRI_ALLFIR,LABEL
1,1848273.000000000000000,66,1986,7,13730_65_66,Acadian Low-Elevation Spruce-Fir-Hardwood Forest,Hardwood-Conifer,1127,-9999,-9999,1127,UE
2,13244552.000000000000000,66,1986,3,13730_65_66,Acadian Low-Elevation Spruce-Fir-Hardwood Forest,Hardwood-Conifer,1127,-9999,-9999,1127,C
3,7199004.000000000000000,66,1986,1,13730_65_66,Acadian Low-Elevation Spruce-Fir-Hardwood Forest,Hardwood-Conifer,1127,-9999,-9999,1127,A
4,18230432.000000000000000,66,1986,2,13730_65_66,Acadian Low-Elevation Spruce-Fir-Hardwood Forest,Hardwood-Conifer,1127,-9999,-9999,1127,B
5,14929791.000000000000000,66,11,111,0,Open Water,Open Water,-9999,-9999,-9999,-9999,Water
6,746224.000000000000000,66,1998,4,14940_63_65_66,Laurentian-Acadian Shrub-Herbaceous Wetland Systems,Riparian,792,-9999,-9999,792,D
7,2587070.000000000000000,66,1999,3,15260_64_65_66,Laurentian-Acadian Swamp Systems,Riparian,1011,-9999,-9999,1011,C
8,2111079.000000000000000,66,1999,6,15260_64_65_66,Laurentian-Acadian Swamp Systems,Riparian,1011,-9999,-9999,1011,UN
9,505713.000000000000000,66,1994,4,14770_63_64_65_66,Boreal Acidic Peatland Systems,Riparian,935,-9999,170,144,D
10,949410.000000000000000,66,1998,6,14940_63_65_66,Laurentian-Acadian Shrub-Herbaceous Wetland Systems,Riparian,792,-9999,-9999,792,UN
11,830588.000000000000000,66,1999,2,15260_64_65_66,Laurentian-Acadian Swamp Systems,Riparian,1011,-9999,-9999,1011,B
12,18974.000000000000000,66,1980,4,13440_66,Boreal Jack Pine-Black Spruce Forest,Conifer,214,-9999,-9999,214,D
13,642747.000000000000000,66,1986,6,13730_65_66,Acadian Low-Elevation Spruce-Fir-Hardwood Forest,Hardwood-Conifer,1127,-9999,-9999,1127,UN
14,17069460.000000000000000,66,1978,5,13020_65_66,Laurentian-Acadian Northern Hardwoods Forest,Hardwood,983,-9999,-9999,983,E
15,4610306.000000000000000,66,1978,3,13020_65_66,Laurentian-Acadian Northern Hardwoods Forest,Hardwood,983,-9999,-9999,983,C
16,6806493.000000000000000,66,1978,6,13020_65_66,Laurentian-Acadian Northern Hardwoods Forest,Hardwood,983,-9999,-9999,983,UN
17,7217050.000000000000000,66,1983,4,13660_51_63_64_65_66,Laurentian-Acadian Pine-Hemlock-Hardwood Forest,Hardwood-Conifer,482,998,289,153,D
18,1953158.000000000000000,66,1978,2,13020_65_66,Laurentian-Acadian Northern Hardwoods Forest,Hardwood,983,-9999,-9999,983,B
19,2122920.000000000000000,66,1986,120,13730_65_66,Acadian Low-Elevation Spruce-Fir-Hardwood Forest,Hardwood-Conifer,1127,-9999,-9999,1127,Developed
20,114321.000000000000000,66,1983,3,13660_51_63_64_65_66,Laurentian-Acadian Pine-Hemlock-Hardwood Forest,Hardwood-Conifer,482,998,289,153,C
21,780831.000000000000000,66,1983,120,13660_51_63_64_65_66,Laurentian-Acadian Pine-Hemlock-Hardwood Forest,Hardwood-Conifer,482,998,289,153,Developed
22,272728.000000000000000,66,1983,2,13660_51_63_64_65_66,Laurentian-Acadian Pine-Hemlock-Hardwood Forest,Hardwood-Conifer,482,998,289,153,B
23,378465.000000000000000,66,1983,7,13660_51_63_64_65_66,Laurentian-Acadian Pine-Hemlock-Hardwood Forest,Hardwood-Conifer,482,998,289,153,UE
24,1249052.000000000000000,66,1978,120,13020_65_66,Laurentian-Acadian Northern Hardwoods Forest,Hardwood,983,-9999,-9999,983,Developed
25,40295.000000000000000,66,1988,120,13770_60_61_63_64_65_66,Central Appalachian Pine-Oak Rocky Woodland,Hardwood-Conifer,412,384,4645,190,Developed
26,349841.000000000000000,66,1988,3,13770_60_61_63_64_65_66,Central Appalachian Pine-Oak Rocky Woodland,Hardwood-Conifer,412,384,4645,190,C
27,897712.000000000000000,66,1978,7,13020_65_66,Laurentian-Acadian Northern Hardwoods Forest,Hardwood,983,-9999,-9999,983,UE
28,174714.000000000000000,66,1988,6,13770_60_61_63_64_65_66,Central Appalachian Pine-Oak Rocky Woodland,Hardwood-Conifer,412,384,4645,190,UN
29,130125.000000000000000,66,1978,1,13020_65_66,Laurentian-Acadian Northern Hardwoods Forest,Hardwood,983,-9999,-9999,983,A
30,16756.000000000000000,66,1998,3,14940_63_65_66,Laurentian-Acadian Shrub-Herbaceous Wetland Systems,Riparian,792,-9999,-9999,792,C
31,170015.000000000000000,66,1998,2,14940_63_65_66,Laurentian-Acadian Shrub-Herbaceous Wetland Systems,Riparian,792,-9999,-9999,792,B
32,190354.000000000000000,66,1999,1,15260_64_65_66,Laurentian-Acadian Swamp Systems,Riparian,1011,-9999,-9999,1011,A
33,272164.000000000000000,66,1993,6,14750_41_50_51_63_64_65_66,Laurentian-Acadian Floodplain Systems,Riparian,-9999,435,68,59,UN
34,107253.000000000000000,66,1998,120,14940_63_65_66,Laurentian-Acadian Shrub-Herbaceous Wetland Systems,Riparian,792,-9999,-9999,792,Developed
35,89079.000000000000000,66,1993,2,14750_41_50_51_63_64_65_66,Laurentian-Acadian Floodplain Systems,Riparian,-9999,435,68,59,B
36,330073.000000000000000,66,1993,3,14750_41_50_51_63_64_65_66,Laurentian-Acadian Floodplain Systems,Riparian,-9999,435,68,59,C
37,51435.000000000000000,66,1993,7,14750_41_50_51_63_64_65_66,Laurentian-Acadian Floodplain Systems,Riparian,-9999,435,68,59,UE
38,72004.000000000000000,66,1998,7,14940_63_65_66,Laurentian-Acadian Shrub-Herbaceous Wetland Systems,Riparian,792,-9999,-9999,792,UE
39,241911.000000000000000,66,1994,6,14770_63_64_65_66,Boreal Acidic Peatland Systems,Riparian,935,-9999,170,144,UN
40,250196.000000000000000,66,1999,120,15260_64_65_66,Laurentian-Acadian Swamp Systems,Riparian,1011,-9999,-9999,1011,Developed
41,177647.000000000000000,66,1999,7,15260_64_65_66,Laurentian-Acadian Swamp Systems,Riparian,1011,-9999,-9999,1011,UE
42,264784.000000000000000,66,1994,3,14770_63_64_65_66,Boreal Acidic Peatland Systems,Riparian,935,-9999,170,144,C
43,33590.000000000000000,66,1994,7,14770_63_64_65_66,Boreal Acidic Peatland Systems,Riparian,935,-9999,170,144,UE
44,37965.000000000000000,66,1994,2,14770_63_64_65_66,Boreal Acidic Peatland Systems,Riparian,935,-9999,170,144,B
45,208008.000000000000000,66,1994,1,14770_63_64_65_66,Boreal Acidic Peatland Systems,Riparian,935,-9999,170,144,A
46,25717.000000000000000,66,1994,120,14770_63_64_65_66,Boreal Acidic Peatland Systems,Riparian,935,-9999,170,144,Developed
47,65349.000000000000000,66,1993,120,14750_41_50_51_63_64_65_66,Laurentian-Acadian Floodplain Systems,Riparian,-9999,435,68,59,Developed
48,2090333.000000000000000,66,1986,180,13730_65_66,Acadian Low-Elevation Spruce-Fir-Hardwood Forest,Hardwood-Conifer,1127,-9999,-9999,1127,Agriculture
49,11188.000000000000000,66,1986,132,13730_65_66,Acadian Low-Elevation Spruce-Fir-Hardwood Forest,Hardwood-Conifer,1127,-9999,-9999,1127,Barren or Sparse
50,38324.000000000000000,66,1988,2,13770_60_61_63_64_65_66,Central Appalachian Pine-Oak Rocky Woodland,Hardwood-Conifer,412,384,4645,190,B
51,124154.000000000000000,66,1993,180,14750_41_50_51_63_64_65_66,Laurentian-Acadian Floodplain Systems,Riparian,-9999,435,68,59,Agriculture
52,1765335.000000000000000,66,1982,2,13620_51_63_64_65_66,Laurentian-Acadian Northern Pine(-Oak) Forest,Hardwood-Conifer,309,447,65,48,B
53,1333311.000000000000000,66,1978,180,13020_65_66,Laurentian-Acadian Northern Hardwoods Forest,Hardwood,983,-9999,-9999,983,Agriculture
54,45437.000000000000000,66,1988,4,13770_60_61_63_64_65_66,Central Appalachian Pine-Oak Rocky Woodland,Hardwood-Conifer,412,384,4645,190,D
55,21566.000000000000000,66,1988,180,13770_60_61_63_64_65_66,Central Appalachian Pine-Oak Rocky Woodland,Hardwood-Conifer,412,384,4645,190,Agriculture
56,154372.000000000000000,66,1982,7,13620_51_63_64_65_66,Laurentian-Acadian Northern Pine(-Oak) Forest,Hardwood-Conifer,309,447,65,48,UE
57,248740.000000000000000,66,1982,180,13620_51_63_64_65_66,Laurentian-Acadian Northern Pine(-Oak) Forest,Hardwood-Conifer,309,447,65,48,Agriculture
58,112830.000000000000000,66,1982,3,13620_51_63_64_65_66,Laurentian-Acadian Northern Pine(-Oak) Forest,Hardwood-Conifer,309,447,65,48,C
59,425579.000000000000000,66,1982,120,13620_51_63_64_65_66,Laurentian-Acadian Northern Pine(-Oak) Forest,Hardwood-Conifer,309,447,65,48,Developed
60,1008596.000000000000000,66,1987,1,13740_64_65_66,Acadian-Appalachian Montane Spruce-Fir Forest,Hardwood-Conifer,580,-9999,-9999,580,A
61,2963738.000000000000000,66,1987,3,13740_64_65_66,Acadian-Appalachian Montane Spruce-Fir Forest,Hardwood-Conifer,580,-9999,-9999,580,C
62,40301.000000000000000,66,1988,7,13770_60_61_63_64_65_66,Central Appalachian Pine-Oak Rocky Woodland,Hardwood-Conifer,412,384,4645,190,UE
63,35330.000000000000000,66,1982,1,13620_51_63_64_65_66,Laurentian-Acadian Northern Pine(-Oak) Forest,Hardwood-Conifer,309,447,65,48,A
64,117924.000000000000000,66,1983,1,13660_51_63_64_65_66,Laurentian-Acadian Pine-Hemlock-Hardwood Forest,Hardwood-Conifer,482,998,289,153,A
65,2021965.000000000000000,66,1987,2,13740_64_65_66,Acadian-Appalachian Montane Spruce-Fir Forest,Hardwood-Conifer,580,-9999,-9999,580,B
66,193820.000000000000000,66,1987,6,13740_64_65_66,Acadian-Appalachian Montane Spruce-Fir Forest,Hardwood-Conifer,580,-9999,-9999,580,UN
67,113298.000000000000000,66,1987,7,13740_64_65_66,Acadian-Appalachian Montane Spruce-Fir Forest,Hardwood-Conifer,580,-9999,-9999,580,UE
68,4497.000000000000000,66,1994,180,14770_63_64_65_66,Boreal Acidic Peatland Systems,Riparian,935,-9999,170,144,Agriculture
69,283878.000000000000000,66,1999,180,15260_64_65_66,Laurentian-Acadian Swamp Systems,Riparian,1011,-9999,-9999,1011,Agriculture
70,71511.000000000000000,66,1998,180,14940_63_65_66,Laurentian-Acadian Shrub-Herbaceous Wetland Systems,Riparian,792,-9999,-9999,792,Agriculture
71,9532.000000000000000,66,31,132,0,Barren-Rock/Sand/Clay,Barren-Rock/Sand/Clay,-9999,-9999,-9999,-9999,Barren or Sparse
72,474030.000000000000000,66,1983,180,13660_51_63_64_65_66,Laurentian-Acadian Pine-Hemlock-Hardwood Forest,Hardwood-Conifer,482,998,289,153,Agriculture
73,155089.000000000000000,66,1979,5,13240_60_65_66,Northern Atlantic Coastal Plain Hardwood Forest,Hardwood,48,44,4,4,E
74,142.000000000000000,66,1998,1,14940_63_65_66,Laurentian-Acadian Shrub-Herbaceous Wetland Systems,Riparian,792,-9999,-9999,792,A
75,98546.000000000000000,66,1987,120,13740_64_65_66,Acadian-Appalachian Montane Spruce-Fir Forest,Hardwood-Conifer,580,-9999,-9999,580,Developed
76,33893.000000000000000,66,1980,3,13440_66,Boreal Jack Pine-Black Spruce Forest,Conifer,214,-9999,-9999,214,C
77,1616.000000000000000,66,1980,7,13440_66,Boreal Jack Pine-Black Spruce Forest,Conifer,214,-9999,-9999,214,UE
78,13851.000000000000000,66,1980,6,13440_66,Boreal Jack Pine-Black Spruce Forest,Conifer,214,-9999,-9999,214,UN
79,113.000000000000000,66,1980,1,13440_66,Boreal Jack Pine-Black Spruce Forest,Conifer,214,-9999,-9999,214,A
80,339.000000000000000,66,1980,2,13440_66,Boreal Jack Pine-Black Spruce Forest,Conifer,214,-9999,-9999,214,B
81,702.000000000000000,66,1992,1,14720_64_65_66,Central Interior and Appalachian Riparian Systems,Riparian,984,-9999,198,165,A
82,1735.000000000000000,66,1992,180,14720_64_65_66,Central Interior and Appalachian Riparian Systems,Riparian,984,-9999,198,165,Agriculture
83,11499.000000000000000,66,1991,180,14360_65_66,Northern Atlantic Coastal Plain Dune and Swale,Grassland,10,17,-9999,6,Agriculture
84,5147.000000000000000,66,1991,1,14360_65_66,Northern Atlantic Coastal Plain Dune and Swale,Grassland,10,17,-9999,6,A
85,42334.000000000000000,66,1997,6,14900_65_66,Gulf and Atlantic Coastal Plain Tidal Marsh Systems,Riparian,508,-9999,-9999,508,UN
86,55108.000000000000000,66,1997,2,14900_65_66,Gulf and Atlantic Coastal Plain Tidal Marsh Systems,Riparian,508,-9999,-9999,508,B
87,1850.000000000000000,66,1997,180,14900_65_66,Gulf and Atlantic Coastal Plain Tidal Marsh Systems,Riparian,508,-9999,-9999,508,Agriculture
88,994.000000000000000,66,1992,7,14720_64_65_66,Central Interior and Appalachian Riparian Systems,Riparian,984,-9999,198,165,UE
89,4524.000000000000000,66,1978,132,13020_65_66,Laurentian-Acadian Northern Hardwoods Forest,Hardwood,983,-9999,-9999,983,Barren or Sparse
90,371.000000000000000,66,1998,132,14940_63_65_66,Laurentian-Acadian Shrub-Herbaceous Wetland Systems,Riparian,792,-9999,-9999,792,Barren or Sparse
91,725.000000000000000,66,1999,132,15260_64_65_66,Laurentian-Acadian Swamp Systems,Riparian,1011,-9999,-9999,1011,Barren or Sparse
92,400.000000000000000,66,1988,132,13770_60_61_63_64_65_66,Central Appalachian Pine-Oak Rocky Woodland,Hardwood-Conifer,412,384,4645,190,Barren or Sparse
93,1023.000000000000000,66,1980,120,13440_66,Boreal Jack Pine-Black Spruce Forest,Conifer,214,-9999,-9999,214,Developed
94,36422.000000000000000,66,1996,2,14800_46_56_58_60_64_65_66,Gulf and Atlantic Coastal Plain Swamp Systems,Riparian,-9999,-9999,221,221,B
95,1959.000000000000000,66,1992,3,14720_64_65_66,Central Interior and Appalachian Riparian Systems,Riparian,984,-9999,198,165,C
96,53729.000000000000000,66,1996,7,14800_46_56_58_60_64_65_66,Gulf and Atlantic Coastal Plain Swamp Systems,Riparian,-9999,-9999,221,221,UE
97,90699.000000000000000,66,1996,120,14800_46_56_58_60_64_65_66,Gulf and Atlantic Coastal Plain Swamp Systems,Riparian,-9999,-9999,221,221,Developed
98,513514.000000000000000,66,1996,3,14800_46_56_58_60_64_65_66,Gulf and Atlantic Coastal Plain Swamp Systems,Riparian,-9999,-9999,221,221,C
99,33815.000000000000000,66,1996,1,14800_46_56_58_60_64_65_66,Gulf and Atlantic Coastal Plain Swamp Systems,Riparian,-9999,-9999,221,221,A
100,14.000000000000000,66,1980,132,13440_66,Boreal Jack Pine-Black Spruce Forest,Conifer,214,-9999,-9999,214,Barren or Sparse
101,15.000000000000000,66,-1111,-1111,-1111,Fill-Not Mapped,Fill-Not Mapped,-9999,-9999,-9999,-9999,Fill-Not Mapped
102,6076.000000000000000,66,1979,6,13240_60_65_66,Northern Atlantic Coastal Plain Hardwood Forest,Hardwood,48,44,4,4,UN
103,687.000000000000000,66,1979,2,13240_60_65_66,Northern Atlantic Coastal Plain Hardwood Forest,Hardwood,48,44,4,4,B
104,33130.000000000000000,66,1979,4,13240_60_65_66,Northern Atlantic Coastal Plain Hardwood Forest,Hardwood,48,44,4,4,D
105,24274.000000000000000,66,1979,7,13240_60_65_66,Northern Atlantic Coastal Plain Hardwood Forest,Hardwood,48,44,4,4,UE
106,8483.000000000000000,66,1979,3,13240_60_65_66,Northern Atlantic Coastal Plain Hardwood Forest,Hardwood,48,44,4,4,C
107,100338.000000000000000,66,1995,3,14790_60_61_63_64_65_66,Central Interior and Appalachian Swamp Systems,Riparian,1011,-9999,1353,578,C
108,13793.000000000000000,66,1995,2,14790_60_61_63_64_65_66,Central Interior and Appalachian Swamp Systems,Riparian,1011,-9999,1353,578,B
109,100181.000000000000000,66,1979,120,13240_60_65_66,Northern Atlantic Coastal Plain Hardwood Forest,Hardwood,48,44,4,4,Developed
110,4273.000000000000000,66,1983,132,13660_51_63_64_65_66,Laurentian-Acadian Pine-Hemlock-Hardwood Forest,Hardwood-Conifer,482,998,289,153,Barren or Sparse
111,17006.000000000000000,66,1995,180,14790_60_61_63_64_65_66,Central Interior and Appalachian Swamp Systems,Riparian,1011,-9999,1353,578,Agriculture
112,12862.000000000000000,66,1995,7,14790_60_61_63_64_65_66,Central Interior and Appalachian Swamp Systems,Riparian,1011,-9999,1353,578,UE
113,72.000000000000000,66,1994,132,14770_63_64_65_66,Boreal Acidic Peatland Systems,Riparian,935,-9999,170,144,Barren or Sparse
114,1322634.000000000000000,66,1984,3,13690_60_61_63_64_65_66,Central Appalachian Dry Oak-Pine Forest,Hardwood-Conifer,182,463,15,14,C
115,21403.000000000000000,66,1995,120,14790_60_61_63_64_65_66,Central Interior and Appalachian Swamp Systems,Riparian,1011,-9999,1353,578,Developed
116,69812.000000000000000,66,1990,6,13890_64_66,Acadian-Appalachian Subalpine Woodland and Heath-Krummholz,Shrubland,3351,1795,4331,916,UN
117,194701.000000000000000,66,1989,6,13860_66,Acadian-Appalachian Alpine Tundra,Shrubland,-9999,-9999,-9999,-9999,UN
118,3114.000000000000000,66,1982,132,13620_51_63_64_65_66,Laurentian-Acadian Northern Pine(-Oak) Forest,Hardwood-Conifer,309,447,65,48,Barren or Sparse
119,493835.000000000000000,66,1984,2,13690_60_61_63_64_65_66,Central Appalachian Dry Oak-Pine Forest,Hardwood-Conifer,182,463,15,14,B
120,1689.000000000000000,66,1990,7,13890_64_66,Acadian-Appalachian Subalpine Woodland and Heath-Krummholz,Shrubland,3351,1795,4331,916,UE
121,12827.000000000000000,66,1987,180,13740_64_65_66,Acadian-Appalachian Montane Spruce-Fir Forest,Hardwood-Conifer,580,-9999,-9999,580,Agriculture
122,549.000000000000000,66,1987,132,13740_64_65_66,Acadian-Appalachian Montane Spruce-Fir Forest,Hardwood-Conifer,580,-9999,-9999,580,Barren or Sparse
123,22882.000000000000000,66,1984,6,13690_60_61_63_64_65_66,Central Appalachian Dry Oak-Pine Forest,Hardwood-Conifer,182,463,15,14,UN
124,197338.000000000000000,66,1984,7,13690_60_61_63_64_65_66,Central Appalachian Dry Oak-Pine Forest,Hardwood-Conifer,182,463,15,14,UE
125,63651.000000000000000,66,1984,1,13690_60_61_63_64_65_66,Central Appalachian Dry Oak-Pine Forest,Hardwood-Conifer,182,463,15,14,A
126,27362.000000000000000,66,1995,6,14790_60_61_63_64_65_66,Central Interior and Appalachian Swamp Systems,Riparian,1011,-9999,1353,578,UN
127,1408.000000000000000,66,1992,2,14720_64_65_66,Central Interior and Appalachian Riparian Systems,Riparian,984,-9999,198,165,B
128,12582.000000000000000,66,1997,7,14900_65_66,Gulf and Atlantic Coastal Plain Tidal Marsh Systems,Riparian,508,-9999,-9999,508,UE
129,2453.000000000000000,66,1997,3,14900_65_66,Gulf and Atlantic Coastal Plain Tidal Marsh Systems,Riparian,508,-9999,-9999,508,C
130,13897.000000000000000,66,1997,120,14900_65_66,Gulf and Atlantic Coastal Plain Tidal Marsh Systems,Riparian,508,-9999,-9999,508,Developed
131,1470.000000000000000,66,1992,120,14720_64_65_66,Central Interior and Appalachian Riparian Systems,Riparian,984,-9999,198,165,Developed
132,6846.000000000000000,66,1989,7,13860_66,Acadian-Appalachian Alpine Tundra,Shrubland,-9999,-9999,-9999,-9999,UE
133,494.000000000000000,66,1990,120,13890_64_66,Acadian-Appalachian Subalpine Woodland and Heath-Krummholz,Shrubland,3351,1795,4331,916,Developed
134,118.000000000000000,66,1979,1,13240_60_65_66,Northern Atlantic Coastal Plain Hardwood Forest,Hardwood,48,44,4,4,A
135,45.000000000000000,66,1989,2,13860_66,Acadian-Appalachian Alpine Tundra,Shrubland,-9999,-9999,-9999,-9999,B
136,80.000000000000000,66,1990,4,13890_64_66,Acadian-Appalachian Subalpine Woodland and Heath-Krummholz,Shrubland,3351,1795,4331,916,D
137,14.000000000000000,66,1990,2,13890_64_66,Acadian-Appalachian Subalpine Woodland and Heath-Krummholz,Shrubland,3351,1795,4331,916,B
138,380.000000000000000,66,1989,1,13860_66,Acadian-Appalachian Alpine Tundra,Shrubland,-9999,-9999,-9999,-9999,A
139,78156.000000000000000,66,1984,180,13690_60_61_63_64_65_66,Central Appalachian Dry Oak-Pine Forest,Hardwood-Conifer,182,463,15,14,Agriculture
140,317740.000000000000000,66,1984,120,13690_60_61_63_64_65_66,Central Appalachian Dry Oak-Pine Forest,Hardwood-Conifer,182,463,15,14,Developed
141,4505.000000000000000,66,1989,120,13860_66,Acadian-Appalachian Alpine Tundra,Shrubland,-9999,-9999,-9999,-9999,Developed
142,18.000000000000000,66,1990,3,13890_64_66,Acadian-Appalachian Subalpine Woodland and Heath-Krummholz,Shrubland,3351,1795,4331,916,C
143,22.000000000000000,66,1995,1,14790_60_61_63_64_65_66,Central Interior and Appalachian Swamp Systems,Riparian,1011,-9999,1353,578,A
144,22481.000000000000000,66,1979,180,13240_60_65_66,Northern Atlantic Coastal Plain Hardwood Forest,Hardwood,48,44,4,4,Agriculture
145,49.000000000000000,66,1980,180,13440_66,Boreal Jack Pine-Black Spruce Forest,Conifer,214,-9999,-9999,214,Agriculture
146,251270.000000000000000,66,1985,6,13700_60_63_64_65_66,Appalachian (Hemlock-)Northern Hardwood Forest,Hardwood,1010,1122,-9999,531,UN
147,685046.000000000000000,66,1985,120,13700_60_63_64_65_66,Appalachian (Hemlock-)Northern Hardwood Forest,Hardwood,1010,1122,-9999,531,Developed
148,124.000000000000000,66,1993,132,14750_41_50_51_63_64_65_66,Laurentian-Acadian Floodplain Systems,Riparian,-9999,435,68,59,Barren or Sparse
149,98.000000000000000,66,1990,180,13890_64_66,Acadian-Appalachian Subalpine Woodland and Heath-Krummholz,Shrubland,3351,1795,4331,916,Agriculture
150,1233006.000000000000000,66,1985,3,13700_60_63_64_65_66,Appalachian (Hemlock-)Northern Hardwood Forest,Hardwood,1010,1122,-9999,531,C
151,11.000000000000000,66,1990,132,13890_64_66,Acadian-Appalachian Subalpine Woodland and Heath-Krummholz,Shrubland,3351,1795,4331,916,Barren or Sparse
152,2489237.000000000000000,66,1985,2,13700_60_63_64_65_66,Appalachian (Hemlock-)Northern Hardwood Forest,Hardwood,1010,1122,-9999,531,B
153,70828.000000000000000,66,1991,6,14360_65_66,Northern Atlantic Coastal Plain Dune and Swale,Grassland,10,17,-9999,6,UN
154,283554.000000000000000,66,1985,180,13700_60_63_64_65_66,Appalachian (Hemlock-)Northern Hardwood Forest,Hardwood,1010,1122,-9999,531,Agriculture
155,12804.000000000000000,66,1991,7,14360_65_66,Northern Atlantic Coastal Plain Dune and Swale,Grassland,10,17,-9999,6,UE
156,296108.000000000000000,66,1985,7,13700_60_63_64_65_66,Appalachian (Hemlock-)Northern Hardwood Forest,Hardwood,1010,1122,-9999,531,UE
157,1165.000000000000000,66,1985,1,13700_60_63_64_65_66,Appalachian (Hemlock-)Northern Hardwood Forest,Hardwood,1010,1122,-9999,531,A
158,13.000000000000000,66,1997,132,14900_65_66,Gulf and Atlantic Coastal Plain Tidal Marsh Systems,Riparian,508,-9999,-9999,508,Barren or Sparse
159,32.000000000000000,66,1997,1,14900_65_66,Gulf and Atlantic Coastal Plain Tidal Marsh Systems,Riparian,508,-9999,-9999,508,A
160,97582.000000000000000,64,1963,6,15180_43_47_49_52_62_63_64_65,North-Central Interior Wet Flatwoods,Hardwood,993,-9999,-9999,993,UN
161,2869425.000000000000000,64,1943,6,13020_64,Laurentian-Acadian Northern Hardwoods Forest,Hardwood,2108,-9999,-9999,2108,UN
162,85509.000000000000000,64,1943,1,13020_64,Laurentian-Acadian Northern Hardwoods Forest,Hardwood,2108,-9999,-9999,2108,A
163,24687.000000000000000,64,1963,1,15180_43_47_49_52_62_63_64_65,North-Central Interior Wet Flatwoods,Hardwood,993,-9999,-9999,993,A
164,682055.000000000000000,64,1943,2,13020_64,Laurentian-Acadian Northern Hardwoods Forest,Hardwood,2108,-9999,-9999,2108,B
165,458606.000000000000000,64,1956,6,14710_64_65,Central Interior and Appalachian Floodplain Systems,Riparian,603,392,120,80,UN
166,153859.000000000000000,64,1956,1,14710_64_65,Central Interior and Appalachian Floodplain Systems,Riparian,603,392,120,80,A
167,22796.000000000000000,64,1950,1,13730_63_64,Acadian Low-Elevation Spruce-Fir-Hardwood Forest,Hardwood-Conifer,1053,-9999,-9999,1053,A
168,523391.000000000000000,64,1963,2,15180_43_47_49_52_62_63_64_65,North-Central Interior Wet Flatwoods,Hardwood,993,-9999,-9999,993,B
169,393837.000000000000000,64,1947,2,13660_51_63_64_65_66,Laurentian-Acadian Pine-Hemlock-Hardwood Forest,Hardwood-Conifer,482,998,289,153,B
170,10219707.000000000000000,64,1943,5,13020_64,Laurentian-Acadian Northern Hardwoods Forest,Hardwood,2108,-9999,-9999,2108,E
171,153340.000000000000000,64,1964,6,15260_64_65_66,Laurentian-Acadian Swamp Systems,Riparian,1011,-9999,-9999,1011,UN
172,204713.000000000000000,64,1964,3,15260_64_65_66,Laurentian-Acadian Swamp Systems,Riparian,1011,-9999,-9999,1011,C
173,3046476.000000000000000,64,1948,3,13690_60_61_63_64_65_66,Central Appalachian Dry Oak-Pine Forest,Hardwood-Conifer,182,463,15,14,C
174,4676792.000000000000000,64,1943,3,13020_64,Laurentian-Acadian Northern Hardwoods Forest,Hardwood,2108,-9999,-9999,2108,C
175,404259.000000000000000,64,1950,2,13730_63_64,Acadian Low-Elevation Spruce-Fir-Hardwood Forest,Hardwood-Conifer,1053,-9999,-9999,1053,B
176,10577561.000000000000000,64,1947,4,13660_51_63_64_65_66,Laurentian-Acadian Pine-Hemlock-Hardwood Forest,Hardwood-Conifer,482,998,289,153,D
177,1539685.000000000000000,64,1948,2,13690_60_61_63_64_65_66,Central Appalachian Dry Oak-Pine Forest,Hardwood-Conifer,182,463,15,14,B
178,9383.000000000000000,64,1950,6,13730_63_64,Acadian Low-Elevation Spruce-Fir-Hardwood Forest,Hardwood-Conifer,1053,-9999,-9999,1053,UN
179,3514049.000000000000000,64,1943,180,13020_64,Laurentian-Acadian Northern Hardwoods Forest,Hardwood,2108,-9999,-9999,2108,Agriculture
180,492826.000000000000000,64,1963,180,15180_43_47_49_52_62_63_64_65,North-Central Interior Wet Flatwoods,Hardwood,993,-9999,-9999,993,Agriculture
181,825277.000000000000000,64,1948,180,13690_60_61_63_64_65_66,Central Appalachian Dry Oak-Pine Forest,Hardwood-Conifer,182,463,15,14,Agriculture
182,2061025.000000000000000,64,1943,7,13020_64,Laurentian-Acadian Northern Hardwoods Forest,Hardwood,2108,-9999,-9999,2108,UE
183,22182.000000000000000,64,1964,2,15260_64_65_66,Laurentian-Acadian Swamp Systems,Riparian,1011,-9999,-9999,1011,B
184,128575.000000000000000,64,1948,1,13690_60_61_63_64_65_66,Central Appalachian Dry Oak-Pine Forest,Hardwood-Conifer,182,463,15,14,A
185,31657.000000000000000,64,1948,6,13690_60_61_63_64_65_66,Central Appalachian Dry Oak-Pine Forest,Hardwood-Conifer,182,463,15,14,UN
186,1425100.000000000000000,64,1943,120,13020_64,Laurentian-Acadian Northern Hardwoods Forest,Hardwood,2108,-9999,-9999,2108,Developed
187,946845.000000000000000,64,1948,7,13690_60_61_63_64_65_66,Central Appalachian Dry Oak-Pine Forest,Hardwood-Conifer,182,463,15,14,UE
188,14838.000000000000000,64,1964,180,15260_64_65_66,Laurentian-Acadian Swamp Systems,Riparian,1011,-9999,-9999,1011,Agriculture
189,129854.000000000000000,64,1963,7,15180_43_47_49_52_62_63_64_65,North-Central Interior Wet Flatwoods,Hardwood,993,-9999,-9999,993,UE
190,16519.000000000000000,64,1960,6,14790_60_61_63_64_65_66,Central Interior and Appalachian Swamp Systems,Riparian,1011,-9999,1353,578,UN
191,17425.000000000000000,64,1960,2,14790_60_61_63_64_65_66,Central Interior and Appalachian Swamp Systems,Riparian,1011,-9999,1353,578,B
192,74166.000000000000000,64,1964,7,15260_64_65_66,Laurentian-Acadian Swamp Systems,Riparian,1011,-9999,-9999,1011,UE
193,27127.000000000000000,64,1960,180,14790_60_61_63_64_65_66,Central Interior and Appalachian Swamp Systems,Riparian,1011,-9999,1353,578,Agriculture
194,110188.000000000000000,64,1963,120,15180_43_47_49_52_62_63_64_65,North-Central Interior Wet Flatwoods,Hardwood,993,-9999,-9999,993,Developed
195,642249.000000000000000,64,1956,3,14710_64_65,Central Interior and Appalachian Floodplain Systems,Riparian,603,392,120,80,C
196,3730605.000000000000000,64,11,111,0,Open Water,Open Water,-9999,-9999,-9999,-9999,Water
197,2079406.000000000000000,64,1947,180,13660_51_63_64_65_66,Laurentian-Acadian Pine-Hemlock-Hardwood Forest,Hardwood-Conifer,482,998,289,153,Agriculture
198,503256.000000000000000,64,1957,1,14720_64_65_66,Central Interior and Appalachian Riparian Systems,Riparian,984,-9999,198,165,A
199,503662.000000000000000,64,1957,180,14720_64_65_66,Central Interior and Appalachian Riparian Systems,Riparian,984,-9999,198,165,Agriculture
200,1255286.000000000000000,64,1958,6,14750_41_50_51_63_64_65_66,Laurentian-Acadian Floodplain Systems,Riparian,-9999,435,68,59,UN
201,232045.000000000000000,64,1956,2,14710_64_65,Central Interior and Appalachian Floodplain Systems,Riparian,603,392,120,80,B
202,1531073.000000000000000,64,1958,3,14750_41_50_51_63_64_65_66,Laurentian-Acadian Floodplain Systems,Riparian,-9999,435,68,59,C
203,437623.000000000000000,64,1958,2,14750_41_50_51_63_64_65_66,Laurentian-Acadian Floodplain Systems,Riparian,-9999,435,68,59,B
204,1304423.000000000000000,64,1957,3,14720_64_65_66,Central Interior and Appalachian Riparian Systems,Riparian,984,-9999,198,165,C
205,1773139.000000000000000,64,1957,2,14720_64_65_66,Central Interior and Appalachian Riparian Systems,Riparian,984,-9999,198,165,B
206,532236.000000000000000,64,1958,180,14750_41_50_51_63_64_65_66,Laurentian-Acadian Floodplain Systems,Riparian,-9999,435,68,59,Agriculture
207,173573.000000000000000,64,1958,120,14750_41_50_51_63_64_65_66,Laurentian-Acadian Floodplain Systems,Riparian,-9999,435,68,59,Developed
208,545440.000000000000000,64,1957,7,14720_64_65_66,Central Interior and Appalachian Riparian Systems,Riparian,984,-9999,198,165,UE
209,376940.000000000000000,64,1958,7,14750_41_50_51_63_64_65_66,Laurentian-Acadian Floodplain Systems,Riparian,-9999,435,68,59,UE
210,411785.000000000000000,64,1957,120,14720_64_65_66,Central Interior and Appalachian Riparian Systems,Riparian,984,-9999,198,165,Developed
211,391990.000000000000000,64,1956,180,14710_64_65,Central Interior and Appalachian Floodplain Systems,Riparian,603,392,120,80,Agriculture
212,522662.000000000000000,64,1956,120,14710_64_65,Central Interior and Appalachian Floodplain Systems,Riparian,603,392,120,80,Developed
213,331669.000000000000000,64,1960,3,14790_60_61_63_64_65_66,Central Interior and Appalachian Swamp Systems,Riparian,1011,-9999,1353,578,C
214,1977958.000000000000000,64,1947,7,13660_51_63_64_65_66,Laurentian-Acadian Pine-Hemlock-Hardwood Forest,Hardwood-Conifer,482,998,289,153,UE
215,23188.000000000000000,64,1964,120,15260_64_65_66,Laurentian-Acadian Swamp Systems,Riparian,1011,-9999,-9999,1011,Developed
216,57856.000000000000000,64,1946,1,13620_51_63_64_65_66,Laurentian-Acadian Northern Pine(-Oak) Forest,Hardwood-Conifer,309,447,65,48,A
217,416379.000000000000000,64,1946,7,13620_51_63_64_65_66,Laurentian-Acadian Northern Pine(-Oak) Forest,Hardwood-Conifer,309,447,65,48,UE
218,404173.000000000000000,64,1956,7,14710_64_65,Central Interior and Appalachian Floodplain Systems,Riparian,603,392,120,80,UE
219,590316.000000000000000,64,1946,180,13620_51_63_64_65_66,Laurentian-Acadian Northern Pine(-Oak) Forest,Hardwood-Conifer,309,447,65,48,Agriculture
220,2211477.000000000000000,64,1946,2,13620_51_63_64_65_66,Laurentian-Acadian Northern Pine(-Oak) Forest,Hardwood-Conifer,309,447,65,48,B
221,147035.000000000000000,64,1946,3,13620_51_63_64_65_66,Laurentian-Acadian Northern Pine(-Oak) Forest,Hardwood-Conifer,309,447,65,48,C
222,319651.000000000000000,64,1946,120,13620_51_63_64_65_66,Laurentian-Acadian Northern Pine(-Oak) Forest,Hardwood-Conifer,309,447,65,48,Developed
223,1428157.000000000000000,64,1948,120,13690_60_61_63_64_65_66,Central Appalachian Dry Oak-Pine Forest,Hardwood-Conifer,182,463,15,14,Developed
224,6560.000000000000000,64,1943,132,13020_64,Laurentian-Acadian Northern Hardwoods Forest,Hardwood,2108,-9999,-9999,2108,Barren or Sparse
225,1009184.000000000000000,64,1947,120,13660_51_63_64_65_66,Laurentian-Acadian Pine-Hemlock-Hardwood Forest,Hardwood-Conifer,482,998,289,153,Developed
226,184550.000000000000000,64,1950,3,13730_63_64,Acadian Low-Elevation Spruce-Fir-Hardwood Forest,Hardwood-Conifer,1053,-9999,-9999,1053,C
227,10379.000000000000000,64,1950,180,13730_63_64,Acadian Low-Elevation Spruce-Fir-Hardwood Forest,Hardwood-Conifer,1053,-9999,-9999,1053,Agriculture
228,4292.000000000000000,64,1962,4,14940_64,Laurentian-Acadian Shrub-Herbaceous Wetland Systems,Riparian,794,-9999,-9999,794,D
229,109234.000000000000000,64,1947,1,13660_51_63_64_65_66,Laurentian-Acadian Pine-Hemlock-Hardwood Forest,Hardwood-Conifer,482,998,289,153,A
230,142120.000000000000000,64,1950,7,13730_63_64,Acadian Low-Elevation Spruce-Fir-Hardwood Forest,Hardwood-Conifer,1053,-9999,-9999,1053,UE
231,111413.000000000000000,64,1945,5,13540_64_66,Northeastern Interior Pine Barrens,Conifer,77,31,12,8,E
232,2740.000000000000000,64,1945,6,13540_64_66,Northeastern Interior Pine Barrens,Conifer,77,31,12,8,UN
233,7321.000000000000000,64,1945,3,13540_64_66,Northeastern Interior Pine Barrens,Conifer,77,31,12,8,C
234,26907.000000000000000,64,1945,4,13540_64_66,Northeastern Interior Pine Barrens,Conifer,77,31,12,8,D
235,45326.000000000000000,64,1945,180,13540_64_66,Northeastern Interior Pine Barrens,Conifer,77,31,12,8,Agriculture
236,9298.000000000000000,64,1962,180,14940_64,Laurentian-Acadian Shrub-Herbaceous Wetland Systems,Riparian,794,-9999,-9999,794,Agriculture
237,4134.000000000000000,64,1962,6,14940_64,Laurentian-Acadian Shrub-Herbaceous Wetland Systems,Riparian,794,-9999,-9999,794,UN
238,5198.000000000000000,64,1962,7,14940_64,Laurentian-Acadian Shrub-Herbaceous Wetland Systems,Riparian,794,-9999,-9999,794,UE
239,24896.000000000000000,64,1950,120,13730_63_64,Acadian Low-Elevation Spruce-Fir-Hardwood Forest,Hardwood-Conifer,1053,-9999,-9999,1053,Developed
240,107193.000000000000000,64,1960,7,14790_60_61_63_64_65_66,Central Interior and Appalachian Swamp Systems,Riparian,1011,-9999,1353,578,UE
241,57846.000000000000000,64,1947,3,13660_51_63_64_65_66,Laurentian-Acadian Pine-Hemlock-Hardwood Forest,Hardwood-Conifer,482,998,289,153,C
242,136199.000000000000000,64,1945,120,13540_64_66,Northeastern Interior Pine Barrens,Conifer,77,31,12,8,Developed
243,6319.000000000000000,64,1964,1,15260_64_65_66,Laurentian-Acadian Swamp Systems,Riparian,1011,-9999,-9999,1011,A
244,40896.000000000000000,64,1945,7,13540_64_66,Northeastern Interior Pine Barrens,Conifer,77,31,12,8,UE
245,600.000000000000000,64,1945,2,13540_64_66,Northeastern Interior Pine Barrens,Conifer,77,31,12,8,B
246,7633.000000000000000,64,1948,132,13690_60_61_63_64_65_66,Central Appalachian Dry Oak-Pine Forest,Hardwood-Conifer,182,463,15,14,Barren or Sparse
247,350.000000000000000,64,1958,132,14750_41_50_51_63_64_65_66,Laurentian-Acadian Floodplain Systems,Riparian,-9999,435,68,59,Barren or Sparse
248,462.000000000000000,64,1963,132,15180_43_47_49_52_62_63_64_65,North-Central Interior Wet Flatwoods,Hardwood,993,-9999,-9999,993,Barren or Sparse
249,55.000000000000000,64,1964,132,15260_64_65_66,Laurentian-Acadian Swamp Systems,Riparian,1011,-9999,-9999,1011,Barren or Sparse
250,9166.000000000000000,64,1959,1,14770_63_64_65_66,Boreal Acidic Peatland Systems,Riparian,935,-9999,170,144,A
251,75461.000000000000000,64,1959,6,14770_63_64_65_66,Boreal Acidic Peatland Systems,Riparian,935,-9999,170,144,UN
252,124884.000000000000000,64,1959,4,14770_63_64_65_66,Boreal Acidic Peatland Systems,Riparian,935,-9999,170,144,D
253,26686.000000000000000,64,1959,3,14770_63_64_65_66,Boreal Acidic Peatland Systems,Riparian,935,-9999,170,144,C
254,13433.000000000000000,64,1962,120,14940_64,Laurentian-Acadian Shrub-Herbaceous Wetland Systems,Riparian,794,-9999,-9999,794,Developed
255,21913.000000000000000,64,1959,7,14770_63_64_65_66,Boreal Acidic Peatland Systems,Riparian,935,-9999,170,144,UE
256,1957.000000000000000,64,1959,180,14770_63_64_65_66,Boreal Acidic Peatland Systems,Riparian,935,-9999,170,144,Agriculture
257,80134.000000000000000,64,1960,120,14790_60_61_63_64_65_66,Central Interior and Appalachian Swamp Systems,Riparian,1011,-9999,1353,578,Developed
258,701.000000000000000,64,1962,2,14940_64,Laurentian-Acadian Shrub-Herbaceous Wetland Systems,Riparian,794,-9999,-9999,794,B
259,547.000000000000000,64,1957,132,14720_64_65_66,Central Interior and Appalachian Riparian Systems,Riparian,984,-9999,198,165,Barren or Sparse
260,3495.000000000000000,64,1947,132,13660_51_63_64_65_66,Laurentian-Acadian Pine-Hemlock-Hardwood Forest,Hardwood-Conifer,482,998,289,153,Barren or Sparse
261,647.000000000000000,64,1945,132,13540_64_66,Northeastern Interior Pine Barrens,Conifer,77,31,12,8,Barren or Sparse
262,6484.000000000000000,64,1959,120,14770_63_64_65_66,Boreal Acidic Peatland Systems,Riparian,935,-9999,170,144,Developed
263,1808.000000000000000,64,1946,132,13620_51_63_64_65_66,Laurentian-Acadian Northern Pine(-Oak) Forest,Hardwood-Conifer,309,447,65,48,Barren or Sparse
264,4176.000000000000000,64,1959,2,14770_63_64_65_66,Boreal Acidic Peatland Systems,Riparian,935,-9999,170,144,B
265,98427.000000000000000,64,1952,180,13770_60_61_63_64_65_66,Central Appalachian Pine-Oak Rocky Woodland,Hardwood-Conifer,412,384,4645,190,Agriculture
266,432091.000000000000000,64,1952,3,13770_60_61_63_64_65_66,Central Appalachian Pine-Oak Rocky Woodland,Hardwood-Conifer,412,384,4645,190,C
267,163.000000000000000,64,1950,132,13730_63_64,Acadian Low-Elevation Spruce-Fir-Hardwood Forest,Hardwood-Conifer,1053,-9999,-9999,1053,Barren or Sparse
268,38.000000000000000,64,1962,3,14940_64,Laurentian-Acadian Shrub-Herbaceous Wetland Systems,Riparian,794,-9999,-9999,794,C
269,12707.000000000000000,64,1951,180,13740_64_65_66,Acadian-Appalachian Montane Spruce-Fir Forest,Hardwood-Conifer,580,-9999,-9999,580,Agriculture
270,107051.000000000000000,64,1951,120,13740_64_65_66,Acadian-Appalachian Montane Spruce-Fir Forest,Hardwood-Conifer,580,-9999,-9999,580,Developed
271,3008766.000000000000000,64,1951,3,13740_64_65_66,Acadian-Appalachian Montane Spruce-Fir Forest,Hardwood-Conifer,580,-9999,-9999,580,C
272,90485.000000000000000,64,1951,1,13740_64_65_66,Acadian-Appalachian Montane Spruce-Fir Forest,Hardwood-Conifer,580,-9999,-9999,580,A
273,124168.000000000000000,64,1951,7,13740_64_65_66,Acadian-Appalachian Montane Spruce-Fir Forest,Hardwood-Conifer,580,-9999,-9999,580,UE
274,106755.000000000000000,64,1951,6,13740_64_65_66,Acadian-Appalachian Montane Spruce-Fir Forest,Hardwood-Conifer,580,-9999,-9999,580,UN
275,2165129.000000000000000,64,1951,2,13740_64_65_66,Acadian-Appalachian Montane Spruce-Fir Forest,Hardwood-Conifer,580,-9999,-9999,580,B
276,728.000000000000000,64,1951,132,13740_64_65_66,Acadian-Appalachian Montane Spruce-Fir Forest,Hardwood-Conifer,580,-9999,-9999,580,Barren or Sparse
277,292096.000000000000000,66,1981,5,13540_64_66,Northeastern Interior Pine Barrens,Conifer,77,31,12,8,E
278,85109.000000000000000,66,1981,4,13540_64_66,Northeastern Interior Pine Barrens,Conifer,77,31,12,8,D
279,13.000000000000000,66,1982,4,13620_51_63_64_65_66,Laurentian-Acadian Northern Pine(-Oak) Forest,Hardwood-Conifer,309,447,65,48,D
280,3232.000000000000000,66,1991,3,14360_65_66,Northern Atlantic Coastal Plain Dune and Swale,Grassland,10,17,-9999,6,C
281,35207.000000000000000,66,1981,180,13540_64_66,Northeastern Interior Pine Barrens,Conifer,77,31,12,8,Agriculture
282,152355.000000000000000,66,1981,120,13540_64_66,Northeastern Interior Pine Barrens,Conifer,77,31,12,8,Developed
283,72251.000000000000000,66,1981,7,13540_64_66,Northeastern Interior Pine Barrens,Conifer,77,31,12,8,UE
284,46238.000000000000000,66,1991,120,14360_65_66,Northern Atlantic Coastal Plain Dune and Swale,Grassland,10,17,-9999,6,Developed
285,7483.000000000000000,66,1981,6,13540_64_66,Northeastern Interior Pine Barrens,Conifer,77,31,12,8,UN
286,17691.000000000000000,66,1981,3,13540_64_66,Northeastern Interior Pine Barrens,Conifer,77,31,12,8,C
287,695.000000000000000,66,1981,2,13540_64_66,Northeastern Interior Pine Barrens,Conifer,77,31,12,8,B
288,32.000000000000000,66,1978,4,13020_65_66,Laurentian-Acadian Northern Hardwoods Forest,Hardwood,983,-9999,-9999,983,D
289,3356.000000000000000,66,1981,132,13540_64_66,Northeastern Interior Pine Barrens,Conifer,77,31,12,8,Barren or Sparse
290,2.000000000000000,66,1999,4,15260_64_65_66,Laurentian-Acadian Swamp Systems,Riparian,1011,-9999,-9999,1011,D
291,1.000000000000000,66,1992,5,14720_64_65_66,Central Interior and Appalachian Riparian Systems,Riparian,984,-9999,198,165,E
292,3049.000000000000000,66,1984,132,13690_60_61_63_64_65_66,Central Appalachian Dry Oak-Pine Forest,Hardwood-Conifer,182,463,15,14,Barren or Sparse
293,120.000000000000000,66,1991,132,14360_65_66,Northern Atlantic Coastal Plain Dune and Swale,Grassland,10,17,-9999,6,Barren or Sparse
294,56.000000000000000,66,1995,132,14790_60_61_63_64_65_66,Central Interior and Appalachian Swamp Systems,Riparian,1011,-9999,1353,578,Barren or Sparse
295,27018.000000000000000,66,1996,180,14800_46_56_58_60_64_65_66,Gulf and Atlantic Coastal Plain Swamp Systems,Riparian,-9999,-9999,221,221,Agriculture
296,160.000000000000000,66,1989,180,13860_66,Acadian-Appalachian Alpine Tundra,Shrubland,-9999,-9999,-9999,-9999,Agriculture
297,217.000000000000000,66,1979,132,13240_60_65_66,Northern Atlantic Coastal Plain Hardwood Forest,Hardwood,48,44,4,4,Barren or Sparse
298,42.000000000000000,66,1981,1,13540_64_66,Northeastern Interior Pine Barrens,Conifer,77,31,12,8,A
299,5883.000000000000000,66,1985,132,13700_60_63_64_65_66,Appalachian (Hemlock-)Northern Hardwood Forest,Hardwood,1010,1122,-9999,531,Barren or Sparse
300,22508.000000000000000,64,1943,4,13020_64,Laurentian-Acadian Northern Hardwoods Forest,Hardwood,2108,-9999,-9999,2108,D
301,39725.000000000000000,64,1948,5,13690_60_61_63_64_65_66,Central Appalachian Dry Oak-Pine Forest,Hardwood-Conifer,182,463,15,14,E
302,154.000000000000000,64,1958,4,14750_41_50_51_63_64_65_66,Laurentian-Acadian Floodplain Systems,Riparian,-9999,435,68,59,D
303,403.000000000000000,64,1960,132,14790_60_61_63_64_65_66,Central Interior and Appalachian Swamp Systems,Riparian,1011,-9999,1353,578,Barren or Sparse
304,88.000000000000000,64,1946,4,13620_51_63_64_65_66,Laurentian-Acadian Northern Pine(-Oak) Forest,Hardwood-Conifer,309,447,65,48,D
305,1593.000000000000000,64,31,132,0,Barren-Rock/Sand/Clay,Barren-Rock/Sand/Clay,-9999,-9999,-9999,-9999,Barren or Sparse
306,229.000000000000000,64,1963,3,15180_43_47_49_52_62_63_64_65,North-Central Interior Wet Flatwoods,Hardwood,993,-9999,-9999,993,C
307,46121.000000000000000,64,1952,4,13770_60_61_63_64_65_66,Central Appalachian Pine-Oak Rocky Woodland,Hardwood-Conifer,412,384,4645,190,D
308,217059.000000000000000,64,1952,6,13770_60_61_63_64_65_66,Central Appalachian Pine-Oak Rocky Woodland,Hardwood-Conifer,412,384,4645,190,UN
309,272220.000000000000000,64,1953,6,13890_64_66,Acadian-Appalachian Subalpine Woodland and Heath-Krummholz,Shrubland,3351,1795,4331,916,UN
310,3079.000000000000000,64,1953,7,13890_64_66,Acadian-Appalachian Subalpine Woodland and Heath-Krummholz,Shrubland,3351,1795,4331,916,UE
311,13041.000000000000000,64,1952,2,13770_60_61_63_64_65_66,Central Appalachian Pine-Oak Rocky Woodland,Hardwood-Conifer,412,384,4645,190,B
312,98053.000000000000000,64,1952,7,13770_60_61_63_64_65_66,Central Appalachian Pine-Oak Rocky Woodland,Hardwood-Conifer,412,384,4645,190,UE
313,832.000000000000000,64,1952,132,13770_60_61_63_64_65_66,Central Appalachian Pine-Oak Rocky Woodland,Hardwood-Conifer,412,384,4645,190,Barren or Sparse
314,1937446.000000000000000,64,1949,2,13700_60_63_64_65_66,Appalachian (Hemlock-)Northern Hardwood Forest,Hardwood,1010,1122,-9999,531,B
315,825542.000000000000000,64,1949,3,13700_60_63_64_65_66,Appalachian (Hemlock-)Northern Hardwood Forest,Hardwood,1010,1122,-9999,531,C
316,19310.000000000000000,64,1948,4,13690_60_61_63_64_65_66,Central Appalachian Dry Oak-Pine Forest,Hardwood-Conifer,182,463,15,14,D
317,41.000000000000000,64,1953,4,13890_64_66,Acadian-Appalachian Subalpine Woodland and Heath-Krummholz,Shrubland,3351,1795,4331,916,D
318,803.000000000000000,64,1953,120,13890_64_66,Acadian-Appalachian Subalpine Woodland and Heath-Krummholz,Shrubland,3351,1795,4331,916,Developed
319,139132.000000000000000,64,1952,120,13770_60_61_63_64_65_66,Central Appalachian Pine-Oak Rocky Woodland,Hardwood-Conifer,412,384,4645,190,Developed
320,43.000000000000000,64,1953,180,13890_64_66,Acadian-Appalachian Subalpine Woodland and Heath-Krummholz,Shrubland,3351,1795,4331,916,Agriculture
321,22.000000000000000,64,1953,3,13890_64_66,Acadian-Appalachian Subalpine Woodland and Heath-Krummholz,Shrubland,3351,1795,4331,916,C
322,9.000000000000000,64,1953,2,13890_64_66,Acadian-Appalachian Subalpine Woodland and Heath-Krummholz,Shrubland,3351,1795,4331,916,B
323,98.000000000000000,64,1962,132,14940_64,Laurentian-Acadian Shrub-Herbaceous Wetland Systems,Riparian,794,-9999,-9999,794,Barren or Sparse
324,5.000000000000000,64,1959,132,14770_63_64_65_66,Boreal Acidic Peatland Systems,Riparian,935,-9999,170,144,Barren or Sparse
325,17370351.000000000000000,65,11,111,0,Open Water,Open Water,-9999,-9999,-9999,-9999,Water
326,303280.000000000000000,65,1937,6,14790_60_61_63_64_65_66,Central Interior and Appalachian Swamp Systems,Riparian,1011,-9999,1353,578,UN
327,2517961.000000000000000,65,1937,3,14790_60_61_63_64_65_66,Central Interior and Appalachian Swamp Systems,Riparian,1011,-9999,1353,578,C
328,249313.000000000000000,65,1937,2,14790_60_61_63_64_65_66,Central Interior and Appalachian Swamp Systems,Riparian,1011,-9999,1353,578,B
329,674944.000000000000000,65,1942,6,15260_64_65_66,Laurentian-Acadian Swamp Systems,Riparian,1011,-9999,-9999,1011,UN
330,879554.000000000000000,65,1942,3,15260_64_65_66,Laurentian-Acadian Swamp Systems,Riparian,1011,-9999,-9999,1011,C
331,116663.000000000000000,65,1940,4,14940_63_65_66,Laurentian-Acadian Shrub-Herbaceous Wetland Systems,Riparian,792,-9999,-9999,792,D
332,209983.000000000000000,65,1940,6,14940_63_65_66,Laurentian-Acadian Shrub-Herbaceous Wetland Systems,Riparian,792,-9999,-9999,792,UN
333,61105.000000000000000,65,1940,2,14940_63_65_66,Laurentian-Acadian Shrub-Herbaceous Wetland Systems,Riparian,792,-9999,-9999,792,B
334,126750.000000000000000,65,1942,2,15260_64_65_66,Laurentian-Acadian Swamp Systems,Riparian,1011,-9999,-9999,1011,B
335,405734.000000000000000,65,1937,7,14790_60_61_63_64_65_66,Central Interior and Appalachian Swamp Systems,Riparian,1011,-9999,1353,578,UE
336,1468963.000000000000000,65,1937,120,14790_60_61_63_64_65_66,Central Interior and Appalachian Swamp Systems,Riparian,1011,-9999,1353,578,Developed
337,141556.000000000000000,65,1942,7,15260_64_65_66,Laurentian-Acadian Swamp Systems,Riparian,1011,-9999,-9999,1011,UE
338,4480693.000000000000000,65,1926,2,13690_60_61_63_64_65_66,Central Appalachian Dry Oak-Pine Forest,Hardwood-Conifer,182,463,15,14,B
339,355178.000000000000000,65,1937,180,14790_60_61_63_64_65_66,Central Interior and Appalachian Swamp Systems,Riparian,1011,-9999,1353,578,Agriculture
340,207057.000000000000000,65,1942,120,15260_64_65_66,Laurentian-Acadian Swamp Systems,Riparian,1011,-9999,-9999,1011,Developed
341,2760625.000000000000000,65,1927,2,13700_60_63_64_65_66,Appalachian (Hemlock-)Northern Hardwood Forest,Hardwood,1010,1122,-9999,531,B
342,250615.000000000000000,65,1940,120,14940_63_65_66,Laurentian-Acadian Shrub-Herbaceous Wetland Systems,Riparian,792,-9999,-9999,792,Developed
343,7122453.000000000000000,65,1926,120,13690_60_61_63_64_65_66,Central Appalachian Dry Oak-Pine Forest,Hardwood-Conifer,182,463,15,14,Developed
344,26468.000000000000000,65,1934,120,14720_64_65_66,Central Interior and Appalachian Riparian Systems,Riparian,984,-9999,198,165,Developed
345,5161671.000000000000000,65,1920,5,13020_65_66,Laurentian-Acadian Northern Hardwoods Forest,Hardwood,983,-9999,-9999,983,E
346,13790.000000000000000,65,1934,3,14720_64_65_66,Central Interior and Appalachian Riparian Systems,Riparian,984,-9999,198,165,C
347,2160538.000000000000000,65,1926,7,13690_60_61_63_64_65_66,Central Appalachian Dry Oak-Pine Forest,Hardwood-Conifer,182,463,15,14,UE
348,3594.000000000000000,65,1934,7,14720_64_65_66,Central Interior and Appalachian Riparian Systems,Riparian,984,-9999,198,165,UE
349,745494.000000000000000,65,1920,120,13020_65_66,Laurentian-Acadian Northern Hardwoods Forest,Hardwood,983,-9999,-9999,983,Developed
350,115534.000000000000000,65,1926,6,13690_60_61_63_64_65_66,Central Appalachian Dry Oak-Pine Forest,Hardwood-Conifer,182,463,15,14,UN
351,11415404.000000000000000,65,1926,3,13690_60_61_63_64_65_66,Central Appalachian Dry Oak-Pine Forest,Hardwood-Conifer,182,463,15,14,C
352,1818887.000000000000000,65,1926,180,13690_60_61_63_64_65_66,Central Appalachian Dry Oak-Pine Forest,Hardwood-Conifer,182,463,15,14,Agriculture
353,338446.000000000000000,65,1925,120,13660_51_63_64_65_66,Laurentian-Acadian Pine-Hemlock-Hardwood Forest,Hardwood-Conifer,482,998,289,153,Developed
354,69147.000000000000000,65,1935,3,14750_41_50_51_63_64_65_66,Laurentian-Acadian Floodplain Systems,Riparian,-9999,435,68,59,C
355,29724.000000000000000,65,1935,6,14750_41_50_51_63_64_65_66,Laurentian-Acadian Floodplain Systems,Riparian,-9999,435,68,59,UN
356,2687508.000000000000000,65,1920,3,13020_65_66,Laurentian-Acadian Northern Hardwoods Forest,Hardwood,983,-9999,-9999,983,C
357,10655.000000000000000,65,1935,2,14750_41_50_51_63_64_65_66,Laurentian-Acadian Floodplain Systems,Riparian,-9999,435,68,59,B
358,4359829.000000000000000,65,1925,4,13660_51_63_64_65_66,Laurentian-Acadian Pine-Hemlock-Hardwood Forest,Hardwood-Conifer,482,998,289,153,D
359,66693.000000000000000,65,1940,7,14940_63_65_66,Laurentian-Acadian Shrub-Herbaceous Wetland Systems,Riparian,792,-9999,-9999,792,UE
360,1406403.000000000000000,65,1920,6,13020_65_66,Laurentian-Acadian Northern Hardwoods Forest,Hardwood,983,-9999,-9999,983,UN
361,364841.000000000000000,65,1920,7,13020_65_66,Laurentian-Acadian Northern Hardwoods Forest,Hardwood,983,-9999,-9999,983,UE
362,263775.000000000000000,65,1925,7,13660_51_63_64_65_66,Laurentian-Acadian Pine-Hemlock-Hardwood Forest,Hardwood-Conifer,482,998,289,153,UE
363,905708.000000000000000,65,1920,180,13020_65_66,Laurentian-Acadian Northern Hardwoods Forest,Hardwood,983,-9999,-9999,983,Agriculture
364,385207.000000000000000,65,1926,1,13690_60_61_63_64_65_66,Central Appalachian Dry Oak-Pine Forest,Hardwood-Conifer,182,463,15,14,A
365,184377.000000000000000,65,1924,120,13620_51_63_64_65_66,Laurentian-Acadian Northern Pine(-Oak) Forest,Hardwood-Conifer,309,447,65,48,Developed
366,27027.000000000000000,65,1934,2,14720_64_65_66,Central Interior and Appalachian Riparian Systems,Riparian,984,-9999,198,165,B
367,13111.000000000000000,65,1935,7,14750_41_50_51_63_64_65_66,Laurentian-Acadian Floodplain Systems,Riparian,-9999,435,68,59,UE
368,118011.000000000000000,65,1940,180,14940_63_65_66,Laurentian-Acadian Shrub-Herbaceous Wetland Systems,Riparian,792,-9999,-9999,792,Agriculture
369,27308.000000000000000,65,1935,120,14750_41_50_51_63_64_65_66,Laurentian-Acadian Floodplain Systems,Riparian,-9999,435,68,59,Developed
370,868666.000000000000000,65,1927,3,13700_60_63_64_65_66,Appalachian (Hemlock-)Northern Hardwood Forest,Hardwood,1010,1122,-9999,531,C
371,861263.000000000000000,65,1924,2,13620_51_63_64_65_66,Laurentian-Acadian Northern Pine(-Oak) Forest,Hardwood-Conifer,309,447,65,48,B
372,87006.000000000000000,65,1924,180,13620_51_63_64_65_66,Laurentian-Acadian Northern Pine(-Oak) Forest,Hardwood-Conifer,309,447,65,48,Agriculture
373,314883.000000000000000,65,1942,180,15260_64_65_66,Laurentian-Acadian Swamp Systems,Riparian,1011,-9999,-9999,1011,Agriculture
374,85679.000000000000000,65,1924,7,13620_51_63_64_65_66,Laurentian-Acadian Northern Pine(-Oak) Forest,Hardwood-Conifer,309,447,65,48,UE
375,9572.000000000000000,65,1928,120,13730_65_66,Acadian Low-Elevation Spruce-Fir-Hardwood Forest,Hardwood-Conifer,1127,-9999,-9999,1127,Developed
376,401135.000000000000000,65,1925,180,13660_51_63_64_65_66,Laurentian-Acadian Pine-Hemlock-Hardwood Forest,Hardwood-Conifer,482,998,289,153,Agriculture
377,1948012.000000000000000,65,1927,120,13700_60_63_64_65_66,Appalachian (Hemlock-)Northern Hardwood Forest,Hardwood,1010,1122,-9999,531,Developed
378,180105.000000000000000,65,1920,2,13020_65_66,Laurentian-Acadian Northern Hardwoods Forest,Hardwood,983,-9999,-9999,983,B
379,6456.000000000000000,65,1928,2,13730_65_66,Acadian Low-Elevation Spruce-Fir-Hardwood Forest,Hardwood-Conifer,1127,-9999,-9999,1127,B
380,3846.000000000000000,65,1928,3,13730_65_66,Acadian Low-Elevation Spruce-Fir-Hardwood Forest,Hardwood-Conifer,1127,-9999,-9999,1127,C
381,4831.000000000000000,65,1934,180,14720_64_65_66,Central Interior and Appalachian Riparian Systems,Riparian,984,-9999,198,165,Agriculture
382,15197.000000000000000,65,1936,180,14770_63_64_65_66,Boreal Acidic Peatland Systems,Riparian,935,-9999,170,144,Agriculture
383,16708.000000000000000,65,1928,180,13730_65_66,Acadian Low-Elevation Spruce-Fir-Hardwood Forest,Hardwood-Conifer,1127,-9999,-9999,1127,Agriculture
384,3287.000000000000000,65,1928,7,13730_65_66,Acadian Low-Elevation Spruce-Fir-Hardwood Forest,Hardwood-Conifer,1127,-9999,-9999,1127,UE
385,1046.000000000000000,65,1928,1,13730_65_66,Acadian Low-Elevation Spruce-Fir-Hardwood Forest,Hardwood-Conifer,1127,-9999,-9999,1127,A
386,185820.000000000000000,65,1927,6,13700_60_63_64_65_66,Appalachian (Hemlock-)Northern Hardwood Forest,Hardwood,1010,1122,-9999,531,UN
387,65430.000000000000000,65,1925,2,13660_51_63_64_65_66,Laurentian-Acadian Pine-Hemlock-Hardwood Forest,Hardwood-Conifer,482,998,289,153,B
388,360.000000000000000,65,1928,6,13730_65_66,Acadian Low-Elevation Spruce-Fir-Hardwood Forest,Hardwood-Conifer,1127,-9999,-9999,1127,UN
389,181887.000000000000000,65,1933,6,14710_64_65,Central Interior and Appalachian Floodplain Systems,Riparian,603,392,120,80,UN
390,206940.000000000000000,65,1933,3,14710_64_65,Central Interior and Appalachian Floodplain Systems,Riparian,603,392,120,80,C
391,2.000000000000000,66,1993,4,14750_41_50_51_63_64_65_66,Laurentian-Acadian Floodplain Systems,Riparian,-9999,435,68,59,D
392,2584.000000000000000,65,1936,3,14770_63_64_65_66,Boreal Acidic Peatland Systems,Riparian,935,-9999,170,144,C
393,7572.000000000000000,65,1934,1,14720_64_65_66,Central Interior and Appalachian Riparian Systems,Riparian,984,-9999,198,165,A
394,47562.000000000000000,65,1933,2,14710_64_65,Central Interior and Appalachian Floodplain Systems,Riparian,603,392,120,80,B
395,2775.000000000000000,65,1936,4,14770_63_64_65_66,Boreal Acidic Peatland Systems,Riparian,935,-9999,170,144,D
396,70395.000000000000000,65,1933,180,14710_64_65,Central Interior and Appalachian Floodplain Systems,Riparian,603,392,120,80,Agriculture
397,35566.000000000000000,65,1924,3,13620_51_63_64_65_66,Laurentian-Acadian Northern Pine(-Oak) Forest,Hardwood-Conifer,309,447,65,48,C
398,5928.000000000000000,65,1924,1,13620_51_63_64_65_66,Laurentian-Acadian Northern Pine(-Oak) Forest,Hardwood-Conifer,309,447,65,48,A
399,2834.000000000000000,65,1936,7,14770_63_64_65_66,Boreal Acidic Peatland Systems,Riparian,935,-9999,170,144,UE
400,16754.000000000000000,65,1920,1,13020_65_66,Laurentian-Acadian Northern Hardwoods Forest,Hardwood,983,-9999,-9999,983,A
401,1220.000000000000000,65,1936,6,14770_63_64_65_66,Boreal Acidic Peatland Systems,Riparian,935,-9999,170,144,UN
402,22460.000000000000000,65,1925,3,13660_51_63_64_65_66,Laurentian-Acadian Pine-Hemlock-Hardwood Forest,Hardwood-Conifer,482,998,289,153,C
403,4762.000000000000000,65,1936,120,14770_63_64_65_66,Boreal Acidic Peatland Systems,Riparian,935,-9999,170,144,Developed
404,31986.000000000000000,65,1935,180,14750_41_50_51_63_64_65_66,Laurentian-Acadian Floodplain Systems,Riparian,-9999,435,68,59,Agriculture
405,19639.000000000000000,65,1925,1,13660_51_63_64_65_66,Laurentian-Acadian Pine-Hemlock-Hardwood Forest,Hardwood-Conifer,482,998,289,153,A
406,763.000000000000000,65,1936,2,14770_63_64_65_66,Boreal Acidic Peatland Systems,Riparian,935,-9999,170,144,B
407,45088.000000000000000,65,1933,1,14710_64_65,Central Interior and Appalachian Floodplain Systems,Riparian,603,392,120,80,A
408,2967.000000000000000,65,1925,132,13660_51_63_64_65_66,Laurentian-Acadian Pine-Hemlock-Hardwood Forest,Hardwood-Conifer,482,998,289,153,Barren or Sparse
409,2332.000000000000000,65,1924,132,13620_51_63_64_65_66,Laurentian-Acadian Northern Pine(-Oak) Forest,Hardwood-Conifer,309,447,65,48,Barren or Sparse
410,22.000000000000000,65,1924,4,13620_51_63_64_65_66,Laurentian-Acadian Northern Pine(-Oak) Forest,Hardwood-Conifer,309,447,65,48,D
411,1.000000000000000,65,1942,4,15260_64_65_66,Laurentian-Acadian Swamp Systems,Riparian,1011,-9999,-9999,1011,D
412,24425.000000000000000,65,1942,1,15260_64_65_66,Laurentian-Acadian Swamp Systems,Riparian,1011,-9999,-9999,1011,A
413,364134.000000000000000,65,1930,120,13770_60_61_63_64_65_66,Central Appalachian Pine-Oak Rocky Woodland,Hardwood-Conifer,412,384,4645,190,Developed
414,218112.000000000000000,65,1930,6,13770_60_61_63_64_65_66,Central Appalachian Pine-Oak Rocky Woodland,Hardwood-Conifer,412,384,4645,190,UN
415,598772.000000000000000,65,1930,3,13770_60_61_63_64_65_66,Central Appalachian Pine-Oak Rocky Woodland,Hardwood-Conifer,412,384,4645,190,C
416,79430.000000000000000,65,1933,7,14710_64_65,Central Interior and Appalachian Floodplain Systems,Riparian,603,392,120,80,UE
417,537115.000000000000000,65,1927,180,13700_60_63_64_65_66,Appalachian (Hemlock-)Northern Hardwood Forest,Hardwood,1010,1122,-9999,531,Agriculture
418,1.000000000000000,64,1945,1,13540_64_66,Northeastern Interior Pine Barrens,Conifer,77,31,12,8,A
419,535628.000000000000000,65,1927,7,13700_60_63_64_65_66,Appalachian (Hemlock-)Northern Hardwood Forest,Hardwood,1010,1122,-9999,531,UE
420,259497.000000000000000,65,1933,120,14710_64_65,Central Interior and Appalachian Floodplain Systems,Riparian,603,392,120,80,Developed
421,4497.000000000000000,65,1920,132,13020_65_66,Laurentian-Acadian Northern Hardwoods Forest,Hardwood,983,-9999,-9999,983,Barren or Sparse
422,19.000000000000000,65,1928,132,13730_65_66,Acadian Low-Elevation Spruce-Fir-Hardwood Forest,Hardwood-Conifer,1127,-9999,-9999,1127,Barren or Sparse
423,730.000000000000000,65,1942,132,15260_64_65_66,Laurentian-Acadian Swamp Systems,Riparian,1011,-9999,-9999,1011,Barren or Sparse
424,131570.000000000000000,65,1930,7,13770_60_61_63_64_65_66,Central Appalachian Pine-Oak Rocky Woodland,Hardwood-Conifer,412,384,4645,190,UE
425,157586.000000000000000,65,1929,3,13740_64_65_66,Acadian-Appalachian Montane Spruce-Fir Forest,Hardwood-Conifer,580,-9999,-9999,580,C
426,69096.000000000000000,65,1929,2,13740_64_65_66,Acadian-Appalachian Montane Spruce-Fir Forest,Hardwood-Conifer,580,-9999,-9999,580,B
427,328476.000000000000000,65,1941,2,15180_43_47_49_52_62_63_64_65,North-Central Interior Wet Flatwoods,Hardwood,993,-9999,-9999,993,B
428,8752.000000000000000,65,1929,6,13740_64_65_66,Acadian-Appalachian Montane Spruce-Fir Forest,Hardwood-Conifer,580,-9999,-9999,580,UN
429,3657.000000000000000,65,1929,120,13740_64_65_66,Acadian-Appalachian Montane Spruce-Fir Forest,Hardwood-Conifer,580,-9999,-9999,580,Developed
430,5007.000000000000000,65,1929,7,13740_64_65_66,Acadian-Appalachian Montane Spruce-Fir Forest,Hardwood-Conifer,580,-9999,-9999,580,UE
431,3061.000000000000000,65,1929,1,13740_64_65_66,Acadian-Appalachian Montane Spruce-Fir Forest,Hardwood-Conifer,580,-9999,-9999,580,A
432,602560.000000000000000,65,1941,120,15180_43_47_49_52_62_63_64_65,North-Central Interior Wet Flatwoods,Hardwood,993,-9999,-9999,993,Developed
433,78792.000000000000000,65,1941,6,15180_43_47_49_52_62_63_64_65,North-Central Interior Wet Flatwoods,Hardwood,993,-9999,-9999,993,UN
434,103926.000000000000000,65,1930,4,13770_60_61_63_64_65_66,Central Appalachian Pine-Oak Rocky Woodland,Hardwood-Conifer,412,384,4645,190,D
435,2097.000000000000000,65,1940,3,14940_63_65_66,Laurentian-Acadian Shrub-Herbaceous Wetland Systems,Riparian,792,-9999,-9999,792,C
436,1487.000000000000000,65,1927,1,13700_60_63_64_65_66,Appalachian (Hemlock-)Northern Hardwood Forest,Hardwood,1010,1122,-9999,531,A
437,799.000000000000000,65,1937,1,14790_60_61_63_64_65_66,Central Interior and Appalachian Swamp Systems,Riparian,1011,-9999,1353,578,A
438,164795.000000000000000,65,1941,180,15180_43_47_49_52_62_63_64_65,North-Central Interior Wet Flatwoods,Hardwood,993,-9999,-9999,993,Agriculture
439,98.000000000000000,65,1920,4,13020_65_66,Laurentian-Acadian Northern Hardwoods Forest,Hardwood,983,-9999,-9999,983,D
440,1953.000000000000000,65,1929,180,13740_64_65_66,Acadian-Appalachian Montane Spruce-Fir Forest,Hardwood-Conifer,580,-9999,-9999,580,Agriculture
441,18825.000000000000000,65,1932,7,14360_65_66,Northern Atlantic Coastal Plain Dune and Swale,Grassland,10,17,-9999,6,UE
442,30324.000000000000000,65,1932,1,14360_65_66,Northern Atlantic Coastal Plain Dune and Swale,Grassland,10,17,-9999,6,A
443,188.000000000000000,65,1936,1,14770_63_64_65_66,Boreal Acidic Peatland Systems,Riparian,935,-9999,170,144,A
444,14558.000000000000000,65,1941,1,15180_43_47_49_52_62_63_64_65,North-Central Interior Wet Flatwoods,Hardwood,993,-9999,-9999,993,A
445,144620.000000000000000,65,1941,7,15180_43_47_49_52_62_63_64_65,North-Central Interior Wet Flatwoods,Hardwood,993,-9999,-9999,993,UE
446,60123.000000000000000,65,1930,180,13770_60_61_63_64_65_66,Central Appalachian Pine-Oak Rocky Woodland,Hardwood-Conifer,412,384,4645,190,Agriculture
447,29834.000000000000000,65,1930,2,13770_60_61_63_64_65_66,Central Appalachian Pine-Oak Rocky Woodland,Hardwood-Conifer,412,384,4645,190,B
448,36615.000000000000000,65,1932,6,14360_65_66,Northern Atlantic Coastal Plain Dune and Swale,Grassland,10,17,-9999,6,UN
449,26334.000000000000000,65,1926,132,13690_60_61_63_64_65_66,Central Appalachian Dry Oak-Pine Forest,Hardwood-Conifer,182,463,15,14,Barren or Sparse
450,18958.000000000000000,65,1926,5,13690_60_61_63_64_65_66,Central Appalachian Dry Oak-Pine Forest,Hardwood-Conifer,182,463,15,14,E
451,8044.000000000000000,65,1932,3,14360_65_66,Northern Atlantic Coastal Plain Dune and Swale,Grassland,10,17,-9999,6,C
452,410.000000000000000,65,1932,132,14360_65_66,Northern Atlantic Coastal Plain Dune and Swale,Grassland,10,17,-9999,6,Barren or Sparse
453,149778.000000000000000,65,1932,120,14360_65_66,Northern Atlantic Coastal Plain Dune and Swale,Grassland,10,17,-9999,6,Developed
454,1136261.000000000000000,65,1938,3,14800_46_56_58_60_64_65_66,Gulf and Atlantic Coastal Plain Swamp Systems,Riparian,-9999,-9999,221,221,C
455,41.000000000000000,65,1935,132,14750_41_50_51_63_64_65_66,Laurentian-Acadian Floodplain Systems,Riparian,-9999,435,68,59,Barren or Sparse
456,866.000000000000000,65,1940,132,14940_63_65_66,Laurentian-Acadian Shrub-Herbaceous Wetland Systems,Riparian,792,-9999,-9999,792,Barren or Sparse
457,6514.000000000000000,65,1932,180,14360_65_66,Northern Atlantic Coastal Plain Dune and Swale,Grassland,10,17,-9999,6,Agriculture
458,35.000000000000000,66,1989,132,13860_66,Acadian-Appalachian Alpine Tundra,Shrubland,-9999,-9999,-9999,-9999,Barren or Sparse
459,28.000000000000000,66,1984,4,13690_60_61_63_64_65_66,Central Appalachian Dry Oak-Pine Forest,Hardwood-Conifer,182,463,15,14,D
460,358.000000000000000,66,1996,132,14800_46_56_58_60_64_65_66,Gulf and Atlantic Coastal Plain Swamp Systems,Riparian,-9999,-9999,221,221,Barren or Sparse
461,17.000000000000000,66,1985,4,13700_60_63_64_65_66,Appalachian (Hemlock-)Northern Hardwood Forest,Hardwood,1010,1122,-9999,531,D
462,4.000000000000000,66,1996,6,14800_46_56_58_60_64_65_66,Gulf and Atlantic Coastal Plain Swamp Systems,Riparian,-9999,-9999,221,221,UN
463,12.000000000000000,66,1991,2,14360_65_66,Northern Atlantic Coastal Plain Dune and Swale,Grassland,10,17,-9999,6,B
464,17.000000000000000,66,1984,5,13690_60_61_63_64_65_66,Central Appalachian Dry Oak-Pine Forest,Hardwood-Conifer,182,463,15,14,E
465,1057.000000000000000,64,1954,7,14000_64,Central Appalachian Alkaline Glade and Woodland,Savanna,5,19,1604,4,UE
466,999.000000000000000,64,1954,120,14000_64,Central Appalachian Alkaline Glade and Woodland,Savanna,5,19,1604,4,Developed
467,2133.000000000000000,64,1954,4,14000_64,Central Appalachian Alkaline Glade and Woodland,Savanna,5,19,1604,4,D
468,1.000000000000000,64,1954,1,14000_64,Central Appalachian Alkaline Glade and Woodland,Savanna,5,19,1604,4,A
469,1302.000000000000000,64,1954,180,14000_64,Central Appalachian Alkaline Glade and Woodland,Savanna,5,19,1604,4,Agriculture
470,4917.000000000000000,64,1955,180,14090_50_64,Great Lakes Alvar,Conifer,439,3247,-9999,387,Agriculture
471,207.000000000000000,64,1955,7,14090_50_64,Great Lakes Alvar,Conifer,439,3247,-9999,387,UE
472,2065.000000000000000,64,1955,6,14090_50_64,Great Lakes Alvar,Conifer,439,3247,-9999,387,UN
473,524.000000000000000,64,1955,2,14090_50_64,Great Lakes Alvar,Conifer,439,3247,-9999,387,B
474,4475.000000000000000,64,1955,1,14090_50_64,Great Lakes Alvar,Conifer,439,3247,-9999,387,A
475,1098.000000000000000,64,1955,3,14090_50_64,Great Lakes Alvar,Conifer,439,3247,-9999,387,C
476,229.000000000000000,64,1955,120,14090_50_64,Great Lakes Alvar,Conifer,439,3247,-9999,387,Developed
477,2.000000000000000,64,1955,132,14090_50_64,Great Lakes Alvar,Conifer,439,3247,-9999,387,Barren or Sparse
478,903417.000000000000000,64,1949,180,13700_60_63_64_65_66,Appalachian (Hemlock-)Northern Hardwood Forest,Hardwood,1010,1122,-9999,531,Agriculture
479,1432907.000000000000000,64,1949,120,13700_60_63_64_65_66,Appalachian (Hemlock-)Northern Hardwood Forest,Hardwood,1010,1122,-9999,531,Developed
480,861080.000000000000000,64,1949,7,13700_60_63_64_65_66,Appalachian (Hemlock-)Northern Hardwood Forest,Hardwood,1010,1122,-9999,531,UE
481,260.000000000000000,64,1958,1,14750_41_50_51_63_64_65_66,Laurentian-Acadian Floodplain Systems,Riparian,-9999,435,68,59,A
482,132974.000000000000000,64,1949,6,13700_60_63_64_65_66,Appalachian (Hemlock-)Northern Hardwood Forest,Hardwood,1010,1122,-9999,531,UN
483,14680239.000000000000000,63,11,111,0,Open Water,Open Water,-9999,-9999,-9999,-9999,Water
484,1979.000000000000000,63,1903,2,14770_63_64_65_66,Boreal Acidic Peatland Systems,Riparian,935,-9999,170,144,B
485,5536755.000000000000000,63,1890,7,13020_63,Laurentian-Acadian Northern Hardwoods Forest,Hardwood,2021,-9999,-9999,2021,UE
486,10044171.000000000000000,63,1890,180,13020_63,Laurentian-Acadian Northern Hardwoods Forest,Hardwood,2021,-9999,-9999,2021,Agriculture
487,68527.000000000000000,63,1906,7,14920_41_50_51_52_63,Great Lakes Coastal Marsh Systems,Riparian,-9999,-9999,-9999,-9999,UE
488,22072.000000000000000,63,1906,2,14920_41_50_51_52_63,Great Lakes Coastal Marsh Systems,Riparian,-9999,-9999,-9999,-9999,B
489,10387.000000000000000,63,1903,6,14770_63_64_65_66,Boreal Acidic Peatland Systems,Riparian,935,-9999,170,144,UN
490,14206.000000000000000,63,1903,7,14770_63_64_65_66,Boreal Acidic Peatland Systems,Riparian,935,-9999,170,144,UE
491,9595.000000000000000,63,1903,180,14770_63_64_65_66,Boreal Acidic Peatland Systems,Riparian,935,-9999,170,144,Agriculture
492,2278470.000000000000000,63,1890,6,13020_63,Laurentian-Acadian Northern Hardwoods Forest,Hardwood,2021,-9999,-9999,2021,UN
493,4.000000000000000,64,1950,4,13730_63_64,Acadian Low-Elevation Spruce-Fir-Hardwood Forest,Hardwood-Conifer,1053,-9999,-9999,1053,D
494,19081.000000000000000,64,1957,5,14720_64_65_66,Central Interior and Appalachian Riparian Systems,Riparian,984,-9999,198,165,E
495,4631.000000000000000,63,1903,3,14770_63_64_65_66,Boreal Acidic Peatland Systems,Riparian,935,-9999,170,144,C
496,28189.000000000000000,63,1906,6,14920_41_50_51_52_63,Great Lakes Coastal Marsh Systems,Riparian,-9999,-9999,-9999,-9999,UN
497,773079.000000000000000,63,1890,2,13020_63,Laurentian-Acadian Northern Hardwoods Forest,Hardwood,2021,-9999,-9999,2021,B
498,7344999.000000000000000,63,1890,5,13020_63,Laurentian-Acadian Northern Hardwoods Forest,Hardwood,2021,-9999,-9999,2021,E
499,104336.000000000000000,63,1890,1,13020_63,Laurentian-Acadian Northern Hardwoods Forest,Hardwood,2021,-9999,-9999,2021,A
500,163781.000000000000000,63,1895,1,13690_60_61_63_64_65_66,Central Appalachian Dry Oak-Pine Forest,Hardwood-Conifer,182,463,15,14,A
501,1117783.000000000000000,63,1895,7,13690_60_61_63_64_65_66,Central Appalachian Dry Oak-Pine Forest,Hardwood-Conifer,182,463,15,14,UE
502,1216787.000000000000000,63,1895,180,13690_60_61_63_64_65_66,Central Appalachian Dry Oak-Pine Forest,Hardwood-Conifer,182,463,15,14,Agriculture
503,189690.000000000000000,63,1906,180,14920_41_50_51_52_63,Great Lakes Coastal Marsh Systems,Riparian,-9999,-9999,-9999,-9999,Agriculture
504,3593269.000000000000000,63,1890,120,13020_63,Laurentian-Acadian Northern Hardwoods Forest,Hardwood,2021,-9999,-9999,2021,Developed
505,16981.000000000000000,63,1903,4,14770_63_64_65_66,Boreal Acidic Peatland Systems,Riparian,935,-9999,170,144,D
506,1291741.000000000000000,63,1904,180,14790_60_61_63_64_65_66,Central Interior and Appalachian Swamp Systems,Riparian,1011,-9999,1353,578,Agriculture
507,174557.000000000000000,63,1904,6,14790_60_61_63_64_65_66,Central Interior and Appalachian Swamp Systems,Riparian,1011,-9999,1353,578,UN
508,346769.000000000000000,63,1904,2,14790_60_61_63_64_65_66,Central Interior and Appalachian Swamp Systems,Riparian,1011,-9999,1353,578,B
509,1049633.000000000000000,63,1904,7,14790_60_61_63_64_65_66,Central Interior and Appalachian Swamp Systems,Riparian,1011,-9999,1353,578,UE
510,330746.000000000000000,63,1900,180,14710_47_48_53_54_57_59_60_61_63,Central Interior and Appalachian Floodplain Systems,Riparian,613,392,121,80,Agriculture
511,567.000000000000000,63,1906,3,14920_41_50_51_52_63,Great Lakes Coastal Marsh Systems,Riparian,-9999,-9999,-9999,-9999,C
512,122999.000000000000000,63,1900,6,14710_47_48_53_54_57_59_60_61_63,Central Interior and Appalachian Floodplain Systems,Riparian,613,392,121,80,UN
513,29523.000000000000000,63,1895,6,13690_60_61_63_64_65_66,Central Appalachian Dry Oak-Pine Forest,Hardwood-Conifer,182,463,15,14,UN
514,2524078.000000000000000,63,1904,3,14790_60_61_63_64_65_66,Central Interior and Appalachian Swamp Systems,Riparian,1011,-9999,1353,578,C
515,75530.000000000000000,63,1906,120,14920_41_50_51_52_63,Great Lakes Coastal Marsh Systems,Riparian,-9999,-9999,-9999,-9999,Developed
516,163944.000000000000000,63,1900,7,14710_47_48_53_54_57_59_60_61_63,Central Interior and Appalachian Floodplain Systems,Riparian,613,392,121,80,UE
517,5981.000000000000000,63,1903,120,14770_63_64_65_66,Boreal Acidic Peatland Systems,Riparian,935,-9999,170,144,Developed
518,125.000000000000000,63,1903,1,14770_63_64_65_66,Boreal Acidic Peatland Systems,Riparian,935,-9999,170,144,A
519,743578.000000000000000,63,1904,120,14790_60_61_63_64_65_66,Central Interior and Appalachian Swamp Systems,Riparian,1011,-9999,1353,578,Developed
520,4164161.000000000000000,63,1890,3,13020_63,Laurentian-Acadian Northern Hardwoods Forest,Hardwood,2021,-9999,-9999,2021,C
521,169257.000000000000000,63,1900,120,14710_47_48_53_54_57_59_60_61_63,Central Interior and Appalachian Floodplain Systems,Riparian,613,392,121,80,Developed
522,65402.000000000000000,63,1900,1,14710_47_48_53_54_57_59_60_61_63,Central Interior and Appalachian Floodplain Systems,Riparian,613,392,121,80,A
523,4584432.000000000000000,63,1895,3,13690_60_61_63_64_65_66,Central Appalachian Dry Oak-Pine Forest,Hardwood-Conifer,182,463,15,14,C
524,2035604.000000000000000,63,1895,2,13690_60_61_63_64_65_66,Central Appalachian Dry Oak-Pine Forest,Hardwood-Conifer,182,463,15,14,B
525,763.000000000000000,64,1956,132,14710_64_65,Central Interior and Appalachian Floodplain Systems,Riparian,603,392,120,80,Barren or Sparse
526,746571.000000000000000,63,1894,4,13660_51_63_64_65_66,Laurentian-Acadian Pine-Hemlock-Hardwood Forest,Hardwood-Conifer,482,998,289,153,D
527,44388.000000000000000,63,1894,2,13660_51_63_64_65_66,Laurentian-Acadian Pine-Hemlock-Hardwood Forest,Hardwood-Conifer,482,998,289,153,B
528,334127.000000000000000,63,1894,7,13660_51_63_64_65_66,Laurentian-Acadian Pine-Hemlock-Hardwood Forest,Hardwood-Conifer,482,998,289,153,UE
529,611344.000000000000000,63,1894,180,13660_51_63_64_65_66,Laurentian-Acadian Pine-Hemlock-Hardwood Forest,Hardwood-Conifer,482,998,289,153,Agriculture
530,293972.000000000000000,63,1894,120,13660_51_63_64_65_66,Laurentian-Acadian Pine-Hemlock-Hardwood Forest,Hardwood-Conifer,482,998,289,153,Developed
531,239841.000000000000000,63,1900,3,14710_47_48_53_54_57_59_60_61_63,Central Interior and Appalachian Floodplain Systems,Riparian,613,392,121,80,C
532,701523.000000000000000,63,1895,120,13690_60_61_63_64_65_66,Central Appalachian Dry Oak-Pine Forest,Hardwood-Conifer,182,463,15,14,Developed
533,16176.000000000000000,63,1907,4,14940_63_65_66,Laurentian-Acadian Shrub-Herbaceous Wetland Systems,Riparian,792,-9999,-9999,792,D
534,19554.000000000000000,63,1907,2,14940_63_65_66,Laurentian-Acadian Shrub-Herbaceous Wetland Systems,Riparian,792,-9999,-9999,792,B
535,52903.000000000000000,63,1907,7,14940_63_65_66,Laurentian-Acadian Shrub-Herbaceous Wetland Systems,Riparian,792,-9999,-9999,792,UE
536,2444.000000000000000,64,1949,1,13700_60_63_64_65_66,Appalachian (Hemlock-)Northern Hardwood Forest,Hardwood,1010,1122,-9999,531,A
537,1752819.000000000000000,63,1896,120,13700_60_63_64_65_66,Appalachian (Hemlock-)Northern Hardwood Forest,Hardwood,1010,1122,-9999,531,Developed
538,2482570.000000000000000,63,1896,7,13700_60_63_64_65_66,Appalachian (Hemlock-)Northern Hardwood Forest,Hardwood,1010,1122,-9999,531,UE
539,10412591.000000000000000,63,1896,2,13700_60_63_64_65_66,Appalachian (Hemlock-)Northern Hardwood Forest,Hardwood,1010,1122,-9999,531,B
540,3239491.000000000000000,63,1896,180,13700_60_63_64_65_66,Appalachian (Hemlock-)Northern Hardwood Forest,Hardwood,1010,1122,-9999,531,Agriculture
541,3894749.000000000000000,63,1896,3,13700_60_63_64_65_66,Appalachian (Hemlock-)Northern Hardwood Forest,Hardwood,1010,1122,-9999,531,C
542,1494.000000000000000,63,1890,4,13020_63,Laurentian-Acadian Northern Hardwoods Forest,Hardwood,2021,-9999,-9999,2021,D
543,479950.000000000000000,63,1896,6,13700_60_63_64_65_66,Appalachian (Hemlock-)Northern Hardwood Forest,Hardwood,1010,1122,-9999,531,UN
544,56.000000000000000,63,1906,1,14920_41_50_51_52_63,Great Lakes Coastal Marsh Systems,Riparian,-9999,-9999,-9999,-9999,A
545,647468.000000000000000,63,1901,7,14720_61_62_63,Central Interior and Appalachian Riparian Systems,Riparian,1001,-9999,200,166,UE
546,663.000000000000000,64,1957,4,14720_64_65_66,Central Interior and Appalachian Riparian Systems,Riparian,984,-9999,198,165,D
547,1.000000000000000,64,1951,4,13740_64_65_66,Acadian-Appalachian Montane Spruce-Fir Forest,Hardwood-Conifer,580,-9999,-9999,580,D
548,1.000000000000000,64,1951,5,13740_64_65_66,Acadian-Appalachian Montane Spruce-Fir Forest,Hardwood-Conifer,580,-9999,-9999,580,E
549,3.000000000000000,64,1950,5,13730_63_64,Acadian Low-Elevation Spruce-Fir-Hardwood Forest,Hardwood-Conifer,1053,-9999,-9999,1053,E
550,20212.000000000000000,64,1956,4,14710_64_65,Central Interior and Appalachian Floodplain Systems,Riparian,603,392,120,80,D
551,380092.000000000000000,64,1944,5,13030_61_63_64_65_66,Northeastern Interior Dry-Mesic Oak Forest,Hardwood,39,24,9,6,E
552,15249.000000000000000,65,1926,4,13690_60_61_63_64_65_66,Central Appalachian Dry Oak-Pine Forest,Hardwood-Conifer,182,463,15,14,D
553,368152.000000000000000,65,1921,4,13030_61_63_64_65_66,Northeastern Interior Dry-Mesic Oak Forest,Hardwood,39,24,9,6,D
554,202016.000000000000000,65,1921,5,13030_61_63_64_65_66,Northeastern Interior Dry-Mesic Oak Forest,Hardwood,39,24,9,6,E
555,3606.000000000000000,65,1931,2,13790_60_65,Northern Atlantic Coastal Plain Maritime Forest,Hardwood-Conifer,74,160,9,7,B
556,4688.000000000000000,65,1931,7,13790_60_65,Northern Atlantic Coastal Plain Maritime Forest,Hardwood-Conifer,74,160,9,7,UE
557,119026.000000000000000,65,1921,3,13030_61_63_64_65_66,Northeastern Interior Dry-Mesic Oak Forest,Hardwood,39,24,9,6,C
558,140670.000000000000000,65,1939,6,14900_65_66,Gulf and Atlantic Coastal Plain Tidal Marsh Systems,Riparian,508,-9999,-9999,508,UN
559,101205.000000000000000,65,1922,3,13240_60_65_66,Northern Atlantic Coastal Plain Hardwood Forest,Hardwood,48,44,4,4,C
560,4607.000000000000000,65,1927,132,13700_60_63_64_65_66,Appalachian (Hemlock-)Northern Hardwood Forest,Hardwood,1010,1122,-9999,531,Barren or Sparse
561,11206.000000000000000,65,1931,6,13790_60_65,Northern Atlantic Coastal Plain Maritime Forest,Hardwood-Conifer,74,160,9,7,UN
562,4371.000000000000000,65,1931,180,13790_60_65,Northern Atlantic Coastal Plain Maritime Forest,Hardwood-Conifer,74,160,9,7,Agriculture
563,29061.000000000000000,65,1931,120,13790_60_65,Northern Atlantic Coastal Plain Maritime Forest,Hardwood-Conifer,74,160,9,7,Developed
564,7441.000000000000000,65,1931,5,13790_60_65,Northern Atlantic Coastal Plain Maritime Forest,Hardwood-Conifer,74,160,9,7,E
565,1.000000000000000,65,1934,132,14720_64_65_66,Central Interior and Appalachian Riparian Systems,Riparian,984,-9999,198,165,Barren or Sparse
566,391452.000000000000000,65,1922,4,13240_60_65_66,Northern Atlantic Coastal Plain Hardwood Forest,Hardwood,48,44,4,4,D
567,285650.000000000000000,65,1922,7,13240_60_65_66,Northern Atlantic Coastal Plain Hardwood Forest,Hardwood,48,44,4,4,UE
568,162322.000000000000000,65,1922,180,13240_60_65_66,Northern Atlantic Coastal Plain Hardwood Forest,Hardwood,48,44,4,4,Agriculture
569,2806428.000000000000000,65,1922,120,13240_60_65_66,Northern Atlantic Coastal Plain Hardwood Forest,Hardwood,48,44,4,4,Developed
570,513478.000000000000000,64,1944,4,13030_61_63_64_65_66,Northeastern Interior Dry-Mesic Oak Forest,Hardwood,39,24,9,6,D
571,14.000000000000000,65,1936,132,14770_63_64_65_66,Boreal Acidic Peatland Systems,Riparian,935,-9999,170,144,Barren or Sparse
572,73323.000000000000000,65,1922,6,13240_60_65_66,Northern Atlantic Coastal Plain Hardwood Forest,Hardwood,48,44,4,4,UN
573,77814.000000000000000,65,1938,180,14800_46_56_58_60_64_65_66,Gulf and Atlantic Coastal Plain Swamp Systems,Riparian,-9999,-9999,221,221,Agriculture
574,79425.000000000000000,65,1938,1,14800_46_56_58_60_64_65_66,Gulf and Atlantic Coastal Plain Swamp Systems,Riparian,-9999,-9999,221,221,A
575,171626.000000000000000,65,1938,7,14800_46_56_58_60_64_65_66,Gulf and Atlantic Coastal Plain Swamp Systems,Riparian,-9999,-9999,221,221,UE
576,2133.000000000000000,65,1930,132,13770_60_61_63_64_65_66,Central Appalachian Pine-Oak Rocky Woodland,Hardwood-Conifer,412,384,4645,190,Barren or Sparse
577,80086.000000000000000,65,1938,2,14800_46_56_58_60_64_65_66,Gulf and Atlantic Coastal Plain Swamp Systems,Riparian,-9999,-9999,221,221,B
578,3354.000000000000000,65,1937,132,14790_60_61_63_64_65_66,Central Interior and Appalachian Swamp Systems,Riparian,1011,-9999,1353,578,Barren or Sparse
579,11090.000000000000000,65,1927,4,13700_60_63_64_65_66,Appalachian (Hemlock-)Northern Hardwood Forest,Hardwood,1010,1122,-9999,531,D
580,792811.000000000000000,65,1922,5,13240_60_65_66,Northern Atlantic Coastal Plain Hardwood Forest,Hardwood,48,44,4,4,E
581,4388.000000000000000,64,1949,132,13700_60_63_64_65_66,Appalachian (Hemlock-)Northern Hardwood Forest,Hardwood,1010,1122,-9999,531,Barren or Sparse
582,112379.000000000000000,65,31,132,0,Barren-Rock/Sand/Clay,Barren-Rock/Sand/Clay,-9999,-9999,-9999,-9999,Barren or Sparse
583,1.000000000000000,65,1935,1,14750_41_50_51_63_64_65_66,Laurentian-Acadian Floodplain Systems,Riparian,-9999,435,68,59,A
584,423.000000000000000,65,1933,132,14710_64_65,Central Interior and Appalachian Floodplain Systems,Riparian,603,392,120,80,Barren or Sparse
585,607.000000000000000,65,1941,132,15180_43_47_49_52_62_63_64_65,North-Central Interior Wet Flatwoods,Hardwood,993,-9999,-9999,993,Barren or Sparse
586,668254.000000000000000,65,1938,120,14800_46_56_58_60_64_65_66,Gulf and Atlantic Coastal Plain Swamp Systems,Riparian,-9999,-9999,221,221,Developed
587,3.000000000000000,65,1929,132,13740_64_65_66,Acadian-Appalachian Montane Spruce-Fir Forest,Hardwood-Conifer,580,-9999,-9999,580,Barren or Sparse
588,1.000000000000000,66,1993,1,14750_41_50_51_63_64_65_66,Laurentian-Acadian Floodplain Systems,Riparian,-9999,435,68,59,A
589,5014.000000000000000,65,1922,2,13240_60_65_66,Northern Atlantic Coastal Plain Hardwood Forest,Hardwood,48,44,4,4,B
590,342349.000000000000000,65,1921,120,13030_61_63_64_65_66,Northeastern Interior Dry-Mesic Oak Forest,Hardwood,39,24,9,6,Developed
591,22690.000000000000000,65,1939,7,14900_65_66,Gulf and Atlantic Coastal Plain Tidal Marsh Systems,Riparian,508,-9999,-9999,508,UE
592,111297.000000000000000,65,1939,120,14900_65_66,Gulf and Atlantic Coastal Plain Tidal Marsh Systems,Riparian,508,-9999,-9999,508,Developed
593,238067.000000000000000,65,1939,2,14900_65_66,Gulf and Atlantic Coastal Plain Tidal Marsh Systems,Riparian,508,-9999,-9999,508,B
594,86.000000000000000,65,1933,5,14710_64_65,Central Interior and Appalachian Floodplain Systems,Riparian,603,392,120,80,E
595,12305.000000000000000,65,1931,1,13790_60_65,Northern Atlantic Coastal Plain Maritime Forest,Hardwood-Conifer,74,160,9,7,A
596,8315.000000000000000,65,1939,3,14900_65_66,Gulf and Atlantic Coastal Plain Tidal Marsh Systems,Riparian,508,-9999,-9999,508,C
597,2625.000000000000000,65,1939,180,14900_65_66,Gulf and Atlantic Coastal Plain Tidal Marsh Systems,Riparian,508,-9999,-9999,508,Agriculture
598,1084.000000000000000,65,1931,3,13790_60_65,Northern Atlantic Coastal Plain Maritime Forest,Hardwood-Conifer,74,160,9,7,C
599,1064.000000000000000,63,31,132,0,Barren-Rock/Sand/Clay,Barren-Rock/Sand/Clay,-9999,-9999,-9999,-9999,Barren or Sparse
600,35938.000000000000000,63,1907,120,14940_63_65_66,Laurentian-Acadian Shrub-Herbaceous Wetland Systems,Riparian,792,-9999,-9999,792,Developed
601,99758.000000000000000,63,1907,180,14940_63_65_66,Laurentian-Acadian Shrub-Herbaceous Wetland Systems,Riparian,792,-9999,-9999,792,Agriculture
602,37272.000000000000000,63,1907,6,14940_63_65_66,Laurentian-Acadian Shrub-Herbaceous Wetland Systems,Riparian,792,-9999,-9999,792,UN
603,25001.000000000000000,63,1890,132,13020_63,Laurentian-Acadian Northern Hardwoods Forest,Hardwood,2021,-9999,-9999,2021,Barren or Sparse
604,17563.000000000000000,63,1896,132,13700_60_63_64_65_66,Appalachian (Hemlock-)Northern Hardwood Forest,Hardwood,1010,1122,-9999,531,Barren or Sparse
605,785584.000000000000000,63,1901,180,14720_61_62_63,Central Interior and Appalachian Riparian Systems,Riparian,1001,-9999,200,166,Agriculture
606,295771.000000000000000,63,1901,1,14720_61_62_63,Central Interior and Appalachian Riparian Systems,Riparian,1001,-9999,200,166,A
607,1542227.000000000000000,63,1901,2,14720_61_62_63,Central Interior and Appalachian Riparian Systems,Riparian,1001,-9999,200,166,B
608,1066884.000000000000000,63,1901,3,14720_61_62_63,Central Interior and Appalachian Riparian Systems,Riparian,1001,-9999,200,166,C
609,11287.000000000000000,63,1897,2,13730_63_64,Acadian Low-Elevation Spruce-Fir-Hardwood Forest,Hardwood-Conifer,1053,-9999,-9999,1053,B
610,5108.000000000000000,63,1897,3,13730_63_64,Acadian Low-Elevation Spruce-Fir-Hardwood Forest,Hardwood-Conifer,1053,-9999,-9999,1053,C
611,4739.000000000000000,63,1897,180,13730_63_64,Acadian Low-Elevation Spruce-Fir-Hardwood Forest,Hardwood-Conifer,1053,-9999,-9999,1053,Agriculture
612,3246.000000000000000,63,1897,7,13730_63_64,Acadian Low-Elevation Spruce-Fir-Hardwood Forest,Hardwood-Conifer,1053,-9999,-9999,1053,UE
613,1411.000000000000000,63,1897,120,13730_63_64,Acadian Low-Elevation Spruce-Fir-Hardwood Forest,Hardwood-Conifer,1053,-9999,-9999,1053,Developed
614,18980.000000000000000,63,1896,4,13700_60_63_64_65_66,Appalachian (Hemlock-)Northern Hardwood Forest,Hardwood,1010,1122,-9999,531,D
615,79740.000000000000000,63,1900,2,14710_47_48_53_54_57_59_60_61_63,Central Interior and Appalachian Floodplain Systems,Riparian,613,392,121,80,B
616,428068.000000000000000,63,1901,120,14720_61_62_63,Central Interior and Appalachian Riparian Systems,Riparian,1001,-9999,200,166,Developed
617,5160.000000000000000,63,1896,1,13700_60_63_64_65_66,Appalachian (Hemlock-)Northern Hardwood Forest,Hardwood,1010,1122,-9999,531,A
618,616.000000000000000,63,1904,1,14790_60_61_63_64_65_66,Central Interior and Appalachian Swamp Systems,Riparian,1011,-9999,1353,578,A
619,91336.000000000000000,64,1949,4,13700_60_63_64_65_66,Appalachian (Hemlock-)Northern Hardwood Forest,Hardwood,1010,1122,-9999,531,D
620,537.000000000000000,63,1907,3,14940_63_65_66,Laurentian-Acadian Shrub-Herbaceous Wetland Systems,Riparian,792,-9999,-9999,792,C
621,5794.000000000000000,63,1904,132,14790_60_61_63_64_65_66,Central Interior and Appalachian Swamp Systems,Riparian,1011,-9999,1353,578,Barren or Sparse
622,88632.000000000000000,63,1908,7,15180_43_47_49_52_62_63_64_65,North-Central Interior Wet Flatwoods,Hardwood,993,-9999,-9999,993,UE
623,97497.000000000000000,63,1908,2,15180_43_47_49_52_62_63_64_65,North-Central Interior Wet Flatwoods,Hardwood,993,-9999,-9999,993,B
624,162607.000000000000000,63,1908,180,15180_43_47_49_52_62_63_64_65,North-Central Interior Wet Flatwoods,Hardwood,993,-9999,-9999,993,Agriculture
625,1715.000000000000000,63,1908,1,15180_43_47_49_52_62_63_64_65,North-Central Interior Wet Flatwoods,Hardwood,993,-9999,-9999,993,A
626,11204.000000000000000,63,1895,132,13690_60_61_63_64_65_66,Central Appalachian Dry Oak-Pine Forest,Hardwood-Conifer,182,463,15,14,Barren or Sparse
627,240.000000000000000,63,1907,132,14940_63_65_66,Laurentian-Acadian Shrub-Herbaceous Wetland Systems,Riparian,792,-9999,-9999,792,Barren or Sparse
628,2555.000000000000000,63,1901,132,14720_61_62_63,Central Interior and Appalachian Riparian Systems,Riparian,1001,-9999,200,166,Barren or Sparse
629,24205.000000000000000,63,1908,6,15180_43_47_49_52_62_63_64_65,North-Central Interior Wet Flatwoods,Hardwood,993,-9999,-9999,993,UN
630,62369.000000000000000,63,1908,120,15180_43_47_49_52_62_63_64_65,North-Central Interior Wet Flatwoods,Hardwood,993,-9999,-9999,993,Developed
631,417.000000000000000,63,1900,132,14710_47_48_53_54_57_59_60_61_63,Central Interior and Appalachian Floodplain Systems,Riparian,613,392,121,80,Barren or Sparse
632,10.000000000000000,63,1900,5,14710_47_48_53_54_57_59_60_61_63,Central Interior and Appalachian Floodplain Systems,Riparian,613,392,121,80,E
633,847.000000000000000,63,1897,1,13730_63_64,Acadian Low-Elevation Spruce-Fir-Hardwood Forest,Hardwood-Conifer,1053,-9999,-9999,1053,A
634,214727.000000000000000,64,1944,3,13030_61_63_64_65_66,Northeastern Interior Dry-Mesic Oak Forest,Hardwood,39,24,9,6,C
635,23497.000000000000000,64,1956,5,14710_64_65,Central Interior and Appalachian Floodplain Systems,Riparian,603,392,120,80,E
636,415.000000000000000,64,1964,4,15260_64_65_66,Laurentian-Acadian Swamp Systems,Riparian,1011,-9999,-9999,1011,D
637,9786.000000000000000,63,1894,1,13660_51_63_64_65_66,Laurentian-Acadian Pine-Hemlock-Hardwood Forest,Hardwood-Conifer,482,998,289,153,A
638,6680.000000000000000,63,1894,3,13660_51_63_64_65_66,Laurentian-Acadian Pine-Hemlock-Hardwood Forest,Hardwood-Conifer,482,998,289,153,C
639,362340.000000000000000,64,1944,7,13030_61_63_64_65_66,Northeastern Interior Dry-Mesic Oak Forest,Hardwood,39,24,9,6,UE
640,1196155.000000000000000,64,1944,120,13030_61_63_64_65_66,Northeastern Interior Dry-Mesic Oak Forest,Hardwood,39,24,9,6,Developed
641,329406.000000000000000,64,1944,180,13030_61_63_64_65_66,Northeastern Interior Dry-Mesic Oak Forest,Hardwood,39,24,9,6,Agriculture
642,3754.000000000000000,64,1961,180,14800_46_56_58_60_64_65_66,Gulf and Atlantic Coastal Plain Swamp Systems,Riparian,-9999,-9999,221,221,Agriculture
643,658.000000000000000,64,1961,7,14800_46_56_58_60_64_65_66,Gulf and Atlantic Coastal Plain Swamp Systems,Riparian,-9999,-9999,221,221,UE
644,3803.000000000000000,64,1961,3,14800_46_56_58_60_64_65_66,Gulf and Atlantic Coastal Plain Swamp Systems,Riparian,-9999,-9999,221,221,C
645,39.000000000000000,64,1960,1,14790_60_61_63_64_65_66,Central Interior and Appalachian Swamp Systems,Riparian,1011,-9999,1353,578,A
646,8099.000000000000000,65,1922,132,13240_60_65_66,Northern Atlantic Coastal Plain Hardwood Forest,Hardwood,48,44,4,4,Barren or Sparse
647,760.000000000000000,64,1961,120,14800_46_56_58_60_64_65_66,Gulf and Atlantic Coastal Plain Swamp Systems,Riparian,-9999,-9999,221,221,Developed
648,13.000000000000000,65,1940,1,14940_63_65_66,Laurentian-Acadian Shrub-Herbaceous Wetland Systems,Riparian,792,-9999,-9999,792,A
649,33804.000000000000000,65,1921,180,13030_61_63_64_65_66,Northeastern Interior Dry-Mesic Oak Forest,Hardwood,39,24,9,6,Agriculture
650,730.000000000000000,65,1921,132,13030_61_63_64_65_66,Northeastern Interior Dry-Mesic Oak Forest,Hardwood,39,24,9,6,Barren or Sparse
651,131078.000000000000000,65,1921,7,13030_61_63_64_65_66,Northeastern Interior Dry-Mesic Oak Forest,Hardwood,39,24,9,6,UE
652,118.000000000000000,65,1941,3,15180_43_47_49_52_62_63_64_65,North-Central Interior Wet Flatwoods,Hardwood,993,-9999,-9999,993,C
653,3.000000000000000,65,1934,5,14720_64_65_66,Central Interior and Appalachian Riparian Systems,Riparian,984,-9999,198,165,E
654,247.000000000000000,65,1931,4,13790_60_65,Northern Atlantic Coastal Plain Maritime Forest,Hardwood-Conifer,74,160,9,7,D
655,209.000000000000000,65,1939,1,14900_65_66,Gulf and Atlantic Coastal Plain Tidal Marsh Systems,Riparian,508,-9999,-9999,508,A
656,300.000000000000000,65,1938,6,14800_46_56_58_60_64_65_66,Gulf and Atlantic Coastal Plain Swamp Systems,Riparian,-9999,-9999,221,221,UN
657,54607.000000000000000,65,1923,7,13550_60_65,Northern Atlantic Coastal Plain Pitch Pine Barrens,Conifer,77,31,12,8,UE
658,318750.000000000000000,65,1923,120,13550_60_65,Northern Atlantic Coastal Plain Pitch Pine Barrens,Conifer,77,31,12,8,Developed
659,990.000000000000000,65,1938,132,14800_46_56_58_60_64_65_66,Gulf and Atlantic Coastal Plain Swamp Systems,Riparian,-9999,-9999,221,221,Barren or Sparse
660,5526.000000000000000,65,1923,2,13550_60_65,Northern Atlantic Coastal Plain Pitch Pine Barrens,Conifer,77,31,12,8,B
661,34893.000000000000000,65,1923,3,13550_60_65,Northern Atlantic Coastal Plain Pitch Pine Barrens,Conifer,77,31,12,8,C
662,55201.000000000000000,65,1923,6,13550_60_65,Northern Atlantic Coastal Plain Pitch Pine Barrens,Conifer,77,31,12,8,UN
663,201977.000000000000000,65,1923,5,13550_60_65,Northern Atlantic Coastal Plain Pitch Pine Barrens,Conifer,77,31,12,8,E
664,79056.000000000000000,65,1923,4,13550_60_65,Northern Atlantic Coastal Plain Pitch Pine Barrens,Conifer,77,31,12,8,D
665,28.000000000000000,65,1931,132,13790_60_65,Northern Atlantic Coastal Plain Maritime Forest,Hardwood-Conifer,74,160,9,7,Barren or Sparse
666,13751.000000000000000,65,1923,180,13550_60_65,Northern Atlantic Coastal Plain Pitch Pine Barrens,Conifer,77,31,12,8,Agriculture
667,3127.000000000000000,65,1923,1,13550_60_65,Northern Atlantic Coastal Plain Pitch Pine Barrens,Conifer,77,31,12,8,A
668,1619.000000000000000,65,1932,2,14360_65_66,Northern Atlantic Coastal Plain Dune and Swale,Grassland,10,17,-9999,6,B
669,1068.000000000000000,65,1923,132,13550_60_65,Northern Atlantic Coastal Plain Pitch Pine Barrens,Conifer,77,31,12,8,Barren or Sparse
670,1977.000000000000000,65,1921,1,13030_61_63_64_65_66,Northeastern Interior Dry-Mesic Oak Forest,Hardwood,39,24,9,6,A
671,1693.000000000000000,65,1922,1,13240_60_65_66,Northern Atlantic Coastal Plain Hardwood Forest,Hardwood,48,44,4,4,A
672,192.000000000000000,65,1939,132,14900_65_66,Gulf and Atlantic Coastal Plain Tidal Marsh Systems,Riparian,508,-9999,-9999,508,Barren or Sparse
673,5745.000000000000000,63,1898,120,13770_60_61_63_64_65_66,Central Appalachian Pine-Oak Rocky Woodland,Hardwood-Conifer,412,384,4645,190,Developed
674,5415.000000000000000,63,1898,7,13770_60_61_63_64_65_66,Central Appalachian Pine-Oak Rocky Woodland,Hardwood-Conifer,412,384,4645,190,UE
675,348.000000000000000,63,1906,132,14920_41_50_51_52_63,Great Lakes Coastal Marsh Systems,Riparian,-9999,-9999,-9999,-9999,Barren or Sparse
676,54282.000000000000000,63,1893,120,13620_51_63_64_65_66,Laurentian-Acadian Northern Pine(-Oak) Forest,Hardwood-Conifer,309,447,65,48,Developed
677,25075.000000000000000,63,1893,7,13620_51_63_64_65_66,Laurentian-Acadian Northern Pine(-Oak) Forest,Hardwood-Conifer,309,447,65,48,UE
678,53509.000000000000000,63,1893,180,13620_51_63_64_65_66,Laurentian-Acadian Northern Pine(-Oak) Forest,Hardwood-Conifer,309,447,65,48,Agriculture
679,25.000000000000000,63,1903,132,14770_63_64_65_66,Boreal Acidic Peatland Systems,Riparian,935,-9999,170,144,Barren or Sparse
680,36392.000000000000000,63,1893,2,13620_51_63_64_65_66,Laurentian-Acadian Northern Pine(-Oak) Forest,Hardwood-Conifer,309,447,65,48,B
681,890.000000000000000,63,1893,1,13620_51_63_64_65_66,Laurentian-Acadian Northern Pine(-Oak) Forest,Hardwood-Conifer,309,447,65,48,A
682,2776.000000000000000,63,1893,3,13620_51_63_64_65_66,Laurentian-Acadian Northern Pine(-Oak) Forest,Hardwood-Conifer,309,447,65,48,C
683,26148.000000000000000,63,1898,3,13770_60_61_63_64_65_66,Central Appalachian Pine-Oak Rocky Woodland,Hardwood-Conifer,412,384,4645,190,C
684,6607.000000000000000,63,1898,180,13770_60_61_63_64_65_66,Central Appalachian Pine-Oak Rocky Woodland,Hardwood-Conifer,412,384,4645,190,Agriculture
685,2240.000000000000000,63,1898,4,13770_60_61_63_64_65_66,Central Appalachian Pine-Oak Rocky Woodland,Hardwood-Conifer,412,384,4645,190,D
686,14102.000000000000000,63,1898,6,13770_60_61_63_64_65_66,Central Appalachian Pine-Oak Rocky Woodland,Hardwood-Conifer,412,384,4645,190,UN
687,62151.000000000000000,63,1905,180,14810_41_50_51_63,Laurentian-Acadian Alkaline Conifer-Hardwood Swamp,Riparian,989,-9999,-9999,989,Agriculture
688,13710.000000000000000,63,1905,120,14810_41_50_51_63,Laurentian-Acadian Alkaline Conifer-Hardwood Swamp,Riparian,989,-9999,-9999,989,Developed
689,37101.000000000000000,63,1905,7,14810_41_50_51_63,Laurentian-Acadian Alkaline Conifer-Hardwood Swamp,Riparian,989,-9999,-9999,989,UE
690,23526.000000000000000,63,1905,4,14810_41_50_51_63,Laurentian-Acadian Alkaline Conifer-Hardwood Swamp,Riparian,989,-9999,-9999,989,D
691,10532.000000000000000,63,1905,2,14810_41_50_51_63,Laurentian-Acadian Alkaline Conifer-Hardwood Swamp,Riparian,989,-9999,-9999,989,B
692,8958.000000000000000,63,1905,1,14810_41_50_51_63,Laurentian-Acadian Alkaline Conifer-Hardwood Swamp,Riparian,989,-9999,-9999,989,A
693,35600.000000000000000,63,1905,3,14810_41_50_51_63,Laurentian-Acadian Alkaline Conifer-Hardwood Swamp,Riparian,989,-9999,-9999,989,C
694,505355.000000000000000,63,1902,3,14750_41_50_51_63_64_65_66,Laurentian-Acadian Floodplain Systems,Riparian,-9999,435,68,59,C
695,498551.000000000000000,63,1902,180,14750_41_50_51_63_64_65_66,Laurentian-Acadian Floodplain Systems,Riparian,-9999,435,68,59,Agriculture
696,319984.000000000000000,63,1902,7,14750_41_50_51_63_64_65_66,Laurentian-Acadian Floodplain Systems,Riparian,-9999,435,68,59,UE
697,277552.000000000000000,63,1902,120,14750_41_50_51_63_64_65_66,Laurentian-Acadian Floodplain Systems,Riparian,-9999,435,68,59,Developed
698,416080.000000000000000,63,1902,6,14750_41_50_51_63_64_65_66,Laurentian-Acadian Floodplain Systems,Riparian,-9999,435,68,59,UN
699,169334.000000000000000,63,1902,2,14750_41_50_51_63_64_65_66,Laurentian-Acadian Floodplain Systems,Riparian,-9999,435,68,59,B
700,3109.000000000000000,63,1901,5,14720_61_62_63,Central Interior and Appalachian Riparian Systems,Riparian,1001,-9999,200,166,E
701,50.000000000000000,63,1901,4,14720_61_62_63,Central Interior and Appalachian Riparian Systems,Riparian,1001,-9999,200,166,D
702,52.000000000000000,63,1905,132,14810_41_50_51_63,Laurentian-Acadian Alkaline Conifer-Hardwood Swamp,Riparian,989,-9999,-9999,989,Barren or Sparse
703,11.000000000000000,63,1897,6,13730_63_64,Acadian Low-Elevation Spruce-Fir-Hardwood Forest,Hardwood-Conifer,1053,-9999,-9999,1053,UN
704,3.000000000000000,63,1900,4,14710_47_48_53_54_57_59_60_61_63,Central Interior and Appalachian Floodplain Systems,Riparian,613,392,121,80,D
705,27.000000000000000,63,1908,3,15180_43_47_49_52_62_63_64_65,North-Central Interior Wet Flatwoods,Hardwood,993,-9999,-9999,993,C
706,417.000000000000000,63,1908,132,15180_43_47_49_52_62_63_64_65,North-Central Interior Wet Flatwoods,Hardwood,993,-9999,-9999,993,Barren or Sparse
707,1036.000000000000000,63,1898,2,13770_60_61_63_64_65_66,Central Appalachian Pine-Oak Rocky Woodland,Hardwood-Conifer,412,384,4645,190,B
708,1247.000000000000000,63,1895,4,13690_60_61_63_64_65_66,Central Appalachian Dry Oak-Pine Forest,Hardwood-Conifer,182,463,15,14,D
709,1223.000000000000000,63,1894,132,13660_51_63_64_65_66,Laurentian-Acadian Pine-Hemlock-Hardwood Forest,Hardwood-Conifer,482,998,289,153,Barren or Sparse
710,3355.000000000000000,63,1895,5,13690_60_61_63_64_65_66,Central Appalachian Dry Oak-Pine Forest,Hardwood-Conifer,182,463,15,14,E
711,144.000000000000000,63,1902,1,14750_41_50_51_63_64_65_66,Laurentian-Acadian Floodplain Systems,Riparian,-9999,435,68,59,A
712,1435.000000000000000,63,1902,132,14750_41_50_51_63_64_65_66,Laurentian-Acadian Floodplain Systems,Riparian,-9999,435,68,59,Barren or Sparse
713,3030.000000000000000,64,1944,1,13030_61_63_64_65_66,Northeastern Interior Dry-Mesic Oak Forest,Hardwood,39,24,9,6,A
714,277.000000000000000,64,1944,6,13030_61_63_64_65_66,Northeastern Interior Dry-Mesic Oak Forest,Hardwood,39,24,9,6,UN
715,317.000000000000000,64,1944,2,13030_61_63_64_65_66,Northeastern Interior Dry-Mesic Oak Forest,Hardwood,39,24,9,6,B
716,3181.000000000000000,64,1944,132,13030_61_63_64_65_66,Northeastern Interior Dry-Mesic Oak Forest,Hardwood,39,24,9,6,Barren or Sparse
717,148.000000000000000,65,1921,2,13030_61_63_64_65_66,Northeastern Interior Dry-Mesic Oak Forest,Hardwood,39,24,9,6,B
718,14.000000000000000,65,1921,6,13030_61_63_64_65_66,Northeastern Interior Dry-Mesic Oak Forest,Hardwood,39,24,9,6,UN
719,73.000000000000000,65,1933,4,14710_64_65,Central Interior and Appalachian Floodplain Systems,Riparian,603,392,120,80,D
720,9015853.000000000000000,62,11,111,0,Open Water,Open Water,-9999,-9999,-9999,-9999,Water
721,1.000000000000000,63,1907,1,14940_63_65_66,Laurentian-Acadian Shrub-Herbaceous Wetland Systems,Riparian,792,-9999,-9999,792,A
722,115.000000000000000,63,1892,180,13210_61_63,South-Central Interior Mesophytic Forest,Hardwood,847,573,102,78,Agriculture
723,1119.000000000000000,63,1892,7,13210_61_63,South-Central Interior Mesophytic Forest,Hardwood,847,573,102,78,UE
724,8354.000000000000000,63,1892,2,13210_61_63,South-Central Interior Mesophytic Forest,Hardwood,847,573,102,78,B
725,3495.000000000000000,63,1892,6,13210_61_63,South-Central Interior Mesophytic Forest,Hardwood,847,573,102,78,UN
726,516.000000000000000,63,1892,120,13210_61_63,South-Central Interior Mesophytic Forest,Hardwood,847,573,102,78,Developed
727,121.000000000000000,63,1892,1,13210_61_63,South-Central Interior Mesophytic Forest,Hardwood,847,573,102,78,A
728,4.000000000000000,63,1893,4,13620_51_63_64_65_66,Laurentian-Acadian Northern Pine(-Oak) Forest,Hardwood-Conifer,309,447,65,48,D
729,47.000000000000000,63,1898,132,13770_60_61_63_64_65_66,Central Appalachian Pine-Oak Rocky Woodland,Hardwood-Conifer,412,384,4645,190,Barren or Sparse
730,50980.000000000000000,63,1891,120,13030_61_63_64_65_66,Northeastern Interior Dry-Mesic Oak Forest,Hardwood,39,24,9,6,Developed
731,69974.000000000000000,63,1891,7,13030_61_63_64_65_66,Northeastern Interior Dry-Mesic Oak Forest,Hardwood,39,24,9,6,UE
732,2573.000000000000000,63,1899,120,14000_63,Central Appalachian Alkaline Glade and Woodland,Savanna,5,19,1421,4,Developed
733,171149.000000000000000,63,1891,4,13030_61_63_64_65_66,Northeastern Interior Dry-Mesic Oak Forest,Hardwood,39,24,9,6,D
734,155303.000000000000000,63,1891,5,13030_61_63_64_65_66,Northeastern Interior Dry-Mesic Oak Forest,Hardwood,39,24,9,6,E
735,27752.000000000000000,63,1891,3,13030_61_63_64_65_66,Northeastern Interior Dry-Mesic Oak Forest,Hardwood,39,24,9,6,C
736,3436.000000000000000,63,1899,7,14000_63,Central Appalachian Alkaline Glade and Woodland,Savanna,5,19,1421,4,UE
737,10668.000000000000000,63,1899,180,14000_63,Central Appalachian Alkaline Glade and Woodland,Savanna,5,19,1421,4,Agriculture
738,19.000000000000000,63,1899,3,14000_63,Central Appalachian Alkaline Glade and Woodland,Savanna,5,19,1421,4,C
739,280.000000000000000,63,1893,132,13620_51_63_64_65_66,Laurentian-Acadian Northern Pine(-Oak) Forest,Hardwood-Conifer,309,447,65,48,Barren or Sparse
740,139375.000000000000000,63,1891,180,13030_61_63_64_65_66,Northeastern Interior Dry-Mesic Oak Forest,Hardwood,39,24,9,6,Agriculture
741,3412.000000000000000,63,1902,4,14750_41_50_51_63_64_65_66,Laurentian-Acadian Floodplain Systems,Riparian,-9999,435,68,59,D
742,451.000000000000000,64,1961,1,14800_46_56_58_60_64_65_66,Gulf and Atlantic Coastal Plain Swamp Systems,Riparian,-9999,-9999,221,221,A
743,211.000000000000000,64,1961,2,14800_46_56_58_60_64_65_66,Gulf and Atlantic Coastal Plain Swamp Systems,Riparian,-9999,-9999,221,221,B
744,56.000000000000000,64,1961,6,14800_46_56_58_60_64_65_66,Gulf and Atlantic Coastal Plain Swamp Systems,Riparian,-9999,-9999,221,221,UN
745,4192288.000000000000000,52,11,111,0,Open Water,Open Water,-9999,-9999,-9999,-9999,Water
746,5526963.000000000000000,52,1967,120,13130_49_52_62,North-Central Interior Beech-Maple Forest,Hardwood,1026,-9999,852,465,Developed
747,58387.000000000000000,52,1975,120,14920_41_50_51_52_63,Great Lakes Coastal Marsh Systems,Riparian,-9999,-9999,-9999,-9999,Developed
748,106028.000000000000000,52,1975,7,14920_41_50_51_52_63,Great Lakes Coastal Marsh Systems,Riparian,-9999,-9999,-9999,-9999,UE
749,3657535.000000000000000,52,1967,7,13130_49_52_62,North-Central Interior Beech-Maple Forest,Hardwood,1026,-9999,852,465,UE
750,50068.000000000000000,52,1975,6,14920_41_50_51_52_63,Great Lakes Coastal Marsh Systems,Riparian,-9999,-9999,-9999,-9999,UN
751,55536.000000000000000,52,1967,4,13130_49_52_62,North-Central Interior Beech-Maple Forest,Hardwood,1026,-9999,852,465,D
752,2855155.000000000000000,52,1965,7,13100_52,North-Central Interior Dry-Mesic Oak Forest and Woodland,Hardwood,75,47,23,13,UE
753,17748.000000000000000,52,1967,2,13130_49_52_62,North-Central Interior Beech-Maple Forest,Hardwood,1026,-9999,852,465,B
754,1804349.000000000000000,52,1967,3,13130_49_52_62,North-Central Interior Beech-Maple Forest,Hardwood,1026,-9999,852,465,C
755,2100785.000000000000000,52,1965,4,13100_52,North-Central Interior Dry-Mesic Oak Forest and Woodland,Hardwood,75,47,23,13,D
756,4427.000000000000000,52,1975,3,14920_41_50_51_52_63,Great Lakes Coastal Marsh Systems,Riparian,-9999,-9999,-9999,-9999,C
757,20041.000000000000000,52,1975,2,14920_41_50_51_52_63,Great Lakes Coastal Marsh Systems,Riparian,-9999,-9999,-9999,-9999,B
758,66321.000000000000000,52,1975,180,14920_41_50_51_52_63,Great Lakes Coastal Marsh Systems,Riparian,-9999,-9999,-9999,-9999,Agriculture
759,26745.000000000000000,52,1967,6,13130_49_52_62,North-Central Interior Beech-Maple Forest,Hardwood,1026,-9999,852,465,UN
760,456155.000000000000000,52,1974,7,14790_52_62,Central Interior and Appalachian Swamp Systems,Riparian,989,-9999,-9999,989,UE
761,3539512.000000000000000,52,1974,180,14790_52_62,Central Interior and Appalachian Swamp Systems,Riparian,989,-9999,-9999,989,Agriculture
762,152893.000000000000000,52,1977,7,15180_43_47_49_52_62_63_64_65,North-Central Interior Wet Flatwoods,Hardwood,993,-9999,-9999,993,UE
763,67114.000000000000000,52,1970,7,14110_49_51_52,Great Lakes Wet-Mesic Lakeplain Prairie,Riparian,24,-9999,-9999,24,UE
764,33674523.000000000000000,52,1967,180,13130_49_52_62,North-Central Interior Beech-Maple Forest,Hardwood,1026,-9999,852,465,Agriculture
765,472110.000000000000000,52,1974,120,14790_52_62,Central Interior and Appalachian Swamp Systems,Riparian,989,-9999,-9999,989,Developed
766,785877.000000000000000,52,1977,180,15180_43_47_49_52_62_63_64_65,North-Central Interior Wet Flatwoods,Hardwood,993,-9999,-9999,993,Agriculture
767,84934.000000000000000,52,1970,3,14110_49_51_52,Great Lakes Wet-Mesic Lakeplain Prairie,Riparian,24,-9999,-9999,24,C
768,171578.000000000000000,52,1970,180,14110_49_51_52,Great Lakes Wet-Mesic Lakeplain Prairie,Riparian,24,-9999,-9999,24,Agriculture
769,1641.000000000000000,52,1967,1,13130_49_52_62,North-Central Interior Beech-Maple Forest,Hardwood,1026,-9999,852,465,A
770,118426.000000000000000,52,1976,7,14930_52_62,Central Interior and Appalachian Shrub-Herbaceous Wetland Systems,Riparian,17,-9999,-9999,17,UE
771,138919.000000000000000,52,1977,120,15180_43_47_49_52_62_63_64_65,North-Central Interior Wet Flatwoods,Hardwood,993,-9999,-9999,993,Developed
772,702.000000000000000,52,1970,2,14110_49_51_52,Great Lakes Wet-Mesic Lakeplain Prairie,Riparian,24,-9999,-9999,24,B
773,372192.000000000000000,52,1976,4,14930_52_62,Central Interior and Appalachian Shrub-Herbaceous Wetland Systems,Riparian,17,-9999,-9999,17,D
774,165897.000000000000000,52,1976,180,14930_52_62,Central Interior and Appalachian Shrub-Herbaceous Wetland Systems,Riparian,17,-9999,-9999,17,Agriculture
775,5254.000000000000000,52,1974,2,14790_52_62,Central Interior and Appalachian Swamp Systems,Riparian,989,-9999,-9999,989,B
776,29381.000000000000000,52,1974,6,14790_52_62,Central Interior and Appalachian Swamp Systems,Riparian,989,-9999,-9999,989,UN
777,53156.000000000000000,52,1976,120,14930_52_62,Central Interior and Appalachian Shrub-Herbaceous Wetland Systems,Riparian,17,-9999,-9999,17,Developed
778,19502.000000000000000,52,1977,6,15180_43_47_49_52_62_63_64_65,North-Central Interior Wet Flatwoods,Hardwood,993,-9999,-9999,993,UN
779,421384.000000000000000,52,1974,3,14790_52_62,Central Interior and Appalachian Swamp Systems,Riparian,989,-9999,-9999,989,C
780,738.000000000000000,52,1975,1,14920_41_50_51_52_63,Great Lakes Coastal Marsh Systems,Riparian,-9999,-9999,-9999,-9999,A
781,294450.000000000000000,52,1977,2,15180_43_47_49_52_62_63_64_65,North-Central Interior Wet Flatwoods,Hardwood,993,-9999,-9999,993,B
782,60598.000000000000000,52,1976,6,14930_52_62,Central Interior and Appalachian Shrub-Herbaceous Wetland Systems,Riparian,17,-9999,-9999,17,UN
783,2320.000000000000000,52,1970,1,14110_49_51_52,Great Lakes Wet-Mesic Lakeplain Prairie,Riparian,24,-9999,-9999,24,A
784,162748.000000000000000,52,1973,6,14710_49_52,Central Interior and Appalachian Floodplain Systems,Riparian,-9999,426,68,59,UN
785,408696.000000000000000,52,1973,120,14710_49_52,Central Interior and Appalachian Floodplain Systems,Riparian,-9999,426,68,59,Developed
786,674192.000000000000000,52,1973,7,14710_49_52,Central Interior and Appalachian Floodplain Systems,Riparian,-9999,426,68,59,UE
787,15078515.000000000000000,52,1965,180,13100_52,North-Central Interior Dry-Mesic Oak Forest and Woodland,Hardwood,75,47,23,13,Agriculture
788,2075181.000000000000000,52,1973,180,14710_49_52,Central Interior and Appalachian Floodplain Systems,Riparian,-9999,426,68,59,Agriculture
789,718320.000000000000000,52,1973,3,14710_49_52,Central Interior and Appalachian Floodplain Systems,Riparian,-9999,426,68,59,C
790,19843.000000000000000,52,1975,132,14920_41_50_51_52_63,Great Lakes Coastal Marsh Systems,Riparian,-9999,-9999,-9999,-9999,Barren or Sparse
791,7134.000000000000000,52,1974,1,14790_52_62,Central Interior and Appalachian Swamp Systems,Riparian,989,-9999,-9999,989,A
792,52326.000000000000000,52,1970,120,14110_49_51_52,Great Lakes Wet-Mesic Lakeplain Prairie,Riparian,24,-9999,-9999,24,Developed
793,4083254.000000000000000,52,1965,120,13100_52,North-Central Interior Dry-Mesic Oak Forest and Woodland,Hardwood,75,47,23,13,Developed
794,218798.000000000000000,52,1969,7,13950_41_42_43_49_52,North-Central Oak Barrens,Hardwood,341,246,5,5,UE
795,279290.000000000000000,52,1969,120,13950_41_42_43_49_52,North-Central Oak Barrens,Hardwood,341,246,5,5,Developed
796,145095.000000000000000,52,1969,3,13950_41_42_43_49_52,North-Central Oak Barrens,Hardwood,341,246,5,5,C
797,187.000000000000000,52,1966,6,13110_52,North-Central Interior Dry Oak Forest and Woodland,Hardwood,149,151,11,9,UN
798,51618.000000000000000,52,1969,2,13950_41_42_43_49_52,North-Central Oak Barrens,Hardwood,341,246,5,5,B
799,914077.000000000000000,52,1969,180,13950_41_42_43_49_52,North-Central Oak Barrens,Hardwood,341,246,5,5,Agriculture
800,280869.000000000000000,52,1965,3,13100_52,North-Central Interior Dry-Mesic Oak Forest and Woodland,Hardwood,75,47,23,13,C
801,6902.000000000000000,52,1973,2,14710_49_52,Central Interior and Appalachian Floodplain Systems,Riparian,-9999,426,68,59,B
802,10361.000000000000000,52,1965,6,13100_52,North-Central Interior Dry-Mesic Oak Forest and Woodland,Hardwood,75,47,23,13,UN
803,33792.000000000000000,52,1965,1,13100_52,North-Central Interior Dry-Mesic Oak Forest and Woodland,Hardwood,75,47,23,13,A
804,87588.000000000000000,52,1972,6,14210_49_52,Central Tallgrass Prairie,Grassland,4,-9999,-9999,4,UN
805,135453.000000000000000,52,1972,7,14210_49_52,Central Tallgrass Prairie,Grassland,4,-9999,-9999,4,UE
806,9845.000000000000000,52,1969,6,13950_41_42_43_49_52,North-Central Oak Barrens,Hardwood,341,246,5,5,UN
807,128562.000000000000000,52,1965,5,13100_52,North-Central Interior Dry-Mesic Oak Forest and Woodland,Hardwood,75,47,23,13,E
808,3059128.000000000000000,52,1966,180,13110_52,North-Central Interior Dry Oak Forest and Woodland,Hardwood,149,151,11,9,Agriculture
809,813218.000000000000000,52,1966,7,13110_52,North-Central Interior Dry Oak Forest and Woodland,Hardwood,149,151,11,9,UE
810,88675.000000000000000,52,1966,3,13110_52,North-Central Interior Dry Oak Forest and Woodland,Hardwood,149,151,11,9,C
811,811886.000000000000000,52,1966,4,13110_52,North-Central Interior Dry Oak Forest and Woodland,Hardwood,149,151,11,9,D
812,7021.000000000000000,52,1966,1,13110_52,North-Central Interior Dry Oak Forest and Woodland,Hardwood,149,151,11,9,A
813,688.000000000000000,52,1973,1,14710_49_52,Central Interior and Appalachian Floodplain Systems,Riparian,-9999,426,68,59,A
814,2621.000000000000000,52,1974,132,14790_52_62,Central Interior and Appalachian Swamp Systems,Riparian,989,-9999,-9999,989,Barren or Sparse
815,6875.000000000000000,52,1969,4,13950_41_42_43_49_52,North-Central Oak Barrens,Hardwood,341,246,5,5,D
816,33.000000000000000,52,1969,1,13950_41_42_43_49_52,North-Central Oak Barrens,Hardwood,341,246,5,5,A
817,12132.000000000000000,52,1967,132,13130_49_52_62,North-Central Interior Beech-Maple Forest,Hardwood,1026,-9999,852,465,Barren or Sparse
818,1205754.000000000000000,52,1972,180,14210_49_52,Central Tallgrass Prairie,Grassland,4,-9999,-9999,4,Agriculture
819,435.000000000000000,52,1977,132,15180_43_47_49_52_62_63_64_65,North-Central Interior Wet Flatwoods,Hardwood,993,-9999,-9999,993,Barren or Sparse
820,1800.000000000000000,52,1972,1,14210_49_52,Central Tallgrass Prairie,Grassland,4,-9999,-9999,4,A
821,1030682.000000000000000,52,1966,120,13110_52,North-Central Interior Dry Oak Forest and Woodland,Hardwood,149,151,11,9,Developed
822,1192.000000000000000,52,1976,2,14930_52_62,Central Interior and Appalachian Shrub-Herbaceous Wetland Systems,Riparian,17,-9999,-9999,17,B
823,168829.000000000000000,52,1972,120,14210_49_52,Central Tallgrass Prairie,Grassland,4,-9999,-9999,4,Developed
824,14719.000000000000000,52,1965,132,13100_52,North-Central Interior Dry-Mesic Oak Forest and Woodland,Hardwood,75,47,23,13,Barren or Sparse
825,920.000000000000000,52,1969,132,13950_41_42_43_49_52,North-Central Oak Barrens,Hardwood,341,246,5,5,Barren or Sparse
826,257583.000000000000000,52,1968,120,13940_52,North-Central Interior Oak Savanna,Hardwood,552,187,5,5,Developed
827,233910.000000000000000,52,1968,7,13940_52,North-Central Interior Oak Savanna,Hardwood,552,187,5,5,UE
828,332.000000000000000,52,1970,6,14110_49_51_52,Great Lakes Wet-Mesic Lakeplain Prairie,Riparian,24,-9999,-9999,24,UN
829,352.000000000000000,52,1972,132,14210_49_52,Central Tallgrass Prairie,Grassland,4,-9999,-9999,4,Barren or Sparse
830,1936.000000000000000,52,1976,132,14930_52_62,Central Interior and Appalachian Shrub-Herbaceous Wetland Systems,Riparian,17,-9999,-9999,17,Barren or Sparse
831,49.000000000000000,52,1977,1,15180_43_47_49_52_62_63_64_65,North-Central Interior Wet Flatwoods,Hardwood,993,-9999,-9999,993,A
832,148.000000000000000,52,1972,2,14210_49_52,Central Tallgrass Prairie,Grassland,4,-9999,-9999,4,B
833,4007.000000000000000,52,1968,1,13940_52,North-Central Interior Oak Savanna,Hardwood,552,187,5,5,A
834,2874.000000000000000,52,1966,132,13110_52,North-Central Interior Dry Oak Forest and Woodland,Hardwood,149,151,11,9,Barren or Sparse
835,1062.000000000000000,52,1970,132,14110_49_51_52,Great Lakes Wet-Mesic Lakeplain Prairie,Riparian,24,-9999,-9999,24,Barren or Sparse
836,2334.000000000000000,52,1973,132,14710_49_52,Central Interior and Appalachian Floodplain Systems,Riparian,-9999,426,68,59,Barren or Sparse
837,128.000000000000000,52,1965,2,13100_52,North-Central Interior Dry-Mesic Oak Forest and Woodland,Hardwood,75,47,23,13,B
838,1086283.000000000000000,52,1968,180,13940_52,North-Central Interior Oak Savanna,Hardwood,552,187,5,5,Agriculture
839,26677.000000000000000,52,1968,2,13940_52,North-Central Interior Oak Savanna,Hardwood,552,187,5,5,B
840,226768.000000000000000,52,1968,3,13940_52,North-Central Interior Oak Savanna,Hardwood,552,187,5,5,C
841,4842216.000000000000000,62,1909,7,13030_62,Northeastern Interior Dry-Mesic Oak Forest,Hardwood,39,52,8,6,UE
842,2147948.000000000000000,62,1911,7,13130_49_52_62,North-Central Interior Beech-Maple Forest,Hardwood,1026,-9999,852,465,UE
843,6312180.000000000000000,62,1909,120,13030_62,Northeastern Interior Dry-Mesic Oak Forest,Hardwood,39,52,8,6,Developed
844,186378.000000000000000,62,1919,7,15180_43_47_49_52_62_63_64_65,North-Central Interior Wet Flatwoods,Hardwood,993,-9999,-9999,993,UE
845,240523.000000000000000,62,1919,120,15180_43_47_49_52_62_63_64_65,North-Central Interior Wet Flatwoods,Hardwood,993,-9999,-9999,993,Developed
846,13329374.000000000000000,62,1909,4,13030_62,Northeastern Interior Dry-Mesic Oak Forest,Hardwood,39,52,8,6,D
847,2430315.000000000000000,62,1911,3,13130_49_52_62,North-Central Interior Beech-Maple Forest,Hardwood,1026,-9999,852,465,C
848,3011999.000000000000000,62,1911,120,13130_49_52_62,North-Central Interior Beech-Maple Forest,Hardwood,1026,-9999,852,465,Developed
849,216183.000000000000000,62,1919,2,15180_43_47_49_52_62_63_64_65,North-Central Interior Wet Flatwoods,Hardwood,993,-9999,-9999,993,B
850,4492713.000000000000000,62,1909,5,13030_62,Northeastern Interior Dry-Mesic Oak Forest,Hardwood,39,52,8,6,E
851,1081192.000000000000000,62,1916,2,14720_61_62_63,Central Interior and Appalachian Riparian Systems,Riparian,1001,-9999,200,166,B
852,919853.000000000000000,62,1916,120,14720_61_62_63,Central Interior and Appalachian Riparian Systems,Riparian,1001,-9999,200,166,Developed
853,44262.000000000000000,62,1909,1,13030_62,Northeastern Interior Dry-Mesic Oak Forest,Hardwood,39,52,8,6,A
854,610455.000000000000000,62,1916,7,14720_61_62_63,Central Interior and Appalachian Riparian Systems,Riparian,1001,-9999,200,166,UE
855,2954303.000000000000000,62,1909,3,13030_62,Northeastern Interior Dry-Mesic Oak Forest,Hardwood,39,52,8,6,C
856,784252.000000000000000,62,1915,120,14710_51_62,Central Interior and Appalachian Floodplain Systems,Riparian,-9999,429,67,58,Developed
857,9532104.000000000000000,62,1909,180,13030_62,Northeastern Interior Dry-Mesic Oak Forest,Hardwood,39,52,8,6,Agriculture
858,638495.000000000000000,62,1915,7,14710_51_62,Central Interior and Appalachian Floodplain Systems,Riparian,-9999,429,67,58,UE
859,985832.000000000000000,62,1915,3,14710_51_62,Central Interior and Appalachian Floodplain Systems,Riparian,-9999,429,67,58,C
860,1546001.000000000000000,62,1915,180,14710_51_62,Central Interior and Appalachian Floodplain Systems,Riparian,-9999,429,67,58,Agriculture
861,97393.000000000000000,62,1915,2,14710_51_62,Central Interior and Appalachian Floodplain Systems,Riparian,-9999,429,67,58,B
862,11616.000000000000000,62,1915,1,14710_51_62,Central Interior and Appalachian Floodplain Systems,Riparian,-9999,429,67,58,A
863,12160.000000000000000,62,1915,4,14710_51_62,Central Interior and Appalachian Floodplain Systems,Riparian,-9999,429,67,58,D
864,24854.000000000000000,62,1909,132,13030_62,Northeastern Interior Dry-Mesic Oak Forest,Hardwood,39,52,8,6,Barren or Sparse
865,527.000000000000000,62,31,132,0,Barren-Rock/Sand/Clay,Barren-Rock/Sand/Clay,-9999,-9999,-9999,-9999,Barren or Sparse
866,34555.000000000000000,62,1909,6,13030_62,Northeastern Interior Dry-Mesic Oak Forest,Hardwood,39,52,8,6,UN
867,355783.000000000000000,62,1911,4,13130_49_52_62,North-Central Interior Beech-Maple Forest,Hardwood,1026,-9999,852,465,D
868,125479.000000000000000,62,1911,2,13130_49_52_62,North-Central Interior Beech-Maple Forest,Hardwood,1026,-9999,852,465,B
869,15055.000000000000000,62,1917,120,14790_52_62,Central Interior and Appalachian Swamp Systems,Riparian,989,-9999,-9999,989,Developed
870,21589.000000000000000,62,1919,6,15180_43_47_49_52_62_63_64_65,North-Central Interior Wet Flatwoods,Hardwood,993,-9999,-9999,993,UN
871,4406205.000000000000000,62,1911,180,13130_49_52_62,North-Central Interior Beech-Maple Forest,Hardwood,1026,-9999,852,465,Agriculture
872,11340.000000000000000,62,1911,132,13130_49_52_62,North-Central Interior Beech-Maple Forest,Hardwood,1026,-9999,852,465,Barren or Sparse
873,2736.000000000000000,62,1915,132,14710_51_62,Central Interior and Appalachian Floodplain Systems,Riparian,-9999,429,67,58,Barren or Sparse
874,713.000000000000000,62,1919,132,15180_43_47_49_52_62_63_64_65,North-Central Interior Wet Flatwoods,Hardwood,993,-9999,-9999,993,Barren or Sparse
875,41576.000000000000000,62,1917,7,14790_52_62,Central Interior and Appalachian Swamp Systems,Riparian,989,-9999,-9999,989,UE
876,624465.000000000000000,62,1915,6,14710_51_62,Central Interior and Appalachian Floodplain Systems,Riparian,-9999,429,67,58,UN
877,4298.000000000000000,62,1919,1,15180_43_47_49_52_62_63_64_65,North-Central Interior Wet Flatwoods,Hardwood,993,-9999,-9999,993,A
878,41761.000000000000000,62,1911,6,13130_49_52_62,North-Central Interior Beech-Maple Forest,Hardwood,1026,-9999,852,465,UN
879,1451.000000000000000,62,1916,132,14720_61_62_63,Central Interior and Appalachian Riparian Systems,Riparian,1001,-9999,200,166,Barren or Sparse
880,1104255.000000000000000,62,1916,180,14720_61_62_63,Central Interior and Appalachian Riparian Systems,Riparian,1001,-9999,200,166,Agriculture
881,221281.000000000000000,62,1919,180,15180_43_47_49_52_62_63_64_65,North-Central Interior Wet Flatwoods,Hardwood,993,-9999,-9999,993,Agriculture
882,12216.000000000000000,62,1911,1,13130_49_52_62,North-Central Interior Beech-Maple Forest,Hardwood,1026,-9999,852,465,A
883,1348256.000000000000000,62,1916,3,14720_61_62_63,Central Interior and Appalachian Riparian Systems,Riparian,1001,-9999,200,166,C
884,72260.000000000000000,62,1916,1,14720_61_62_63,Central Interior and Appalachian Riparian Systems,Riparian,1001,-9999,200,166,A
885,58364.000000000000000,62,1916,5,14720_61_62_63,Central Interior and Appalachian Riparian Systems,Riparian,1001,-9999,200,166,E
886,17685.000000000000000,62,1917,180,14790_52_62,Central Interior and Appalachian Swamp Systems,Riparian,989,-9999,-9999,989,Agriculture
887,4107.000000000000000,62,1917,6,14790_52_62,Central Interior and Appalachian Swamp Systems,Riparian,989,-9999,-9999,989,UN
888,11662.000000000000000,62,1918,7,14930_52_62,Central Interior and Appalachian Shrub-Herbaceous Wetland Systems,Riparian,17,-9999,-9999,17,UE
889,4590.000000000000000,62,1917,132,14790_52_62,Central Interior and Appalachian Swamp Systems,Riparian,989,-9999,-9999,989,Barren or Sparse
890,320.000000000000000,62,1919,3,15180_43_47_49_52_62_63_64_65,North-Central Interior Wet Flatwoods,Hardwood,993,-9999,-9999,993,C
891,50142.000000000000000,62,1914,7,13700_53_61_62,Appalachian (Hemlock-)Northern Hardwood Forest,Hardwood,1036,1083,-9999,529,UE
892,177610.000000000000000,62,1914,3,13700_53_61_62,Appalachian (Hemlock-)Northern Hardwood Forest,Hardwood,1036,1083,-9999,529,C
893,90786.000000000000000,62,1914,120,13700_53_61_62,Appalachian (Hemlock-)Northern Hardwood Forest,Hardwood,1036,1083,-9999,529,Developed
894,687195.000000000000000,62,1914,2,13700_53_61_62,Appalachian (Hemlock-)Northern Hardwood Forest,Hardwood,1036,1083,-9999,529,B
895,2089.000000000000000,62,1916,4,14720_61_62_63,Central Interior and Appalachian Riparian Systems,Riparian,1001,-9999,200,166,D
896,70707.000000000000000,62,1917,3,14790_52_62,Central Interior and Appalachian Swamp Systems,Riparian,989,-9999,-9999,989,C
897,224713.000000000000000,62,1914,4,13700_53_61_62,Appalachian (Hemlock-)Northern Hardwood Forest,Hardwood,1036,1083,-9999,529,D
898,7998.000000000000000,62,1917,2,14790_52_62,Central Interior and Appalachian Swamp Systems,Riparian,989,-9999,-9999,989,B
899,23518.000000000000000,62,1918,4,14930_52_62,Central Interior and Appalachian Shrub-Herbaceous Wetland Systems,Riparian,17,-9999,-9999,17,D
900,7244.000000000000000,62,1918,6,14930_52_62,Central Interior and Appalachian Shrub-Herbaceous Wetland Systems,Riparian,17,-9999,-9999,17,UN
901,15872.000000000000000,62,1914,180,13700_53_61_62,Appalachian (Hemlock-)Northern Hardwood Forest,Hardwood,1036,1083,-9999,529,Agriculture
902,3534.000000000000000,62,1914,6,13700_53_61_62,Appalachian (Hemlock-)Northern Hardwood Forest,Hardwood,1036,1083,-9999,529,UN
903,2149.000000000000000,62,1909,2,13030_62,Northeastern Interior Dry-Mesic Oak Forest,Hardwood,39,52,8,6,B
904,9872.000000000000000,62,1918,120,14930_52_62,Central Interior and Appalachian Shrub-Herbaceous Wetland Systems,Riparian,17,-9999,-9999,17,Developed
905,8.000000000000000,62,1917,1,14790_52_62,Central Interior and Appalachian Swamp Systems,Riparian,989,-9999,-9999,989,A
906,18406.000000000000000,62,1918,180,14930_52_62,Central Interior and Appalachian Shrub-Herbaceous Wetland Systems,Riparian,17,-9999,-9999,17,Agriculture
907,204.000000000000000,62,1914,1,13700_53_61_62,Appalachian (Hemlock-)Northern Hardwood Forest,Hardwood,1036,1083,-9999,529,A
908,39.000000000000000,63,1892,4,13210_61_63,South-Central Interior Mesophytic Forest,Hardwood,847,573,102,78,D
909,10743879.000000000000000,62,1912,4,13170_62,Allegheny-Cumberland Dry Oak Forest and Woodland,Hardwood,37,117,11,8,D
910,1049393.000000000000000,62,1912,3,13170_62,Allegheny-Cumberland Dry Oak Forest and Woodland,Hardwood,37,117,11,8,C
911,1627635.000000000000000,62,1912,7,13170_62,Allegheny-Cumberland Dry Oak Forest and Woodland,Hardwood,37,117,11,8,UE
912,1743196.000000000000000,62,1912,120,13170_62,Allegheny-Cumberland Dry Oak Forest and Woodland,Hardwood,37,117,11,8,Developed
913,2694296.000000000000000,62,1912,180,13170_62,Allegheny-Cumberland Dry Oak Forest and Woodland,Hardwood,37,117,11,8,Agriculture
914,5541.000000000000000,62,1912,2,13170_62,Allegheny-Cumberland Dry Oak Forest and Woodland,Hardwood,37,117,11,8,B
915,3647415.000000000000000,62,1913,2,13210_62,South-Central Interior Mesophytic Forest,Hardwood,960,798,341,191,B
916,1958922.000000000000000,62,1913,6,13210_62,South-Central Interior Mesophytic Forest,Hardwood,960,798,341,191,UN
917,775061.000000000000000,62,1913,120,13210_62,South-Central Interior Mesophytic Forest,Hardwood,960,798,341,191,Developed
918,1948.000000000000000,62,1913,1,13210_62,South-Central Interior Mesophytic Forest,Hardwood,960,798,341,191,A
919,1004164.000000000000000,62,1913,180,13210_62,South-Central Interior Mesophytic Forest,Hardwood,960,798,341,191,Agriculture
920,638483.000000000000000,62,1913,7,13210_62,South-Central Interior Mesophytic Forest,Hardwood,960,798,341,191,UE
921,22192.000000000000000,62,1912,1,13170_62,Allegheny-Cumberland Dry Oak Forest and Woodland,Hardwood,37,117,11,8,A
922,16214.000000000000000,62,1912,132,13170_62,Allegheny-Cumberland Dry Oak Forest and Woodland,Hardwood,37,117,11,8,Barren or Sparse
923,10.000000000000000,63,1892,132,13210_61_63,South-Central Interior Mesophytic Forest,Hardwood,847,573,102,78,Barren or Sparse
924,2.000000000000000,63,1892,3,13210_61_63,South-Central Interior Mesophytic Forest,Hardwood,847,573,102,78,C
925,226.000000000000000,63,1891,132,13030_61_63_64_65_66,Northeastern Interior Dry-Mesic Oak Forest,Hardwood,39,24,9,6,Barren or Sparse
926,5.000000000000000,63,1891,2,13030_61_63_64_65_66,Northeastern Interior Dry-Mesic Oak Forest,Hardwood,39,24,9,6,B
927,1130885.000000000000000,61,11,111,0,Open Water,Open Water,-9999,-9999,-9999,-9999,Water
928,165461.000000000000000,61,1887,6,14710_47_48_53_54_57_59_60_61_63,Central Interior and Appalachian Floodplain Systems,Riparian,613,392,121,80,UN
929,528817.000000000000000,61,1887,3,14710_47_48_53_54_57_59_60_61_63,Central Interior and Appalachian Floodplain Systems,Riparian,613,392,121,80,C
930,313408.000000000000000,61,1887,7,14710_47_48_53_54_57_59_60_61_63,Central Interior and Appalachian Floodplain Systems,Riparian,613,392,121,80,UE
931,8300267.000000000000000,61,1870,7,13030_61_63_64_65_66,Northeastern Interior Dry-Mesic Oak Forest,Hardwood,39,24,9,6,UE
932,4372599.000000000000000,61,1870,3,13030_61_63_64_65_66,Northeastern Interior Dry-Mesic Oak Forest,Hardwood,39,24,9,6,C
933,15607.000000000000000,61,1887,1,14710_47_48_53_54_57_59_60_61_63,Central Interior and Appalachian Floodplain Systems,Riparian,613,392,121,80,A
934,19248675.000000000000000,61,1870,4,13030_61_63_64_65_66,Northeastern Interior Dry-Mesic Oak Forest,Hardwood,39,24,9,6,D
935,14212341.000000000000000,61,1870,180,13030_61_63_64_65_66,Northeastern Interior Dry-Mesic Oak Forest,Hardwood,39,24,9,6,Agriculture
936,13706419.000000000000000,61,1870,5,13030_61_63_64_65_66,Northeastern Interior Dry-Mesic Oak Forest,Hardwood,39,24,9,6,E
937,460203.000000000000000,61,1887,120,14710_47_48_53_54_57_59_60_61_63,Central Interior and Appalachian Floodplain Systems,Riparian,613,392,121,80,Developed
938,6843643.000000000000000,61,1870,120,13030_61_63_64_65_66,Northeastern Interior Dry-Mesic Oak Forest,Hardwood,39,24,9,6,Developed
939,112246.000000000000000,61,1887,2,14710_47_48_53_54_57_59_60_61_63,Central Interior and Appalachian Floodplain Systems,Riparian,613,392,121,80,B
940,1301559.000000000000000,61,1888,7,14720_61_62_63,Central Interior and Appalachian Riparian Systems,Riparian,1001,-9999,200,166,UE
941,10595.000000000000000,61,1870,6,13030_61_63_64_65_66,Northeastern Interior Dry-Mesic Oak Forest,Hardwood,39,24,9,6,UN
942,3525390.000000000000000,61,1888,2,14720_61_62_63,Central Interior and Appalachian Riparian Systems,Riparian,1001,-9999,200,166,B
943,785460.000000000000000,61,1883,3,13700_53_61_62,Appalachian (Hemlock-)Northern Hardwood Forest,Hardwood,1036,1083,-9999,529,C
944,3632716.000000000000000,61,1883,2,13700_53_61_62,Appalachian (Hemlock-)Northern Hardwood Forest,Hardwood,1036,1083,-9999,529,B
945,83780.000000000000000,61,1870,1,13030_61_63_64_65_66,Northeastern Interior Dry-Mesic Oak Forest,Hardwood,39,24,9,6,A
946,1452021.000000000000000,61,1888,3,14720_61_62_63,Central Interior and Appalachian Riparian Systems,Riparian,1001,-9999,200,166,C
947,42024.000000000000000,61,1883,6,13700_53_61_62,Appalachian (Hemlock-)Northern Hardwood Forest,Hardwood,1036,1083,-9999,529,UN
948,967002.000000000000000,61,1883,7,13700_53_61_62,Appalachian (Hemlock-)Northern Hardwood Forest,Hardwood,1036,1083,-9999,529,UE
949,4178948.000000000000000,61,1882,3,13690_60_61_63_64_65_66,Central Appalachian Dry Oak-Pine Forest,Hardwood-Conifer,182,463,15,14,C
950,1336204.000000000000000,61,1888,120,14720_61_62_63,Central Interior and Appalachian Riparian Systems,Riparian,1001,-9999,200,166,Developed
951,3954150.000000000000000,61,1882,2,13690_60_61_63_64_65_66,Central Appalachian Dry Oak-Pine Forest,Hardwood-Conifer,182,463,15,14,B
952,924818.000000000000000,61,1882,180,13690_60_61_63_64_65_66,Central Appalachian Dry Oak-Pine Forest,Hardwood-Conifer,182,463,15,14,Agriculture
953,21602.000000000000000,61,1889,7,14790_60_61_63_64_65_66,Central Interior and Appalachian Swamp Systems,Riparian,1011,-9999,1353,578,UE
954,165603.000000000000000,61,1889,3,14790_60_61_63_64_65_66,Central Interior and Appalachian Swamp Systems,Riparian,1011,-9999,1353,578,C
955,83441.000000000000000,61,1888,1,14720_61_62_63,Central Interior and Appalachian Riparian Systems,Riparian,1001,-9999,200,166,A
956,950649.000000000000000,61,1882,7,13690_60_61_63_64_65_66,Central Appalachian Dry Oak-Pine Forest,Hardwood-Conifer,182,463,15,14,UE
957,850797.000000000000000,61,1883,180,13700_53_61_62,Appalachian (Hemlock-)Northern Hardwood Forest,Hardwood,1036,1083,-9999,529,Agriculture
958,564341.000000000000000,61,1883,120,13700_53_61_62,Appalachian (Hemlock-)Northern Hardwood Forest,Hardwood,1036,1083,-9999,529,Developed
959,40.000000000000000,63,1891,6,13030_61_63_64_65_66,Northeastern Interior Dry-Mesic Oak Forest,Hardwood,39,24,9,6,UN
960,5745.000000000000000,61,1883,132,13700_53_61_62,Appalachian (Hemlock-)Northern Hardwood Forest,Hardwood,1036,1083,-9999,529,Barren or Sparse
961,2205594.000000000000000,61,1888,180,14720_61_62_63,Central Interior and Appalachian Riparian Systems,Riparian,1001,-9999,200,166,Agriculture
962,402.000000000000000,61,1870,2,13030_61_63_64_65_66,Northeastern Interior Dry-Mesic Oak Forest,Hardwood,39,24,9,6,B
963,45194.000000000000000,61,1870,132,13030_61_63_64_65_66,Northeastern Interior Dry-Mesic Oak Forest,Hardwood,39,24,9,6,Barren or Sparse
964,817978.000000000000000,61,1887,180,14710_47_48_53_54_57_59_60_61_63,Central Interior and Appalachian Floodplain Systems,Riparian,613,392,121,80,Agriculture
965,570814.000000000000000,61,1882,120,13690_60_61_63_64_65_66,Central Appalachian Dry Oak-Pine Forest,Hardwood-Conifer,182,463,15,14,Developed
966,194083.000000000000000,61,1883,4,13700_53_61_62,Appalachian (Hemlock-)Northern Hardwood Forest,Hardwood,1036,1083,-9999,529,D
967,10879.000000000000000,61,1889,2,14790_60_61_63_64_65_66,Central Interior and Appalachian Swamp Systems,Riparian,1011,-9999,1353,578,B
968,1.000000000000000,63,1897,4,13730_63_64,Acadian Low-Elevation Spruce-Fir-Hardwood Forest,Hardwood-Conifer,1053,-9999,-9999,1053,D
969,102.000000000000000,63,1891,1,13030_61_63_64_65_66,Northeastern Interior Dry-Mesic Oak Forest,Hardwood,39,24,9,6,A
970,28691.000000000000000,61,1882,1,13690_60_61_63_64_65_66,Central Appalachian Dry Oak-Pine Forest,Hardwood-Conifer,182,463,15,14,A
971,19002.000000000000000,61,1889,6,14790_60_61_63_64_65_66,Central Interior and Appalachian Swamp Systems,Riparian,1011,-9999,1353,578,UN
972,21275.000000000000000,61,1882,6,13690_60_61_63_64_65_66,Central Appalachian Dry Oak-Pine Forest,Hardwood-Conifer,182,463,15,14,UN
973,3642.000000000000000,61,1885,4,13770_60_61_63_64_65_66,Central Appalachian Pine-Oak Rocky Woodland,Hardwood-Conifer,412,384,4645,190,D
974,2451.000000000000000,61,1888,132,14720_61_62_63,Central Interior and Appalachian Riparian Systems,Riparian,1001,-9999,200,166,Barren or Sparse
975,2977.000000000000000,61,1882,132,13690_60_61_63_64_65_66,Central Appalachian Dry Oak-Pine Forest,Hardwood-Conifer,182,463,15,14,Barren or Sparse
976,12143.000000000000000,61,1879,7,13520_53_54_57_59_60_61,Southern Appalachian Montane Pine Forest and Woodland,Conifer,88,101,5,5,UE
977,186814.000000000000000,61,1885,3,13770_60_61_63_64_65_66,Central Appalachian Pine-Oak Rocky Woodland,Hardwood-Conifer,412,384,4645,190,C
978,936.000000000000000,61,1887,132,14710_47_48_53_54_57_59_60_61_63,Central Interior and Appalachian Floodplain Systems,Riparian,613,392,121,80,Barren or Sparse
979,64737.000000000000000,61,1879,5,13520_53_54_57_59_60_61,Southern Appalachian Montane Pine Forest and Woodland,Conifer,88,101,5,5,E
980,231347.000000000000000,61,1885,6,13770_60_61_63_64_65_66,Central Appalachian Pine-Oak Rocky Woodland,Hardwood-Conifer,412,384,4645,190,UN
981,14834.000000000000000,61,1885,120,13770_60_61_63_64_65_66,Central Appalachian Pine-Oak Rocky Woodland,Hardwood-Conifer,412,384,4645,190,Developed
982,9509.000000000000000,61,1879,4,13520_53_54_57_59_60_61,Southern Appalachian Montane Pine Forest and Woodland,Conifer,88,101,5,5,D
983,36739.000000000000000,61,1885,7,13770_60_61_63_64_65_66,Central Appalachian Pine-Oak Rocky Woodland,Hardwood-Conifer,412,384,4645,190,UE
984,388.000000000000000,61,1885,2,13770_60_61_63_64_65_66,Central Appalachian Pine-Oak Rocky Woodland,Hardwood-Conifer,412,384,4645,190,B
985,1872.000000000000000,61,1879,120,13520_53_54_57_59_60_61,Southern Appalachian Montane Pine Forest and Woodland,Conifer,88,101,5,5,Developed
986,5233.000000000000000,61,1883,1,13700_53_61_62,Appalachian (Hemlock-)Northern Hardwood Forest,Hardwood,1036,1083,-9999,529,A
987,324028.000000000000000,61,1888,5,14720_61_62_63,Central Interior and Appalachian Riparian Systems,Riparian,1001,-9999,200,166,E
988,15282.000000000000000,61,1889,120,14790_60_61_63_64_65_66,Central Interior and Appalachian Swamp Systems,Riparian,1011,-9999,1353,578,Developed
989,387.000000000000000,63,1899,6,14000_63,Central Appalachian Alkaline Glade and Woodland,Savanna,5,19,1421,4,UN
990,859.000000000000000,63,1899,4,14000_63,Central Appalachian Alkaline Glade and Woodland,Savanna,5,19,1421,4,D
991,10.000000000000000,63,1899,2,14000_63,Central Appalachian Alkaline Glade and Woodland,Savanna,5,19,1421,4,B
992,10.000000000000000,63,1899,132,14000_63,Central Appalachian Alkaline Glade and Woodland,Savanna,5,19,1421,4,Barren or Sparse
993,18800.000000000000000,61,1887,4,14710_47_48_53_54_57_59_60_61_63,Central Interior and Appalachian Floodplain Systems,Riparian,613,392,121,80,D
994,22335.000000000000000,61,1887,5,14710_47_48_53_54_57_59_60_61_63,Central Interior and Appalachian Floodplain Systems,Riparian,613,392,121,80,E
995,49072.000000000000000,61,1889,180,14790_60_61_63_64_65_66,Central Interior and Appalachian Swamp Systems,Riparian,1011,-9999,1353,578,Agriculture
996,538392.000000000000000,61,1882,5,13690_60_61_63_64_65_66,Central Appalachian Dry Oak-Pine Forest,Hardwood-Conifer,182,463,15,14,E
997,195142.000000000000000,61,1882,4,13690_60_61_63_64_65_66,Central Appalachian Dry Oak-Pine Forest,Hardwood-Conifer,182,463,15,14,D
998,3767.000000000000000,61,1888,4,14720_61_62_63,Central Interior and Appalachian Riparian Systems,Riparian,1001,-9999,200,166,D
999,10909.000000000000000,61,1877,6,13400_61,Appalachian Shale Barrens,Hardwood,-9999,1025,-9999,1025,UN
1000,4918.000000000000000,61,1879,180,13520_53_54_57_59_60_61,Southern Appalachian Montane Pine Forest and Woodland,Conifer,88,101,5,5,Agriculture
1001,250.000000000000000,61,1879,3,13520_53_54_57_59_60_61,Southern Appalachian Montane Pine Forest and Woodland,Conifer,88,101,5,5,C
1002,113895.000000000000000,61,1886,180,14000_60_61,Central Appalachian Alkaline Glade and Woodland,Savanna,5,19,1583,4,Agriculture
1003,59871.000000000000000,61,1886,7,14000_60_61,Central Appalachian Alkaline Glade and Woodland,Savanna,5,19,1583,4,UE
1004,172123.000000000000000,61,1886,4,14000_60_61,Central Appalachian Alkaline Glade and Woodland,Savanna,5,19,1583,4,D
1005,45360.000000000000000,61,1886,6,14000_60_61,Central Appalachian Alkaline Glade and Woodland,Savanna,5,19,1583,4,UN
1006,34225.000000000000000,61,1886,120,14000_60_61,Central Appalachian Alkaline Glade and Woodland,Savanna,5,19,1583,4,Developed
1007,2068151.000000000000000,61,1873,5,13170_57_61,Allegheny-Cumberland Dry Oak Forest and Woodland,Hardwood,123,59,15,11,E
1008,232657.000000000000000,61,1873,120,13170_57_61,Allegheny-Cumberland Dry Oak Forest and Woodland,Hardwood,123,59,15,11,Developed
1009,217183.000000000000000,61,1873,4,13170_57_61,Allegheny-Cumberland Dry Oak Forest and Woodland,Hardwood,123,59,15,11,D
1010,394518.000000000000000,61,1873,7,13170_57_61,Allegheny-Cumberland Dry Oak Forest and Woodland,Hardwood,123,59,15,11,UE
1011,20690.000000000000000,61,1873,3,13170_57_61,Allegheny-Cumberland Dry Oak Forest and Woodland,Hardwood,123,59,15,11,C
1012,15203.000000000000000,61,1873,2,13170_57_61,Allegheny-Cumberland Dry Oak Forest and Woodland,Hardwood,123,59,15,11,B
1013,9690.000000000000000,61,1885,180,13770_60_61_63_64_65_66,Central Appalachian Pine-Oak Rocky Woodland,Hardwood-Conifer,412,384,4645,190,Agriculture
1014,19354.000000000000000,61,1873,1,13170_57_61,Allegheny-Cumberland Dry Oak Forest and Woodland,Hardwood,123,59,15,11,A
1015,772.000000000000000,61,1889,1,14790_60_61_63_64_65_66,Central Interior and Appalachian Swamp Systems,Riparian,1011,-9999,1353,578,A
1016,245639.000000000000000,61,1873,180,13170_57_61,Allegheny-Cumberland Dry Oak Forest and Woodland,Hardwood,123,59,15,11,Agriculture
1017,19385.000000000000000,61,1873,132,13170_57_61,Allegheny-Cumberland Dry Oak Forest and Woodland,Hardwood,123,59,15,11,Barren or Sparse
1018,298.000000000000000,61,31,132,0,Barren-Rock/Sand/Clay,Barren-Rock/Sand/Clay,-9999,-9999,-9999,-9999,Barren or Sparse
1019,808.000000000000000,64,1954,6,14000_64,Central Appalachian Alkaline Glade and Woodland,Savanna,5,19,1604,4,UN
1020,109.000000000000000,61,1886,2,14000_60_61,Central Appalachian Alkaline Glade and Woodland,Savanna,5,19,1583,4,B
1021,1780901.000000000000000,60,1840,4,13030_60,Northeastern Interior Dry-Mesic Oak Forest,Hardwood,7,17,15,4,D
1022,24871442.000000000000000,60,11,111,0,Open Water,Open Water,-9999,-9999,-9999,-9999,Water
1023,3818636.000000000000000,60,1842,5,13240_60_65_66,Northern Atlantic Coastal Plain Hardwood Forest,Hardwood,48,44,4,4,E
1024,2935912.000000000000000,60,1842,7,13240_60_65_66,Northern Atlantic Coastal Plain Hardwood Forest,Hardwood,48,44,4,4,UE
1025,591273.000000000000000,60,1852,7,13700_60_63_64_65_66,Appalachian (Hemlock-)Northern Hardwood Forest,Hardwood,1010,1122,-9999,531,UE
1026,360427.000000000000000,60,1852,2,13700_60_63_64_65_66,Appalachian (Hemlock-)Northern Hardwood Forest,Hardwood,1010,1122,-9999,531,B
1027,2851541.000000000000000,60,1840,7,13030_60,Northeastern Interior Dry-Mesic Oak Forest,Hardwood,7,17,15,4,UE
1028,1420062.000000000000000,60,1852,120,13700_60_63_64_65_66,Appalachian (Hemlock-)Northern Hardwood Forest,Hardwood,1010,1122,-9999,531,Developed
1029,1860333.000000000000000,60,1851,120,13690_60_61_63_64_65_66,Central Appalachian Dry Oak-Pine Forest,Hardwood-Conifer,182,463,15,14,Developed
1030,5688322.000000000000000,60,1840,120,13030_60,Northeastern Interior Dry-Mesic Oak Forest,Hardwood,7,17,15,4,Developed
1031,4642298.000000000000000,60,1840,180,13030_60,Northeastern Interior Dry-Mesic Oak Forest,Hardwood,7,17,15,4,Agriculture
1032,231870.000000000000000,60,1850,3,13680_46_48_54_57_59_60_61,Southern Piedmont Dry Oak(-Pine) Forest,Hardwood-Conifer,325,235,5,5,C
1033,753888.000000000000000,60,1852,180,13700_60_63_64_65_66,Appalachian (Hemlock-)Northern Hardwood Forest,Hardwood,1010,1122,-9999,531,Agriculture
1034,44284.000000000000000,60,1856,180,14000_60_61,Central Appalachian Alkaline Glade and Woodland,Savanna,5,19,1583,4,Agriculture
1035,61809.000000000000000,60,1856,120,14000_60_61,Central Appalachian Alkaline Glade and Woodland,Savanna,5,19,1583,4,Developed
1036,229275.000000000000000,60,1840,3,13030_60,Northeastern Interior Dry-Mesic Oak Forest,Hardwood,7,17,15,4,C
1037,125454.000000000000000,60,1852,3,13700_60_63_64_65_66,Appalachian (Hemlock-)Northern Hardwood Forest,Hardwood,1010,1122,-9999,531,C
1038,1608459.000000000000000,60,1840,5,13030_60,Northeastern Interior Dry-Mesic Oak Forest,Hardwood,7,17,15,4,E
1039,673679.000000000000000,60,1851,3,13690_60_61_63_64_65_66,Central Appalachian Dry Oak-Pine Forest,Hardwood-Conifer,182,463,15,14,C
1040,33101.000000000000000,60,1862,2,14720_53_54_57_59_60,Central Interior and Appalachian Riparian Systems,Riparian,997,-9999,202,168,B
1041,1750342.000000000000000,60,1842,180,13240_60_65_66,Northern Atlantic Coastal Plain Hardwood Forest,Hardwood,48,44,4,4,Agriculture
1042,15794.000000000000000,60,1862,3,14720_53_54_57_59_60,Central Interior and Appalachian Riparian Systems,Riparian,997,-9999,202,168,C
1043,618564.000000000000000,60,1842,4,13240_60_65_66,Northern Atlantic Coastal Plain Hardwood Forest,Hardwood,48,44,4,4,D
1044,30965.000000000000000,60,1856,4,14000_60_61,Central Appalachian Alkaline Glade and Woodland,Savanna,5,19,1583,4,D
1045,4669522.000000000000000,60,1842,120,13240_60_65_66,Northern Atlantic Coastal Plain Hardwood Forest,Hardwood,48,44,4,4,Developed
1046,87945.000000000000000,60,1856,7,14000_60_61,Central Appalachian Alkaline Glade and Woodland,Savanna,5,19,1583,4,UE
1047,3294.000000000000000,60,1840,6,13030_60,Northeastern Interior Dry-Mesic Oak Forest,Hardwood,7,17,15,4,UN
1048,555829.000000000000000,60,1851,2,13690_60_61_63_64_65_66,Central Appalachian Dry Oak-Pine Forest,Hardwood-Conifer,182,463,15,14,B
1049,1055232.000000000000000,60,1851,7,13690_60_61_63_64_65_66,Central Appalachian Dry Oak-Pine Forest,Hardwood-Conifer,182,463,15,14,UE
1050,42922.000000000000000,60,1854,6,13770_60_61_63_64_65_66,Central Appalachian Pine-Oak Rocky Woodland,Hardwood-Conifer,412,384,4645,190,UN
1051,7571093.000000000000000,60,1844,7,13430_58_60,Atlantic Coastal Plain Mesic Hardwood Forest,Hardwood,479,382,43,36,UE
1052,5082884.000000000000000,60,1844,3,13430_58_60,Atlantic Coastal Plain Mesic Hardwood Forest,Hardwood,479,382,43,36,C
1053,11875.000000000000000,60,1851,1,13690_60_61_63_64_65_66,Central Appalachian Dry Oak-Pine Forest,Hardwood-Conifer,182,463,15,14,A
1054,12241.000000000000000,60,1856,6,14000_60_61,Central Appalachian Alkaline Glade and Woodland,Savanna,5,19,1583,4,UN
1055,443344.000000000000000,60,1850,120,13680_46_48_54_57_59_60_61,Southern Piedmont Dry Oak(-Pine) Forest,Hardwood-Conifer,325,235,5,5,Developed
1056,988024.000000000000000,60,1866,180,14800_46_56_58_60_64_65_66,Gulf and Atlantic Coastal Plain Swamp Systems,Riparian,-9999,-9999,221,221,Agriculture
1057,11466.000000000000000,60,1862,120,14720_53_54_57_59_60,Central Interior and Appalachian Riparian Systems,Riparian,997,-9999,202,168,Developed
1058,26482.000000000000000,60,1862,7,14720_53_54_57_59_60,Central Interior and Appalachian Riparian Systems,Riparian,997,-9999,202,168,UE
1059,368162.000000000000000,60,1863,4,14730_55_58_60,Gulf and Atlantic Coastal Plain Floodplain Systems,Riparian,114,-9999,101,54,D
1060,1917835.000000000000000,60,1851,180,13690_60_61_63_64_65_66,Central Appalachian Dry Oak-Pine Forest,Hardwood-Conifer,182,463,15,14,Agriculture
1061,477731.000000000000000,60,1850,180,13680_46_48_54_57_59_60_61,Southern Piedmont Dry Oak(-Pine) Forest,Hardwood-Conifer,325,235,5,5,Agriculture
1062,10209.000000000000000,60,1852,6,13700_60_63_64_65_66,Appalachian (Hemlock-)Northern Hardwood Forest,Hardwood,1010,1122,-9999,531,UN
1063,956131.000000000000000,60,1850,7,13680_46_48_54_57_59_60_61,Southern Piedmont Dry Oak(-Pine) Forest,Hardwood-Conifer,325,235,5,5,UE
1064,735568.000000000000000,60,1850,2,13680_46_48_54_57_59_60_61,Southern Piedmont Dry Oak(-Pine) Forest,Hardwood-Conifer,325,235,5,5,B
1065,4614660.000000000000000,60,1844,120,13430_58_60,Atlantic Coastal Plain Mesic Hardwood Forest,Hardwood,479,382,43,36,Developed
1066,46610.000000000000000,60,1854,3,13770_60_61_63_64_65_66,Central Appalachian Pine-Oak Rocky Woodland,Hardwood-Conifer,412,384,4645,190,C
1067,1174927.000000000000000,60,1848,120,13550_60_65,Northern Atlantic Coastal Plain Pitch Pine Barrens,Conifer,77,31,12,8,Developed
1068,51025.000000000000000,60,1865,120,14790_60_61_63_64_65_66,Central Interior and Appalachian Swamp Systems,Riparian,1011,-9999,1353,578,Developed
1069,357873.000000000000000,60,1863,120,14730_55_58_60,Gulf and Atlantic Coastal Plain Floodplain Systems,Riparian,114,-9999,101,54,Developed
1070,1159521.000000000000000,60,1863,2,14730_55_58_60,Gulf and Atlantic Coastal Plain Floodplain Systems,Riparian,114,-9999,101,54,B
1071,43401.000000000000000,60,1861,2,14710_47_48_53_54_57_59_60_61_63,Central Interior and Appalachian Floodplain Systems,Riparian,613,392,121,80,B
1072,9555.000000000000000,60,1863,3,14730_55_58_60,Gulf and Atlantic Coastal Plain Floodplain Systems,Riparian,114,-9999,101,54,C
1073,566919.000000000000000,60,1863,7,14730_55_58_60,Gulf and Atlantic Coastal Plain Floodplain Systems,Riparian,114,-9999,101,54,UE
1074,119760.000000000000000,60,1861,3,14710_47_48_53_54_57_59_60_61_63,Central Interior and Appalachian Floodplain Systems,Riparian,613,392,121,80,C
1075,618304.000000000000000,60,1866,120,14800_46_56_58_60_64_65_66,Gulf and Atlantic Coastal Plain Swamp Systems,Riparian,-9999,-9999,221,221,Developed
1076,4602.000000000000000,60,1861,4,14710_47_48_53_54_57_59_60_61_63,Central Interior and Appalachian Floodplain Systems,Riparian,613,392,121,80,D
1077,126619.000000000000000,60,1861,120,14710_47_48_53_54_57_59_60_61_63,Central Interior and Appalachian Floodplain Systems,Riparian,613,392,121,80,Developed
1078,333254.000000000000000,60,1851,5,13690_60_61_63_64_65_66,Central Appalachian Dry Oak-Pine Forest,Hardwood-Conifer,182,463,15,14,E
1079,85197.000000000000000,60,1851,4,13690_60_61_63_64_65_66,Central Appalachian Dry Oak-Pine Forest,Hardwood-Conifer,182,463,15,14,D
1080,128837.000000000000000,60,1861,7,14710_47_48_53_54_57_59_60_61_63,Central Interior and Appalachian Floodplain Systems,Riparian,613,392,121,80,UE
1081,10969.000000000000000,60,1861,5,14710_47_48_53_54_57_59_60_61_63,Central Interior and Appalachian Floodplain Systems,Riparian,613,392,121,80,E
1082,26703.000000000000000,60,1854,120,13770_60_61_63_64_65_66,Central Appalachian Pine-Oak Rocky Woodland,Hardwood-Conifer,412,384,4645,190,Developed
1083,1028749.000000000000000,60,1866,7,14800_46_56_58_60_64_65_66,Gulf and Atlantic Coastal Plain Swamp Systems,Riparian,-9999,-9999,221,221,UE
1084,327600.000000000000000,60,1855,120,13790_60_65,Northern Atlantic Coastal Plain Maritime Forest,Hardwood-Conifer,74,160,9,7,Developed
1085,2772.000000000000000,60,1861,1,14710_47_48_53_54_57_59_60_61_63,Central Interior and Appalachian Floodplain Systems,Riparian,613,392,121,80,A
1086,12482.000000000000000,60,1840,1,13030_60,Northeastern Interior Dry-Mesic Oak Forest,Hardwood,7,17,15,4,A
1087,2905965.000000000000000,60,1866,3,14800_46_56_58_60_64_65_66,Gulf and Atlantic Coastal Plain Swamp Systems,Riparian,-9999,-9999,221,221,C
1088,361545.000000000000000,60,1867,120,14900_60,Gulf and Atlantic Coastal Plain Tidal Marsh Systems,Riparian,5,294,-9999,5,Developed
1089,105388.000000000000000,60,1857,120,14360_60,Northern Atlantic Coastal Plain Dune and Swale,Grassland,8,14,-9999,5,Developed
1090,16682.000000000000000,60,1854,7,13770_60_61_63_64_65_66,Central Appalachian Pine-Oak Rocky Woodland,Hardwood-Conifer,412,384,4645,190,UE
1091,22605.000000000000000,60,1866,6,14800_46_56_58_60_64_65_66,Gulf and Atlantic Coastal Plain Swamp Systems,Riparian,-9999,-9999,221,221,UN
1092,87358.000000000000000,60,1852,4,13700_60_63_64_65_66,Appalachian (Hemlock-)Northern Hardwood Forest,Hardwood,1010,1122,-9999,531,D
1093,1552876.000000000000000,60,1848,5,13550_60_65,Northern Atlantic Coastal Plain Pitch Pine Barrens,Conifer,77,31,12,8,E
1094,377220.000000000000000,60,1848,7,13550_60_65,Northern Atlantic Coastal Plain Pitch Pine Barrens,Conifer,77,31,12,8,UE
1095,28700.000000000000000,60,1868,120,14980,Gulf and Atlantic Coastal Plain Sparsely Vegetated Systems,Sparse,-9999,-9999,-9999,-9999,Developed
1096,1046872.000000000000000,60,1848,4,13550_60_65,Northern Atlantic Coastal Plain Pitch Pine Barrens,Conifer,77,31,12,8,D
1097,92198.000000000000000,60,1848,6,13550_60_65,Northern Atlantic Coastal Plain Pitch Pine Barrens,Conifer,77,31,12,8,UN
1098,105886.000000000000000,60,1864,120,14740_46_47_48_55_56_58_60_99,Gulf and Atlantic Coastal Plain Small Stream Riparian Systems,Riparian,477,202,131,68,Developed
1099,24512.000000000000000,60,1865,3,14790_60_61_63_64_65_66,Central Interior and Appalachian Swamp Systems,Riparian,1011,-9999,1353,578,C
1100,2379.000000000000000,60,1862,5,14720_53_54_57_59_60,Central Interior and Appalachian Riparian Systems,Riparian,997,-9999,202,168,E
1101,36921.000000000000000,60,1865,7,14790_60_61_63_64_65_66,Central Interior and Appalachian Swamp Systems,Riparian,1011,-9999,1353,578,UE
1102,77984.000000000000000,60,1842,3,13240_60_65_66,Northern Atlantic Coastal Plain Hardwood Forest,Hardwood,48,44,4,4,C
1103,23105.000000000000000,60,1862,180,14720_53_54_57_59_60,Central Interior and Appalachian Riparian Systems,Riparian,997,-9999,202,168,Agriculture
1104,5184.000000000000000,60,1851,6,13690_60_61_63_64_65_66,Central Appalachian Dry Oak-Pine Forest,Hardwood-Conifer,182,463,15,14,UN
1105,2748.000000000000000,60,1840,2,13030_60,Northeastern Interior Dry-Mesic Oak Forest,Hardwood,7,17,15,4,B
1106,9934.000000000000000,60,1850,1,13680_46_48_54_57_59_60_61,Southern Piedmont Dry Oak(-Pine) Forest,Hardwood-Conifer,325,235,5,5,A
1107,25321.000000000000000,60,1844,4,13430_58_60,Atlantic Coastal Plain Mesic Hardwood Forest,Hardwood,479,382,43,36,D
1108,2367.000000000000000,60,1854,4,13770_60_61_63_64_65_66,Central Appalachian Pine-Oak Rocky Woodland,Hardwood-Conifer,412,384,4645,190,D
1109,310891.000000000000000,60,1855,7,13790_60_65,Northern Atlantic Coastal Plain Maritime Forest,Hardwood-Conifer,74,160,9,7,UE
1110,131616.000000000000000,60,1844,1,13430_58_60,Atlantic Coastal Plain Mesic Hardwood Forest,Hardwood,479,382,43,36,A
1111,825.000000000000000,60,1852,1,13700_60_63_64_65_66,Appalachian (Hemlock-)Northern Hardwood Forest,Hardwood,1010,1122,-9999,531,A
1112,106952.000000000000000,60,1866,2,14800_46_56_58_60_64_65_66,Gulf and Atlantic Coastal Plain Swamp Systems,Riparian,-9999,-9999,221,221,B
1113,22739.000000000000000,60,1861,6,14710_47_48_53_54_57_59_60_61_63,Central Interior and Appalachian Floodplain Systems,Riparian,613,392,121,80,UN
1114,169738.000000000000000,60,1866,1,14800_46_56_58_60_64_65_66,Gulf and Atlantic Coastal Plain Swamp Systems,Riparian,-9999,-9999,221,221,A
1115,2021.000000000000000,60,1862,1,14720_53_54_57_59_60,Central Interior and Appalachian Riparian Systems,Riparian,997,-9999,202,168,A
1116,560279.000000000000000,60,1867,7,14900_60,Gulf and Atlantic Coastal Plain Tidal Marsh Systems,Riparian,5,294,-9999,5,UE
1117,104651.000000000000000,60,1861,180,14710_47_48_53_54_57_59_60_61_63,Central Interior and Appalachian Floodplain Systems,Riparian,613,392,121,80,Agriculture
1118,6673966.000000000000000,60,1844,180,13430_58_60,Atlantic Coastal Plain Mesic Hardwood Forest,Hardwood,479,382,43,36,Agriculture
1119,53326.000000000000000,60,1850,5,13680_46_48_54_57_59_60_61,Southern Piedmont Dry Oak(-Pine) Forest,Hardwood-Conifer,325,235,5,5,E
1120,177927.000000000000000,60,1857,7,14360_60,Northern Atlantic Coastal Plain Dune and Swale,Grassland,8,14,-9999,5,UE
1121,128611.000000000000000,60,1844,6,13430_58_60,Atlantic Coastal Plain Mesic Hardwood Forest,Hardwood,479,382,43,36,UN
1122,41521.000000000000000,60,1865,180,14790_60_61_63_64_65_66,Central Interior and Appalachian Swamp Systems,Riparian,1011,-9999,1353,578,Agriculture
1123,103477.000000000000000,60,1867,6,14900_60,Gulf and Atlantic Coastal Plain Tidal Marsh Systems,Riparian,5,294,-9999,5,UN
1124,222881.000000000000000,60,1848,3,13550_60_65,Northern Atlantic Coastal Plain Pitch Pine Barrens,Conifer,77,31,12,8,C
1125,74185.000000000000000,60,1855,1,13790_60_65,Northern Atlantic Coastal Plain Maritime Forest,Hardwood-Conifer,74,160,9,7,A
1126,967.000000000000000,60,1867,3,14900_60,Gulf and Atlantic Coastal Plain Tidal Marsh Systems,Riparian,5,294,-9999,5,C
1127,139271.000000000000000,60,1855,6,13790_60_65,Northern Atlantic Coastal Plain Maritime Forest,Hardwood-Conifer,74,160,9,7,UN
1128,14052.000000000000000,60,1857,180,14360_60,Northern Atlantic Coastal Plain Dune and Swale,Grassland,8,14,-9999,5,Agriculture
1129,150114.000000000000000,60,1855,180,13790_60_65,Northern Atlantic Coastal Plain Maritime Forest,Hardwood-Conifer,74,160,9,7,Agriculture
1130,16295.000000000000000,60,1855,2,13790_60_65,Northern Atlantic Coastal Plain Maritime Forest,Hardwood-Conifer,74,160,9,7,B
1131,14696.000000000000000,60,1854,180,13770_60_61_63_64_65_66,Central Appalachian Pine-Oak Rocky Woodland,Hardwood-Conifer,412,384,4645,190,Agriculture
1132,45188.000000000000000,60,1857,1,14360_60,Northern Atlantic Coastal Plain Dune and Swale,Grassland,8,14,-9999,5,A
1133,284935.000000000000000,60,1857,4,14360_60,Northern Atlantic Coastal Plain Dune and Swale,Grassland,8,14,-9999,5,D
1134,195726.000000000000000,60,1864,180,14740_46_47_48_55_56_58_60_99,Gulf and Atlantic Coastal Plain Small Stream Riparian Systems,Riparian,477,202,131,68,Agriculture
1135,335.000000000000000,60,1854,2,13770_60_61_63_64_65_66,Central Appalachian Pine-Oak Rocky Woodland,Hardwood-Conifer,412,384,4645,190,B
1136,140626.000000000000000,60,1855,5,13790_60_65,Northern Atlantic Coastal Plain Maritime Forest,Hardwood-Conifer,74,160,9,7,E
1137,204987.000000000000000,60,1844,5,13430_58_60,Atlantic Coastal Plain Mesic Hardwood Forest,Hardwood,479,382,43,36,E
1138,135429.000000000000000,60,1841,3,13160_60,Southern Piedmont Mesic Forest,Hardwood,499,355,52,41,C
1139,50207.000000000000000,60,1841,5,13160_60,Southern Piedmont Mesic Forest,Hardwood,499,355,52,41,E
1140,497963.000000000000000,60,1841,2,13160_60,Southern Piedmont Mesic Forest,Hardwood,499,355,52,41,B
1141,1553697.000000000000000,60,1867,4,14900_60,Gulf and Atlantic Coastal Plain Tidal Marsh Systems,Riparian,5,294,-9999,5,D
1142,574036.000000000000000,60,1841,180,13160_60,Southern Piedmont Mesic Forest,Hardwood,499,355,52,41,Agriculture
1143,62615.000000000000000,60,1842,6,13240_60_65_66,Northern Atlantic Coastal Plain Hardwood Forest,Hardwood,48,44,4,4,UN
1144,5660.000000000000000,60,1868,132,14980,Gulf and Atlantic Coastal Plain Sparsely Vegetated Systems,Sparse,-9999,-9999,-9999,-9999,Barren or Sparse
1145,219.000000000000000,60,1846,120,13520_53_54_57_59_60_61,Southern Appalachian Montane Pine Forest and Woodland,Conifer,88,101,5,5,Developed
1146,593926.000000000000000,60,1864,7,14740_46_47_48_55_56_58_60_99,Gulf and Atlantic Coastal Plain Small Stream Riparian Systems,Riparian,477,202,131,68,UE
1147,297793.000000000000000,60,1864,3,14740_46_47_48_55_56_58_60_99,Gulf and Atlantic Coastal Plain Small Stream Riparian Systems,Riparian,477,202,131,68,C
1148,236938.000000000000000,60,1848,180,13550_60_65,Northern Atlantic Coastal Plain Pitch Pine Barrens,Conifer,77,31,12,8,Agriculture
1149,16868.000000000000000,60,1848,2,13550_60_65,Northern Atlantic Coastal Plain Pitch Pine Barrens,Conifer,77,31,12,8,B
1150,10252.000000000000000,60,1842,2,13240_60_65_66,Northern Atlantic Coastal Plain Hardwood Forest,Hardwood,48,44,4,4,B
1151,422.000000000000000,52,1966,2,13110_52,North-Central Interior Dry Oak Forest and Woodland,Hardwood,149,151,11,9,B
1152,78059.000000000000000,52,1966,5,13110_52,North-Central Interior Dry Oak Forest and Woodland,Hardwood,149,151,11,9,E
1153,36507.000000000000000,52,1971,7,14120_52,North-Central Interior Sand and Gravel Tallgrass Prairie,Grassland,4,-9999,89,3,UE
1154,34223.000000000000000,52,1971,6,14120_52,North-Central Interior Sand and Gravel Tallgrass Prairie,Grassland,4,-9999,89,3,UN
1155,144.000000000000000,52,1971,3,14120_52,North-Central Interior Sand and Gravel Tallgrass Prairie,Grassland,4,-9999,89,3,C
1156,27166.000000000000000,52,1968,4,13940_52,North-Central Interior Oak Savanna,Hardwood,552,187,5,5,D
1157,115966.000000000000000,52,1971,180,14120_52,North-Central Interior Sand and Gravel Tallgrass Prairie,Grassland,4,-9999,89,3,Agriculture
1158,45224.000000000000000,52,1971,120,14120_52,North-Central Interior Sand and Gravel Tallgrass Prairie,Grassland,4,-9999,89,3,Developed
1159,63.000000000000000,52,1971,2,14120_52,North-Central Interior Sand and Gravel Tallgrass Prairie,Grassland,4,-9999,89,3,B
1160,167.000000000000000,52,1971,1,14120_52,North-Central Interior Sand and Gravel Tallgrass Prairie,Grassland,4,-9999,89,3,A
1161,6.000000000000000,52,1972,3,14210_49_52,Central Tallgrass Prairie,Grassland,4,-9999,-9999,4,C
1162,62.000000000000000,52,1976,3,14930_52_62,Central Interior and Appalachian Shrub-Herbaceous Wetland Systems,Riparian,17,-9999,-9999,17,C
1163,1137.000000000000000,52,1968,132,13940_52,North-Central Interior Oak Savanna,Hardwood,552,187,5,5,Barren or Sparse
1164,330.000000000000000,52,1971,132,14120_52,North-Central Interior Sand and Gravel Tallgrass Prairie,Grassland,4,-9999,89,3,Barren or Sparse
1165,38.000000000000000,52,1976,1,14930_52_62,Central Interior and Appalachian Shrub-Herbaceous Wetland Systems,Riparian,17,-9999,-9999,17,A
1166,8945.000000000000000,52,1973,4,14710_49_52,Central Interior and Appalachian Floodplain Systems,Riparian,-9999,426,68,59,D
1167,4623.000000000000000,52,1977,3,15180_43_47_49_52_62_63_64_65,North-Central Interior Wet Flatwoods,Hardwood,993,-9999,-9999,993,C
1168,412.000000000000000,52,31,132,0,Barren-Rock/Sand/Clay,Barren-Rock/Sand/Clay,-9999,-9999,-9999,-9999,Barren or Sparse
1169,185407.000000000000000,62,1910,7,13100_41_62,North-Central Interior Dry-Mesic Oak Forest and Woodland,Hardwood,74,56,23,13,UE
1170,913993.000000000000000,62,1910,180,13100_41_62,North-Central Interior Dry-Mesic Oak Forest and Woodland,Hardwood,74,56,23,13,Agriculture
1171,603937.000000000000000,62,1910,120,13100_41_62,North-Central Interior Dry-Mesic Oak Forest and Woodland,Hardwood,74,56,23,13,Developed
1172,131682.000000000000000,62,1910,4,13100_41_62,North-Central Interior Dry-Mesic Oak Forest and Woodland,Hardwood,74,56,23,13,D
1173,17860.000000000000000,62,1910,3,13100_41_62,North-Central Interior Dry-Mesic Oak Forest and Woodland,Hardwood,74,56,23,13,C
1174,1654.000000000000000,62,1910,1,13100_41_62,North-Central Interior Dry-Mesic Oak Forest and Woodland,Hardwood,74,56,23,13,A
1175,804.000000000000000,62,1910,6,13100_41_62,North-Central Interior Dry-Mesic Oak Forest and Woodland,Hardwood,74,56,23,13,UN
1176,1570.000000000000000,62,1910,5,13100_41_62,North-Central Interior Dry-Mesic Oak Forest and Woodland,Hardwood,74,56,23,13,E
1177,427.000000000000000,62,1910,2,13100_41_62,North-Central Interior Dry-Mesic Oak Forest and Woodland,Hardwood,74,56,23,13,B
1178,447.000000000000000,62,1910,132,13100_41_62,North-Central Interior Dry-Mesic Oak Forest and Woodland,Hardwood,74,56,23,13,Barren or Sparse
1179,24.000000000000000,62,1918,132,14930_52_62,Central Interior and Appalachian Shrub-Herbaceous Wetland Systems,Riparian,17,-9999,-9999,17,Barren or Sparse
1180,4.000000000000000,62,1918,3,14930_52_62,Central Interior and Appalachian Shrub-Herbaceous Wetland Systems,Riparian,17,-9999,-9999,17,C
1181,970.000000000000000,62,1914,132,13700_53_61_62,Appalachian (Hemlock-)Northern Hardwood Forest,Hardwood,1036,1083,-9999,529,Barren or Sparse
1182,5106.000000000000000,62,1913,132,13210_62,South-Central Interior Mesophytic Forest,Hardwood,960,798,341,191,Barren or Sparse
1183,517757.000000000000000,62,1913,3,13210_62,South-Central Interior Mesophytic Forest,Hardwood,960,798,341,191,C
1184,1.000000000000000,62,1912,6,13170_62,Allegheny-Cumberland Dry Oak Forest and Woodland,Hardwood,37,117,11,8,UN
1185,1520550.000000000000000,61,1876,6,13210_61_63,South-Central Interior Mesophytic Forest,Hardwood,847,573,102,78,UN
1186,2737878.000000000000000,61,1876,2,13210_61_63,South-Central Interior Mesophytic Forest,Hardwood,847,573,102,78,B
1187,962524.000000000000000,61,1876,7,13210_61_63,South-Central Interior Mesophytic Forest,Hardwood,847,573,102,78,UE
1188,47124.000000000000000,61,1876,1,13210_61_63,South-Central Interior Mesophytic Forest,Hardwood,847,573,102,78,A
1189,1097011.000000000000000,61,1876,180,13210_61_63,South-Central Interior Mesophytic Forest,Hardwood,847,573,102,78,Agriculture
1190,1397534.000000000000000,61,1876,120,13210_61_63,South-Central Interior Mesophytic Forest,Hardwood,847,573,102,78,Developed
1191,458326.000000000000000,61,1876,4,13210_61_63,South-Central Interior Mesophytic Forest,Hardwood,847,573,102,78,D
1192,11291.000000000000000,61,1876,3,13210_61_63,South-Central Interior Mesophytic Forest,Hardwood,847,573,102,78,C
1193,1945271.000000000000000,61,1875,5,13200_48_57_61,Central and Southern Appalachian Montane Oak Forest,Hardwood,147,95,33,21,E
1194,190247.000000000000000,61,1875,4,13200_48_57_61,Central and Southern Appalachian Montane Oak Forest,Hardwood,147,95,33,21,D
1195,154474.000000000000000,61,1875,7,13200_48_57_61,Central and Southern Appalachian Montane Oak Forest,Hardwood,147,95,33,21,UE
1196,63420.000000000000000,61,1875,120,13200_48_57_61,Central and Southern Appalachian Montane Oak Forest,Hardwood,147,95,33,21,Developed
1197,861.000000000000000,61,1875,132,13200_48_57_61,Central and Southern Appalachian Montane Oak Forest,Hardwood,147,95,33,21,Barren or Sparse
1198,26173.000000000000000,61,1884,7,13760_48_53_57_61,Southern Ridge and Valley/Cumberland Dry Calcareous Forest,Hardwood,187,109,8,7,UE
1199,78115.000000000000000,61,1884,5,13760_48_53_57_61,Southern Ridge and Valley/Cumberland Dry Calcareous Forest,Hardwood,187,109,8,7,E
1200,60772.000000000000000,61,1884,6,13760_48_53_57_61,Southern Ridge and Valley/Cumberland Dry Calcareous Forest,Hardwood,187,109,8,7,UN
1201,13103.000000000000000,61,1884,120,13760_48_53_57_61,Southern Ridge and Valley/Cumberland Dry Calcareous Forest,Hardwood,187,109,8,7,Developed
1202,52445.000000000000000,61,1884,180,13760_48_53_57_61,Southern Ridge and Valley/Cumberland Dry Calcareous Forest,Hardwood,187,109,8,7,Agriculture
1203,4417.000000000000000,61,1876,132,13210_61_63,South-Central Interior Mesophytic Forest,Hardwood,847,573,102,78,Barren or Sparse
1204,603.000000000000000,61,1889,132,14790_60_61_63_64_65_66,Central Interior and Appalachian Swamp Systems,Riparian,1011,-9999,1353,578,Barren or Sparse
1205,454.000000000000000,61,1886,3,14000_60_61,Central Appalachian Alkaline Glade and Woodland,Savanna,5,19,1583,4,C
1206,6714.000000000000000,61,1875,3,13200_48_57_61,Central and Southern Appalachian Montane Oak Forest,Hardwood,147,95,33,21,C
1207,1276.000000000000000,61,1886,132,14000_60_61,Central Appalachian Alkaline Glade and Woodland,Savanna,5,19,1583,4,Barren or Sparse
1208,11.000000000000000,61,1879,2,13520_53_54_57_59_60_61,Southern Appalachian Montane Pine Forest and Woodland,Conifer,88,101,5,5,B
1209,875.000000000000000,61,1877,7,13400_61,Appalachian Shale Barrens,Hardwood,-9999,1025,-9999,1025,UE
1210,473.000000000000000,61,1877,120,13400_61,Appalachian Shale Barrens,Hardwood,-9999,1025,-9999,1025,Developed
1211,8.000000000000000,61,1879,132,13520_53_54_57_59_60_61,Southern Appalachian Montane Pine Forest and Woodland,Conifer,88,101,5,5,Barren or Sparse
1212,115.000000000000000,61,1885,132,13770_60_61_63_64_65_66,Central Appalachian Pine-Oak Rocky Woodland,Hardwood-Conifer,412,384,4645,190,Barren or Sparse
1213,292749.000000000000000,60,1841,120,13160_60,Southern Piedmont Mesic Forest,Hardwood,499,355,52,41,Developed
1214,571.000000000000000,60,1846,4,13520_53_54_57_59_60_61,Southern Appalachian Montane Pine Forest and Woodland,Conifer,88,101,5,5,D
1215,2230.000000000000000,60,1846,5,13520_53_54_57_59_60_61,Southern Appalachian Montane Pine Forest and Woodland,Conifer,88,101,5,5,E
1216,184.000000000000000,60,1846,7,13520_53_54_57_59_60_61,Southern Appalachian Montane Pine Forest and Woodland,Conifer,88,101,5,5,UE
1217,112017.000000000000000,60,1863,1,14730_55_58_60,Gulf and Atlantic Coastal Plain Floodplain Systems,Riparian,114,-9999,101,54,A
1218,146.000000000000000,60,1846,180,13520_53_54_57_59_60_61,Southern Appalachian Montane Pine Forest and Woodland,Conifer,88,101,5,5,Agriculture
1219,628854.000000000000000,60,1863,180,14730_55_58_60,Gulf and Atlantic Coastal Plain Floodplain Systems,Riparian,114,-9999,101,54,Agriculture
1220,1.000000000000000,60,1846,3,13520_53_54_57_59_60_61,Southern Appalachian Montane Pine Forest and Woodland,Conifer,88,101,5,5,C
1221,1218.000000000000000,60,1865,2,14790_60_61_63_64_65_66,Central Interior and Appalachian Swamp Systems,Riparian,1011,-9999,1353,578,B
1222,691.000000000000000,60,1856,1,14000_60_61,Central Appalachian Alkaline Glade and Woodland,Savanna,5,19,1583,4,A
1223,1113.000000000000000,60,1865,6,14790_60_61_63_64_65_66,Central Interior and Appalachian Swamp Systems,Riparian,1011,-9999,1353,578,UN
1224,15062.000000000000000,60,1840,132,13030_60,Northeastern Interior Dry-Mesic Oak Forest,Hardwood,7,17,15,4,Barren or Sparse
1225,2639.000000000000000,60,1850,132,13680_46_48_54_57_59_60_61,Southern Piedmont Dry Oak(-Pine) Forest,Hardwood-Conifer,325,235,5,5,Barren or Sparse
1226,456.000000000000000,60,1854,132,13770_60_61_63_64_65_66,Central Appalachian Pine-Oak Rocky Woodland,Hardwood-Conifer,412,384,4645,190,Barren or Sparse
1227,663653.000000000000000,60,1841,7,13160_60,Southern Piedmont Mesic Forest,Hardwood,499,355,52,41,UE
1228,1.000000000000000,64,1954,3,14000_64,Central Appalachian Alkaline Glade and Woodland,Savanna,5,19,1604,4,C
1229,518.000000000000000,60,1856,3,14000_60_61,Central Appalachian Alkaline Glade and Woodland,Savanna,5,19,1583,4,C
1230,7870.000000000000000,60,1851,132,13690_60_61_63_64_65_66,Central Appalachian Dry Oak-Pine Forest,Hardwood-Conifer,182,463,15,14,Barren or Sparse
1231,1609.000000000000000,60,1852,132,13700_60_63_64_65_66,Appalachian (Hemlock-)Northern Hardwood Forest,Hardwood,1010,1122,-9999,531,Barren or Sparse
1232,112.000000000000000,60,1850,4,13680_46_48_54_57_59_60_61,Southern Piedmont Dry Oak(-Pine) Forest,Hardwood-Conifer,325,235,5,5,D
1233,937.000000000000000,60,1865,132,14790_60_61_63_64_65_66,Central Interior and Appalachian Swamp Systems,Riparian,1011,-9999,1353,578,Barren or Sparse
1234,7.000000000000000,60,1862,4,14720_53_54_57_59_60,Central Interior and Appalachian Riparian Systems,Riparian,997,-9999,202,168,D
1235,91.000000000000000,60,1856,2,14000_60_61,Central Appalachian Alkaline Glade and Woodland,Savanna,5,19,1583,4,B
1236,118.000000000000000,60,1842,1,13240_60_65_66,Northern Atlantic Coastal Plain Hardwood Forest,Hardwood,48,44,4,4,A
1237,677.000000000000000,60,1841,1,13160_60,Southern Piedmont Mesic Forest,Hardwood,499,355,52,41,A
1238,13190.000000000000000,60,1842,132,13240_60_65_66,Northern Atlantic Coastal Plain Hardwood Forest,Hardwood,48,44,4,4,Barren or Sparse
1239,924.000000000000000,60,1856,132,14000_60_61,Central Appalachian Alkaline Glade and Woodland,Savanna,5,19,1583,4,Barren or Sparse
1240,769.000000000000000,60,1861,132,14710_47_48_53_54_57_59_60_61_63,Central Interior and Appalachian Floodplain Systems,Riparian,613,392,121,80,Barren or Sparse
1241,2344.000000000000000,60,1866,132,14800_46_56_58_60_64_65_66,Gulf and Atlantic Coastal Plain Swamp Systems,Riparian,-9999,-9999,221,221,Barren or Sparse
1242,615.000000000000000,60,1863,132,14730_55_58_60,Gulf and Atlantic Coastal Plain Floodplain Systems,Riparian,114,-9999,101,54,Barren or Sparse
1243,611180.000000000000000,60,1864,2,14740_46_47_48_55_56_58_60_99,Gulf and Atlantic Coastal Plain Small Stream Riparian Systems,Riparian,477,202,131,68,B
1244,5.000000000000000,60,1846,132,13520_53_54_57_59_60_61,Southern Appalachian Montane Pine Forest and Woodland,Conifer,88,101,5,5,Barren or Sparse
1245,155965.000000000000000,60,1857,2,14360_60,Northern Atlantic Coastal Plain Dune and Swale,Grassland,8,14,-9999,5,B
1246,2807.000000000000000,60,1857,6,14360_60,Northern Atlantic Coastal Plain Dune and Swale,Grassland,8,14,-9999,5,UN
1247,16282.000000000000000,60,1857,5,14360_60,Northern Atlantic Coastal Plain Dune and Swale,Grassland,8,14,-9999,5,E
1248,13003.000000000000000,60,1848,132,13550_60_65,Northern Atlantic Coastal Plain Pitch Pine Barrens,Conifer,77,31,12,8,Barren or Sparse
1249,747.000000000000000,60,1848,1,13550_60_65,Northern Atlantic Coastal Plain Pitch Pine Barrens,Conifer,77,31,12,8,A
1250,164796.000000000000000,60,1867,180,14900_60,Gulf and Atlantic Coastal Plain Tidal Marsh Systems,Riparian,5,294,-9999,5,Agriculture
1251,46491.000000000000000,60,31,132,0,Barren-Rock/Sand/Clay,Barren-Rock/Sand/Clay,-9999,-9999,-9999,-9999,Barren or Sparse
1252,5724.000000000000000,60,1844,132,13430_58_60,Atlantic Coastal Plain Mesic Hardwood Forest,Hardwood,479,382,43,36,Barren or Sparse
1253,3145.000000000000000,60,1867,132,14900_60,Gulf and Atlantic Coastal Plain Tidal Marsh Systems,Riparian,5,294,-9999,5,Barren or Sparse
1254,948.000000000000000,60,1855,3,13790_60_65,Northern Atlantic Coastal Plain Maritime Forest,Hardwood-Conifer,74,160,9,7,C
1255,174.000000000000000,60,1857,132,14360_60,Northern Atlantic Coastal Plain Dune and Swale,Grassland,8,14,-9999,5,Barren or Sparse
1256,193.000000000000000,60,1868,180,14980,Gulf and Atlantic Coastal Plain Sparsely Vegetated Systems,Sparse,-9999,-9999,-9999,-9999,Agriculture
1257,5563.000000000000000,60,1867,1,14900_60,Gulf and Atlantic Coastal Plain Tidal Marsh Systems,Riparian,5,294,-9999,5,A
1258,3069.000000000000000,60,1864,5,14740_46_47_48_55_56_58_60_99,Gulf and Atlantic Coastal Plain Small Stream Riparian Systems,Riparian,477,202,131,68,E
1259,176.000000000000000,60,1855,4,13790_60_65,Northern Atlantic Coastal Plain Maritime Forest,Hardwood-Conifer,74,160,9,7,D
1260,1257.000000000000000,60,1867,2,14900_60,Gulf and Atlantic Coastal Plain Tidal Marsh Systems,Riparian,5,294,-9999,5,B
1261,75077.000000000000000,60,1864,1,14740_46_47_48_55_56_58_60_99,Gulf and Atlantic Coastal Plain Small Stream Riparian Systems,Riparian,477,202,131,68,A
1262,217.000000000000000,60,1857,3,14360_60,Northern Atlantic Coastal Plain Dune and Swale,Grassland,8,14,-9999,5,C
1263,174.000000000000000,60,1844,2,13430_58_60,Atlantic Coastal Plain Mesic Hardwood Forest,Hardwood,479,382,43,36,B
1264,160.000000000000000,60,1855,132,13790_60_65,Northern Atlantic Coastal Plain Maritime Forest,Hardwood-Conifer,74,160,9,7,Barren or Sparse
1265,106.000000000000000,60,1864,4,14740_46_47_48_55_56_58_60_99,Gulf and Atlantic Coastal Plain Small Stream Riparian Systems,Riparian,477,202,131,68,D
1266,242.000000000000000,60,1864,132,14740_46_47_48_55_56_58_60_99,Gulf and Atlantic Coastal Plain Small Stream Riparian Systems,Riparian,477,202,131,68,Barren or Sparse
1267,6.000000000000000,60,1865,1,14790_60_61_63_64_65_66,Central Interior and Appalachian Swamp Systems,Riparian,1011,-9999,1353,578,A
1268,1.000000000000000,62,1918,1,14930_52_62,Central Interior and Appalachian Shrub-Herbaceous Wetland Systems,Riparian,17,-9999,-9999,17,A
1269,99.000000000000000,61,1879,1,13520_53_54_57_59_60_61,Southern Appalachian Montane Pine Forest and Woodland,Conifer,88,101,5,5,A
1270,2525905.000000000000000,61,1874,5,13180_57_59_61,Southern and Central Appalachian Cove Forest,Hardwood,994,498,100,77,E
1271,378219.000000000000000,61,1874,4,13180_57_59_61,Southern and Central Appalachian Cove Forest,Hardwood,994,498,100,77,D
1272,170223.000000000000000,61,1874,180,13180_57_59_61,Southern and Central Appalachian Cove Forest,Hardwood,994,498,100,77,Agriculture
1273,208126.000000000000000,61,1874,7,13180_57_59_61,Southern and Central Appalachian Cove Forest,Hardwood,994,498,100,77,UE
1274,157533.000000000000000,61,1874,120,13180_57_59_61,Southern and Central Appalachian Cove Forest,Hardwood,994,498,100,77,Developed
1275,7586.000000000000000,61,1874,1,13180_57_59_61,Southern and Central Appalachian Cove Forest,Hardwood,994,498,100,77,A
1276,9105.000000000000000,61,1874,3,13180_57_59_61,Southern and Central Appalachian Cove Forest,Hardwood,994,498,100,77,C
1277,1332.000000000000000,61,1874,2,13180_57_59_61,Southern and Central Appalachian Cove Forest,Hardwood,994,498,100,77,B
1278,985.000000000000000,61,1874,132,13180_57_59_61,Southern and Central Appalachian Cove Forest,Hardwood,994,498,100,77,Barren or Sparse
1279,4852.000000000000000,61,1875,1,13200_48_57_61,Central and Southern Appalachian Montane Oak Forest,Hardwood,147,95,33,21,A
1280,1871.000000000000000,61,1875,2,13200_48_57_61,Central and Southern Appalachian Montane Oak Forest,Hardwood,147,95,33,21,B
1281,58488.000000000000000,61,1875,180,13200_48_57_61,Central and Southern Appalachian Montane Oak Forest,Hardwood,147,95,33,21,Agriculture
1282,23.000000000000000,61,1877,180,13400_61,Appalachian Shale Barrens,Hardwood,-9999,1025,-9999,1025,Agriculture
1283,1.000000000000000,61,1877,132,13400_61,Appalachian Shale Barrens,Hardwood,-9999,1025,-9999,1025,Barren or Sparse
1284,39.000000000000000,61,1871,132,13150_48_53_57_59_61,Southern Appalachian Oak Forest,Hardwood,604,138,16,14,Barren or Sparse
1285,1731273.000000000000000,61,1878,2,13500_61,Central and Southern Appalachian Spruce-Fir Forest,Conifer,834,12028,-9999,780,B
1286,258301.000000000000000,61,1878,7,13500_61,Central and Southern Appalachian Spruce-Fir Forest,Conifer,834,12028,-9999,780,UE
1287,74001.000000000000000,61,1878,120,13500_61,Central and Southern Appalachian Spruce-Fir Forest,Conifer,834,12028,-9999,780,Developed
1288,256632.000000000000000,61,1878,3,13500_61,Central and Southern Appalachian Spruce-Fir Forest,Conifer,834,12028,-9999,780,C
1289,48733.000000000000000,61,1878,6,13500_61,Central and Southern Appalachian Spruce-Fir Forest,Conifer,834,12028,-9999,780,UN
1290,28909.000000000000000,61,1878,1,13500_61,Central and Southern Appalachian Spruce-Fir Forest,Conifer,834,12028,-9999,780,A
1291,242.000000000000000,60,1853,120,13750_60,Eastern Serpentine Woodland,Hardwood-Conifer,87,56,5,5,Developed
1292,1552.000000000000000,60,1853,4,13750_60,Eastern Serpentine Woodland,Hardwood-Conifer,87,56,5,5,D
1293,3715.000000000000000,60,1853,7,13750_60,Eastern Serpentine Woodland,Hardwood-Conifer,87,56,5,5,UE
1294,276.000000000000000,60,1853,180,13750_60,Eastern Serpentine Woodland,Hardwood-Conifer,87,56,5,5,Agriculture
1295,244.000000000000000,60,1853,5,13750_60,Eastern Serpentine Woodland,Hardwood-Conifer,87,56,5,5,E
1296,123.000000000000000,60,1853,6,13750_60,Eastern Serpentine Woodland,Hardwood-Conifer,87,56,5,5,UN
1297,56.000000000000000,60,1862,132,14720_53_54_57_59_60,Central Interior and Appalachian Riparian Systems,Riparian,997,-9999,202,168,Barren or Sparse
1298,1488.000000000000000,61,1878,180,13500_61,Central and Southern Appalachian Spruce-Fir Forest,Conifer,834,12028,-9999,780,Agriculture
1299,3.000000000000000,61,1886,1,14000_60_61,Central Appalachian Alkaline Glade and Woodland,Savanna,5,19,1583,4,A
1300,159095.000000000000000,61,1872,2,13160_54_57_59_61,Southern Piedmont Mesic Forest,Hardwood,510,348,52,42,B
1301,254253.000000000000000,61,1872,180,13160_54_57_59_61,Southern Piedmont Mesic Forest,Hardwood,510,348,52,42,Agriculture
1302,98263.000000000000000,61,1872,120,13160_54_57_59_61,Southern Piedmont Mesic Forest,Hardwood,510,348,52,42,Developed
1303,49408.000000000000000,61,1872,3,13160_54_57_59_61,Southern Piedmont Mesic Forest,Hardwood,510,348,52,42,C
1304,211034.000000000000000,61,1872,7,13160_54_57_59_61,Southern Piedmont Mesic Forest,Hardwood,510,348,52,42,UE
1305,24392.000000000000000,61,1872,5,13160_54_57_59_61,Southern Piedmont Mesic Forest,Hardwood,510,348,52,42,E
1306,82.000000000000000,61,1872,4,13160_54_57_59_61,Southern Piedmont Mesic Forest,Hardwood,510,348,52,42,D
1307,8970.000000000000000,60,1841,6,13160_60,Southern Piedmont Mesic Forest,Hardwood,499,355,52,41,UN
1308,1.000000000000000,60,1853,3,13750_60,Eastern Serpentine Woodland,Hardwood-Conifer,87,56,5,5,C
1309,5.000000000000000,60,1853,2,13750_60,Eastern Serpentine Woodland,Hardwood-Conifer,87,56,5,5,B
1310,73892.000000000000000,60,1845,120,13470_55_58_60,Atlantic Coastal Plain Upland Longleaf Pine Woodland,Conifer,131,376,4,4,Developed
1311,108221.000000000000000,60,1845,2,13470_55_58_60,Atlantic Coastal Plain Upland Longleaf Pine Woodland,Conifer,131,376,4,4,B
1312,8106.000000000000000,60,1859,120,14520_58_60,Atlantic Coastal Plain Peatland Pocosin and Canebrake,Riparian,14,16,-9999,7,Developed
1313,428247.000000000000000,60,1845,7,13470_55_58_60,Atlantic Coastal Plain Upland Longleaf Pine Woodland,Conifer,131,376,4,4,UE
1314,217113.000000000000000,60,1845,180,13470_55_58_60,Atlantic Coastal Plain Upland Longleaf Pine Woodland,Conifer,131,376,4,4,Agriculture
1315,25320.000000000000000,60,1845,3,13470_55_58_60,Atlantic Coastal Plain Upland Longleaf Pine Woodland,Conifer,131,376,4,4,C
1316,476.000000000000000,60,1845,5,13470_55_58_60,Atlantic Coastal Plain Upland Longleaf Pine Woodland,Conifer,131,376,4,4,E
1317,214.000000000000000,60,1845,132,13470_55_58_60,Atlantic Coastal Plain Upland Longleaf Pine Woodland,Conifer,131,376,4,4,Barren or Sparse
1318,4735.000000000000000,60,1845,1,13470_55_58_60,Atlantic Coastal Plain Upland Longleaf Pine Woodland,Conifer,131,376,4,4,A
1319,54149.000000000000000,60,1859,5,14520_58_60,Atlantic Coastal Plain Peatland Pocosin and Canebrake,Riparian,14,16,-9999,7,E
1320,26412.000000000000000,60,1859,7,14520_58_60,Atlantic Coastal Plain Peatland Pocosin and Canebrake,Riparian,14,16,-9999,7,UE
1321,2090.000000000000000,60,1859,1,14520_58_60,Atlantic Coastal Plain Peatland Pocosin and Canebrake,Riparian,14,16,-9999,7,A
1322,12639534.000000000000000,47,2072,180,13210_47_48_53_57,South-Central Interior Mesophytic Forest,Hardwood,869,534,86,68,Agriculture
1323,2817868.000000000000000,47,2072,7,13210_47_48_53_57,South-Central Interior Mesophytic Forest,Hardwood,869,534,86,68,UE
1324,1522945.000000000000000,47,2071,120,13130_47_50_51,North-Central Interior Beech-Maple Forest,Hardwood,1004,-9999,836,456,Developed
1325,729496.000000000000000,47,2091,180,15180_43_47_49_52_62_63_64_65,North-Central Interior Wet Flatwoods,Hardwood,993,-9999,-9999,993,Agriculture
1326,3526496.000000000000000,47,2071,180,13130_47_50_51,North-Central Interior Beech-Maple Forest,Hardwood,1004,-9999,836,456,Agriculture
1327,214008.000000000000000,47,2091,7,15180_43_47_49_52_62_63_64_65,North-Central Interior Wet Flatwoods,Hardwood,993,-9999,-9999,993,UE
1328,11850608.000000000000000,47,2072,2,13210_47_48_53_57,South-Central Interior Mesophytic Forest,Hardwood,869,534,86,68,B
1329,454198.000000000000000,47,2070,4,13100_47,North-Central Interior Dry-Mesic Oak Forest and Woodland,Hardwood,162,160,11,9,D
1330,13829.000000000000000,47,2091,3,15180_43_47_49_52_62_63_64_65,North-Central Interior Wet Flatwoods,Hardwood,993,-9999,-9999,993,C
1331,370421.000000000000000,47,2091,2,15180_43_47_49_52_62_63_64_65,North-Central Interior Wet Flatwoods,Hardwood,993,-9999,-9999,993,B
1332,1570093.000000000000000,47,2071,3,13130_47_50_51,North-Central Interior Beech-Maple Forest,Hardwood,1004,-9999,836,456,C
1333,787467.000000000000000,47,2071,7,13130_47_50_51,North-Central Interior Beech-Maple Forest,Hardwood,1004,-9999,836,456,UE
1334,3701329.000000000000000,47,2072,120,13210_47_48_53_57,South-Central Interior Mesophytic Forest,Hardwood,869,534,86,68,Developed
1335,626684.000000000000000,47,2085,7,14720_44_46_47_48,Central Interior and Appalachian Riparian Systems,Riparian,990,-9999,200,167,UE
1336,2289395.000000000000000,47,2085,180,14720_44_46_47_48,Central Interior and Appalachian Riparian Systems,Riparian,990,-9999,200,167,Agriculture
1337,477523.000000000000000,47,2085,120,14720_44_46_47_48,Central Interior and Appalachian Riparian Systems,Riparian,990,-9999,200,167,Developed
1338,2340352.000000000000000,47,2084,7,14710_47_48_53_54_57_59_60_61_63,Central Interior and Appalachian Floodplain Systems,Riparian,613,392,121,80,UE
1339,4080816.000000000000000,47,11,111,0,Open Water,Open Water,-9999,-9999,-9999,-9999,Water
1340,13387.000000000000000,47,2091,6,15180_43_47_49_52_62_63_64_65,North-Central Interior Wet Flatwoods,Hardwood,993,-9999,-9999,993,UN
1341,5053099.000000000000000,47,2084,3,14710_47_48_53_54_57_59_60_61_63,Central Interior and Appalachian Floodplain Systems,Riparian,613,392,121,80,C
1342,1467525.000000000000000,47,2085,2,14720_44_46_47_48,Central Interior and Appalachian Riparian Systems,Riparian,990,-9999,200,167,B
1343,68674.000000000000000,47,2071,4,13130_47_50_51,North-Central Interior Beech-Maple Forest,Hardwood,1004,-9999,836,456,D
1344,29401.000000000000000,47,2084,4,14710_47_48_53_54_57_59_60_61_63,Central Interior and Appalachian Floodplain Systems,Riparian,613,392,121,80,D
1345,757134.000000000000000,47,2085,3,14720_44_46_47_48,Central Interior and Appalachian Riparian Systems,Riparian,990,-9999,200,167,C
1346,326614.000000000000000,47,2070,180,13100_47,North-Central Interior Dry-Mesic Oak Forest and Woodland,Hardwood,162,160,11,9,Agriculture
1347,233077.000000000000000,47,2091,120,15180_43_47_49_52_62_63_64_65,North-Central Interior Wet Flatwoods,Hardwood,993,-9999,-9999,993,Developed
1348,674828.000000000000000,47,2084,6,14710_47_48_53_54_57_59_60_61_63,Central Interior and Appalachian Floodplain Systems,Riparian,613,392,121,80,UN
1349,97796.000000000000000,47,2070,120,13100_47,North-Central Interior Dry-Mesic Oak Forest and Woodland,Hardwood,162,160,11,9,Developed
1350,8245093.000000000000000,47,2084,180,14710_47_48_53_54_57_59_60_61_63,Central Interior and Appalachian Floodplain Systems,Riparian,613,392,121,80,Agriculture
1351,123606.000000000000000,47,2070,7,13100_47,North-Central Interior Dry-Mesic Oak Forest and Woodland,Hardwood,162,160,11,9,UE
1352,37188.000000000000000,47,2070,3,13100_47,North-Central Interior Dry-Mesic Oak Forest and Woodland,Hardwood,162,160,11,9,C
1353,57324.000000000000000,47,2085,1,14720_44_46_47_48,Central Interior and Appalachian Riparian Systems,Riparian,990,-9999,200,167,A
1354,477297.000000000000000,47,2084,2,14710_47_48_53_54_57_59_60_61_63,Central Interior and Appalachian Floodplain Systems,Riparian,613,392,121,80,B
1355,324944.000000000000000,47,2072,3,13210_47_48_53_57,South-Central Interior Mesophytic Forest,Hardwood,869,534,86,68,C
1356,1627067.000000000000000,47,2084,120,14710_47_48_53_54_57_59_60_61_63,Central Interior and Appalachian Floodplain Systems,Riparian,613,392,121,80,Developed
1357,31575.000000000000000,47,2085,5,14720_44_46_47_48,Central Interior and Appalachian Riparian Systems,Riparian,990,-9999,200,167,E
1358,60918.000000000000000,47,2070,5,13100_47,North-Central Interior Dry-Mesic Oak Forest and Woodland,Hardwood,162,160,11,9,E
1359,14197.000000000000000,47,2071,2,13130_47_50_51,North-Central Interior Beech-Maple Forest,Hardwood,1004,-9999,836,456,B
1360,31522.000000000000000,47,2084,5,14710_47_48_53_54_57_59_60_61_63,Central Interior and Appalachian Floodplain Systems,Riparian,613,392,121,80,E
1361,4797.000000000000000,47,2070,6,13100_47,North-Central Interior Dry-Mesic Oak Forest and Woodland,Hardwood,162,160,11,9,UN
1362,42700.000000000000000,47,2072,1,13210_47_48_53_57,South-Central Interior Mesophytic Forest,Hardwood,869,534,86,68,A
1363,40137.000000000000000,47,2072,6,13210_47_48_53_57,South-Central Interior Mesophytic Forest,Hardwood,869,534,86,68,UN
1364,47175.000000000000000,47,2084,1,14710_47_48_53_54_57_59_60_61_63,Central Interior and Appalachian Floodplain Systems,Riparian,613,392,121,80,A
1365,7040251.000000000000000,47,2067,7,13050_47_48,Southern Interior Low Plateau Dry-Mesic Oak Forest,Hardwood,6,199,21,4,UE
1366,26794445.000000000000000,47,2067,3,13050_47_48,Southern Interior Low Plateau Dry-Mesic Oak Forest,Hardwood,6,199,21,4,C
1367,19297490.000000000000000,47,2067,180,13050_47_48,Southern Interior Low Plateau Dry-Mesic Oak Forest,Hardwood,6,199,21,4,Agriculture
1368,2862.000000000000000,47,2072,4,13210_47_48_53_57,South-Central Interior Mesophytic Forest,Hardwood,869,534,86,68,D
1369,2338.000000000000000,47,2070,1,13100_47,North-Central Interior Dry-Mesic Oak Forest and Woodland,Hardwood,162,160,11,9,A
1370,1379480.000000000000000,47,2088,3,14790_41_42_47_48_50_51_53,Central Interior and Appalachian Swamp Systems,Riparian,987,-9999,-9999,987,C
1371,877570.000000000000000,47,2088,7,14790_41_42_47_48_50_51_53,Central Interior and Appalachian Swamp Systems,Riparian,987,-9999,-9999,987,UE
1372,8456.000000000000000,47,2071,1,13130_47_50_51,North-Central Interior Beech-Maple Forest,Hardwood,1004,-9999,836,456,A
1373,5486937.000000000000000,47,2067,120,13050_47_48,Southern Interior Low Plateau Dry-Mesic Oak Forest,Hardwood,6,199,21,4,Developed
1374,74055.000000000000000,47,2067,1,13050_47_48,Southern Interior Low Plateau Dry-Mesic Oak Forest,Hardwood,6,199,21,4,A
1375,353162.000000000000000,47,2079,120,14010_43_44_47_48_53,Central Interior Highlands Calcareous Glade and Barrens,Grassland,19,16,5,3,Developed
1376,480682.000000000000000,47,2079,7,14010_43_44_47_48_53,Central Interior Highlands Calcareous Glade and Barrens,Grassland,19,16,5,3,UE
1377,1492822.000000000000000,47,2079,6,14010_43_44_47_48_53,Central Interior Highlands Calcareous Glade and Barrens,Grassland,19,16,5,3,UN
1378,1690695.000000000000000,47,2079,180,14010_43_44_47_48_53,Central Interior Highlands Calcareous Glade and Barrens,Grassland,19,16,5,3,Agriculture
1379,214349.000000000000000,47,2067,5,13050_47_48,Southern Interior Low Plateau Dry-Mesic Oak Forest,Hardwood,6,199,21,4,E
1380,3120.000000000000000,47,2067,4,13050_47_48,Southern Interior Low Plateau Dry-Mesic Oak Forest,Hardwood,6,199,21,4,D
1381,65441.000000000000000,47,2081,180,14180_47,Pennyroyal Karst Plain Prairie and Barrens,Grassland,2,75,22,1,Agriculture
1382,21318.000000000000000,47,2081,7,14180_47,Pennyroyal Karst Plain Prairie and Barrens,Grassland,2,75,22,1,UE
1383,20881.000000000000000,47,2081,120,14180_47,Pennyroyal Karst Plain Prairie and Barrens,Grassland,2,75,22,1,Developed
1384,931.000000000000000,47,2085,4,14720_44_46_47_48,Central Interior and Appalachian Riparian Systems,Riparian,990,-9999,200,167,D
1385,18150.000000000000000,47,2081,3,14180_47,Pennyroyal Karst Plain Prairie and Barrens,Grassland,2,75,22,1,C
1386,539299.000000000000000,47,2088,120,14790_41_42_47_48_50_51_53,Central Interior and Appalachian Swamp Systems,Riparian,987,-9999,-9999,987,Developed
1387,1461.000000000000000,47,2091,132,15180_43_47_49_52_62_63_64_65,North-Central Interior Wet Flatwoods,Hardwood,993,-9999,-9999,993,Barren or Sparse
1388,3106364.000000000000000,47,2088,180,14790_41_42_47_48_50_51_53,Central Interior and Appalachian Swamp Systems,Riparian,987,-9999,-9999,987,Agriculture
1389,15369.000000000000000,47,2088,2,14790_41_42_47_48_50_51_53,Central Interior and Appalachian Swamp Systems,Riparian,987,-9999,-9999,987,B
1390,86807.000000000000000,47,2088,6,14790_41_42_47_48_50_51_53,Central Interior and Appalachian Swamp Systems,Riparian,987,-9999,-9999,987,UN
1391,481.000000000000000,47,2081,1,14180_47,Pennyroyal Karst Plain Prairie and Barrens,Grassland,2,75,22,1,A
1392,25925.000000000000000,47,2072,132,13210_47_48_53_57,South-Central Interior Mesophytic Forest,Hardwood,869,534,86,68,Barren or Sparse
1393,4065.000000000000000,47,2071,132,13130_47_50_51,North-Central Interior Beech-Maple Forest,Hardwood,1004,-9999,836,456,Barren or Sparse
1394,2188.000000000000000,47,2085,132,14720_44_46_47_48,Central Interior and Appalachian Riparian Systems,Riparian,990,-9999,200,167,Barren or Sparse
1395,24813.000000000000000,47,2067,132,13050_47_48,Southern Interior Low Plateau Dry-Mesic Oak Forest,Hardwood,6,199,21,4,Barren or Sparse
1396,666.000000000000000,47,2070,132,13100_47,North-Central Interior Dry-Mesic Oak Forest and Woodland,Hardwood,162,160,11,9,Barren or Sparse
1397,1155.000000000000000,47,31,132,0,Barren-Rock/Sand/Clay,Barren-Rock/Sand/Clay,-9999,-9999,-9999,-9999,Barren or Sparse
1398,6401.000000000000000,47,2084,132,14710_47_48_53_54_57_59_60_61_63,Central Interior and Appalachian Floodplain Systems,Riparian,613,392,121,80,Barren or Sparse
1399,5006.000000000000000,47,2067,2,13050_47_48,Southern Interior Low Plateau Dry-Mesic Oak Forest,Hardwood,6,199,21,4,B
1400,145.000000000000000,47,2091,1,15180_43_47_49_52_62_63_64_65,North-Central Interior Wet Flatwoods,Hardwood,993,-9999,-9999,993,A
1401,4582.000000000000000,47,2088,132,14790_41_42_47_48_50_51_53,Central Interior and Appalachian Swamp Systems,Riparian,987,-9999,-9999,987,Barren or Sparse
1402,1780.000000000000000,47,2081,4,14180_47,Pennyroyal Karst Plain Prairie and Barrens,Grassland,2,75,22,1,D
1403,345080.000000000000000,47,2078,5,13630_47_53,Central Interior Highlands Dry Acidic Glade and Barrens,Hardwood,29,16,7,4,E
1404,99155.000000000000000,47,2078,7,13630_47_53,Central Interior Highlands Dry Acidic Glade and Barrens,Hardwood,29,16,7,4,UE
1405,90748.000000000000000,47,2078,120,13630_47_53,Central Interior Highlands Dry Acidic Glade and Barrens,Hardwood,29,16,7,4,Developed
1406,435118.000000000000000,47,2078,180,13630_47_53,Central Interior Highlands Dry Acidic Glade and Barrens,Hardwood,29,16,7,4,Agriculture
1407,386.000000000000000,47,2078,6,13630_47_53,Central Interior Highlands Dry Acidic Glade and Barrens,Hardwood,29,16,7,4,UN
1408,24772.000000000000000,47,2078,4,13630_47_53,Central Interior Highlands Dry Acidic Glade and Barrens,Hardwood,29,16,7,4,D
1409,30.000000000000000,47,2079,1,14010_43_44_47_48_53,Central Interior Highlands Calcareous Glade and Barrens,Grassland,19,16,5,3,A
1410,550.000000000000000,47,2079,5,14010_43_44_47_48_53,Central Interior Highlands Calcareous Glade and Barrens,Grassland,19,16,5,3,E
1411,936630.000000000000000,47,2080,180,14130_47,Bluegrass Savanna and Woodland,Hardwood,81,132,62,28,Agriculture
1412,170825.000000000000000,47,2080,120,14130_47,Bluegrass Savanna and Woodland,Hardwood,81,132,62,28,Developed
1413,83.000000000000000,47,2079,3,14010_43_44_47_48_53,Central Interior Highlands Calcareous Glade and Barrens,Grassland,19,16,5,3,C
1414,48.000000000000000,47,2079,4,14010_43_44_47_48_53,Central Interior Highlands Calcareous Glade and Barrens,Grassland,19,16,5,3,D
1415,24123.000000000000000,47,2074,4,13260_47,South-Central Interior/Upper Coastal Plain Flatwoods,Hardwood,187,182,5,5,D
1416,303967.000000000000000,47,2074,180,13260_47,South-Central Interior/Upper Coastal Plain Flatwoods,Hardwood,187,182,5,5,Agriculture
1417,151203.000000000000000,47,2080,4,14130_47,Bluegrass Savanna and Woodland,Hardwood,81,132,62,28,D
1418,2551.000000000000000,47,2079,132,14010_43_44_47_48_53,Central Interior Highlands Calcareous Glade and Barrens,Grassland,19,16,5,3,Barren or Sparse
1419,76142.000000000000000,47,2074,5,13260_47,South-Central Interior/Upper Coastal Plain Flatwoods,Hardwood,187,182,5,5,E
1420,64532.000000000000000,47,2074,120,13260_47,South-Central Interior/Upper Coastal Plain Flatwoods,Hardwood,187,182,5,5,Developed
1421,301293.000000000000000,47,2076,7,13530_47,Southern Appalachian Low-Elevation Pine Forest,Conifer,100,1204,2,2,UE
1422,1240.000000000000000,47,2078,3,13630_47_53,Central Interior Highlands Dry Acidic Glade and Barrens,Hardwood,29,16,7,4,C
1423,305984.000000000000000,47,2076,180,13530_47,Southern Appalachian Low-Elevation Pine Forest,Conifer,100,1204,2,2,Agriculture
1424,114659.000000000000000,47,2076,4,13530_47,Southern Appalachian Low-Elevation Pine Forest,Conifer,100,1204,2,2,D
1425,105741.000000000000000,47,2080,7,14130_47,Bluegrass Savanna and Woodland,Hardwood,81,132,62,28,UE
1426,552073.000000000000000,47,2076,5,13530_47,Southern Appalachian Low-Elevation Pine Forest,Conifer,100,1204,2,2,E
1427,75999.000000000000000,47,2074,7,13260_47,South-Central Interior/Upper Coastal Plain Flatwoods,Hardwood,187,182,5,5,UE
1428,90999.000000000000000,47,2076,120,13530_47,Southern Appalachian Low-Elevation Pine Forest,Conifer,100,1204,2,2,Developed
1429,19.000000000000000,47,2070,2,13100_47,North-Central Interior Dry-Mesic Oak Forest and Woodland,Hardwood,162,160,11,9,B
1430,439.000000000000000,47,2074,6,13260_47,South-Central Interior/Upper Coastal Plain Flatwoods,Hardwood,187,182,5,5,UN
1431,241.000000000000000,47,2078,2,13630_47_53,Central Interior Highlands Dry Acidic Glade and Barrens,Hardwood,29,16,7,4,B
1432,912036.000000000000000,53,2012,180,14710_47_48_53_54_57_59_60_61_63,Central Interior and Appalachian Floodplain Systems,Riparian,613,392,121,80,Agriculture
1433,251425.000000000000000,53,2012,7,14710_47_48_53_54_57_59_60_61_63,Central Interior and Appalachian Floodplain Systems,Riparian,613,392,121,80,UE
1434,165166.000000000000000,53,2012,6,14710_47_48_53_54_57_59_60_61_63,Central Interior and Appalachian Floodplain Systems,Riparian,613,392,121,80,UN
1435,1332385.000000000000000,53,11,111,0,Open Water,Open Water,-9999,-9999,-9999,-9999,Water
1436,23900200.000000000000000,53,2005,2,13210_47_48_53_57,South-Central Interior Mesophytic Forest,Hardwood,869,534,86,68,B
1437,490704.000000000000000,53,2012,3,14710_47_48_53_54_57_59_60_61_63,Central Interior and Appalachian Floodplain Systems,Riparian,613,392,121,80,C
1438,3371076.000000000000000,53,2003,180,13170_48_53,Allegheny-Cumberland Dry Oak Forest and Woodland,Hardwood,91,1199,6,6,Agriculture
1439,1247446.000000000000000,53,2003,3,13170_48_53,Allegheny-Cumberland Dry Oak Forest and Woodland,Hardwood,91,1199,6,6,C
1440,2687024.000000000000000,53,2003,120,13170_48_53,Allegheny-Cumberland Dry Oak Forest and Woodland,Hardwood,91,1199,6,6,Developed
1441,909374.000000000000000,53,2000,180,13050_53,Southern Interior Low Plateau Dry-Mesic Oak Forest,Hardwood,2,1007,15,2,Agriculture
1442,3770645.000000000000000,53,2003,7,13170_48_53,Allegheny-Cumberland Dry Oak Forest and Woodland,Hardwood,91,1199,6,6,UE
1443,1871763.000000000000000,53,2005,180,13210_47_48_53_57,South-Central Interior Mesophytic Forest,Hardwood,869,534,86,68,Agriculture
1444,12073895.000000000000000,53,2003,4,13170_48_53,Allegheny-Cumberland Dry Oak Forest and Woodland,Hardwood,91,1199,6,6,D
1445,465607.000000000000000,53,2000,120,13050_53,Southern Interior Low Plateau Dry-Mesic Oak Forest,Hardwood,2,1007,15,2,Developed
1446,147990.000000000000000,53,2005,6,13210_47_48_53_57,South-Central Interior Mesophytic Forest,Hardwood,869,534,86,68,UN
1447,295402.000000000000000,53,2000,7,13050_53,Southern Interior Low Plateau Dry-Mesic Oak Forest,Hardwood,2,1007,15,2,UE
1448,58935.000000000000000,53,2012,2,14710_47_48_53_54_57_59_60_61_63,Central Interior and Appalachian Floodplain Systems,Riparian,613,392,121,80,B
1449,1971818.000000000000000,53,2005,120,13210_47_48_53_57,South-Central Interior Mesophytic Forest,Hardwood,869,534,86,68,Developed
1450,1738060.000000000000000,53,2000,4,13050_53,Southern Interior Low Plateau Dry-Mesic Oak Forest,Hardwood,2,1007,15,2,D
1451,103705.000000000000000,53,2000,3,13050_53,Southern Interior Low Plateau Dry-Mesic Oak Forest,Hardwood,2,1007,15,2,C
1452,3466893.000000000000000,53,2005,7,13210_47_48_53_57,South-Central Interior Mesophytic Forest,Hardwood,869,534,86,68,UE
1453,86133.000000000000000,53,2014,3,14790_41_42_47_48_50_51_53,Central Interior and Appalachian Swamp Systems,Riparian,987,-9999,-9999,987,C
1454,71038.000000000000000,53,2014,180,14790_41_42_47_48_50_51_53,Central Interior and Appalachian Swamp Systems,Riparian,987,-9999,-9999,987,Agriculture
1455,600422.000000000000000,53,2012,120,14710_47_48_53_54_57_59_60_61_63,Central Interior and Appalachian Floodplain Systems,Riparian,613,392,121,80,Developed
1456,331183.000000000000000,53,2009,2,13700_53_61_62,Appalachian (Hemlock-)Northern Hardwood Forest,Hardwood,1036,1083,-9999,529,B
1457,3955.000000000000000,53,2014,6,14790_41_42_47_48_50_51_53,Central Interior and Appalachian Swamp Systems,Riparian,987,-9999,-9999,987,UN
1458,29350.000000000000000,53,2009,120,13700_53_61_62,Appalachian (Hemlock-)Northern Hardwood Forest,Hardwood,1036,1083,-9999,529,Developed
1459,61848.000000000000000,53,2009,3,13700_53_61_62,Appalachian (Hemlock-)Northern Hardwood Forest,Hardwood,1036,1083,-9999,529,C
1460,15217.000000000000000,53,2009,180,13700_53_61_62,Appalachian (Hemlock-)Northern Hardwood Forest,Hardwood,1036,1083,-9999,529,Agriculture
1461,72368.000000000000000,53,2009,7,13700_53_61_62,Appalachian (Hemlock-)Northern Hardwood Forest,Hardwood,1036,1083,-9999,529,UE
1462,1188655.000000000000000,53,2013,120,14720_53_54_57_59_60,Central Interior and Appalachian Riparian Systems,Riparian,997,-9999,202,168,Developed
1463,1246766.000000000000000,53,2013,3,14720_53_54_57_59_60,Central Interior and Appalachian Riparian Systems,Riparian,997,-9999,202,168,C
1464,52284.000000000000000,53,2003,1,13170_48_53,Allegheny-Cumberland Dry Oak Forest and Woodland,Hardwood,91,1199,6,6,A
1465,2327394.000000000000000,53,2013,2,14720_53_54_57_59_60,Central Interior and Appalachian Riparian Systems,Riparian,997,-9999,202,168,B
1466,554378.000000000000000,53,2013,7,14720_53_54_57_59_60,Central Interior and Appalachian Riparian Systems,Riparian,997,-9999,202,168,UE
1467,17713.000000000000000,53,2000,6,13050_53,Southern Interior Low Plateau Dry-Mesic Oak Forest,Hardwood,2,1007,15,2,UN
1468,790769.000000000000000,53,2013,180,14720_53_54_57_59_60,Central Interior and Appalachian Riparian Systems,Riparian,997,-9999,202,168,Agriculture
1469,30292.000000000000000,53,2013,1,14720_53_54_57_59_60,Central Interior and Appalachian Riparian Systems,Riparian,997,-9999,202,168,A
1470,33117.000000000000000,53,2014,120,14790_41_42_47_48_50_51_53,Central Interior and Appalachian Swamp Systems,Riparian,987,-9999,-9999,987,Developed
1471,37690.000000000000000,53,2014,7,14790_41_42_47_48_50_51_53,Central Interior and Appalachian Swamp Systems,Riparian,987,-9999,-9999,987,UE
1472,92212.000000000000000,53,2005,1,13210_47_48_53_57,South-Central Interior Mesophytic Forest,Hardwood,869,534,86,68,A
1473,5663.000000000000000,53,2003,2,13170_48_53,Allegheny-Cumberland Dry Oak Forest and Woodland,Hardwood,91,1199,6,6,B
1474,7217449.000000000000000,53,2003,5,13170_48_53,Allegheny-Cumberland Dry Oak Forest and Woodland,Hardwood,91,1199,6,6,E
1475,12892.000000000000000,53,2012,1,14710_47_48_53_54_57_59_60_61_63,Central Interior and Appalachian Floodplain Systems,Riparian,613,392,121,80,A
1476,281.000000000000000,53,2000,2,13050_53,Southern Interior Low Plateau Dry-Mesic Oak Forest,Hardwood,2,1007,15,2,B
1477,2183.000000000000000,53,2014,2,14790_41_42_47_48_50_51_53,Central Interior and Appalachian Swamp Systems,Riparian,987,-9999,-9999,987,B
1478,4321581.000000000000000,53,2005,3,13210_47_48_53_57,South-Central Interior Mesophytic Forest,Hardwood,869,534,86,68,C
1479,43706.000000000000000,53,2005,4,13210_47_48_53_57,South-Central Interior Mesophytic Forest,Hardwood,869,534,86,68,D
1480,223005.000000000000000,53,2013,5,14720_53_54_57_59_60,Central Interior and Appalachian Riparian Systems,Riparian,997,-9999,202,168,E
1481,8954.000000000000000,53,2012,5,14710_47_48_53_54_57_59_60_61_63,Central Interior and Appalachian Floodplain Systems,Riparian,613,392,121,80,E
1482,15188.000000000000000,53,2012,4,14710_47_48_53_54_57_59_60_61_63,Central Interior and Appalachian Floodplain Systems,Riparian,613,392,121,80,D
1483,297.000000000000000,47,2074,3,13260_47,South-Central Interior/Upper Coastal Plain Flatwoods,Hardwood,187,182,5,5,C
1484,261.000000000000000,47,2078,132,13630_47_53,Central Interior Highlands Dry Acidic Glade and Barrens,Hardwood,29,16,7,4,Barren or Sparse
1485,2276268.000000000000000,53,2002,5,13150_48_53_57_59_61,Southern Appalachian Oak Forest,Hardwood,604,138,16,14,E
1486,359805.000000000000000,53,2002,4,13150_48_53_57_59_61,Southern Appalachian Oak Forest,Hardwood,604,138,16,14,D
1487,610857.000000000000000,53,2002,7,13150_48_53_57_59_61,Southern Appalachian Oak Forest,Hardwood,604,138,16,14,UE
1488,1880619.000000000000000,53,2004,4,13180_48_53,Southern and Central Appalachian Cove Forest,Hardwood,555,727,88,69,D
1489,4394.000000000000000,53,2013,4,14720_53_54_57_59_60,Central Interior and Appalachian Riparian Systems,Riparian,997,-9999,202,168,D
1490,192283.000000000000000,53,2002,120,13150_48_53_57_59_61,Southern Appalachian Oak Forest,Hardwood,604,138,16,14,Developed
1491,102250.000000000000000,53,2002,180,13150_48_53_57_59_61,Southern Appalachian Oak Forest,Hardwood,604,138,16,14,Agriculture
1492,11978.000000000000000,53,2002,3,13150_48_53_57_59_61,Southern Appalachian Oak Forest,Hardwood,604,138,16,14,C
1493,869.000000000000000,53,2012,132,14710_47_48_53_54_57_59_60_61_63,Central Interior and Appalachian Floodplain Systems,Riparian,613,392,121,80,Barren or Sparse
1494,112911.000000000000000,53,2005,132,13210_47_48_53_57,South-Central Interior Mesophytic Forest,Hardwood,869,534,86,68,Barren or Sparse
1495,22950.000000000000000,53,2004,3,13180_48_53,Southern and Central Appalachian Cove Forest,Hardwood,555,727,88,69,C
1496,16553.000000000000000,53,2004,1,13180_48_53,Southern and Central Appalachian Cove Forest,Hardwood,555,727,88,69,A
1497,379000.000000000000000,53,2004,7,13180_48_53,Southern and Central Appalachian Cove Forest,Hardwood,555,727,88,69,UE
1498,88121.000000000000000,53,2009,4,13700_53_61_62,Appalachian (Hemlock-)Northern Hardwood Forest,Hardwood,1036,1083,-9999,529,D
1499,254805.000000000000000,53,2000,5,13050_53,Southern Interior Low Plateau Dry-Mesic Oak Forest,Hardwood,2,1007,15,2,E
1500,220.000000000000000,53,31,132,0,Barren-Rock/Sand/Clay,Barren-Rock/Sand/Clay,-9999,-9999,-9999,-9999,Barren or Sparse
1501,2890.000000000000000,53,2009,6,13700_53_61_62,Appalachian (Hemlock-)Northern Hardwood Forest,Hardwood,1036,1083,-9999,529,UN
1502,127764.000000000000000,53,2004,180,13180_48_53,Southern and Central Appalachian Cove Forest,Hardwood,555,727,88,69,Agriculture
1503,166796.000000000000000,53,2004,120,13180_48_53,Southern and Central Appalachian Cove Forest,Hardwood,555,727,88,69,Developed
1504,10346.000000000000000,53,2002,1,13150_48_53_57_59_61,Southern Appalachian Oak Forest,Hardwood,604,138,16,14,A
1505,790.000000000000000,53,2014,132,14790_41_42_47_48_50_51_53,Central Interior and Appalachian Swamp Systems,Riparian,987,-9999,-9999,987,Barren or Sparse
1506,894.000000000000000,53,2002,2,13150_48_53_57_59_61,Southern Appalachian Oak Forest,Hardwood,604,138,16,14,B
1507,28414.000000000000000,53,2011,180,14010_43_44_47_48_53,Central Interior Highlands Calcareous Glade and Barrens,Grassland,19,16,5,3,Agriculture
1508,51446.000000000000000,53,2011,6,14010_43_44_47_48_53,Central Interior Highlands Calcareous Glade and Barrens,Grassland,19,16,5,3,UN
1509,17994.000000000000000,53,2011,120,14010_43_44_47_48_53,Central Interior Highlands Calcareous Glade and Barrens,Grassland,19,16,5,3,Developed
1510,12685.000000000000000,53,2011,7,14010_43_44_47_48_53,Central Interior Highlands Calcareous Glade and Barrens,Grassland,19,16,5,3,UE
1511,10.000000000000000,53,2011,4,14010_43_44_47_48_53,Central Interior Highlands Calcareous Glade and Barrens,Grassland,19,16,5,3,D
1512,5.000000000000000,53,2011,3,14010_43_44_47_48_53,Central Interior Highlands Calcareous Glade and Barrens,Grassland,19,16,5,3,C
1513,33.000000000000000,53,2011,5,14010_43_44_47_48_53,Central Interior Highlands Calcareous Glade and Barrens,Grassland,19,16,5,3,E
1514,1235.000000000000000,61,1878,132,13500_61,Central and Southern Appalachian Spruce-Fir Forest,Conifer,834,12028,-9999,780,Barren or Sparse
1515,65695.000000000000000,61,1878,4,13500_61,Central and Southern Appalachian Spruce-Fir Forest,Conifer,834,12028,-9999,780,D
1516,1361.000000000000000,61,1872,1,13160_54_57_59_61,Southern Piedmont Mesic Forest,Hardwood,510,348,52,42,A
1517,1832.000000000000000,60,1841,132,13160_60,Southern Piedmont Mesic Forest,Hardwood,499,355,52,41,Barren or Sparse
1518,38.000000000000000,60,1841,4,13160_60,Southern Piedmont Mesic Forest,Hardwood,499,355,52,41,D
1519,1.000000000000000,60,1846,1,13520_53_54_57_59_60_61,Southern Appalachian Montane Pine Forest and Woodland,Conifer,88,101,5,5,A
1520,1.000000000000000,60,1846,2,13520_53_54_57_59_60_61,Southern Appalachian Montane Pine Forest and Woodland,Conifer,88,101,5,5,B
1521,306711.000000000000000,61,1881,120,13680_46_48_54_57_59_60_61,Southern Piedmont Dry Oak(-Pine) Forest,Hardwood-Conifer,325,235,5,5,Developed
1522,574711.000000000000000,61,1881,2,13680_46_48_54_57_59_60_61,Southern Piedmont Dry Oak(-Pine) Forest,Hardwood-Conifer,325,235,5,5,B
1523,642095.000000000000000,61,1881,7,13680_46_48_54_57_59_60_61,Southern Piedmont Dry Oak(-Pine) Forest,Hardwood-Conifer,325,235,5,5,UE
1524,161491.000000000000000,61,1881,3,13680_46_48_54_57_59_60_61,Southern Piedmont Dry Oak(-Pine) Forest,Hardwood-Conifer,325,235,5,5,C
1525,510963.000000000000000,61,1881,180,13680_46_48_54_57_59_60_61,Southern Piedmont Dry Oak(-Pine) Forest,Hardwood-Conifer,325,235,5,5,Agriculture
1526,56616.000000000000000,61,1881,5,13680_46_48_54_57_59_60_61,Southern Piedmont Dry Oak(-Pine) Forest,Hardwood-Conifer,325,235,5,5,E
1527,413.000000000000000,47,2088,1,14790_41_42_47_48_50_51_53,Central Interior and Appalachian Swamp Systems,Riparian,987,-9999,-9999,987,A
1528,13.000000000000000,47,2079,2,14010_43_44_47_48_53,Central Interior Highlands Calcareous Glade and Barrens,Grassland,19,16,5,3,B
1529,45.000000000000000,47,2081,132,14180_47,Pennyroyal Karst Plain Prairie and Barrens,Grassland,2,75,22,1,Barren or Sparse
1530,57.000000000000000,47,2081,6,14180_47,Pennyroyal Karst Plain Prairie and Barrens,Grassland,2,75,22,1,UN
1531,3907.000000000000000,47,2076,6,13530_47,Southern Appalachian Low-Elevation Pine Forest,Conifer,100,1204,2,2,UN
1532,2805.000000000000000,47,2076,3,13530_47,Southern Appalachian Low-Elevation Pine Forest,Conifer,100,1204,2,2,C
1533,15.000000000000000,47,2074,1,13260_47,South-Central Interior/Upper Coastal Plain Flatwoods,Hardwood,187,182,5,5,A
1534,75.000000000000000,47,2074,132,13260_47,South-Central Interior/Upper Coastal Plain Flatwoods,Hardwood,187,182,5,5,Barren or Sparse
1535,10.000000000000000,47,2074,2,13260_47,South-Central Interior/Upper Coastal Plain Flatwoods,Hardwood,187,182,5,5,B
1536,1971.000000000000000,47,2080,3,14130_47,Bluegrass Savanna and Woodland,Hardwood,81,132,62,28,C
1537,201.000000000000000,47,2080,132,14130_47,Bluegrass Savanna and Woodland,Hardwood,81,132,62,28,Barren or Sparse
1538,318.000000000000000,47,2080,1,14130_47,Bluegrass Savanna and Woodland,Hardwood,81,132,62,28,A
1539,264.000000000000000,47,2080,6,14130_47,Bluegrass Savanna and Woodland,Hardwood,81,132,62,28,UN
1540,208.000000000000000,47,2080,2,14130_47,Bluegrass Savanna and Woodland,Hardwood,81,132,62,28,B
1541,35.000000000000000,47,2080,5,14130_47,Bluegrass Savanna and Woodland,Hardwood,81,132,62,28,E
1542,53.000000000000000,47,2076,2,13530_47,Southern Appalachian Low-Elevation Pine Forest,Conifer,100,1204,2,2,B
1543,555.000000000000000,53,2004,2,13180_48_53,Southern and Central Appalachian Cove Forest,Hardwood,555,727,88,69,B
1544,5432.000000000000000,53,2013,132,14720_53_54_57_59_60,Central Interior and Appalachian Riparian Systems,Riparian,997,-9999,202,168,Barren or Sparse
1545,161.000000000000000,53,2009,1,13700_53_61_62,Appalachian (Hemlock-)Northern Hardwood Forest,Hardwood,1036,1083,-9999,529,A
1546,19457.000000000000000,53,2003,132,13170_48_53,Allegheny-Cumberland Dry Oak Forest and Woodland,Hardwood,91,1199,6,6,Barren or Sparse
1547,36663.000000000000000,53,2007,5,13530_46_48_53_54_57_59_60_61,Southern Appalachian Low-Elevation Pine Forest,Conifer,153,66,9,7,E
1548,1566.000000000000000,53,2000,132,13050_53,Southern Interior Low Plateau Dry-Mesic Oak Forest,Hardwood,2,1007,15,2,Barren or Sparse
1549,26.000000000000000,53,2011,132,14010_43_44_47_48_53,Central Interior Highlands Calcareous Glade and Barrens,Grassland,19,16,5,3,Barren or Sparse
1550,4848.000000000000000,53,2008,5,13630_47_53,Central Interior Highlands Dry Acidic Glade and Barrens,Hardwood,29,16,7,4,E
1551,6870.000000000000000,53,2007,4,13530_46_48_53_54_57_59_60_61,Southern Appalachian Low-Elevation Pine Forest,Conifer,153,66,9,7,D
1552,272.000000000000000,53,2008,7,13630_47_53,Central Interior Highlands Dry Acidic Glade and Barrens,Hardwood,29,16,7,4,UE
1553,185.000000000000000,53,2008,4,13630_47_53,Central Interior Highlands Dry Acidic Glade and Barrens,Hardwood,29,16,7,4,D
1554,11.000000000000000,53,2008,2,13630_47_53,Central Interior Highlands Dry Acidic Glade and Barrens,Hardwood,29,16,7,4,B
1555,31.000000000000000,53,2008,3,13630_47_53,Central Interior Highlands Dry Acidic Glade and Barrens,Hardwood,29,16,7,4,C
1556,186.000000000000000,53,2008,180,13630_47_53,Central Interior Highlands Dry Acidic Glade and Barrens,Hardwood,29,16,7,4,Agriculture
1557,758.000000000000000,53,2008,120,13630_47_53,Central Interior Highlands Dry Acidic Glade and Barrens,Hardwood,29,16,7,4,Developed
1558,17.000000000000000,53,2008,6,13630_47_53,Central Interior Highlands Dry Acidic Glade and Barrens,Hardwood,29,16,7,4,UN
1559,5126.000000000000000,53,2007,7,13530_46_48_53_54_57_59_60_61,Southern Appalachian Low-Elevation Pine Forest,Conifer,153,66,9,7,UE
1560,3.000000000000000,53,2014,1,14790_41_42_47_48_50_51_53,Central Interior and Appalachian Swamp Systems,Riparian,987,-9999,-9999,987,A
1561,9510.000000000000000,53,2002,132,13150_48_53_57_59_61,Southern Appalachian Oak Forest,Hardwood,604,138,16,14,Barren or Sparse
1562,2769.000000000000000,53,2009,132,13700_53_61_62,Appalachian (Hemlock-)Northern Hardwood Forest,Hardwood,1036,1083,-9999,529,Barren or Sparse
1563,180732.000000000000000,53,2001,5,13090_53_57,Southern Appalachian Northern Hardwood Forest,Hardwood,681,665,341,169,E
1564,3565.000000000000000,61,1884,4,13760_48_53_57_61,Southern Ridge and Valley/Cumberland Dry Calcareous Forest,Hardwood,187,109,8,7,D
1565,43.000000000000000,61,1884,132,13760_48_53_57_61,Southern Ridge and Valley/Cumberland Dry Calcareous Forest,Hardwood,187,109,8,7,Barren or Sparse
1566,296.000000000000000,61,1884,3,13760_48_53_57_61,Southern Ridge and Valley/Cumberland Dry Calcareous Forest,Hardwood,187,109,8,7,C
1567,270.000000000000000,61,1884,2,13760_48_53_57_61,Southern Ridge and Valley/Cumberland Dry Calcareous Forest,Hardwood,187,109,8,7,B
1568,54928.000000000000000,61,1871,5,13150_48_53_57_59_61,Southern Appalachian Oak Forest,Hardwood,604,138,16,14,E
1569,3.000000000000000,61,1884,1,13760_48_53_57_61,Southern Ridge and Valley/Cumberland Dry Calcareous Forest,Hardwood,187,109,8,7,A
1570,6269.000000000000000,61,1871,7,13150_48_53_57_59_61,Southern Appalachian Oak Forest,Hardwood,604,138,16,14,UE
1571,7174.000000000000000,61,1871,120,13150_48_53_57_59_61,Southern Appalachian Oak Forest,Hardwood,604,138,16,14,Developed
1572,7875.000000000000000,61,1871,4,13150_48_53_57_59_61,Southern Appalachian Oak Forest,Hardwood,604,138,16,14,D
1573,9512.000000000000000,61,1871,180,13150_48_53_57_59_61,Southern Appalachian Oak Forest,Hardwood,604,138,16,14,Agriculture
1574,57.000000000000000,61,1872,132,13160_54_57_59_61,Southern Piedmont Mesic Forest,Hardwood,510,348,52,42,Barren or Sparse
1575,4208.000000000000000,61,1880,7,13530_46_48_53_54_57_59_60_61,Southern Appalachian Low-Elevation Pine Forest,Conifer,153,66,9,7,UE
1576,11531.000000000000000,61,1880,120,13530_46_48_53_54_57_59_60_61,Southern Appalachian Low-Elevation Pine Forest,Conifer,153,66,9,7,Developed
1577,13544.000000000000000,61,1880,180,13530_46_48_53_54_57_59_60_61,Southern Appalachian Low-Elevation Pine Forest,Conifer,153,66,9,7,Agriculture
1578,10430.000000000000000,61,1880,5,13530_46_48_53_54_57_59_60_61,Southern Appalachian Low-Elevation Pine Forest,Conifer,153,66,9,7,E
1579,2715.000000000000000,61,1880,4,13530_46_48_53_54_57_59_60_61,Southern Appalachian Low-Elevation Pine Forest,Conifer,153,66,9,7,D
1580,165.000000000000000,61,1881,4,13680_46_48_54_57_59_60_61,Southern Piedmont Dry Oak(-Pine) Forest,Hardwood-Conifer,325,235,5,5,D
1581,5988.000000000000000,61,1881,1,13680_46_48_54_57_59_60_61,Southern Piedmont Dry Oak(-Pine) Forest,Hardwood-Conifer,325,235,5,5,A
1582,42.000000000000000,61,1880,3,13530_46_48_53_54_57_59_60_61,Southern Appalachian Low-Elevation Pine Forest,Conifer,153,66,9,7,C
1583,129.000000000000000,61,1881,132,13680_46_48_54_57_59_60_61,Southern Piedmont Dry Oak(-Pine) Forest,Hardwood-Conifer,325,235,5,5,Barren or Sparse
1584,5003774.000000000000000,59,1811,3,13680_46_48_54_57_59_60_61,Southern Piedmont Dry Oak(-Pine) Forest,Hardwood-Conifer,325,235,5,5,C
1585,5190226.000000000000000,59,1805,7,13160_54_57_59_61,Southern Piedmont Mesic Forest,Hardwood,510,348,52,42,UE
1586,1942003.000000000000000,59,1805,3,13160_54_57_59_61,Southern Piedmont Mesic Forest,Hardwood,510,348,52,42,C
1587,16648919.000000000000000,59,1811,7,13680_46_48_54_57_59_60_61,Southern Piedmont Dry Oak(-Pine) Forest,Hardwood-Conifer,325,235,5,5,UE
1588,12315540.000000000000000,59,1811,2,13680_46_48_54_57_59_60_61,Southern Piedmont Dry Oak(-Pine) Forest,Hardwood-Conifer,325,235,5,5,B
1589,10013131.000000000000000,59,1811,120,13680_46_48_54_57_59_60_61,Southern Piedmont Dry Oak(-Pine) Forest,Hardwood-Conifer,325,235,5,5,Developed
1590,1166084.000000000000000,59,1811,5,13680_46_48_54_57_59_60_61,Southern Piedmont Dry Oak(-Pine) Forest,Hardwood-Conifer,325,235,5,5,E
1591,10273340.000000000000000,59,1811,180,13680_46_48_54_57_59_60_61,Southern Piedmont Dry Oak(-Pine) Forest,Hardwood-Conifer,325,235,5,5,Agriculture
1592,1672756.000000000000000,59,1813,2,14720_53_54_57_59_60,Central Interior and Appalachian Riparian Systems,Riparian,997,-9999,202,168,B
1593,1933379.000000000000000,59,1805,120,13160_54_57_59_61,Southern Piedmont Mesic Forest,Hardwood,510,348,52,42,Developed
1594,625192.000000000000000,59,1813,120,14720_53_54_57_59_60,Central Interior and Appalachian Riparian Systems,Riparian,997,-9999,202,168,Developed
1595,1562795.000000000000000,59,1813,7,14720_53_54_57_59_60,Central Interior and Appalachian Riparian Systems,Riparian,997,-9999,202,168,UE
1596,5160672.000000000000000,59,1805,2,13160_54_57_59_61,Southern Piedmont Mesic Forest,Hardwood,510,348,52,42,B
1597,1690048.000000000000000,59,11,111,0,Open Water,Open Water,-9999,-9999,-9999,-9999,Water
1598,1020198.000000000000000,59,1812,7,14710_47_48_53_54_57_59_60_61_63,Central Interior and Appalachian Floodplain Systems,Riparian,613,392,121,80,UE
1599,760236.000000000000000,59,1813,180,14720_53_54_57_59_60,Central Interior and Appalachian Riparian Systems,Riparian,997,-9999,202,168,Agriculture
1600,2266372.000000000000000,59,1805,180,13160_54_57_59_61,Southern Piedmont Mesic Forest,Hardwood,510,348,52,42,Agriculture
1601,648930.000000000000000,59,1813,3,14720_53_54_57_59_60,Central Interior and Appalachian Riparian Systems,Riparian,997,-9999,202,168,C
1602,170710.000000000000000,59,1813,5,14720_53_54_57_59_60,Central Interior and Appalachian Riparian Systems,Riparian,997,-9999,202,168,E
1603,38976.000000000000000,59,1813,1,14720_53_54_57_59_60,Central Interior and Appalachian Riparian Systems,Riparian,997,-9999,202,168,A
1604,601581.000000000000000,59,1812,120,14710_47_48_53_54_57_59_60_61_63,Central Interior and Appalachian Floodplain Systems,Riparian,613,392,121,80,Developed
1605,166119.000000000000000,59,1811,1,13680_46_48_54_57_59_60_61,Southern Piedmont Dry Oak(-Pine) Forest,Hardwood-Conifer,325,235,5,5,A
1606,60696.000000000000000,59,1805,1,13160_54_57_59_61,Southern Piedmont Mesic Forest,Hardwood,510,348,52,42,A
1607,686566.000000000000000,59,1805,5,13160_54_57_59_61,Southern Piedmont Mesic Forest,Hardwood,510,348,52,42,E
1608,2335.000000000000000,59,1811,4,13680_46_48_54_57_59_60_61,Southern Piedmont Dry Oak(-Pine) Forest,Hardwood-Conifer,325,235,5,5,D
1609,542.000000000000000,59,1813,4,14720_53_54_57_59_60,Central Interior and Appalachian Riparian Systems,Riparian,997,-9999,202,168,D
1610,1788.000000000000000,59,1805,4,13160_54_57_59_61,Southern Piedmont Mesic Forest,Hardwood,510,348,52,42,D
1611,14016.000000000000000,60,1847,7,13530_46_48_53_54_57_59_60_61,Southern Appalachian Low-Elevation Pine Forest,Conifer,153,66,9,7,UE
1612,5080.000000000000000,60,1847,120,13530_46_48_53_54_57_59_60_61,Southern Appalachian Low-Elevation Pine Forest,Conifer,153,66,9,7,Developed
1613,8557.000000000000000,60,1847,5,13530_46_48_53_54_57_59_60_61,Southern Appalachian Low-Elevation Pine Forest,Conifer,153,66,9,7,E
1614,8444.000000000000000,60,1847,180,13530_46_48_53_54_57_59_60_61,Southern Appalachian Low-Elevation Pine Forest,Conifer,153,66,9,7,Agriculture
1615,3321.000000000000000,60,1847,4,13530_46_48_53_54_57_59_60_61,Southern Appalachian Low-Elevation Pine Forest,Conifer,153,66,9,7,D
1616,1071763.000000000000000,59,1812,3,14710_47_48_53_54_57_59_60_61_63,Central Interior and Appalachian Floodplain Systems,Riparian,613,392,121,80,C
1617,972173.000000000000000,59,1812,180,14710_47_48_53_54_57_59_60_61_63,Central Interior and Appalachian Floodplain Systems,Riparian,613,392,121,80,Agriculture
1618,197138.000000000000000,59,1812,6,14710_47_48_53_54_57_59_60_61_63,Central Interior and Appalachian Floodplain Systems,Riparian,613,392,121,80,UN
1619,316612.000000000000000,59,1812,2,14710_47_48_53_54_57_59_60_61_63,Central Interior and Appalachian Floodplain Systems,Riparian,613,392,121,80,B
1620,31957.000000000000000,59,1812,1,14710_47_48_53_54_57_59_60_61_63,Central Interior and Appalachian Floodplain Systems,Riparian,613,392,121,80,A
1621,81665.000000000000000,59,1812,5,14710_47_48_53_54_57_59_60_61_63,Central Interior and Appalachian Floodplain Systems,Riparian,613,392,121,80,E
1622,4603.000000000000000,59,1805,132,13160_54_57_59_61,Southern Piedmont Mesic Forest,Hardwood,510,348,52,42,Barren or Sparse
1623,3467.000000000000000,59,1812,132,14710_47_48_53_54_57_59_60_61_63,Central Interior and Appalachian Floodplain Systems,Riparian,613,392,121,80,Barren or Sparse
1624,16986.000000000000000,59,1811,132,13680_46_48_54_57_59_60_61,Southern Piedmont Dry Oak(-Pine) Forest,Hardwood-Conifer,325,235,5,5,Barren or Sparse
1625,956.000000000000000,59,1813,132,14720_53_54_57_59_60,Central Interior and Appalachian Riparian Systems,Riparian,997,-9999,202,168,Barren or Sparse
1626,42036.000000000000000,59,1812,4,14710_47_48_53_54_57_59_60_61_63,Central Interior and Appalachian Floodplain Systems,Riparian,613,392,121,80,D
1627,299.000000000000000,60,1847,3,13530_46_48_53_54_57_59_60_61,Southern Appalachian Low-Elevation Pine Forest,Conifer,153,66,9,7,C
1628,223.000000000000000,60,1847,1,13530_46_48_53_54_57_59_60_61,Southern Appalachian Low-Elevation Pine Forest,Conifer,153,66,9,7,A
1629,20.000000000000000,60,1847,2,13530_46_48_53_54_57_59_60_61,Southern Appalachian Low-Elevation Pine Forest,Conifer,153,66,9,7,B
1630,1.000000000000000,60,1847,132,13530_46_48_53_54_57_59_60_61,Southern Appalachian Low-Elevation Pine Forest,Conifer,153,66,9,7,Barren or Sparse
1631,148273.000000000000000,60,1843,2,13350_55_58_60,Atlantic Coastal Plain Dry and Dry-Mesic Oak Forest,Hardwood,198,98,8,7,B
1632,1966193.000000000000000,60,1843,7,13350_55_58_60,Atlantic Coastal Plain Dry and Dry-Mesic Oak Forest,Hardwood,198,98,8,7,UE
1633,84361.000000000000000,60,1843,3,13350_55_58_60,Atlantic Coastal Plain Dry and Dry-Mesic Oak Forest,Hardwood,198,98,8,7,C
1634,3768.000000000000000,60,1843,5,13350_55_58_60,Atlantic Coastal Plain Dry and Dry-Mesic Oak Forest,Hardwood,198,98,8,7,E
1635,11502.000000000000000,60,1843,1,13350_55_58_60,Atlantic Coastal Plain Dry and Dry-Mesic Oak Forest,Hardwood,198,98,8,7,A
1636,793895.000000000000000,60,1843,180,13350_55_58_60,Atlantic Coastal Plain Dry and Dry-Mesic Oak Forest,Hardwood,198,98,8,7,Agriculture
1637,315289.000000000000000,60,1843,120,13350_55_58_60,Atlantic Coastal Plain Dry and Dry-Mesic Oak Forest,Hardwood,198,98,8,7,Developed
1638,32046.000000000000000,60,1860,5,14680_60,Atlantic Coastal Plain Streamhead Seepage Swamp-Pocosin-Baygall,Riparian,98,28,14,8,E
1639,33906.000000000000000,60,1860,180,14680_60,Atlantic Coastal Plain Streamhead Seepage Swamp-Pocosin-Baygall,Riparian,98,28,14,8,Agriculture
1640,96.000000000000000,47,2076,1,13530_47,Southern Appalachian Low-Elevation Pine Forest,Conifer,100,1204,2,2,A
1641,189.000000000000000,47,2076,132,13530_47,Southern Appalachian Low-Elevation Pine Forest,Conifer,100,1204,2,2,Barren or Sparse
1642,20755.000000000000000,47,2090,7,15090_45_47,Mississippi River Alluvial Plain Dry-Mesic Loess Slope Forest,Hardwood,479,106,88,44,UE
1643,1425.000000000000000,53,2007,120,13530_46_48_53_54_57_59_60_61,Southern Appalachian Low-Elevation Pine Forest,Conifer,153,66,9,7,Developed
1644,1949.000000000000000,53,2007,180,13530_46_48_53_54_57_59_60_61,Southern Appalachian Low-Elevation Pine Forest,Conifer,153,66,9,7,Agriculture
1645,83431.000000000000000,53,2010,5,13760_48_53_57_61,Southern Ridge and Valley/Cumberland Dry Calcareous Forest,Hardwood,187,109,8,7,E
1646,100544.000000000000000,53,2010,180,13760_48_53_57_61,Southern Ridge and Valley/Cumberland Dry Calcareous Forest,Hardwood,187,109,8,7,Agriculture
1647,65498.000000000000000,53,2010,120,13760_48_53_57_61,Southern Ridge and Valley/Cumberland Dry Calcareous Forest,Hardwood,187,109,8,7,Developed
1648,67321.000000000000000,53,2010,7,13760_48_53_57_61,Southern Ridge and Valley/Cumberland Dry Calcareous Forest,Hardwood,187,109,8,7,UE
1649,32139.000000000000000,53,2001,7,13090_53_57,Southern Appalachian Northern Hardwood Forest,Hardwood,681,665,341,169,UE
1650,6417.000000000000000,53,2001,4,13090_53_57,Southern Appalachian Northern Hardwood Forest,Hardwood,681,665,341,169,D
1651,3678.000000000000000,53,2001,180,13090_53_57,Southern Appalachian Northern Hardwood Forest,Hardwood,681,665,341,169,Agriculture
1652,5.000000000000000,53,2007,132,13530_46_48_53_54_57_59_60_61,Southern Appalachian Low-Elevation Pine Forest,Conifer,153,66,9,7,Barren or Sparse
1653,8364.000000000000000,53,2001,120,13090_53_57,Southern Appalachian Northern Hardwood Forest,Hardwood,681,665,341,169,Developed
1654,6625.000000000000000,53,2004,132,13180_48_53,Southern and Central Appalachian Cove Forest,Hardwood,555,727,88,69,Barren or Sparse
1655,1420.000000000000000,53,2001,1,13090_53_57,Southern Appalachian Northern Hardwood Forest,Hardwood,681,665,341,169,A
1656,998.000000000000000,53,2001,3,13090_53_57,Southern Appalachian Northern Hardwood Forest,Hardwood,681,665,341,169,C
1657,4096.000000000000000,53,2001,132,13090_53_57,Southern Appalachian Northern Hardwood Forest,Hardwood,681,665,341,169,Barren or Sparse
1658,1643.000000000000000,53,2006,4,13520_53_54_57_59_60_61,Southern Appalachian Montane Pine Forest and Woodland,Conifer,88,101,5,5,D
1659,10841.000000000000000,53,2006,5,13520_53_54_57_59_60_61,Southern Appalachian Montane Pine Forest and Woodland,Conifer,88,101,5,5,E
1660,4217.000000000000000,53,2006,7,13520_53_54_57_59_60_61,Southern Appalachian Montane Pine Forest and Woodland,Conifer,88,101,5,5,UE
1661,4190.000000000000000,53,2006,120,13520_53_54_57_59_60_61,Southern Appalachian Montane Pine Forest and Woodland,Conifer,88,101,5,5,Developed
1662,61.000000000000000,53,2006,3,13520_53_54_57_59_60_61,Southern Appalachian Montane Pine Forest and Woodland,Conifer,88,101,5,5,C
1663,244.000000000000000,53,2001,2,13090_53_57,Southern Appalachian Northern Hardwood Forest,Hardwood,681,665,341,169,B
1664,88.000000000000000,53,2007,3,13530_46_48_53_54_57_59_60_61,Southern Appalachian Low-Elevation Pine Forest,Conifer,153,66,9,7,C
1665,1974.000000000000000,53,2006,180,13520_53_54_57_59_60_61,Southern Appalachian Montane Pine Forest and Woodland,Conifer,88,101,5,5,Agriculture
1666,39.000000000000000,53,2007,1,13530_46_48_53_54_57_59_60_61,Southern Appalachian Low-Elevation Pine Forest,Conifer,153,66,9,7,A
1667,9.000000000000000,53,2007,2,13530_46_48_53_54_57_59_60_61,Southern Appalachian Low-Elevation Pine Forest,Conifer,153,66,9,7,B
1668,203.000000000000000,61,1871,3,13150_48_53_57_59_61,Southern Appalachian Oak Forest,Hardwood,604,138,16,14,C
1669,19018.000000000000000,53,2010,6,13760_48_53_57_61,Southern Ridge and Valley/Cumberland Dry Calcareous Forest,Hardwood,187,109,8,7,UN
1670,362717.000000000000000,57,1820,2,13210_47_48_53_57,South-Central Interior Mesophytic Forest,Hardwood,869,534,86,68,B
1671,96256.000000000000000,57,1820,3,13210_47_48_53_57,South-Central Interior Mesophytic Forest,Hardwood,869,534,86,68,C
1672,3960226.000000000000000,57,1817,5,13170_57_61,Allegheny-Cumberland Dry Oak Forest and Woodland,Hardwood,123,59,15,11,E
1673,162028.000000000000000,57,1820,120,13210_47_48_53_57,South-Central Interior Mesophytic Forest,Hardwood,869,534,86,68,Developed
1674,925042.000000000000000,57,1817,7,13170_57_61,Allegheny-Cumberland Dry Oak Forest and Woodland,Hardwood,123,59,15,11,UE
1675,108148.000000000000000,57,1820,7,13210_47_48_53_57,South-Central Interior Mesophytic Forest,Hardwood,869,534,86,68,UE
1676,864325.000000000000000,57,11,111,0,Open Water,Open Water,-9999,-9999,-9999,-9999,Water
1677,361775.000000000000000,57,1825,6,13760_48_53_57_61,Southern Ridge and Valley/Cumberland Dry Calcareous Forest,Hardwood,187,109,8,7,UN
1678,1499.000000000000000,57,1820,1,13210_47_48_53_57,South-Central Interior Mesophytic Forest,Hardwood,869,534,86,68,A
1679,212192.000000000000000,57,1817,4,13170_57_61,Allegheny-Cumberland Dry Oak Forest and Woodland,Hardwood,123,59,15,11,D
1680,2087099.000000000000000,57,1828,2,14720_53_54_57_59_60,Central Interior and Appalachian Riparian Systems,Riparian,997,-9999,202,168,B
1681,386524.000000000000000,57,1828,7,14720_53_54_57_59_60,Central Interior and Appalachian Riparian Systems,Riparian,997,-9999,202,168,UE
1682,347309.000000000000000,57,1825,7,13760_48_53_57_61,Southern Ridge and Valley/Cumberland Dry Calcareous Forest,Hardwood,187,109,8,7,UE
1683,808793.000000000000000,57,1825,5,13760_48_53_57_61,Southern Ridge and Valley/Cumberland Dry Calcareous Forest,Hardwood,187,109,8,7,E
1684,2873132.000000000000000,57,1817,180,13170_57_61,Allegheny-Cumberland Dry Oak Forest and Woodland,Hardwood,123,59,15,11,Agriculture
1685,718712.000000000000000,57,1818,120,13180_57_59_61,Southern and Central Appalachian Cove Forest,Hardwood,994,498,100,77,Developed
1686,4035789.000000000000000,57,1818,5,13180_57_59_61,Southern and Central Appalachian Cove Forest,Hardwood,994,498,100,77,E
1687,207578.000000000000000,57,1828,5,14720_53_54_57_59_60,Central Interior and Appalachian Riparian Systems,Riparian,997,-9999,202,168,E
1688,1272456.000000000000000,57,1817,120,13170_57_61,Allegheny-Cumberland Dry Oak Forest and Woodland,Hardwood,123,59,15,11,Developed
1689,428621.000000000000000,57,1818,7,13180_57_59_61,Southern and Central Appalachian Cove Forest,Hardwood,994,498,100,77,UE
1690,172965.000000000000000,57,1827,120,14710_47_48_53_54_57_59_60_61_63,Central Interior and Appalachian Floodplain Systems,Riparian,613,392,121,80,Developed
1691,868791.000000000000000,57,1818,180,13180_57_59_61,Southern and Central Appalachian Cove Forest,Hardwood,994,498,100,77,Agriculture
1692,436087.000000000000000,57,1825,120,13760_48_53_57_61,Southern Ridge and Valley/Cumberland Dry Calcareous Forest,Hardwood,187,109,8,7,Developed
1693,640681.000000000000000,57,1818,4,13180_57_59_61,Southern and Central Appalachian Cove Forest,Hardwood,994,498,100,77,D
1694,128220.000000000000000,57,1827,3,14710_47_48_53_54_57_59_60_61_63,Central Interior and Appalachian Floodplain Systems,Riparian,613,392,121,80,C
1695,87943.000000000000000,57,1827,7,14710_47_48_53_54_57_59_60_61_63,Central Interior and Appalachian Floodplain Systems,Riparian,613,392,121,80,UE
1696,5573.000000000000000,57,1817,2,13170_57_61,Allegheny-Cumberland Dry Oak Forest and Woodland,Hardwood,123,59,15,11,B
1697,588340.000000000000000,57,1828,3,14720_53_54_57_59_60,Central Interior and Appalachian Riparian Systems,Riparian,997,-9999,202,168,C
1698,13039.000000000000000,57,1817,3,13170_57_61,Allegheny-Cumberland Dry Oak Forest and Woodland,Hardwood,123,59,15,11,C
1699,376478.000000000000000,57,1827,180,14710_47_48_53_54_57_59_60_61_63,Central Interior and Appalachian Floodplain Systems,Riparian,613,392,121,80,Agriculture
1700,15301.000000000000000,57,1825,4,13760_48_53_57_61,Southern Ridge and Valley/Cumberland Dry Calcareous Forest,Hardwood,187,109,8,7,D
1701,834626.000000000000000,57,1828,120,14720_53_54_57_59_60,Central Interior and Appalachian Riparian Systems,Riparian,997,-9999,202,168,Developed
1702,1091194.000000000000000,57,1828,180,14720_53_54_57_59_60,Central Interior and Appalachian Riparian Systems,Riparian,997,-9999,202,168,Agriculture
1703,17716.000000000000000,57,1828,1,14720_53_54_57_59_60,Central Interior and Appalachian Riparian Systems,Riparian,997,-9999,202,168,A
1704,1043731.000000000000000,57,1825,180,13760_48_53_57_61,Southern Ridge and Valley/Cumberland Dry Calcareous Forest,Hardwood,187,109,8,7,Agriculture
1705,23057.000000000000000,57,1827,2,14710_47_48_53_54_57_59_60_61_63,Central Interior and Appalachian Floodplain Systems,Riparian,613,392,121,80,B
1706,7284.000000000000000,57,1827,1,14710_47_48_53_54_57_59_60_61_63,Central Interior and Appalachian Floodplain Systems,Riparian,613,392,121,80,A
1707,2633.000000000000000,53,2010,4,13760_48_53_57_61,Southern Ridge and Valley/Cumberland Dry Calcareous Forest,Hardwood,187,109,8,7,D
1708,35856.000000000000000,57,1827,6,14710_47_48_53_54_57_59_60_61_63,Central Interior and Appalachian Floodplain Systems,Riparian,613,392,121,80,UN
1709,9.000000000000000,53,2006,1,13520_53_54_57_59_60_61,Southern Appalachian Montane Pine Forest and Woodland,Conifer,88,101,5,5,A
1710,2975.000000000000000,57,1825,2,13760_48_53_57_61,Southern Ridge and Valley/Cumberland Dry Calcareous Forest,Hardwood,187,109,8,7,B
1711,4169.000000000000000,57,1817,132,13170_57_61,Allegheny-Cumberland Dry Oak Forest and Woodland,Hardwood,123,59,15,11,Barren or Sparse
1712,1305.000000000000000,57,1818,2,13180_57_59_61,Southern and Central Appalachian Cove Forest,Hardwood,994,498,100,77,B
1713,2191.000000000000000,57,1825,3,13760_48_53_57_61,Southern Ridge and Valley/Cumberland Dry Calcareous Forest,Hardwood,187,109,8,7,C
1714,403.000000000000000,53,2010,2,13760_48_53_57_61,Southern Ridge and Valley/Cumberland Dry Calcareous Forest,Hardwood,187,109,8,7,B
1715,14242.000000000000000,57,1817,1,13170_57_61,Allegheny-Cumberland Dry Oak Forest and Woodland,Hardwood,123,59,15,11,A
1716,7521.000000000000000,57,1818,1,13180_57_59_61,Southern and Central Appalachian Cove Forest,Hardwood,994,498,100,77,A
1717,14856.000000000000000,57,1818,3,13180_57_59_61,Southern and Central Appalachian Cove Forest,Hardwood,994,498,100,77,C
1718,101.000000000000000,57,1825,1,13760_48_53_57_61,Southern Ridge and Valley/Cumberland Dry Calcareous Forest,Hardwood,187,109,8,7,A
1719,2.000000000000000,61,1880,2,13530_46_48_53_54_57_59_60_61,Southern Appalachian Low-Elevation Pine Forest,Conifer,153,66,9,7,B
1720,56.000000000000000,61,1880,132,13530_46_48_53_54_57_59_60_61,Southern Appalachian Low-Elevation Pine Forest,Conifer,153,66,9,7,Barren or Sparse
1721,34.000000000000000,61,1871,1,13150_48_53_57_59_61,Southern Appalachian Oak Forest,Hardwood,604,138,16,14,A
1722,23.000000000000000,61,1880,1,13530_46_48_53_54_57_59_60_61,Southern Appalachian Low-Elevation Pine Forest,Conifer,153,66,9,7,A
1723,5.000000000000000,59,1913,2,13210_62,South-Central Interior Mesophytic Forest,Hardwood,960,798,341,191,B
1724,2.000000000000000,59,1913,6,13210_62,South-Central Interior Mesophytic Forest,Hardwood,960,798,341,191,UN
1725,1.000000000000000,59,1913,180,13210_62,South-Central Interior Mesophytic Forest,Hardwood,960,798,341,191,Agriculture
1726,5090.000000000000000,59,1810,120,13530_46_48_53_54_57_59_60_61,Southern Appalachian Low-Elevation Pine Forest,Conifer,153,66,9,7,Developed
1727,361.000000000000000,59,1810,3,13530_46_48_53_54_57_59_60_61,Southern Appalachian Low-Elevation Pine Forest,Conifer,153,66,9,7,C
1728,11265.000000000000000,59,1810,7,13530_46_48_53_54_57_59_60_61,Southern Appalachian Low-Elevation Pine Forest,Conifer,153,66,9,7,UE
1729,8323.000000000000000,59,1810,4,13530_46_48_53_54_57_59_60_61,Southern Appalachian Low-Elevation Pine Forest,Conifer,153,66,9,7,D
1730,61548.000000000000000,59,1810,5,13530_46_48_53_54_57_59_60_61,Southern Appalachian Low-Elevation Pine Forest,Conifer,153,66,9,7,E
1731,65956.000000000000000,59,1804,5,13150_48_53_57_59_61,Southern Appalachian Oak Forest,Hardwood,604,138,16,14,E
1732,6631.000000000000000,59,1804,120,13150_48_53_57_59_61,Southern Appalachian Oak Forest,Hardwood,604,138,16,14,Developed
1733,2910.000000000000000,59,1810,180,13530_46_48_53_54_57_59_60_61,Southern Appalachian Low-Elevation Pine Forest,Conifer,153,66,9,7,Agriculture
1734,8339.000000000000000,59,1804,4,13150_48_53_57_59_61,Southern Appalachian Oak Forest,Hardwood,604,138,16,14,D
1735,106.000000000000000,59,1810,1,13530_46_48_53_54_57_59_60_61,Southern Appalachian Low-Elevation Pine Forest,Conifer,153,66,9,7,A
1736,270458.000000000000000,59,1808,7,13510_48_54_59,Southeastern Interior Longleaf Pine Woodland,Conifer,552,299,3,3,UE
1737,1189.000000000000000,59,1809,4,13520_53_54_57_59_60_61,Southern Appalachian Montane Pine Forest and Woodland,Conifer,88,101,5,5,D
1738,12.000000000000000,59,1810,2,13530_46_48_53_54_57_59_60_61,Southern Appalachian Low-Elevation Pine Forest,Conifer,153,66,9,7,B
1739,1188.000000000000000,59,1808,132,13510_48_54_59,Southeastern Interior Longleaf Pine Woodland,Conifer,552,299,3,3,Barren or Sparse
1740,48296.000000000000000,59,1808,3,13510_48_54_59,Southeastern Interior Longleaf Pine Woodland,Conifer,552,299,3,3,C
1741,67312.000000000000000,59,1808,120,13510_48_54_59,Southeastern Interior Longleaf Pine Woodland,Conifer,552,299,3,3,Developed
1742,84342.000000000000000,60,1860,7,14680_60,Atlantic Coastal Plain Streamhead Seepage Swamp-Pocosin-Baygall,Riparian,98,28,14,8,UE
1743,66041.000000000000000,60,1869,1,15010_58_60,Central Atlantic Coastal Plain Nonriverine Swamp and Wet Hardwood Forest,Riparian,92,424,-9999,76,A
1744,492446.000000000000000,60,1869,7,15010_58_60,Central Atlantic Coastal Plain Nonriverine Swamp and Wet Hardwood Forest,Riparian,92,424,-9999,76,UE
1745,140853.000000000000000,60,1869,120,15010_58_60,Central Atlantic Coastal Plain Nonriverine Swamp and Wet Hardwood Forest,Riparian,92,424,-9999,76,Developed
1746,1193214.000000000000000,60,1869,4,15010_58_60,Central Atlantic Coastal Plain Nonriverine Swamp and Wet Hardwood Forest,Riparian,92,424,-9999,76,D
1747,29609.000000000000000,60,1869,3,15010_58_60,Central Atlantic Coastal Plain Nonriverine Swamp and Wet Hardwood Forest,Riparian,92,424,-9999,76,C
1748,3062.000000000000000,60,1860,6,14680_60,Atlantic Coastal Plain Streamhead Seepage Swamp-Pocosin-Baygall,Riparian,98,28,14,8,UN
1749,11748.000000000000000,60,1860,120,14680_60,Atlantic Coastal Plain Streamhead Seepage Swamp-Pocosin-Baygall,Riparian,98,28,14,8,Developed
1750,4278.000000000000000,60,1860,4,14680_60,Atlantic Coastal Plain Streamhead Seepage Swamp-Pocosin-Baygall,Riparian,98,28,14,8,D
1751,589.000000000000000,60,1860,3,14680_60,Atlantic Coastal Plain Streamhead Seepage Swamp-Pocosin-Baygall,Riparian,98,28,14,8,C
1752,957.000000000000000,60,1843,132,13350_55_58_60,Atlantic Coastal Plain Dry and Dry-Mesic Oak Forest,Hardwood,198,98,8,7,Barren or Sparse
1753,227495.000000000000000,60,1869,180,15010_58_60,Central Atlantic Coastal Plain Nonriverine Swamp and Wet Hardwood Forest,Riparian,92,424,-9999,76,Agriculture
1754,592.000000000000000,60,1869,132,15010_58_60,Central Atlantic Coastal Plain Nonriverine Swamp and Wet Hardwood Forest,Riparian,92,424,-9999,76,Barren or Sparse
1755,33.000000000000000,60,1860,132,14680_60,Atlantic Coastal Plain Streamhead Seepage Swamp-Pocosin-Baygall,Riparian,98,28,14,8,Barren or Sparse
1756,537.000000000000000,60,1869,5,15010_58_60,Central Atlantic Coastal Plain Nonriverine Swamp and Wet Hardwood Forest,Riparian,92,424,-9999,76,E
1757,3352.000000000000000,60,1859,4,14520_58_60,Atlantic Coastal Plain Peatland Pocosin and Canebrake,Riparian,14,16,-9999,7,D
1758,46217.000000000000000,60,1849,6,13610_58_60,Central Atlantic Coastal Plain Maritime Forest,Hardwood,357,119,113,50,UN
1759,30125.000000000000000,60,1849,7,13610_58_60,Central Atlantic Coastal Plain Maritime Forest,Hardwood,357,119,113,50,UE
1760,93324.000000000000000,60,1849,120,13610_58_60,Central Atlantic Coastal Plain Maritime Forest,Hardwood,357,119,113,50,Developed
1761,123.000000000000000,60,1860,2,14680_60,Atlantic Coastal Plain Streamhead Seepage Swamp-Pocosin-Baygall,Riparian,98,28,14,8,B
1762,48864.000000000000000,60,1859,180,14520_58_60,Atlantic Coastal Plain Peatland Pocosin and Canebrake,Riparian,14,16,-9999,7,Agriculture
1763,12634.000000000000000,60,1849,180,13610_58_60,Central Atlantic Coastal Plain Maritime Forest,Hardwood,357,119,113,50,Agriculture
1764,7.000000000000000,60,1843,4,13350_55_58_60,Atlantic Coastal Plain Dry and Dry-Mesic Oak Forest,Hardwood,198,98,8,7,D
1765,15253.000000000000000,60,1858,7,14490_58_60,Central Atlantic Coastal Plain Wet Longleaf Pine Savanna and Flatwoods,Riparian,89,261,3,3,UE
1766,2517.000000000000000,60,1858,6,14490_58_60,Central Atlantic Coastal Plain Wet Longleaf Pine Savanna and Flatwoods,Riparian,89,261,3,3,UN
1767,7057.000000000000000,60,1858,2,14490_58_60,Central Atlantic Coastal Plain Wet Longleaf Pine Savanna and Flatwoods,Riparian,89,261,3,3,B
1768,2211.000000000000000,60,1858,120,14490_58_60,Central Atlantic Coastal Plain Wet Longleaf Pine Savanna and Flatwoods,Riparian,89,261,3,3,Developed
1769,8357.000000000000000,60,1858,180,14490_58_60,Central Atlantic Coastal Plain Wet Longleaf Pine Savanna and Flatwoods,Riparian,89,261,3,3,Agriculture
1770,88.000000000000000,60,1860,1,14680_60,Atlantic Coastal Plain Streamhead Seepage Swamp-Pocosin-Baygall,Riparian,98,28,14,8,A
1771,491.000000000000000,60,1858,3,14490_58_60,Central Atlantic Coastal Plain Wet Longleaf Pine Savanna and Flatwoods,Riparian,89,261,3,3,C
1772,155.000000000000000,60,1858,1,14490_58_60,Central Atlantic Coastal Plain Wet Longleaf Pine Savanna and Flatwoods,Riparian,89,261,3,3,A
1773,2912.000000000000000,60,1849,4,13610_58_60,Central Atlantic Coastal Plain Maritime Forest,Hardwood,357,119,113,50,D
1774,140.000000000000000,60,1849,1,13610_58_60,Central Atlantic Coastal Plain Maritime Forest,Hardwood,357,119,113,50,A
1775,27691.000000000000000,60,1869,2,15010_58_60,Central Atlantic Coastal Plain Nonriverine Swamp and Wet Hardwood Forest,Riparian,92,424,-9999,76,B
1776,25.000000000000000,60,1849,3,13610_58_60,Central Atlantic Coastal Plain Maritime Forest,Hardwood,357,119,113,50,C
1777,35.000000000000000,60,1849,132,13610_58_60,Central Atlantic Coastal Plain Maritime Forest,Hardwood,357,119,113,50,Barren or Sparse
1778,3.000000000000000,60,1849,5,13610_58_60,Central Atlantic Coastal Plain Maritime Forest,Hardwood,357,119,113,50,E
1779,886092.000000000000000,47,2086,2,14730_45_46_47_98_99,Gulf and Atlantic Coastal Plain Floodplain Systems,Riparian,115,-9999,100,53,B
1780,1052361.000000000000000,47,2086,7,14730_45_46_47_98_99,Gulf and Atlantic Coastal Plain Floodplain Systems,Riparian,115,-9999,100,53,UE
1781,247628.000000000000000,47,2086,120,14730_45_46_47_98_99,Gulf and Atlantic Coastal Plain Floodplain Systems,Riparian,115,-9999,100,53,Developed
1782,335422.000000000000000,47,2086,4,14730_45_46_47_98_99,Gulf and Atlantic Coastal Plain Floodplain Systems,Riparian,115,-9999,100,53,D
1783,1652.000000000000000,47,2083,1,14570_47_48,South-Central Interior/Upper Coastal Plain Wet Flatwoods,Hardwood,189,118,9,8,A
1784,41100.000000000000000,47,2083,5,14570_47_48,South-Central Interior/Upper Coastal Plain Wet Flatwoods,Hardwood,189,118,9,8,E
1785,69933.000000000000000,47,2083,7,14570_47_48,South-Central Interior/Upper Coastal Plain Wet Flatwoods,Hardwood,189,118,9,8,UE
1786,194285.000000000000000,47,2083,180,14570_47_48,South-Central Interior/Upper Coastal Plain Wet Flatwoods,Hardwood,189,118,9,8,Agriculture
1787,9750.000000000000000,47,2077,120,13570_46_47_55_58_99,Southern Coastal Plain Mesic Slope Forest,Hardwood,402,159,52,35,Developed
1788,38249.000000000000000,47,2077,180,13570_46_47_55_58_99,Southern Coastal Plain Mesic Slope Forest,Hardwood,402,159,52,35,Agriculture
1789,51546.000000000000000,47,2083,120,14570_47_48,South-Central Interior/Upper Coastal Plain Wet Flatwoods,Hardwood,189,118,9,8,Developed
1790,2526938.000000000000000,47,2068,180,13060_47_48,East Gulf Coastal Plain Northern Loess Plain Oak-Hickory Upland,Hardwood,386,87,9,8,Agriculture
1791,9688.000000000000000,47,2073,120,13250_46_47_48,East Gulf Coastal Plain Northern Mesic Hardwood Slope Forest,Hardwood,404,159,52,36,Developed
1792,2104.000000000000000,47,2073,3,13250_46_47_48,East Gulf Coastal Plain Northern Mesic Hardwood Slope Forest,Hardwood,404,159,52,36,C
1793,7448.000000000000000,47,2073,2,13250_46_47_48,East Gulf Coastal Plain Northern Mesic Hardwood Slope Forest,Hardwood,404,159,52,36,B
1794,19416.000000000000000,47,2073,7,13250_46_47_48,East Gulf Coastal Plain Northern Mesic Hardwood Slope Forest,Hardwood,404,159,52,36,UE
1795,2545.000000000000000,47,2083,4,14570_47_48,South-Central Interior/Upper Coastal Plain Wet Flatwoods,Hardwood,189,118,9,8,D
1796,774111.000000000000000,47,2068,7,13060_47_48,East Gulf Coastal Plain Northern Loess Plain Oak-Hickory Upland,Hardwood,386,87,9,8,UE
1797,457805.000000000000000,47,2068,120,13060_47_48,East Gulf Coastal Plain Northern Loess Plain Oak-Hickory Upland,Hardwood,386,87,9,8,Developed
1798,1965.000000000000000,47,2068,3,13060_47_48,East Gulf Coastal Plain Northern Loess Plain Oak-Hickory Upland,Hardwood,386,87,9,8,C
1799,399398.000000000000000,47,2068,5,13060_47_48,East Gulf Coastal Plain Northern Loess Plain Oak-Hickory Upland,Hardwood,386,87,9,8,E
1800,113624.000000000000000,47,2068,4,13060_47_48,East Gulf Coastal Plain Northern Loess Plain Oak-Hickory Upland,Hardwood,386,87,9,8,D
1801,196.000000000000000,47,2083,3,14570_47_48,South-Central Interior/Upper Coastal Plain Wet Flatwoods,Hardwood,189,118,9,8,C
1802,49.000000000000000,53,2000,1,13050_53,Southern Interior Low Plateau Dry-Mesic Oak Forest,Hardwood,2,1007,15,2,A
1803,2.000000000000000,53,2008,132,13630_47_53,Central Interior Highlands Dry Acidic Glade and Barrens,Hardwood,29,16,7,4,Barren or Sparse
1804,1.000000000000000,53,2006,2,13520_53_54_57_59_60_61,Southern Appalachian Montane Pine Forest and Woodland,Conifer,88,101,5,5,B
1805,201.000000000000000,53,2010,3,13760_48_53_57_61,Southern Ridge and Valley/Cumberland Dry Calcareous Forest,Hardwood,187,109,8,7,C
1806,4539123.000000000000000,57,1819,5,13200_48_57_61,Central and Southern Appalachian Montane Oak Forest,Hardwood,147,95,33,21,E
1807,164353.000000000000000,57,1819,7,13200_48_57_61,Central and Southern Appalachian Montane Oak Forest,Hardwood,147,95,33,21,UE
1808,466658.000000000000000,57,1819,4,13200_48_57_61,Central and Southern Appalachian Montane Oak Forest,Hardwood,147,95,33,21,D
1809,274960.000000000000000,57,1819,120,13200_48_57_61,Central and Southern Appalachian Montane Oak Forest,Hardwood,147,95,33,21,Developed
1810,885194.000000000000000,57,1814,5,13090_53_57,Southern Appalachian Northern Hardwood Forest,Hardwood,681,665,341,169,E
1811,15627.000000000000000,57,1819,3,13200_48_57_61,Central and Southern Appalachian Montane Oak Forest,Hardwood,147,95,33,21,C
1812,7093.000000000000000,57,1819,1,13200_48_57_61,Central and Southern Appalachian Montane Oak Forest,Hardwood,147,95,33,21,A
1813,20940.000000000000000,57,1814,7,13090_53_57,Southern Appalachian Northern Hardwood Forest,Hardwood,681,665,341,169,UE
1814,264583.000000000000000,57,1819,180,13200_48_57_61,Central and Southern Appalachian Montane Oak Forest,Hardwood,147,95,33,21,Agriculture
1815,22098.000000000000000,57,1814,120,13090_53_57,Southern Appalachian Northern Hardwood Forest,Hardwood,681,665,341,169,Developed
1816,20804.000000000000000,57,1814,4,13090_53_57,Southern Appalachian Northern Hardwood Forest,Hardwood,681,665,341,169,D
1817,1569.000000000000000,57,1814,3,13090_53_57,Southern Appalachian Northern Hardwood Forest,Hardwood,681,665,341,169,C
1818,4852.000000000000000,57,1814,180,13090_53_57,Southern Appalachian Northern Hardwood Forest,Hardwood,681,665,341,169,Agriculture
1819,3161.000000000000000,57,1819,2,13200_48_57_61,Central and Southern Appalachian Montane Oak Forest,Hardwood,147,95,33,21,B
1820,1010.000000000000000,57,1826,4,14140_57,Southern Appalachian Grass and Shrub Bald,Grassland,280,341,-9999,154,D
1821,6980.000000000000000,57,1826,5,14140_57,Southern Appalachian Grass and Shrub Bald,Grassland,280,341,-9999,154,E
1822,580.000000000000000,57,1814,2,13090_53_57,Southern Appalachian Northern Hardwood Forest,Hardwood,681,665,341,169,B
1823,3087.000000000000000,57,1828,4,14720_53_54_57_59_60,Central Interior and Appalachian Riparian Systems,Riparian,997,-9999,202,168,D
1824,410.000000000000000,57,1826,180,14140_57,Southern Appalachian Grass and Shrub Bald,Grassland,280,341,-9999,154,Agriculture
1825,783.000000000000000,57,1828,132,14720_53_54_57_59_60,Central Interior and Appalachian Riparian Systems,Riparian,997,-9999,202,168,Barren or Sparse
1826,959.000000000000000,57,1819,132,13200_48_57_61,Central and Southern Appalachian Montane Oak Forest,Hardwood,147,95,33,21,Barren or Sparse
1827,949.000000000000000,57,1818,132,13180_57_59_61,Southern and Central Appalachian Cove Forest,Hardwood,994,498,100,77,Barren or Sparse
1828,2063.000000000000000,57,1825,132,13760_48_53_57_61,Southern Ridge and Valley/Cumberland Dry Calcareous Forest,Hardwood,187,109,8,7,Barren or Sparse
1829,2925.000000000000000,57,1827,5,14710_47_48_53_54_57_59_60_61_63,Central Interior and Appalachian Floodplain Systems,Riparian,613,392,121,80,E
1830,3647.000000000000000,57,1827,4,14710_47_48_53_54_57_59_60_61_63,Central Interior and Appalachian Floodplain Systems,Riparian,613,392,121,80,D
1831,2120483.000000000000000,57,1815,120,13150_48_53_57_59_61,Southern Appalachian Oak Forest,Hardwood,604,138,16,14,Developed
1832,14954158.000000000000000,57,1815,5,13150_48_53_57_59_61,Southern Appalachian Oak Forest,Hardwood,604,138,16,14,E
1833,1183658.000000000000000,57,1815,7,13150_48_53_57_59_61,Southern Appalachian Oak Forest,Hardwood,604,138,16,14,UE
1834,1775088.000000000000000,57,1815,180,13150_48_53_57_59_61,Southern Appalachian Oak Forest,Hardwood,604,138,16,14,Agriculture
1835,1702839.000000000000000,57,1815,4,13150_48_53_57_59_61,Southern Appalachian Oak Forest,Hardwood,604,138,16,14,D
1836,1029.000000000000000,57,1826,7,14140_57,Southern Appalachian Grass and Shrub Bald,Grassland,280,341,-9999,154,UE
1837,60560.000000000000000,57,1815,3,13150_48_53_57_59_61,Southern Appalachian Oak Forest,Hardwood,604,138,16,14,C
1838,32159.000000000000000,57,1815,1,13150_48_53_57_59_61,Southern Appalachian Oak Forest,Hardwood,604,138,16,14,A
1839,9648.000000000000000,57,1815,2,13150_48_53_57_59_61,Southern Appalachian Oak Forest,Hardwood,604,138,16,14,B
1840,298.000000000000000,53,2010,132,13760_48_53_57_61,Southern Ridge and Valley/Cumberland Dry Calcareous Forest,Hardwood,187,109,8,7,Barren or Sparse
1841,376.000000000000000,57,1827,132,14710_47_48_53_54_57_59_60_61_63,Central Interior and Appalachian Floodplain Systems,Riparian,613,392,121,80,Barren or Sparse
1842,52543.000000000000000,57,1822,180,13520_53_54_57_59_60_61,Southern Appalachian Montane Pine Forest and Woodland,Conifer,88,101,5,5,Agriculture
1843,167717.000000000000000,57,1822,4,13520_53_54_57_59_60_61,Southern Appalachian Montane Pine Forest and Woodland,Conifer,88,101,5,5,D
1844,71415.000000000000000,57,1822,7,13520_53_54_57_59_60_61,Southern Appalachian Montane Pine Forest and Woodland,Conifer,88,101,5,5,UE
1845,115020.000000000000000,57,1822,120,13520_53_54_57_59_60_61,Southern Appalachian Montane Pine Forest and Woodland,Conifer,88,101,5,5,Developed
1846,2384029.000000000000000,57,1822,5,13520_53_54_57_59_60_61,Southern Appalachian Montane Pine Forest and Woodland,Conifer,88,101,5,5,E
1847,5788.000000000000000,57,1822,3,13520_53_54_57_59_60_61,Southern Appalachian Montane Pine Forest and Woodland,Conifer,88,101,5,5,C
1848,23970.000000000000000,57,1823,180,13530_46_48_53_54_57_59_60_61,Southern Appalachian Low-Elevation Pine Forest,Conifer,153,66,9,7,Agriculture
1849,180548.000000000000000,57,1823,4,13530_46_48_53_54_57_59_60_61,Southern Appalachian Low-Elevation Pine Forest,Conifer,153,66,9,7,D
1850,2041048.000000000000000,57,1823,5,13530_46_48_53_54_57_59_60_61,Southern Appalachian Low-Elevation Pine Forest,Conifer,153,66,9,7,E
1851,89983.000000000000000,57,1823,7,13530_46_48_53_54_57_59_60_61,Southern Appalachian Low-Elevation Pine Forest,Conifer,153,66,9,7,UE
1852,131212.000000000000000,57,1823,120,13530_46_48_53_54_57_59_60_61,Southern Appalachian Low-Elevation Pine Forest,Conifer,153,66,9,7,Developed
1853,8054.000000000000000,57,1823,3,13530_46_48_53_54_57_59_60_61,Southern Appalachian Low-Elevation Pine Forest,Conifer,153,66,9,7,C
1854,3786.000000000000000,57,1822,1,13520_53_54_57_59_60_61,Southern Appalachian Montane Pine Forest and Woodland,Conifer,88,101,5,5,A
1855,2705.000000000000000,57,1822,2,13520_53_54_57_59_60_61,Southern Appalachian Montane Pine Forest and Woodland,Conifer,88,101,5,5,B
1856,3757.000000000000000,57,1815,132,13150_48_53_57_59_61,Southern Appalachian Oak Forest,Hardwood,604,138,16,14,Barren or Sparse
1857,234.000000000000000,57,1822,132,13520_53_54_57_59_60_61,Southern Appalachian Montane Pine Forest and Woodland,Conifer,88,101,5,5,Barren or Sparse
1858,407.000000000000000,57,1826,1,14140_57,Southern Appalachian Grass and Shrub Bald,Grassland,280,341,-9999,154,A
1859,744256.000000000000000,57,1824,2,13680_46_48_54_57_59_60_61,Southern Piedmont Dry Oak(-Pine) Forest,Hardwood-Conifer,325,235,5,5,B
1860,147216.000000000000000,57,1824,7,13680_46_48_54_57_59_60_61,Southern Piedmont Dry Oak(-Pine) Forest,Hardwood-Conifer,325,235,5,5,UE
1861,149786.000000000000000,57,1824,3,13680_46_48_54_57_59_60_61,Southern Piedmont Dry Oak(-Pine) Forest,Hardwood-Conifer,325,235,5,5,C
1862,102830.000000000000000,57,1824,5,13680_46_48_54_57_59_60_61,Southern Piedmont Dry Oak(-Pine) Forest,Hardwood-Conifer,325,235,5,5,E
1863,71885.000000000000000,57,1824,180,13680_46_48_54_57_59_60_61,Southern Piedmont Dry Oak(-Pine) Forest,Hardwood-Conifer,325,235,5,5,Agriculture
1864,144525.000000000000000,57,1824,120,13680_46_48_54_57_59_60_61,Southern Piedmont Dry Oak(-Pine) Forest,Hardwood-Conifer,325,235,5,5,Developed
1865,205.000000000000000,57,1824,4,13680_46_48_54_57_59_60_61,Southern Piedmont Dry Oak(-Pine) Forest,Hardwood-Conifer,325,235,5,5,D
1866,15.000000000000000,61,1871,2,13150_48_53_57_59_61,Southern Appalachian Oak Forest,Hardwood,604,138,16,14,B
1867,527.000000000000000,57,1823,2,13530_46_48_53_54_57_59_60_61,Southern Appalachian Low-Elevation Pine Forest,Conifer,153,66,9,7,B
1868,5554.000000000000000,59,1804,7,13150_48_53_57_59_61,Southern Appalachian Oak Forest,Hardwood,604,138,16,14,UE
1869,11694.000000000000000,59,1809,5,13520_53_54_57_59_60_61,Southern Appalachian Montane Pine Forest and Woodland,Conifer,88,101,5,5,E
1870,18.000000000000000,59,1804,2,13150_48_53_57_59_61,Southern Appalachian Oak Forest,Hardwood,604,138,16,14,B
1871,4167.000000000000000,57,1823,1,13530_46_48_53_54_57_59_60_61,Southern Appalachian Low-Elevation Pine Forest,Conifer,153,66,9,7,A
1872,520.000000000000000,59,1804,1,13150_48_53_57_59_61,Southern Appalachian Oak Forest,Hardwood,604,138,16,14,A
1873,416.000000000000000,59,1804,3,13150_48_53_57_59_61,Southern Appalachian Oak Forest,Hardwood,604,138,16,14,C
1874,6172.000000000000000,59,1804,180,13150_48_53_57_59_61,Southern Appalachian Oak Forest,Hardwood,604,138,16,14,Agriculture
1875,957.000000000000000,59,1809,7,13520_53_54_57_59_60_61,Southern Appalachian Montane Pine Forest and Woodland,Conifer,88,101,5,5,UE
1876,14936.000000000000000,59,1806,5,13180_57_59_61,Southern and Central Appalachian Cove Forest,Hardwood,994,498,100,77,E
1877,42.000000000000000,59,1809,3,13520_53_54_57_59_60_61,Southern Appalachian Montane Pine Forest and Woodland,Conifer,88,101,5,5,C
1878,3548.000000000000000,59,1806,4,13180_57_59_61,Southern and Central Appalachian Cove Forest,Hardwood,994,498,100,77,D
1879,271.000000000000000,59,1809,180,13520_53_54_57_59_60_61,Southern Appalachian Montane Pine Forest and Woodland,Conifer,88,101,5,5,Agriculture
1880,425.000000000000000,59,1809,120,13520_53_54_57_59_60_61,Southern Appalachian Montane Pine Forest and Woodland,Conifer,88,101,5,5,Developed
1881,3202.000000000000000,59,1806,7,13180_57_59_61,Southern and Central Appalachian Cove Forest,Hardwood,994,498,100,77,UE
1882,3371.000000000000000,59,1806,120,13180_57_59_61,Southern and Central Appalachian Cove Forest,Hardwood,994,498,100,77,Developed
1883,3547.000000000000000,59,1806,180,13180_57_59_61,Southern and Central Appalachian Cove Forest,Hardwood,994,498,100,77,Agriculture
1884,5.000000000000000,59,1806,2,13180_57_59_61,Southern and Central Appalachian Cove Forest,Hardwood,994,498,100,77,B
1885,82.000000000000000,59,1806,3,13180_57_59_61,Southern and Central Appalachian Cove Forest,Hardwood,994,498,100,77,C
1886,112.000000000000000,59,1806,1,13180_57_59_61,Southern and Central Appalachian Cove Forest,Hardwood,994,498,100,77,A
1887,61.000000000000000,59,1809,1,13520_53_54_57_59_60_61,Southern Appalachian Montane Pine Forest and Woodland,Conifer,88,101,5,5,A
1888,938.000000000000000,57,1824,132,13680_46_48_54_57_59_60_61,Southern Piedmont Dry Oak(-Pine) Forest,Hardwood-Conifer,325,235,5,5,Barren or Sparse
1889,2313.000000000000000,57,1824,1,13680_46_48_54_57_59_60_61,Southern Piedmont Dry Oak(-Pine) Forest,Hardwood-Conifer,325,235,5,5,A
1890,34843.000000000000000,59,1807,7,13420_59,Piedmont Hardpan Woodland and Forest,Hardwood,308,333,5,5,UE
1891,16067.000000000000000,59,1807,2,13420_59,Piedmont Hardpan Woodland and Forest,Hardwood,308,333,5,5,B
1892,8532.000000000000000,59,1807,3,13420_59,Piedmont Hardpan Woodland and Forest,Hardwood,308,333,5,5,C
1893,62204.000000000000000,59,1807,120,13420_59,Piedmont Hardpan Woodland and Forest,Hardwood,308,333,5,5,Developed
1894,43222.000000000000000,59,1807,180,13420_59,Piedmont Hardpan Woodland and Forest,Hardwood,308,333,5,5,Agriculture
1895,994.000000000000000,59,1807,5,13420_59,Piedmont Hardpan Woodland and Forest,Hardwood,308,333,5,5,E
1896,507.000000000000000,59,1807,1,13420_59,Piedmont Hardpan Woodland and Forest,Hardwood,308,333,5,5,A
1897,107937.000000000000000,59,1808,2,13510_48_54_59,Southeastern Interior Longleaf Pine Woodland,Conifer,552,299,3,3,B
1898,61825.000000000000000,59,1808,180,13510_48_54_59,Southeastern Interior Longleaf Pine Woodland,Conifer,552,299,3,3,Agriculture
1899,250.000000000000000,60,1859,6,14520_58_60,Atlantic Coastal Plain Peatland Pocosin and Canebrake,Riparian,14,16,-9999,7,UN
1900,3.000000000000000,60,1849,2,13610_58_60,Central Atlantic Coastal Plain Maritime Forest,Hardwood,357,119,113,50,B
1901,73.000000000000000,60,1859,2,14520_58_60,Atlantic Coastal Plain Peatland Pocosin and Canebrake,Riparian,14,16,-9999,7,B
1902,20.000000000000000,60,1859,132,14520_58_60,Atlantic Coastal Plain Peatland Pocosin and Canebrake,Riparian,14,16,-9999,7,Barren or Sparse
1903,61998.000000000000000,47,2086,1,14730_45_46_47_98_99,Gulf and Atlantic Coastal Plain Floodplain Systems,Riparian,115,-9999,100,53,A
1904,2717376.000000000000000,47,2086,180,14730_45_46_47_98_99,Gulf and Atlantic Coastal Plain Floodplain Systems,Riparian,115,-9999,100,53,Agriculture
1905,94760.000000000000000,47,2090,180,15090_45_47,Mississippi River Alluvial Plain Dry-Mesic Loess Slope Forest,Hardwood,479,106,88,44,Agriculture
1906,93896.000000000000000,47,2086,3,14730_45_46_47_98_99,Gulf and Atlantic Coastal Plain Floodplain Systems,Riparian,115,-9999,100,53,C
1907,1188431.000000000000000,47,2089,180,14800_47,Gulf and Atlantic Coastal Plain Swamp Systems,Riparian,-9999,-9999,219,219,Agriculture
1908,97557.000000000000000,47,2089,120,14800_47,Gulf and Atlantic Coastal Plain Swamp Systems,Riparian,-9999,-9999,219,219,Developed
1909,439562.000000000000000,47,2089,7,14800_47,Gulf and Atlantic Coastal Plain Swamp Systems,Riparian,-9999,-9999,219,219,UE
1910,5095.000000000000000,47,2089,2,14800_47,Gulf and Atlantic Coastal Plain Swamp Systems,Riparian,-9999,-9999,219,219,B
1911,573538.000000000000000,47,2089,3,14800_47,Gulf and Atlantic Coastal Plain Swamp Systems,Riparian,-9999,-9999,219,219,C
1912,35227.000000000000000,47,2089,1,14800_47,Gulf and Atlantic Coastal Plain Swamp Systems,Riparian,-9999,-9999,219,219,A
1913,1577816.000000000000000,47,2075,180,13270_45_46_47,East Gulf Coastal Plain Northern Loess Bluff Forest,Hardwood,394,356,152,84,Agriculture
1914,213293.000000000000000,47,2075,120,13270_45_46_47,East Gulf Coastal Plain Northern Loess Bluff Forest,Hardwood,394,356,152,84,Developed
1915,96197.000000000000000,47,2073,180,13250_46_47_48,East Gulf Coastal Plain Northern Mesic Hardwood Slope Forest,Hardwood,404,159,52,36,Agriculture
1916,7027.000000000000000,47,2090,120,15090_45_47,Mississippi River Alluvial Plain Dry-Mesic Loess Slope Forest,Hardwood,479,106,88,44,Developed
1917,152967.000000000000000,47,2075,3,13270_45_46_47,East Gulf Coastal Plain Northern Loess Bluff Forest,Hardwood,394,356,152,84,C
1918,343646.000000000000000,47,2075,7,13270_45_46_47,East Gulf Coastal Plain Northern Loess Bluff Forest,Hardwood,394,356,152,84,UE
1919,53467.000000000000000,47,2089,6,14800_47,Gulf and Atlantic Coastal Plain Swamp Systems,Riparian,-9999,-9999,219,219,UN
1920,34485.000000000000000,47,2082,180,14270_47,East Gulf Coastal Plain Jackson Plain Prairie and Barrens,Grassland,18,34,12,6,Agriculture
1921,10655.000000000000000,47,2082,120,14270_47,East Gulf Coastal Plain Jackson Plain Prairie and Barrens,Grassland,18,34,12,6,Developed
1922,11832.000000000000000,47,2082,7,14270_47,East Gulf Coastal Plain Jackson Plain Prairie and Barrens,Grassland,18,34,12,6,UE
1923,428.000000000000000,47,2082,4,14270_47,East Gulf Coastal Plain Jackson Plain Prairie and Barrens,Grassland,18,34,12,6,D
1924,3256.000000000000000,47,2082,5,14270_47,East Gulf Coastal Plain Jackson Plain Prairie and Barrens,Grassland,18,34,12,6,E
1925,118.000000000000000,47,2082,1,14270_47,East Gulf Coastal Plain Jackson Plain Prairie and Barrens,Grassland,18,34,12,6,A
1926,1472835.000000000000000,47,2069,7,13070_46_47_48,East Gulf Coastal Plain Northern Dry Upland Hardwood Forest,Hardwood,388,89,9,8,UE
1927,883.000000000000000,47,2068,1,13060_47_48,East Gulf Coastal Plain Northern Loess Plain Oak-Hickory Upland,Hardwood,386,87,9,8,A
1928,16111.000000000000000,47,2077,7,13570_46_47_55_58_99,Southern Coastal Plain Mesic Slope Forest,Hardwood,402,159,52,35,UE
1929,1447.000000000000000,47,2082,6,14270_47,East Gulf Coastal Plain Jackson Plain Prairie and Barrens,Grassland,18,34,12,6,UN
1930,456417.000000000000000,47,2069,120,13070_46_47_48,East Gulf Coastal Plain Northern Dry Upland Hardwood Forest,Hardwood,388,89,9,8,Developed
1931,1537166.000000000000000,47,2069,180,13070_46_47_48,East Gulf Coastal Plain Northern Dry Upland Hardwood Forest,Hardwood,388,89,9,8,Agriculture
1932,649204.000000000000000,47,2069,5,13070_46_47_48,East Gulf Coastal Plain Northern Dry Upland Hardwood Forest,Hardwood,388,89,9,8,E
1933,80.000000000000000,47,2083,2,14570_47_48,South-Central Interior/Upper Coastal Plain Wet Flatwoods,Hardwood,189,118,9,8,B
1934,15.000000000000000,47,2083,132,14570_47_48,South-Central Interior/Upper Coastal Plain Wet Flatwoods,Hardwood,189,118,9,8,Barren or Sparse
1935,2482.000000000000000,47,2077,3,13570_46_47_55_58_99,Southern Coastal Plain Mesic Slope Forest,Hardwood,402,159,52,35,C
1936,176281.000000000000000,47,2069,4,13070_46_47_48,East Gulf Coastal Plain Northern Dry Upland Hardwood Forest,Hardwood,388,89,9,8,D
1937,41.000000000000000,47,2082,3,14270_47,East Gulf Coastal Plain Jackson Plain Prairie and Barrens,Grassland,18,34,12,6,C
1938,320.000000000000000,47,2077,1,13570_46_47_55_58_99,Southern Coastal Plain Mesic Slope Forest,Hardwood,402,159,52,35,A
1939,403.000000000000000,47,2068,132,13060_47_48,East Gulf Coastal Plain Northern Loess Plain Oak-Hickory Upland,Hardwood,386,87,9,8,Barren or Sparse
1940,6521.000000000000000,47,2087,180,14740_46_47_48_55_56_58_60_99,Gulf and Atlantic Coastal Plain Small Stream Riparian Systems,Riparian,477,202,131,68,Agriculture
1941,2673.000000000000000,47,2087,7,14740_46_47_48_55_56_58_60_99,Gulf and Atlantic Coastal Plain Small Stream Riparian Systems,Riparian,477,202,131,68,UE
1942,356.000000000000000,47,2087,2,14740_46_47_48_55_56_58_60_99,Gulf and Atlantic Coastal Plain Small Stream Riparian Systems,Riparian,477,202,131,68,B
1943,152.000000000000000,47,2087,3,14740_46_47_48_55_56_58_60_99,Gulf and Atlantic Coastal Plain Small Stream Riparian Systems,Riparian,477,202,131,68,C
1944,1920.000000000000000,47,2077,2,13570_46_47_55_58_99,Southern Coastal Plain Mesic Slope Forest,Hardwood,402,159,52,35,B
1945,305.000000000000000,47,2073,1,13250_46_47_48,East Gulf Coastal Plain Northern Mesic Hardwood Slope Forest,Hardwood,404,159,52,36,A
1946,320.000000000000000,47,2087,120,14740_46_47_48_55_56_58_60_99,Gulf and Atlantic Coastal Plain Small Stream Riparian Systems,Riparian,477,202,131,68,Developed
1947,17.000000000000000,47,2087,1,14740_46_47_48_55_56_58_60_99,Gulf and Atlantic Coastal Plain Small Stream Riparian Systems,Riparian,477,202,131,68,A
1948,51.000000000000000,47,2087,5,14740_46_47_48_55_56_58_60_99,Gulf and Atlantic Coastal Plain Small Stream Riparian Systems,Riparian,477,202,131,68,E
1949,38.000000000000000,47,2068,2,13060_47_48,East Gulf Coastal Plain Northern Loess Plain Oak-Hickory Upland,Hardwood,386,87,9,8,B
1950,100123.000000000000000,47,2075,2,13270_45_46_47,East Gulf Coastal Plain Northern Loess Bluff Forest,Hardwood,394,356,152,84,B
1951,27767.000000000000000,47,2075,5,13270_45_46_47,East Gulf Coastal Plain Northern Loess Bluff Forest,Hardwood,394,356,152,84,E
1952,6934.000000000000000,47,2075,4,13270_45_46_47,East Gulf Coastal Plain Northern Loess Bluff Forest,Hardwood,394,356,152,84,D
1953,3525.000000000000000,47,2090,3,15090_45_47,Mississippi River Alluvial Plain Dry-Mesic Loess Slope Forest,Hardwood,479,106,88,44,C
1954,86.000000000000000,47,2077,4,13570_46_47_55_58_99,Southern Coastal Plain Mesic Slope Forest,Hardwood,402,159,52,35,D
1955,1596.000000000000000,47,2090,4,15090_45_47,Mississippi River Alluvial Plain Dry-Mesic Loess Slope Forest,Hardwood,479,106,88,44,D
1956,320.000000000000000,47,2077,5,13570_46_47_55_58_99,Southern Coastal Plain Mesic Slope Forest,Hardwood,402,159,52,35,E
1957,797.000000000000000,47,2073,5,13250_46_47_48,East Gulf Coastal Plain Northern Mesic Hardwood Slope Forest,Hardwood,404,159,52,36,E
1958,830.000000000000000,47,2075,1,13270_45_46_47,East Gulf Coastal Plain Northern Loess Bluff Forest,Hardwood,394,356,152,84,A
1959,335.000000000000000,47,2090,1,15090_45_47,Mississippi River Alluvial Plain Dry-Mesic Loess Slope Forest,Hardwood,479,106,88,44,A
1960,369.000000000000000,47,2086,132,14730_45_46_47_98_99,Gulf and Atlantic Coastal Plain Floodplain Systems,Riparian,115,-9999,100,53,Barren or Sparse
1961,358.000000000000000,47,2082,132,14270_47,East Gulf Coastal Plain Jackson Plain Prairie and Barrens,Grassland,18,34,12,6,Barren or Sparse
1962,36.000000000000000,47,2089,132,14800_47,Gulf and Atlantic Coastal Plain Swamp Systems,Riparian,-9999,-9999,219,219,Barren or Sparse
1963,4.000000000000000,47,2090,132,15090_45_47,Mississippi River Alluvial Plain Dry-Mesic Loess Slope Forest,Hardwood,479,106,88,44,Barren or Sparse
1964,2493.000000000000000,47,2069,1,13070_46_47_48,East Gulf Coastal Plain Northern Dry Upland Hardwood Forest,Hardwood,388,89,9,8,A
1965,11.000000000000000,47,2073,132,13250_46_47_48,East Gulf Coastal Plain Northern Mesic Hardwood Slope Forest,Hardwood,404,159,52,36,Barren or Sparse
1966,4.000000000000000,53,2003,6,13170_48_53,Allegheny-Cumberland Dry Oak Forest and Woodland,Hardwood,91,1199,6,6,UN
1967,12.000000000000000,53,2010,1,13760_48_53_57_61,Southern Ridge and Valley/Cumberland Dry Calcareous Forest,Hardwood,187,109,8,7,A
1968,300547.000000000000000,57,1820,180,13210_47_48_53_57,South-Central Interior Mesophytic Forest,Hardwood,869,534,86,68,Agriculture
1969,1647.000000000000000,57,1820,4,13210_47_48_53_57,South-Central Interior Mesophytic Forest,Hardwood,869,534,86,68,D
1970,1869.000000000000000,57,1820,6,13210_47_48_53_57,South-Central Interior Mesophytic Forest,Hardwood,869,534,86,68,UN
1971,481.000000000000000,57,1820,132,13210_47_48_53_57,South-Central Interior Mesophytic Forest,Hardwood,869,534,86,68,Barren or Sparse
1972,85.000000000000000,57,31,132,0,Barren-Rock/Sand/Clay,Barren-Rock/Sand/Clay,-9999,-9999,-9999,-9999,Barren or Sparse
1973,197673.000000000000000,57,1821,5,13500_57,Central and Southern Appalachian Spruce-Fir Forest,Conifer,1000,1155,-9999,536,E
1974,2621.000000000000000,57,1821,7,13500_57,Central and Southern Appalachian Spruce-Fir Forest,Conifer,1000,1155,-9999,536,UE
1975,952.000000000000000,57,1821,180,13500_57,Central and Southern Appalachian Spruce-Fir Forest,Conifer,1000,1155,-9999,536,Agriculture
1976,4870.000000000000000,57,1814,1,13090_53_57,Southern Appalachian Northern Hardwood Forest,Hardwood,681,665,341,169,A
1977,10378.000000000000000,57,1821,4,13500_57,Central and Southern Appalachian Spruce-Fir Forest,Conifer,1000,1155,-9999,536,D
1978,1496.000000000000000,57,1821,3,13500_57,Central and Southern Appalachian Spruce-Fir Forest,Conifer,1000,1155,-9999,536,C
1979,1551.000000000000000,57,1821,2,13500_57,Central and Southern Appalachian Spruce-Fir Forest,Conifer,1000,1155,-9999,536,B
1980,2130.000000000000000,57,1821,1,13500_57,Central and Southern Appalachian Spruce-Fir Forest,Conifer,1000,1155,-9999,536,A
1981,903.000000000000000,57,1826,120,14140_57,Southern Appalachian Grass and Shrub Bald,Grassland,280,341,-9999,154,Developed
1982,2961.000000000000000,57,1821,120,13500_57,Central and Southern Appalachian Spruce-Fir Forest,Conifer,1000,1155,-9999,536,Developed
1983,2.000000000000000,57,1821,132,13500_57,Central and Southern Appalachian Spruce-Fir Forest,Conifer,1000,1155,-9999,536,Barren or Sparse
1984,277.000000000000000,57,1823,132,13530_46_48_53_54_57_59_60_61,Southern Appalachian Low-Elevation Pine Forest,Conifer,153,66,9,7,Barren or Sparse
1985,11.000000000000000,57,1826,3,14140_57,Southern Appalachian Grass and Shrub Bald,Grassland,280,341,-9999,154,C
1986,1.000000000000000,59,1809,2,13520_53_54_57_59_60_61,Southern Appalachian Montane Pine Forest and Woodland,Conifer,88,101,5,5,B
1987,6.000000000000000,59,31,132,0,Barren-Rock/Sand/Clay,Barren-Rock/Sand/Clay,-9999,-9999,-9999,-9999,Barren or Sparse
1988,13079.000000000000000,57,1816,180,13160_54_57_59_61,Southern Piedmont Mesic Forest,Hardwood,510,348,52,42,Agriculture
1989,163269.000000000000000,57,1816,2,13160_54_57_59_61,Southern Piedmont Mesic Forest,Hardwood,510,348,52,42,B
1990,35593.000000000000000,57,1816,3,13160_54_57_59_61,Southern Piedmont Mesic Forest,Hardwood,510,348,52,42,C
1991,5.000000000000000,59,1804,132,13150_48_53_57_59_61,Southern Appalachian Oak Forest,Hardwood,604,138,16,14,Barren or Sparse
1992,652.000000000000000,59,1807,132,13420_59,Piedmont Hardpan Woodland and Forest,Hardwood,308,333,5,5,Barren or Sparse
1993,2413.000000000000000,59,1808,1,13510_48_54_59,Southeastern Interior Longleaf Pine Woodland,Conifer,552,299,3,3,A
1994,59.000000000000000,47,2075,132,13270_45_46_47,East Gulf Coastal Plain Northern Loess Bluff Forest,Hardwood,394,356,152,84,Barren or Sparse
1995,1973.000000000000000,47,2069,3,13070_46_47_48,East Gulf Coastal Plain Northern Dry Upland Hardwood Forest,Hardwood,388,89,9,8,C
1996,46.000000000000000,47,2069,2,13070_46_47_48,East Gulf Coastal Plain Northern Dry Upland Hardwood Forest,Hardwood,388,89,9,8,B
1997,1724.000000000000000,47,2069,132,13070_46_47_48,East Gulf Coastal Plain Northern Dry Upland Hardwood Forest,Hardwood,388,89,9,8,Barren or Sparse
1998,6363968.000000000000000,48,2114,180,14720_44_46_47_48,Central Interior and Appalachian Riparian Systems,Riparian,990,-9999,200,167,Agriculture
1999,195099.000000000000000,48,2116,180,14790_41_42_47_48_50_51_53,Central Interior and Appalachian Swamp Systems,Riparian,987,-9999,-9999,987,Agriculture
2000,6644019.000000000000000,48,2092,180,13050_47_48,Southern Interior Low Plateau Dry-Mesic Oak Forest,Hardwood,6,199,21,4,Agriculture
2001,3003.000000000000000,48,2100,3,13250_46_47_48,East Gulf Coastal Plain Northern Mesic Hardwood Slope Forest,Hardwood,404,159,52,36,C
2002,7136.000000000000000,48,2100,180,13250_46_47_48,East Gulf Coastal Plain Northern Mesic Hardwood Slope Forest,Hardwood,404,159,52,36,Agriculture
2003,4658.000000000000000,48,2100,2,13250_46_47_48,East Gulf Coastal Plain Northern Mesic Hardwood Slope Forest,Hardwood,404,159,52,36,B
2004,11363.000000000000000,48,2100,7,13250_46_47_48,East Gulf Coastal Plain Northern Mesic Hardwood Slope Forest,Hardwood,404,159,52,36,UE
2005,2683512.000000000000000,48,2114,7,14720_44_46_47_48,Central Interior and Appalachian Riparian Systems,Riparian,990,-9999,200,167,UE
2006,4282690.000000000000000,48,2114,2,14720_44_46_47_48,Central Interior and Appalachian Riparian Systems,Riparian,990,-9999,200,167,B
2007,64787.000000000000000,48,2116,7,14790_41_42_47_48_50_51_53,Central Interior and Appalachian Swamp Systems,Riparian,987,-9999,-9999,987,UE
2008,941323.000000000000000,48,2099,7,13210_47_48_53_57,South-Central Interior Mesophytic Forest,Hardwood,869,534,86,68,UE
2009,821387.000000000000000,48,2099,180,13210_47_48_53_57,South-Central Interior Mesophytic Forest,Hardwood,869,534,86,68,Agriculture
2010,592984.000000000000000,48,2099,120,13210_47_48_53_57,South-Central Interior Mesophytic Forest,Hardwood,869,534,86,68,Developed
2011,2331916.000000000000000,48,2114,120,14720_44_46_47_48,Central Interior and Appalachian Riparian Systems,Riparian,990,-9999,200,167,Developed
2012,124073.000000000000000,48,2116,3,14790_41_42_47_48_50_51_53,Central Interior and Appalachian Swamp Systems,Riparian,987,-9999,-9999,987,C
2013,2314230.000000000000000,48,2114,3,14720_44_46_47_48,Central Interior and Appalachian Riparian Systems,Riparian,990,-9999,200,167,C
2014,2133997.000000000000000,48,11,111,0,Open Water,Open Water,-9999,-9999,-9999,-9999,Water
2015,2822743.000000000000000,48,2092,120,13050_47_48,Southern Interior Low Plateau Dry-Mesic Oak Forest,Hardwood,6,199,21,4,Developed
2016,211724.000000000000000,48,2114,1,14720_44_46_47_48,Central Interior and Appalachian Riparian Systems,Riparian,990,-9999,200,167,A
2017,5805.000000000000000,48,2100,120,13250_46_47_48,East Gulf Coastal Plain Northern Mesic Hardwood Slope Forest,Hardwood,404,159,52,36,Developed
2018,25989.000000000000000,48,2099,6,13210_47_48_53_57,South-Central Interior Mesophytic Forest,Hardwood,869,534,86,68,UN
2019,3100399.000000000000000,48,2099,2,13210_47_48_53_57,South-Central Interior Mesophytic Forest,Hardwood,869,534,86,68,B
2020,19236.000000000000000,48,2112,180,14570_47_48,South-Central Interior/Upper Coastal Plain Wet Flatwoods,Hardwood,189,118,9,8,Agriculture
2021,87.000000000000000,48,2100,1,13250_46_47_48,East Gulf Coastal Plain Northern Mesic Hardwood Slope Forest,Hardwood,404,159,52,36,A
2022,349048.000000000000000,48,2107,180,13970_48,Nashville Basin Limestone Glade and Woodland,Savanna,40,13,5,3,Agriculture
2023,6909871.000000000000000,48,2092,3,13050_47_48,Southern Interior Low Plateau Dry-Mesic Oak Forest,Hardwood,6,199,21,4,C
2024,2127784.000000000000000,48,2092,7,13050_47_48,Southern Interior Low Plateau Dry-Mesic Oak Forest,Hardwood,6,199,21,4,UE
2025,2401.000000000000000,48,2116,6,14790_41_42_47_48_50_51_53,Central Interior and Appalachian Swamp Systems,Riparian,987,-9999,-9999,987,UN
2026,67480.000000000000000,48,2116,120,14790_41_42_47_48_50_51_53,Central Interior and Appalachian Swamp Systems,Riparian,987,-9999,-9999,987,Developed
2027,8413.000000000000000,48,2112,120,14570_47_48,South-Central Interior/Upper Coastal Plain Wet Flatwoods,Hardwood,189,118,9,8,Developed
2028,22076.000000000000000,48,2092,1,13050_47_48,Southern Interior Low Plateau Dry-Mesic Oak Forest,Hardwood,6,199,21,4,A
2029,1391.000000000000000,48,2114,4,14720_44_46_47_48,Central Interior and Appalachian Riparian Systems,Riparian,990,-9999,200,167,D
2030,65.000000000000000,48,2100,5,13250_46_47_48,East Gulf Coastal Plain Northern Mesic Hardwood Slope Forest,Hardwood,404,159,52,36,E
2031,181411.000000000000000,48,2107,7,13970_48,Nashville Basin Limestone Glade and Woodland,Savanna,40,13,5,3,UE
2032,392896.000000000000000,48,2107,5,13970_48,Nashville Basin Limestone Glade and Woodland,Savanna,40,13,5,3,E
2033,15883.000000000000000,48,2099,1,13210_47_48_53_57,South-Central Interior Mesophytic Forest,Hardwood,869,534,86,68,A
2034,299481.000000000000000,48,2107,120,13970_48,Nashville Basin Limestone Glade and Woodland,Savanna,40,13,5,3,Developed
2035,6272.000000000000000,48,2112,7,14570_47_48,South-Central Interior/Upper Coastal Plain Wet Flatwoods,Hardwood,189,118,9,8,UE
2036,1470.000000000000000,48,2107,1,13970_48,Nashville Basin Limestone Glade and Woodland,Savanna,40,13,5,3,A
2037,21333.000000000000000,48,2112,5,14570_47_48,South-Central Interior/Upper Coastal Plain Wet Flatwoods,Hardwood,189,118,9,8,E
2038,42104.000000000000000,48,2094,4,13070_46_47_48,East Gulf Coastal Plain Northern Dry Upland Hardwood Forest,Hardwood,388,89,9,8,D
2039,74771.000000000000000,48,2094,180,13070_46_47_48,East Gulf Coastal Plain Northern Dry Upland Hardwood Forest,Hardwood,388,89,9,8,Agriculture
2040,4015.000000000000000,48,2112,4,14570_47_48,South-Central Interior/Upper Coastal Plain Wet Flatwoods,Hardwood,189,118,9,8,D
2041,21283.000000000000000,48,2094,120,13070_46_47_48,East Gulf Coastal Plain Northern Dry Upland Hardwood Forest,Hardwood,388,89,9,8,Developed
2042,67726.000000000000000,48,2094,7,13070_46_47_48,East Gulf Coastal Plain Northern Dry Upland Hardwood Forest,Hardwood,388,89,9,8,UE
2043,97527.000000000000000,48,2094,5,13070_46_47_48,East Gulf Coastal Plain Northern Dry Upland Hardwood Forest,Hardwood,388,89,9,8,E
2044,282.000000000000000,48,2112,1,14570_47_48,South-Central Interior/Upper Coastal Plain Wet Flatwoods,Hardwood,189,118,9,8,A
2045,247064.000000000000000,48,2103,120,13510_48_54_59,Southeastern Interior Longleaf Pine Woodland,Conifer,552,299,3,3,Developed
2046,181707.000000000000000,48,2114,5,14720_44_46_47_48,Central Interior and Appalachian Riparian Systems,Riparian,990,-9999,200,167,E
2047,444240.000000000000000,48,2099,3,13210_47_48_53_57,South-Central Interior Mesophytic Forest,Hardwood,869,534,86,68,C
2048,519778.000000000000000,48,2103,7,13510_48_54_59,Southeastern Interior Longleaf Pine Woodland,Conifer,552,299,3,3,UE
2049,5360.000000000000000,48,2092,132,13050_47_48,Southern Interior Low Plateau Dry-Mesic Oak Forest,Hardwood,6,199,21,4,Barren or Sparse
2050,7991.000000000000000,48,2114,132,14720_44_46_47_48,Central Interior and Appalachian Riparian Systems,Riparian,990,-9999,200,167,Barren or Sparse
2051,21167.000000000000000,48,2113,120,14710_47_48_53_54_57_59_60_61_63,Central Interior and Appalachian Floodplain Systems,Riparian,613,392,121,80,Developed
2052,1854.000000000000000,48,2116,2,14790_41_42_47_48_50_51_53,Central Interior and Appalachian Swamp Systems,Riparian,987,-9999,-9999,987,B
2053,2866568.000000000000000,48,2106,7,13760_48_53_57_61,Southern Ridge and Valley/Cumberland Dry Calcareous Forest,Hardwood,187,109,8,7,UE
2054,4424425.000000000000000,48,2106,5,13760_48_53_57_61,Southern Ridge and Valley/Cumberland Dry Calcareous Forest,Hardwood,187,109,8,7,E
2055,398215.000000000000000,48,2103,2,13510_48_54_59,Southeastern Interior Longleaf Pine Woodland,Conifer,552,299,3,3,B
2056,2370500.000000000000000,48,2106,120,13760_48_53_57_61,Southern Ridge and Valley/Cumberland Dry Calcareous Forest,Hardwood,187,109,8,7,Developed
2057,53566.000000000000000,48,2092,5,13050_47_48,Southern Interior Low Plateau Dry-Mesic Oak Forest,Hardwood,6,199,21,4,E
2058,6461817.000000000000000,48,2096,4,13170_48_53,Allegheny-Cumberland Dry Oak Forest and Woodland,Hardwood,91,1199,6,6,D
2059,1868253.000000000000000,48,2096,120,13170_48_53,Allegheny-Cumberland Dry Oak Forest and Woodland,Hardwood,91,1199,6,6,Developed
2060,4076159.000000000000000,48,2096,5,13170_48_53,Allegheny-Cumberland Dry Oak Forest and Woodland,Hardwood,91,1199,6,6,E
2061,3433462.000000000000000,48,2096,7,13170_48_53,Allegheny-Cumberland Dry Oak Forest and Woodland,Hardwood,91,1199,6,6,UE
2062,1723469.000000000000000,48,2106,6,13760_48_53_57_61,Southern Ridge and Valley/Cumberland Dry Calcareous Forest,Hardwood,187,109,8,7,UN
2063,1268087.000000000000000,48,2096,3,13170_48_53,Allegheny-Cumberland Dry Oak Forest and Woodland,Hardwood,91,1199,6,6,C
2064,3058130.000000000000000,48,2096,180,13170_48_53,Allegheny-Cumberland Dry Oak Forest and Woodland,Hardwood,91,1199,6,6,Agriculture
2065,156467.000000000000000,48,2103,180,13510_48_54_59,Southeastern Interior Longleaf Pine Woodland,Conifer,552,299,3,3,Agriculture
2066,1302.000000000000000,48,2092,2,13050_47_48,Southern Interior Low Plateau Dry-Mesic Oak Forest,Hardwood,6,199,21,4,B
2067,2944707.000000000000000,48,2106,180,13760_48_53_57_61,Southern Ridge and Valley/Cumberland Dry Calcareous Forest,Hardwood,187,109,8,7,Agriculture
2068,63790.000000000000000,48,2113,180,14710_47_48_53_54_57_59_60_61_63,Central Interior and Appalachian Floodplain Systems,Riparian,613,392,121,80,Agriculture
2069,33664.000000000000000,48,2113,3,14710_47_48_53_54_57_59_60_61_63,Central Interior and Appalachian Floodplain Systems,Riparian,613,392,121,80,C
2070,5541.000000000000000,48,2113,6,14710_47_48_53_54_57_59_60_61_63,Central Interior and Appalachian Floodplain Systems,Riparian,613,392,121,80,UN
2071,454519.000000000000000,48,2104,180,13530_46_48_53_54_57_59_60_61,Southern Appalachian Low-Elevation Pine Forest,Conifer,153,66,9,7,Agriculture
2072,23012.000000000000000,48,2115,180,14740_46_47_48_55_56_58_60_99,Gulf and Atlantic Coastal Plain Small Stream Riparian Systems,Riparian,477,202,131,68,Agriculture
2073,42539.000000000000000,48,2115,3,14740_46_47_48_55_56_58_60_99,Gulf and Atlantic Coastal Plain Small Stream Riparian Systems,Riparian,477,202,131,68,C
2074,82476.000000000000000,48,2115,2,14740_46_47_48_55_56_58_60_99,Gulf and Atlantic Coastal Plain Small Stream Riparian Systems,Riparian,477,202,131,68,B
2075,32192.000000000000000,48,2115,7,14740_46_47_48_55_56_58_60_99,Gulf and Atlantic Coastal Plain Small Stream Riparian Systems,Riparian,477,202,131,68,UE
2076,10005.000000000000000,48,2115,120,14740_46_47_48_55_56_58_60_99,Gulf and Atlantic Coastal Plain Small Stream Riparian Systems,Riparian,477,202,131,68,Developed
2077,516.000000000000000,48,2113,1,14710_47_48_53_54_57_59_60_61_63,Central Interior and Appalachian Floodplain Systems,Riparian,613,392,121,80,A
2078,25647.000000000000000,48,2113,7,14710_47_48_53_54_57_59_60_61_63,Central Interior and Appalachian Floodplain Systems,Riparian,613,392,121,80,UE
2079,2663.000000000000000,48,2115,1,14740_46_47_48_55_56_58_60_99,Gulf and Atlantic Coastal Plain Small Stream Riparian Systems,Riparian,477,202,131,68,A
2080,168348.000000000000000,48,2106,4,13760_48_53_57_61,Southern Ridge and Valley/Cumberland Dry Calcareous Forest,Hardwood,187,109,8,7,D
2081,5997.000000000000000,48,2103,1,13510_48_54_59,Southeastern Interior Longleaf Pine Woodland,Conifer,552,299,3,3,A
2082,4493.000000000000000,48,2113,2,14710_47_48_53_54_57_59_60_61_63,Central Interior and Appalachian Floodplain Systems,Riparian,613,392,121,80,B
2083,44436.000000000000000,48,2106,3,13760_48_53_57_61,Southern Ridge and Valley/Cumberland Dry Calcareous Forest,Hardwood,187,109,8,7,C
2084,503097.000000000000000,48,2104,7,13530_46_48_53_54_57_59_60_61,Southern Appalachian Low-Elevation Pine Forest,Conifer,153,66,9,7,UE
2085,904.000000000000000,48,2094,3,13070_46_47_48,East Gulf Coastal Plain Northern Dry Upland Hardwood Forest,Hardwood,388,89,9,8,C
2086,396.000000000000000,48,2094,1,13070_46_47_48,East Gulf Coastal Plain Northern Dry Upland Hardwood Forest,Hardwood,388,89,9,8,A
2087,15554.000000000000000,48,2106,2,13760_48_53_57_61,Southern Ridge and Valley/Cumberland Dry Calcareous Forest,Hardwood,187,109,8,7,B
2088,45.000000000000000,48,2107,4,13970_48,Nashville Basin Limestone Glade and Woodland,Savanna,40,13,5,3,D
2089,305.000000000000000,48,31,132,0,Barren-Rock/Sand/Clay,Barren-Rock/Sand/Clay,-9999,-9999,-9999,-9999,Barren or Sparse
2090,187401.000000000000000,48,2104,4,13530_46_48_53_54_57_59_60_61,Southern Appalachian Low-Elevation Pine Forest,Conifer,153,66,9,7,D
2091,373.000000000000000,48,2092,4,13050_47_48,Southern Interior Low Plateau Dry-Mesic Oak Forest,Hardwood,6,199,21,4,D
2092,1209.000000000000000,48,2093,120,13060_47_48,East Gulf Coastal Plain Northern Loess Plain Oak-Hickory Upland,Hardwood,386,87,9,8,Developed
2093,388803.000000000000000,48,2104,5,13530_46_48_53_54_57_59_60_61,Southern Appalachian Low-Elevation Pine Forest,Conifer,153,66,9,7,E
2094,372892.000000000000000,48,2104,120,13530_46_48_53_54_57_59_60_61,Southern Appalachian Low-Elevation Pine Forest,Conifer,153,66,9,7,Developed
2095,26.000000000000000,48,2112,2,14570_47_48,South-Central Interior/Upper Coastal Plain Wet Flatwoods,Hardwood,189,118,9,8,B
2096,171.000000000000000,48,2116,132,14790_41_42_47_48_50_51_53,Central Interior and Appalachian Swamp Systems,Riparian,987,-9999,-9999,987,Barren or Sparse
2097,225.000000000000000,48,2107,2,13970_48,Nashville Basin Limestone Glade and Woodland,Savanna,40,13,5,3,B
2098,18.000000000000000,48,2107,3,13970_48,Nashville Basin Limestone Glade and Woodland,Savanna,40,13,5,3,C
2099,1682.000000000000000,48,2107,132,13970_48,Nashville Basin Limestone Glade and Woodland,Savanna,40,13,5,3,Barren or Sparse
2100,33488.000000000000000,48,2095,180,13150_48_53_57_59_61,Southern Appalachian Oak Forest,Hardwood,604,138,16,14,Agriculture
2101,34515.000000000000000,48,2095,7,13150_48_53_57_59_61,Southern Appalachian Oak Forest,Hardwood,604,138,16,14,UE
2102,15477.000000000000000,48,2095,120,13150_48_53_57_59_61,Southern Appalachian Oak Forest,Hardwood,604,138,16,14,Developed
2103,102931.000000000000000,48,2095,5,13150_48_53_57_59_61,Southern Appalachian Oak Forest,Hardwood,604,138,16,14,E
2104,1377.000000000000000,48,2099,4,13210_47_48_53_57,South-Central Interior Mesophytic Forest,Hardwood,869,534,86,68,D
2105,61105.000000000000000,48,2111,120,14170_48,Eastern Highland Rim Prairie and Barrens,Grassland,18,34,12,6,Developed
2106,82289.000000000000000,48,2111,6,14170_48,Eastern Highland Rim Prairie and Barrens,Grassland,18,34,12,6,UN
2107,155686.000000000000000,48,2111,180,14170_48,Eastern Highland Rim Prairie and Barrens,Grassland,18,34,12,6,Agriculture
2108,45564.000000000000000,48,2111,7,14170_48,Eastern Highland Rim Prairie and Barrens,Grassland,18,34,12,6,UE
2109,4000.000000000000000,48,2099,132,13210_47_48_53_57,South-Central Interior Mesophytic Forest,Hardwood,869,534,86,68,Barren or Sparse
2110,7710.000000000000000,48,2106,132,13760_48_53_57_61,Southern Ridge and Valley/Cumberland Dry Calcareous Forest,Hardwood,187,109,8,7,Barren or Sparse
2111,759.000000000000000,48,2113,4,14710_47_48_53_54_57_59_60_61_63,Central Interior and Appalachian Floodplain Systems,Riparian,613,392,121,80,D
2112,26013.000000000000000,48,2096,132,13170_48_53,Allegheny-Cumberland Dry Oak Forest and Woodland,Hardwood,91,1199,6,6,Barren or Sparse
2113,939.000000000000000,48,2113,5,14710_47_48_53_54_57_59_60_61_63,Central Interior and Appalachian Floodplain Systems,Riparian,613,392,121,80,E
2114,109759.000000000000000,48,2103,3,13510_48_54_59,Southeastern Interior Longleaf Pine Woodland,Conifer,552,299,3,3,C
2115,3498.000000000000000,48,2115,5,14740_46_47_48_55_56_58_60_99,Gulf and Atlantic Coastal Plain Small Stream Riparian Systems,Riparian,477,202,131,68,E
2116,30409.000000000000000,57,1816,120,13160_54_57_59_61,Southern Piedmont Mesic Forest,Hardwood,510,348,52,42,Developed
2117,2.000000000000000,59,1810,132,13530_46_48_53_54_57_59_60_61,Southern Appalachian Low-Elevation Pine Forest,Conifer,153,66,9,7,Barren or Sparse
2118,1.000000000000000,57,1826,2,14140_57,Southern Appalachian Grass and Shrub Bald,Grassland,280,341,-9999,154,B
2119,38477.000000000000000,57,1816,7,13160_54_57_59_61,Southern Piedmont Mesic Forest,Hardwood,510,348,52,42,UE
2120,25519.000000000000000,57,1816,5,13160_54_57_59_61,Southern Piedmont Mesic Forest,Hardwood,510,348,52,42,E
2121,508.000000000000000,57,1816,1,13160_54_57_59_61,Southern Piedmont Mesic Forest,Hardwood,510,348,52,42,A
2122,82.000000000000000,57,1816,4,13160_54_57_59_61,Southern Piedmont Mesic Forest,Hardwood,510,348,52,42,D
2123,8145923.000000000000000,54,1837,2,13680_46_48_54_57_59_60_61,Southern Piedmont Dry Oak(-Pine) Forest,Hardwood-Conifer,325,235,5,5,B
2124,3641321.000000000000000,54,1829,2,13160_54_57_59_61,Southern Piedmont Mesic Forest,Hardwood,510,348,52,42,B
2125,23437062.000000000000000,54,1837,7,13680_46_48_54_57_59_60_61,Southern Piedmont Dry Oak(-Pine) Forest,Hardwood-Conifer,325,235,5,5,UE
2126,7528171.000000000000000,54,1829,7,13160_54_57_59_61,Southern Piedmont Mesic Forest,Hardwood,510,348,52,42,UE
2127,1889731.000000000000000,54,1829,3,13160_54_57_59_61,Southern Piedmont Mesic Forest,Hardwood,510,348,52,42,C
2128,5421171.000000000000000,54,1837,3,13680_46_48_54_57_59_60_61,Southern Piedmont Dry Oak(-Pine) Forest,Hardwood-Conifer,325,235,5,5,C
2129,876349.000000000000000,54,1837,5,13680_46_48_54_57_59_60_61,Southern Piedmont Dry Oak(-Pine) Forest,Hardwood-Conifer,325,235,5,5,E
2130,2381062.000000000000000,54,1829,120,13160_54_57_59_61,Southern Piedmont Mesic Forest,Hardwood,510,348,52,42,Developed
2131,10855276.000000000000000,54,1837,120,13680_46_48_54_57_59_60_61,Southern Piedmont Dry Oak(-Pine) Forest,Hardwood-Conifer,325,235,5,5,Developed
2132,1640206.000000000000000,54,1829,180,13160_54_57_59_61,Southern Piedmont Mesic Forest,Hardwood,510,348,52,42,Agriculture
2133,8143952.000000000000000,54,1837,180,13680_46_48_54_57_59_60_61,Southern Piedmont Dry Oak(-Pine) Forest,Hardwood-Conifer,325,235,5,5,Agriculture
2134,599766.000000000000000,54,1829,5,13160_54_57_59_61,Southern Piedmont Mesic Forest,Hardwood,510,348,52,42,E
2135,2689884.000000000000000,54,11,111,0,Open Water,Open Water,-9999,-9999,-9999,-9999,Water
2136,133852.000000000000000,54,1836,5,13530_46_48_53_54_57_59_60_61,Southern Appalachian Low-Elevation Pine Forest,Conifer,153,66,9,7,E
2137,38839.000000000000000,54,1836,4,13530_46_48_53_54_57_59_60_61,Southern Appalachian Low-Elevation Pine Forest,Conifer,153,66,9,7,D
2138,62315.000000000000000,54,1836,120,13530_46_48_53_54_57_59_60_61,Southern Appalachian Low-Elevation Pine Forest,Conifer,153,66,9,7,Developed
2139,79935.000000000000000,54,1836,7,13530_46_48_53_54_57_59_60_61,Southern Appalachian Low-Elevation Pine Forest,Conifer,153,66,9,7,UE
2140,27891.000000000000000,54,1829,1,13160_54_57_59_61,Southern Piedmont Mesic Forest,Hardwood,510,348,52,42,A
2141,652828.000000000000000,54,1839,180,14720_53_54_57_59_60,Central Interior and Appalachian Riparian Systems,Riparian,997,-9999,202,168,Agriculture
2142,2759002.000000000000000,54,1839,2,14720_53_54_57_59_60,Central Interior and Appalachian Riparian Systems,Riparian,997,-9999,202,168,B
2143,3134136.000000000000000,54,1839,7,14720_53_54_57_59_60,Central Interior and Appalachian Riparian Systems,Riparian,997,-9999,202,168,UE
2144,989384.000000000000000,54,1839,3,14720_53_54_57_59_60,Central Interior and Appalachian Riparian Systems,Riparian,997,-9999,202,168,C
2145,506471.000000000000000,54,1839,5,14720_53_54_57_59_60,Central Interior and Appalachian Riparian Systems,Riparian,997,-9999,202,168,E
2146,696841.000000000000000,54,1839,120,14720_53_54_57_59_60,Central Interior and Appalachian Riparian Systems,Riparian,997,-9999,202,168,Developed
2147,48877.000000000000000,54,1839,1,14720_53_54_57_59_60,Central Interior and Appalachian Riparian Systems,Riparian,997,-9999,202,168,A
2148,27758.000000000000000,54,1836,180,13530_46_48_53_54_57_59_60_61,Southern Appalachian Low-Elevation Pine Forest,Conifer,153,66,9,7,Agriculture
2149,1401.000000000000000,54,1836,3,13530_46_48_53_54_57_59_60_61,Southern Appalachian Low-Elevation Pine Forest,Conifer,153,66,9,7,C
2150,955027.000000000000000,54,1838,3,14710_47_48_53_54_57_59_60_61_63,Central Interior and Appalachian Floodplain Systems,Riparian,613,392,121,80,C
2151,338808.000000000000000,54,1838,180,14710_47_48_53_54_57_59_60_61_63,Central Interior and Appalachian Floodplain Systems,Riparian,613,392,121,80,Agriculture
2152,150786.000000000000000,54,1838,6,14710_47_48_53_54_57_59_60_61_63,Central Interior and Appalachian Floodplain Systems,Riparian,613,392,121,80,UN
2153,78281.000000000000000,54,1837,1,13680_46_48_54_57_59_60_61,Southern Piedmont Dry Oak(-Pine) Forest,Hardwood-Conifer,325,235,5,5,A
2154,186850.000000000000000,54,1838,120,14710_47_48_53_54_57_59_60_61_63,Central Interior and Appalachian Floodplain Systems,Riparian,613,392,121,80,Developed
2155,832627.000000000000000,54,1838,7,14710_47_48_53_54_57_59_60_61_63,Central Interior and Appalachian Floodplain Systems,Riparian,613,392,121,80,UE
2156,119880.000000000000000,54,1838,5,14710_47_48_53_54_57_59_60_61_63,Central Interior and Appalachian Floodplain Systems,Riparian,613,392,121,80,E
2157,289729.000000000000000,54,1838,2,14710_47_48_53_54_57_59_60_61_63,Central Interior and Appalachian Floodplain Systems,Riparian,613,392,121,80,B
2158,2051.000000000000000,54,1829,4,13160_54_57_59_61,Southern Piedmont Mesic Forest,Hardwood,510,348,52,42,D
2159,3064.000000000000000,59,1808,5,13510_48_54_59,Southeastern Interior Longleaf Pine Woodland,Conifer,552,299,3,3,E
2160,9.000000000000000,59,1808,4,13510_48_54_59,Southeastern Interior Longleaf Pine Woodland,Conifer,552,299,3,3,D
2161,5228548.000000000000000,46,1781,180,14740_46_47_48_55_56_58_60_99,Gulf and Atlantic Coastal Plain Small Stream Riparian Systems,Riparian,477,202,131,68,Agriculture
2162,1665829.000000000000000,46,1775,180,14300_46,Southern Coastal Plain Blackland Prairie and Woodland,Grassland,50,3,96,3,Agriculture
2163,2588204.000000000000000,46,1782,180,14800_46_56_58_60_64_65_66,Gulf and Atlantic Coastal Plain Swamp Systems,Riparian,-9999,-9999,221,221,Agriculture
2164,5707463.000000000000000,46,1782,7,14800_46_56_58_60_64_65_66,Gulf and Atlantic Coastal Plain Swamp Systems,Riparian,-9999,-9999,221,221,UE
2165,297604.000000000000000,46,1767,180,13280_46_99,East Gulf Coastal Plain Limestone Forest,Hardwood,199,98,8,7,Agriculture
2166,90447.000000000000000,46,1767,120,13280_46_99,East Gulf Coastal Plain Limestone Forest,Hardwood,199,98,8,7,Developed
2167,157551.000000000000000,46,1767,7,13280_46_99,East Gulf Coastal Plain Limestone Forest,Hardwood,199,98,8,7,UE
2168,2704405.000000000000000,46,1775,7,14300_46,Southern Coastal Plain Blackland Prairie and Woodland,Grassland,50,3,96,3,UE
2169,1169164.000000000000000,46,1766,180,13270_45_46_47,East Gulf Coastal Plain Northern Loess Bluff Forest,Hardwood,394,356,152,84,Agriculture
2170,1084812.000000000000000,46,1781,120,14740_46_47_48_55_56_58_60_99,Gulf and Atlantic Coastal Plain Small Stream Riparian Systems,Riparian,477,202,131,68,Developed
2171,9616600.000000000000000,46,1781,7,14740_46_47_48_55_56_58_60_99,Gulf and Atlantic Coastal Plain Small Stream Riparian Systems,Riparian,477,202,131,68,UE
2172,2431281.000000000000000,46,1766,7,13270_45_46_47,East Gulf Coastal Plain Northern Loess Bluff Forest,Hardwood,394,356,152,84,UE
2173,899461.000000000000000,46,1766,120,13270_45_46_47,East Gulf Coastal Plain Northern Loess Bluff Forest,Hardwood,394,356,152,84,Developed
2174,2024380.000000000000000,46,1781,3,14740_46_47_48_55_56_58_60_99,Gulf and Atlantic Coastal Plain Small Stream Riparian Systems,Riparian,477,202,131,68,C
2175,592310.000000000000000,46,1782,120,14800_46_56_58_60_64_65_66,Gulf and Atlantic Coastal Plain Swamp Systems,Riparian,-9999,-9999,221,221,Developed
2176,14220951.000000000000000,46,1772,7,13570_46_47_55_58_99,Southern Coastal Plain Mesic Slope Forest,Hardwood,402,159,52,35,UE
2177,1116767.000000000000000,46,1766,3,13270_45_46_47,East Gulf Coastal Plain Northern Loess Bluff Forest,Hardwood,394,356,152,84,C
2178,769707.000000000000000,46,1772,3,13570_46_47_55_58_99,Southern Coastal Plain Mesic Slope Forest,Hardwood,402,159,52,35,C
2179,5466726.000000000000000,46,1772,180,13570_46_47_55_58_99,Southern Coastal Plain Mesic Slope Forest,Hardwood,402,159,52,35,Agriculture
2180,2437273.000000000000000,46,1772,120,13570_46_47_55_58_99,Southern Coastal Plain Mesic Slope Forest,Hardwood,402,159,52,35,Developed
2181,2488445.000000000000000,46,11,111,0,Open Water,Open Water,-9999,-9999,-9999,-9999,Water
2182,127326.000000000000000,46,1772,2,13570_46_47_55_58_99,Southern Coastal Plain Mesic Slope Forest,Hardwood,402,159,52,35,B
2183,3613491.000000000000000,46,1781,2,14740_46_47_48_55_56_58_60_99,Gulf and Atlantic Coastal Plain Small Stream Riparian Systems,Riparian,477,202,131,68,B
2184,193297.000000000000000,46,1782,1,14800_46_56_58_60_64_65_66,Gulf and Atlantic Coastal Plain Swamp Systems,Riparian,-9999,-9999,221,221,A
2185,3867105.000000000000000,46,1782,3,14800_46_56_58_60_64_65_66,Gulf and Atlantic Coastal Plain Swamp Systems,Riparian,-9999,-9999,221,221,C
2186,284882.000000000000000,46,1781,1,14740_46_47_48_55_56_58_60_99,Gulf and Atlantic Coastal Plain Small Stream Riparian Systems,Riparian,477,202,131,68,A
2187,446233.000000000000000,46,1781,5,14740_46_47_48_55_56_58_60_99,Gulf and Atlantic Coastal Plain Small Stream Riparian Systems,Riparian,477,202,131,68,E
2188,432327.000000000000000,46,1775,120,14300_46,Southern Coastal Plain Blackland Prairie and Woodland,Grassland,50,3,96,3,Developed
2189,301945.000000000000000,46,1782,6,14800_46_56_58_60_64_65_66,Gulf and Atlantic Coastal Plain Swamp Systems,Riparian,-9999,-9999,221,221,UN
2190,393935.000000000000000,46,1775,4,14300_46,Southern Coastal Plain Blackland Prairie and Woodland,Grassland,50,3,96,3,D
2191,25531.000000000000000,46,1767,2,13280_46_99,East Gulf Coastal Plain Limestone Forest,Hardwood,199,98,8,7,B
2192,13029.000000000000000,46,1767,3,13280_46_99,East Gulf Coastal Plain Limestone Forest,Hardwood,199,98,8,7,C
2193,3782.000000000000000,46,1767,5,13280_46_99,East Gulf Coastal Plain Limestone Forest,Hardwood,199,98,8,7,E
2194,57340.000000000000000,46,1782,2,14800_46_56_58_60_64_65_66,Gulf and Atlantic Coastal Plain Swamp Systems,Riparian,-9999,-9999,221,221,B
2195,34261.000000000000000,46,1772,1,13570_46_47_55_58_99,Southern Coastal Plain Mesic Slope Forest,Hardwood,402,159,52,35,A
2196,2527157.000000000000000,46,1764,180,13070_46_47_48,East Gulf Coastal Plain Northern Dry Upland Hardwood Forest,Hardwood,388,89,9,8,Agriculture
2197,237408.000000000000000,46,1766,2,13270_45_46_47,East Gulf Coastal Plain Northern Loess Bluff Forest,Hardwood,394,356,152,84,B
2198,228314.000000000000000,46,1766,5,13270_45_46_47,East Gulf Coastal Plain Northern Loess Bluff Forest,Hardwood,394,356,152,84,E
2199,1187572.000000000000000,46,1769,180,13300_46_48_54_55_56_99,Southern Coastal Plain Dry Upland Hardwood Forest,Hardwood,197,98,8,7,Agriculture
2200,34916.000000000000000,46,1772,5,13570_46_47_55_58_99,Southern Coastal Plain Mesic Slope Forest,Hardwood,402,159,52,35,E
2201,196881.000000000000000,46,1766,4,13270_45_46_47,East Gulf Coastal Plain Northern Loess Bluff Forest,Hardwood,394,356,152,84,D
2202,1231912.000000000000000,46,1764,120,13070_46_47_48,East Gulf Coastal Plain Northern Dry Upland Hardwood Forest,Hardwood,388,89,9,8,Developed
2203,3058910.000000000000000,46,1764,5,13070_46_47_48,East Gulf Coastal Plain Northern Dry Upland Hardwood Forest,Hardwood,388,89,9,8,E
2204,9076274.000000000000000,46,1764,7,13070_46_47_48,East Gulf Coastal Plain Northern Dry Upland Hardwood Forest,Hardwood,388,89,9,8,UE
2205,1081010.000000000000000,46,1774,120,13720_46_99,East Gulf Coastal Plain Interior Shortleaf Pine-Oak Forest,Hardwood-Conifer,189,87,8,7,Developed
2206,8404379.000000000000000,46,1774,7,13720_46_99,East Gulf Coastal Plain Interior Shortleaf Pine-Oak Forest,Hardwood-Conifer,189,87,8,7,UE
2207,2579439.000000000000000,46,1774,180,13720_46_99,East Gulf Coastal Plain Interior Shortleaf Pine-Oak Forest,Hardwood-Conifer,189,87,8,7,Agriculture
2208,1376605.000000000000000,46,1764,4,13070_46_47_48,East Gulf Coastal Plain Northern Dry Upland Hardwood Forest,Hardwood,388,89,9,8,D
2209,4918.000000000000000,46,1781,4,14740_46_47_48_55_56_58_60_99,Gulf and Atlantic Coastal Plain Small Stream Riparian Systems,Riparian,477,202,131,68,D
2210,35996.000000000000000,46,1772,4,13570_46_47_55_58_99,Southern Coastal Plain Mesic Slope Forest,Hardwood,402,159,52,35,D
2211,495666.000000000000000,46,1765,180,13250_46_47_48,East Gulf Coastal Plain Northern Mesic Hardwood Slope Forest,Hardwood,404,159,52,36,Agriculture
2212,2156109.000000000000000,46,1774,2,13720_46_99,East Gulf Coastal Plain Interior Shortleaf Pine-Oak Forest,Hardwood-Conifer,189,87,8,7,B
2213,129829.000000000000000,46,1774,5,13720_46_99,East Gulf Coastal Plain Interior Shortleaf Pine-Oak Forest,Hardwood-Conifer,189,87,8,7,E
2214,9067.000000000000000,46,1775,1,14300_46,Southern Coastal Plain Blackland Prairie and Woodland,Grassland,50,3,96,3,A
2215,3513.000000000000000,46,1766,1,13270_45_46_47,East Gulf Coastal Plain Northern Loess Bluff Forest,Hardwood,394,356,152,84,A
2216,1335240.000000000000000,46,1780,180,14730_45_46_47_98_99,Gulf and Atlantic Coastal Plain Floodplain Systems,Riparian,115,-9999,100,53,Agriculture
2217,401207.000000000000000,46,1780,120,14730_45_46_47_98_99,Gulf and Atlantic Coastal Plain Floodplain Systems,Riparian,115,-9999,100,53,Developed
2218,3004272.000000000000000,46,1780,7,14730_45_46_47_98_99,Gulf and Atlantic Coastal Plain Floodplain Systems,Riparian,115,-9999,100,53,UE
2219,30041.000000000000000,46,1764,3,13070_46_47_48,East Gulf Coastal Plain Northern Dry Upland Hardwood Forest,Hardwood,388,89,9,8,C
2220,1064527.000000000000000,46,1780,4,14730_45_46_47_98_99,Gulf and Atlantic Coastal Plain Floodplain Systems,Riparian,115,-9999,100,53,D
2221,9704907.000000000000000,46,1769,7,13300_46_48_54_55_56_99,Southern Coastal Plain Dry Upland Hardwood Forest,Hardwood,197,98,8,7,UE
2222,220567.000000000000000,46,1769,3,13300_46_48_54_55_56_99,Southern Coastal Plain Dry Upland Hardwood Forest,Hardwood,197,98,8,7,C
2223,341198.000000000000000,46,1769,2,13300_46_48_54_55_56_99,Southern Coastal Plain Dry Upland Hardwood Forest,Hardwood,197,98,8,7,B
2224,46454.000000000000000,46,1769,5,13300_46_48_54_55_56_99,Southern Coastal Plain Dry Upland Hardwood Forest,Hardwood,197,98,8,7,E
2225,617182.000000000000000,46,1769,120,13300_46_48_54_55_56_99,Southern Coastal Plain Dry Upland Hardwood Forest,Hardwood,197,98,8,7,Developed
2226,171847.000000000000000,46,1780,1,14730_45_46_47_98_99,Gulf and Atlantic Coastal Plain Floodplain Systems,Riparian,115,-9999,100,53,A
2227,1619630.000000000000000,46,1765,7,13250_46_47_48,East Gulf Coastal Plain Northern Mesic Hardwood Slope Forest,Hardwood,404,159,52,36,UE
2228,421408.000000000000000,46,1774,3,13720_46_99,East Gulf Coastal Plain Interior Shortleaf Pine-Oak Forest,Hardwood-Conifer,189,87,8,7,C
2229,1800997.000000000000000,46,1780,2,14730_45_46_47_98_99,Gulf and Atlantic Coastal Plain Floodplain Systems,Riparian,115,-9999,100,53,B
2230,374714.000000000000000,46,1780,3,14730_45_46_47_98_99,Gulf and Atlantic Coastal Plain Floodplain Systems,Riparian,115,-9999,100,53,C
2231,199962.000000000000000,46,1765,2,13250_46_47_48,East Gulf Coastal Plain Northern Mesic Hardwood Slope Forest,Hardwood,404,159,52,36,B
2232,2382.000000000000000,46,1777,120,14610_46_55_56_99,Southern Coastal Plain Seepage Swamp and Baygall,Riparian,297,356,-9999,162,Developed
2233,17402.000000000000000,46,1764,1,13070_46_47_48,East Gulf Coastal Plain Northern Dry Upland Hardwood Forest,Hardwood,388,89,9,8,A
2234,520.000000000000000,46,1767,1,13280_46_99,East Gulf Coastal Plain Limestone Forest,Hardwood,199,98,8,7,A
2235,4237.000000000000000,46,1775,2,14300_46,Southern Coastal Plain Blackland Prairie and Woodland,Grassland,50,3,96,3,B
2236,19.000000000000000,46,1767,4,13280_46_99,East Gulf Coastal Plain Limestone Forest,Hardwood,199,98,8,7,D
2237,9362.000000000000000,46,1777,180,14610_46_55_56_99,Southern Coastal Plain Seepage Swamp and Baygall,Riparian,297,356,-9999,162,Agriculture
2238,64679.000000000000000,46,1777,7,14610_46_55_56_99,Southern Coastal Plain Seepage Swamp and Baygall,Riparian,297,356,-9999,162,UE
2239,10195.000000000000000,46,1769,1,13300_46_48_54_55_56_99,Southern Coastal Plain Dry Upland Hardwood Forest,Hardwood,197,98,8,7,A
2240,424.000000000000000,46,1769,4,13300_46_48_54_55_56_99,Southern Coastal Plain Dry Upland Hardwood Forest,Hardwood,197,98,8,7,D
2241,13785.000000000000000,46,1774,1,13720_46_99,East Gulf Coastal Plain Interior Shortleaf Pine-Oak Forest,Hardwood-Conifer,189,87,8,7,A
2242,1235701.000000000000000,46,1776,180,14550_46_99,East Gulf Coastal Plain Southern Loblolly-Hardwood Flatwoods,Riparian,78,-9999,8,7,Agriculture
2243,278490.000000000000000,46,1776,120,14550_46_99,East Gulf Coastal Plain Southern Loblolly-Hardwood Flatwoods,Riparian,78,-9999,8,7,Developed
2244,1816045.000000000000000,46,1776,7,14550_46_99,East Gulf Coastal Plain Southern Loblolly-Hardwood Flatwoods,Riparian,78,-9999,8,7,UE
2245,10245.000000000000000,46,1777,2,14610_46_55_56_99,Southern Coastal Plain Seepage Swamp and Baygall,Riparian,297,356,-9999,162,B
2246,323.000000000000000,46,1777,5,14610_46_55_56_99,Southern Coastal Plain Seepage Swamp and Baygall,Riparian,297,356,-9999,162,E
2247,18092.000000000000000,46,1765,5,13250_46_47_48,East Gulf Coastal Plain Northern Mesic Hardwood Slope Forest,Hardwood,404,159,52,36,E
2248,3358.000000000000000,46,1766,132,13270_45_46_47,East Gulf Coastal Plain Northern Loess Bluff Forest,Hardwood,394,356,152,84,Barren or Sparse
2249,19011.000000000000000,46,1776,5,14550_46_99,East Gulf Coastal Plain Southern Loblolly-Hardwood Flatwoods,Riparian,78,-9999,8,7,E
2250,80333.000000000000000,46,1776,2,14550_46_99,East Gulf Coastal Plain Southern Loblolly-Hardwood Flatwoods,Riparian,78,-9999,8,7,B
2251,206115.000000000000000,46,1765,120,13250_46_47_48,East Gulf Coastal Plain Northern Mesic Hardwood Slope Forest,Hardwood,404,159,52,36,Developed
2252,121124.000000000000000,46,1765,3,13250_46_47_48,East Gulf Coastal Plain Northern Mesic Hardwood Slope Forest,Hardwood,404,159,52,36,C
2253,3028.000000000000000,46,1765,1,13250_46_47_48,East Gulf Coastal Plain Northern Mesic Hardwood Slope Forest,Hardwood,404,159,52,36,A
2254,341355.000000000000000,46,1776,3,14550_46_99,East Gulf Coastal Plain Southern Loblolly-Hardwood Flatwoods,Riparian,78,-9999,8,7,C
2255,11006.000000000000000,46,1776,4,14550_46_99,East Gulf Coastal Plain Southern Loblolly-Hardwood Flatwoods,Riparian,78,-9999,8,7,D
2256,30223.000000000000000,46,1776,1,14550_46_99,East Gulf Coastal Plain Southern Loblolly-Hardwood Flatwoods,Riparian,78,-9999,8,7,A
2257,183.000000000000000,46,1775,3,14300_46,Southern Coastal Plain Blackland Prairie and Woodland,Grassland,50,3,96,3,C
2258,4489.000000000000000,46,1764,132,13070_46_47_48,East Gulf Coastal Plain Northern Dry Upland Hardwood Forest,Hardwood,388,89,9,8,Barren or Sparse
2259,9870.000000000000000,46,1779,180,14720_44_46_47_48,Central Interior and Appalachian Riparian Systems,Riparian,990,-9999,200,167,Agriculture
2260,45528.000000000000000,46,1779,7,14720_44_46_47_48,Central Interior and Appalachian Riparian Systems,Riparian,990,-9999,200,167,UE
2261,3629.000000000000000,46,1779,120,14720_44_46_47_48,Central Interior and Appalachian Riparian Systems,Riparian,990,-9999,200,167,Developed
2262,1306.000000000000000,46,1779,5,14720_44_46_47_48,Central Interior and Appalachian Riparian Systems,Riparian,990,-9999,200,167,E
2263,13342.000000000000000,46,1779,2,14720_44_46_47_48,Central Interior and Appalachian Riparian Systems,Riparian,990,-9999,200,167,B
2264,4837.000000000000000,46,1779,3,14720_44_46_47_48,Central Interior and Appalachian Riparian Systems,Riparian,990,-9999,200,167,C
2265,215.000000000000000,46,1764,2,13070_46_47_48,East Gulf Coastal Plain Northern Dry Upland Hardwood Forest,Hardwood,388,89,9,8,B
2266,75.000000000000000,46,1765,4,13250_46_47_48,East Gulf Coastal Plain Northern Mesic Hardwood Slope Forest,Hardwood,404,159,52,36,D
2267,17353.000000000000000,48,2110,7,14160_48,Western Highland Rim Prairie and Barrens,Grassland,40,26,19,9,UE
2268,4907.000000000000000,48,2110,5,14160_48,Western Highland Rim Prairie and Barrens,Grassland,40,26,19,9,E
2269,3867.000000000000000,48,2110,4,14160_48,Western Highland Rim Prairie and Barrens,Grassland,40,26,19,9,D
2270,8072.000000000000000,48,2110,180,14160_48,Western Highland Rim Prairie and Barrens,Grassland,40,26,19,9,Agriculture
2271,11309.000000000000000,48,2110,6,14160_48,Western Highland Rim Prairie and Barrens,Grassland,40,26,19,9,UN
2272,4637.000000000000000,48,2110,120,14160_48,Western Highland Rim Prairie and Barrens,Grassland,40,26,19,9,Developed
2273,29446.000000000000000,48,2095,4,13150_48_53_57_59_61,Southern Appalachian Oak Forest,Hardwood,604,138,16,14,D
2274,136.000000000000000,48,2110,3,14160_48,Western Highland Rim Prairie and Barrens,Grassland,40,26,19,9,C
2275,7311.000000000000000,48,2098,7,13200_48_57_61,Central and Southern Appalachian Montane Oak Forest,Hardwood,147,95,33,21,UE
2276,7583.000000000000000,48,2098,5,13200_48_57_61,Central and Southern Appalachian Montane Oak Forest,Hardwood,147,95,33,21,E
2277,3224.000000000000000,48,2098,4,13200_48_57_61,Central and Southern Appalachian Montane Oak Forest,Hardwood,147,95,33,21,D
2278,2914.000000000000000,48,2098,120,13200_48_57_61,Central and Southern Appalachian Montane Oak Forest,Hardwood,147,95,33,21,Developed
2279,2.000000000000000,48,2098,2,13200_48_57_61,Central and Southern Appalachian Montane Oak Forest,Hardwood,147,95,33,21,B
2280,3015.000000000000000,48,2098,180,13200_48_57_61,Central and Southern Appalachian Montane Oak Forest,Hardwood,147,95,33,21,Agriculture
2281,98.000000000000000,48,2098,3,13200_48_57_61,Central and Southern Appalachian Montane Oak Forest,Hardwood,147,95,33,21,C
2282,22.000000000000000,48,2098,1,13200_48_57_61,Central and Southern Appalachian Montane Oak Forest,Hardwood,147,95,33,21,A
2283,291.000000000000000,46,1779,1,14720_44_46_47_48,Central Interior and Appalachian Riparian Systems,Riparian,990,-9999,200,167,A
2284,5757.000000000000000,48,2101,2,13300_46_48_54_55_56_99,Southern Coastal Plain Dry Upland Hardwood Forest,Hardwood,197,98,8,7,B
2285,34.000000000000000,48,2110,1,14160_48,Western Highland Rim Prairie and Barrens,Grassland,40,26,19,9,A
2286,3008.000000000000000,48,2101,3,13300_46_48_54_55_56_99,Southern Coastal Plain Dry Upland Hardwood Forest,Hardwood,197,98,8,7,C
2287,23244.000000000000000,48,2102,7,13490_46_48_54_55_99,East Gulf Coastal Plain Interior Upland Longleaf Pine Woodland,Conifer,116,766,3,3,UE
2288,248.000000000000000,48,2094,132,13070_46_47_48,East Gulf Coastal Plain Northern Dry Upland Hardwood Forest,Hardwood,388,89,9,8,Barren or Sparse
2289,110.000000000000000,48,2110,132,14160_48,Western Highland Rim Prairie and Barrens,Grassland,40,26,19,9,Barren or Sparse
2290,392.000000000000000,48,2095,1,13150_48_53_57_59_61,Southern Appalachian Oak Forest,Hardwood,604,138,16,14,A
2291,12289.000000000000000,48,2102,5,13490_46_48_54_55_99,East Gulf Coastal Plain Interior Upland Longleaf Pine Woodland,Conifer,116,766,3,3,E
2292,5643.000000000000000,48,2102,120,13490_46_48_54_55_99,East Gulf Coastal Plain Interior Upland Longleaf Pine Woodland,Conifer,116,766,3,3,Developed
2293,1829.000000000000000,48,2102,180,13490_46_48_54_55_99,East Gulf Coastal Plain Interior Upland Longleaf Pine Woodland,Conifer,116,766,3,3,Agriculture
2294,709.000000000000000,48,2095,3,13150_48_53_57_59_61,Southern Appalachian Oak Forest,Hardwood,604,138,16,14,C
2295,150.000000000000000,48,2112,3,14570_47_48,South-Central Interior/Upper Coastal Plain Wet Flatwoods,Hardwood,189,118,9,8,C
2296,10214.000000000000000,48,2111,5,14170_48,Eastern Highland Rim Prairie and Barrens,Grassland,18,34,12,6,E
2297,1128.000000000000000,48,2111,1,14170_48,Eastern Highland Rim Prairie and Barrens,Grassland,18,34,12,6,A
2298,6213.000000000000000,48,2111,4,14170_48,Eastern Highland Rim Prairie and Barrens,Grassland,18,34,12,6,D
2299,42168.000000000000000,48,2096,1,13170_48_53,Allegheny-Cumberland Dry Oak Forest and Woodland,Hardwood,91,1199,6,6,A
2300,424.000000000000000,48,2111,3,14170_48,Eastern Highland Rim Prairie and Barrens,Grassland,18,34,12,6,C
2301,7119.000000000000000,48,2096,2,13170_48_53,Allegheny-Cumberland Dry Oak Forest and Woodland,Hardwood,91,1199,6,6,B
2302,5451.000000000000000,48,2104,1,13530_46_48_53_54_57_59_60_61,Southern Appalachian Low-Elevation Pine Forest,Conifer,153,66,9,7,A
2303,4.000000000000000,48,2111,132,14170_48,Eastern Highland Rim Prairie and Barrens,Grassland,18,34,12,6,Barren or Sparse
2304,7847.000000000000000,48,2104,3,13530_46_48_53_54_57_59_60_61,Southern Appalachian Low-Elevation Pine Forest,Conifer,153,66,9,7,C
2305,4.000000000000000,48,2116,1,14790_41_42_47_48_50_51_53,Central Interior and Appalachian Swamp Systems,Riparian,987,-9999,-9999,987,A
2306,1159.000000000000000,48,2106,1,13760_48_53_57_61,Southern Ridge and Valley/Cumberland Dry Calcareous Forest,Hardwood,187,109,8,7,A
2307,22845.000000000000000,48,2103,5,13510_48_54_59,Southeastern Interior Longleaf Pine Woodland,Conifer,552,299,3,3,E
2308,1525.000000000000000,48,2104,132,13530_46_48_53_54_57_59_60_61,Southern Appalachian Low-Elevation Pine Forest,Conifer,153,66,9,7,Barren or Sparse
2309,167.000000000000000,48,2104,2,13530_46_48_53_54_57_59_60_61,Southern Appalachian Low-Elevation Pine Forest,Conifer,153,66,9,7,B
2310,165213.000000000000000,48,2105,2,13680_46_48_54_57_59_60_61,Southern Piedmont Dry Oak(-Pine) Forest,Hardwood-Conifer,325,235,5,5,B
2311,241439.000000000000000,48,2105,7,13680_46_48_54_57_59_60_61,Southern Piedmont Dry Oak(-Pine) Forest,Hardwood-Conifer,325,235,5,5,UE
2312,85423.000000000000000,48,2105,3,13680_46_48_54_57_59_60_61,Southern Piedmont Dry Oak(-Pine) Forest,Hardwood-Conifer,325,235,5,5,C
2313,1623.000000000000000,48,2097,4,13180_48_53,Southern and Central Appalachian Cove Forest,Hardwood,555,727,88,69,D
2314,32.000000000000000,48,2095,2,13150_48_53_57_59_61,Southern Appalachian Oak Forest,Hardwood,604,138,16,14,B
2315,172.000000000000000,48,2097,7,13180_48_53,Southern and Central Appalachian Cove Forest,Hardwood,555,727,88,69,UE
2316,10.000000000000000,48,2097,1,13180_48_53,Southern and Central Appalachian Cove Forest,Hardwood,555,727,88,69,A
2317,227564.000000000000000,48,2105,180,13680_46_48_54_57_59_60_61,Southern Piedmont Dry Oak(-Pine) Forest,Hardwood-Conifer,325,235,5,5,Agriculture
2318,58.000000000000000,48,2097,120,13180_48_53,Southern and Central Appalachian Cove Forest,Hardwood,555,727,88,69,Developed
2319,39.000000000000000,48,2097,180,13180_48_53,Southern and Central Appalachian Cove Forest,Hardwood,555,727,88,69,Agriculture
2320,3.000000000000000,48,2097,2,13180_48_53,Southern and Central Appalachian Cove Forest,Hardwood,555,727,88,69,B
2321,18.000000000000000,48,2097,3,13180_48_53,Southern and Central Appalachian Cove Forest,Hardwood,555,727,88,69,C
2322,13.000000000000000,48,2113,132,14710_47_48_53_54_57_59_60_61_63,Central Interior and Appalachian Floodplain Systems,Riparian,613,392,121,80,Barren or Sparse
2323,135834.000000000000000,48,2105,120,13680_46_48_54_57_59_60_61,Southern Piedmont Dry Oak(-Pine) Forest,Hardwood-Conifer,325,235,5,5,Developed
2324,9781.000000000000000,48,2105,5,13680_46_48_54_57_59_60_61,Southern Piedmont Dry Oak(-Pine) Forest,Hardwood-Conifer,325,235,5,5,E
2325,130606.000000000000000,48,2108,6,14010_43_44_47_48_53,Central Interior Highlands Calcareous Glade and Barrens,Grassland,19,16,5,3,UN
2326,101373.000000000000000,48,2108,7,14010_43_44_47_48_53,Central Interior Highlands Calcareous Glade and Barrens,Grassland,19,16,5,3,UE
2327,177476.000000000000000,48,2108,120,14010_43_44_47_48_53,Central Interior Highlands Calcareous Glade and Barrens,Grassland,19,16,5,3,Developed
2328,23454.000000000000000,54,1838,1,14710_47_48_53_54_57_59_60_61_63,Central Interior and Appalachian Floodplain Systems,Riparian,613,392,121,80,A
2329,71775.000000000000000,54,1838,4,14710_47_48_53_54_57_59_60_61_63,Central Interior and Appalachian Floodplain Systems,Riparian,613,392,121,80,D
2330,465.000000000000000,54,1836,1,13530_46_48_53_54_57_59_60_61,Southern Appalachian Low-Elevation Pine Forest,Conifer,153,66,9,7,A
2331,70.000000000000000,54,1836,2,13530_46_48_53_54_57_59_60_61,Southern Appalachian Low-Elevation Pine Forest,Conifer,153,66,9,7,B
2332,2692.000000000000000,54,1839,4,14720_53_54_57_59_60,Central Interior and Appalachian Riparian Systems,Riparian,997,-9999,202,168,D
2333,27453.000000000000000,54,1837,132,13680_46_48_54_57_59_60_61,Southern Piedmont Dry Oak(-Pine) Forest,Hardwood-Conifer,325,235,5,5,Barren or Sparse
2334,2986.000000000000000,54,1837,4,13680_46_48_54_57_59_60_61,Southern Piedmont Dry Oak(-Pine) Forest,Hardwood-Conifer,325,235,5,5,D
2335,354098.000000000000000,54,1834,2,13510_48_54_59,Southeastern Interior Longleaf Pine Woodland,Conifer,552,299,3,3,B
2336,24848.000000000000000,54,1835,5,13520_53_54_57_59_60_61,Southern Appalachian Montane Pine Forest and Woodland,Conifer,88,101,5,5,E
2337,2671.000000000000000,54,1835,120,13520_53_54_57_59_60_61,Southern Appalachian Montane Pine Forest and Woodland,Conifer,88,101,5,5,Developed
2338,2316.000000000000000,54,1835,4,13520_53_54_57_59_60_61,Southern Appalachian Montane Pine Forest and Woodland,Conifer,88,101,5,5,D
2339,7360.000000000000000,54,1829,132,13160_54_57_59_61,Southern Piedmont Mesic Forest,Hardwood,510,348,52,42,Barren or Sparse
2340,45.000000000000000,54,1835,3,13520_53_54_57_59_60_61,Southern Appalachian Montane Pine Forest and Woodland,Conifer,88,101,5,5,C
2341,738.000000000000000,54,1835,180,13520_53_54_57_59_60_61,Southern Appalachian Montane Pine Forest and Woodland,Conifer,88,101,5,5,Agriculture
2342,2049.000000000000000,54,1839,132,14720_53_54_57_59_60,Central Interior and Appalachian Riparian Systems,Riparian,997,-9999,202,168,Barren or Sparse
2343,85.000000000000000,54,31,132,0,Barren-Rock/Sand/Clay,Barren-Rock/Sand/Clay,-9999,-9999,-9999,-9999,Barren or Sparse
2344,189.000000000000000,54,1836,132,13530_46_48_53_54_57_59_60_61,Southern Appalachian Low-Elevation Pine Forest,Conifer,153,66,9,7,Barren or Sparse
2345,36229.000000000000000,54,1834,120,13510_48_54_59,Southeastern Interior Longleaf Pine Woodland,Conifer,552,299,3,3,Developed
2346,133414.000000000000000,54,1834,3,13510_48_54_59,Southeastern Interior Longleaf Pine Woodland,Conifer,552,299,3,3,C
2347,417519.000000000000000,54,1834,7,13510_48_54_59,Southeastern Interior Longleaf Pine Woodland,Conifer,552,299,3,3,UE
2348,5367.000000000000000,54,1835,7,13520_53_54_57_59_60_61,Southern Appalachian Montane Pine Forest and Woodland,Conifer,88,101,5,5,UE
2349,19894.000000000000000,54,1834,5,13510_48_54_59,Southeastern Interior Longleaf Pine Woodland,Conifer,552,299,3,3,E
2350,1.000000000000000,59,1807,4,13420_59,Piedmont Hardpan Woodland and Forest,Hardwood,308,333,5,5,D
2351,1537.000000000000000,46,1777,3,14610_46_55_56_99,Southern Coastal Plain Seepage Swamp and Baygall,Riparian,297,356,-9999,162,C
2352,9057.000000000000000,46,1772,132,13570_46_47_55_58_99,Southern Coastal Plain Mesic Slope Forest,Hardwood,402,159,52,35,Barren or Sparse
2353,2558.000000000000000,46,1781,132,14740_46_47_48_55_56_58_60_99,Gulf and Atlantic Coastal Plain Small Stream Riparian Systems,Riparian,477,202,131,68,Barren or Sparse
2354,2658.000000000000000,46,1782,132,14800_46_56_58_60_64_65_66,Gulf and Atlantic Coastal Plain Swamp Systems,Riparian,-9999,-9999,221,221,Barren or Sparse
2355,46.000000000000000,46,1767,132,13280_46_99,East Gulf Coastal Plain Limestone Forest,Hardwood,199,98,8,7,Barren or Sparse
2356,1322.000000000000000,46,1780,132,14730_45_46_47_98_99,Gulf and Atlantic Coastal Plain Floodplain Systems,Riparian,115,-9999,100,53,Barren or Sparse
2357,258.000000000000000,46,1775,5,14300_46,Southern Coastal Plain Blackland Prairie and Woodland,Grassland,50,3,96,3,E
2358,2002.000000000000000,46,1775,132,14300_46,Southern Coastal Plain Blackland Prairie and Woodland,Grassland,50,3,96,3,Barren or Sparse
2359,94.000000000000000,46,1768,5,13290_45_46_99,East Gulf Coastal Plain Southern Loess Bluff Forest,Hardwood,218,189,69,41,E
2360,483.000000000000000,46,1768,7,13290_45_46_99,East Gulf Coastal Plain Southern Loess Bluff Forest,Hardwood,218,189,69,41,UE
2361,2.000000000000000,46,1768,180,13290_45_46_99,East Gulf Coastal Plain Southern Loess Bluff Forest,Hardwood,218,189,69,41,Agriculture
2362,466.000000000000000,46,31,132,0,Barren-Rock/Sand/Clay,Barren-Rock/Sand/Clay,-9999,-9999,-9999,-9999,Barren or Sparse
2363,2765.000000000000000,46,1774,132,13720_46_99,East Gulf Coastal Plain Interior Shortleaf Pine-Oak Forest,Hardwood-Conifer,189,87,8,7,Barren or Sparse
2364,238.000000000000000,46,1768,3,13290_45_46_99,East Gulf Coastal Plain Southern Loess Bluff Forest,Hardwood,218,189,69,41,C
2365,89.000000000000000,46,1768,2,13290_45_46_99,East Gulf Coastal Plain Southern Loess Bluff Forest,Hardwood,218,189,69,41,B
2366,8.000000000000000,46,1768,120,13290_45_46_99,East Gulf Coastal Plain Southern Loess Bluff Forest,Hardwood,218,189,69,41,Developed
2367,16.000000000000000,46,1768,4,13290_45_46_99,East Gulf Coastal Plain Southern Loess Bluff Forest,Hardwood,218,189,69,41,D
2368,10.000000000000000,46,1774,4,13720_46_99,East Gulf Coastal Plain Interior Shortleaf Pine-Oak Forest,Hardwood-Conifer,189,87,8,7,D
2369,32656.000000000000000,46,1773,7,13680_46_48_54_57_59_60_61,Southern Piedmont Dry Oak(-Pine) Forest,Hardwood-Conifer,325,235,5,5,UE
2370,11310.000000000000000,46,1773,180,13680_46_48_54_57_59_60_61,Southern Piedmont Dry Oak(-Pine) Forest,Hardwood-Conifer,325,235,5,5,Agriculture
2371,11219.000000000000000,46,1773,120,13680_46_48_54_57_59_60_61,Southern Piedmont Dry Oak(-Pine) Forest,Hardwood-Conifer,325,235,5,5,Developed
2372,1178.000000000000000,46,1776,132,14550_46_99,East Gulf Coastal Plain Southern Loblolly-Hardwood Flatwoods,Riparian,78,-9999,8,7,Barren or Sparse
2373,1281778.000000000000000,46,1770,180,13490_46_48_54_55_99,East Gulf Coastal Plain Interior Upland Longleaf Pine Woodland,Conifer,116,766,3,3,Agriculture
2374,518284.000000000000000,46,1770,5,13490_46_48_54_55_99,East Gulf Coastal Plain Interior Upland Longleaf Pine Woodland,Conifer,116,766,3,3,E
2375,7879237.000000000000000,46,1770,7,13490_46_48_54_55_99,East Gulf Coastal Plain Interior Upland Longleaf Pine Woodland,Conifer,116,766,3,3,UE
2376,61.000000000000000,48,2095,132,13150_48_53_57_59_61,Southern Appalachian Oak Forest,Hardwood,604,138,16,14,Barren or Sparse
2377,1105.000000000000000,48,2101,120,13300_46_48_54_55_56_99,Southern Coastal Plain Dry Upland Hardwood Forest,Hardwood,197,98,8,7,Developed
2378,4425.000000000000000,48,2101,7,13300_46_48_54_55_56_99,Southern Coastal Plain Dry Upland Hardwood Forest,Hardwood,197,98,8,7,UE
2379,77.000000000000000,48,2101,5,13300_46_48_54_55_56_99,Southern Coastal Plain Dry Upland Hardwood Forest,Hardwood,197,98,8,7,E
2380,19.000000000000000,48,2094,2,13070_46_47_48,East Gulf Coastal Plain Northern Dry Upland Hardwood Forest,Hardwood,388,89,9,8,B
2381,236006.000000000000000,48,2108,180,14010_43_44_47_48_53,Central Interior Highlands Calcareous Glade and Barrens,Grassland,19,16,5,3,Agriculture
2382,5.000000000000000,46,1779,4,14720_44_46_47_48,Central Interior and Appalachian Riparian Systems,Riparian,990,-9999,200,167,D
2383,890375.000000000000000,46,1770,120,13490_46_48_54_55_99,East Gulf Coastal Plain Interior Upland Longleaf Pine Woodland,Conifer,116,766,3,3,Developed
2384,14.000000000000000,48,2112,132,14570_47_48,South-Central Interior/Upper Coastal Plain Wet Flatwoods,Hardwood,189,118,9,8,Barren or Sparse
2385,450.000000000000000,48,2115,132,14740_46_47_48_55_56_58_60_99,Gulf and Atlantic Coastal Plain Small Stream Riparian Systems,Riparian,477,202,131,68,Barren or Sparse
2386,3754.000000000000000,48,2103,132,13510_48_54_59,Southeastern Interior Longleaf Pine Woodland,Conifer,552,299,3,3,Barren or Sparse
2387,2285.000000000000000,48,2105,1,13680_46_48_54_57_59_60_61,Southern Piedmont Dry Oak(-Pine) Forest,Hardwood-Conifer,325,235,5,5,A
2388,3.000000000000000,48,2093,180,13060_47_48,East Gulf Coastal Plain Northern Loess Plain Oak-Hickory Upland,Hardwood,386,87,9,8,Agriculture
2389,2.000000000000000,48,2093,4,13060_47_48,East Gulf Coastal Plain Northern Loess Plain Oak-Hickory Upland,Hardwood,386,87,9,8,D
2390,7.000000000000000,48,2093,7,13060_47_48,East Gulf Coastal Plain Northern Loess Plain Oak-Hickory Upland,Hardwood,386,87,9,8,UE
2391,817.000000000000000,48,2101,180,13300_46_48_54_55_56_99,Southern Coastal Plain Dry Upland Hardwood Forest,Hardwood,197,98,8,7,Agriculture
2392,951.000000000000000,48,2105,132,13680_46_48_54_57_59_60_61,Southern Piedmont Dry Oak(-Pine) Forest,Hardwood-Conifer,325,235,5,5,Barren or Sparse
2393,36.000000000000000,48,2108,4,14010_43_44_47_48_53,Central Interior Highlands Calcareous Glade and Barrens,Grassland,19,16,5,3,D
2394,18.000000000000000,48,2108,3,14010_43_44_47_48_53,Central Interior Highlands Calcareous Glade and Barrens,Grassland,19,16,5,3,C
2395,55.000000000000000,48,2105,4,13680_46_48_54_57_59_60_61,Southern Piedmont Dry Oak(-Pine) Forest,Hardwood-Conifer,325,235,5,5,D
2396,132.000000000000000,57,1816,132,13160_54_57_59_61,Southern Piedmont Mesic Forest,Hardwood,510,348,52,42,Barren or Sparse
2397,14.000000000000000,54,1835,1,13520_53_54_57_59_60_61,Southern Appalachian Montane Pine Forest and Woodland,Conifer,88,101,5,5,A
2398,4.000000000000000,54,1835,2,13520_53_54_57_59_60_61,Southern Appalachian Montane Pine Forest and Woodland,Conifer,88,101,5,5,B
2399,1375.000000000000000,54,1838,132,14710_47_48_53_54_57_59_60_61_63,Central Interior and Appalachian Floodplain Systems,Riparian,613,392,121,80,Barren or Sparse
2400,3.000000000000000,54,1835,132,13520_53_54_57_59_60_61,Southern Appalachian Montane Pine Forest and Woodland,Conifer,88,101,5,5,Barren or Sparse
2401,111511.000000000000000,54,1832,7,13460_54_55_58,Atlantic Coastal Plain Fall-line Sandhills Longleaf Pine Woodland,Conifer,132,369,4,4,UE
2402,11985.000000000000000,54,1832,2,13460_54_55_58,Atlantic Coastal Plain Fall-line Sandhills Longleaf Pine Woodland,Conifer,132,369,4,4,B
2403,28333.000000000000000,54,1832,120,13460_54_55_58,Atlantic Coastal Plain Fall-line Sandhills Longleaf Pine Woodland,Conifer,132,369,4,4,Developed
2404,11530.000000000000000,54,1832,3,13460_54_55_58,Atlantic Coastal Plain Fall-line Sandhills Longleaf Pine Woodland,Conifer,132,369,4,4,C
2405,9028.000000000000000,54,1832,180,13460_54_55_58,Atlantic Coastal Plain Fall-line Sandhills Longleaf Pine Woodland,Conifer,132,369,4,4,Agriculture
2406,334.000000000000000,54,1832,5,13460_54_55_58,Atlantic Coastal Plain Fall-line Sandhills Longleaf Pine Woodland,Conifer,132,369,4,4,E
2407,81.000000000000000,54,1832,1,13460_54_55_58,Atlantic Coastal Plain Fall-line Sandhills Longleaf Pine Woodland,Conifer,132,369,4,4,A
2408,93.000000000000000,54,1832,132,13460_54_55_58,Atlantic Coastal Plain Fall-line Sandhills Longleaf Pine Woodland,Conifer,132,369,4,4,Barren or Sparse
2409,1.000000000000000,46,1768,1,13290_45_46_99,East Gulf Coastal Plain Southern Loess Bluff Forest,Hardwood,218,189,69,41,A
2410,1644.000000000000000,46,1765,132,13250_46_47_48,East Gulf Coastal Plain Northern Mesic Hardwood Slope Forest,Hardwood,404,159,52,36,Barren or Sparse
2411,2598.000000000000000,46,1769,132,13300_46_48_54_55_56_99,Southern Coastal Plain Dry Upland Hardwood Forest,Hardwood,197,98,8,7,Barren or Sparse
2412,67842.000000000000000,46,1770,4,13490_46_48_54_55_99,East Gulf Coastal Plain Interior Upland Longleaf Pine Woodland,Conifer,116,766,3,3,D
2413,519.000000000000000,48,2102,1,13490_46_48_54_55_99,East Gulf Coastal Plain Interior Upland Longleaf Pine Woodland,Conifer,116,766,3,3,A
2414,12030.000000000000000,46,1770,2,13490_46_48_54_55_99,East Gulf Coastal Plain Interior Upland Longleaf Pine Woodland,Conifer,116,766,3,3,B
2415,1661.000000000000000,46,1773,3,13680_46_48_54_57_59_60_61,Southern Piedmont Dry Oak(-Pine) Forest,Hardwood-Conifer,325,235,5,5,C
2416,2128.000000000000000,46,1773,2,13680_46_48_54_57_59_60_61,Southern Piedmont Dry Oak(-Pine) Forest,Hardwood-Conifer,325,235,5,5,B
2417,144.000000000000000,46,1773,5,13680_46_48_54_57_59_60_61,Southern Piedmont Dry Oak(-Pine) Forest,Hardwood-Conifer,325,235,5,5,E
2418,884.000000000000000,48,2108,132,14010_43_44_47_48_53,Central Interior Highlands Calcareous Glade and Barrens,Grassland,19,16,5,3,Barren or Sparse
2419,170.000000000000000,48,2102,2,13490_46_48_54_55_99,East Gulf Coastal Plain Interior Upland Longleaf Pine Woodland,Conifer,116,766,3,3,B
2420,3347.000000000000000,48,2102,4,13490_46_48_54_55_99,East Gulf Coastal Plain Interior Upland Longleaf Pine Woodland,Conifer,116,766,3,3,D
2421,3074.000000000000000,46,1771,7,13530_46_48_53_54_57_59_60_61,Southern Appalachian Low-Elevation Pine Forest,Conifer,153,66,9,7,UE
2422,2767.000000000000000,46,1770,3,13490_46_48_54_55_99,East Gulf Coastal Plain Interior Upland Longleaf Pine Woodland,Conifer,116,766,3,3,C
2423,27.000000000000000,48,2101,1,13300_46_48_54_55_56_99,Southern Coastal Plain Dry Upland Hardwood Forest,Hardwood,197,98,8,7,A
2424,432.000000000000000,46,1771,120,13530_46_48_53_54_57_59_60_61,Southern Appalachian Low-Elevation Pine Forest,Conifer,153,66,9,7,Developed
2425,584.000000000000000,46,1771,4,13530_46_48_53_54_57_59_60_61,Southern Appalachian Low-Elevation Pine Forest,Conifer,153,66,9,7,D
2426,331.000000000000000,46,1771,180,13530_46_48_53_54_57_59_60_61,Southern Appalachian Low-Elevation Pine Forest,Conifer,153,66,9,7,Agriculture
2427,1182.000000000000000,46,1771,5,13530_46_48_53_54_57_59_60_61,Southern Appalachian Low-Elevation Pine Forest,Conifer,153,66,9,7,E
2428,6.000000000000000,46,1771,3,13530_46_48_53_54_57_59_60_61,Southern Appalachian Low-Elevation Pine Forest,Conifer,153,66,9,7,C
2429,2468.000000000000000,46,1770,132,13490_46_48_54_55_99,East Gulf Coastal Plain Interior Upland Longleaf Pine Woodland,Conifer,116,766,3,3,Barren or Sparse
2430,4826.000000000000000,46,1770,1,13490_46_48_54_55_99,East Gulf Coastal Plain Interior Upland Longleaf Pine Woodland,Conifer,116,766,3,3,A
2431,3.000000000000000,46,1771,1,13530_46_48_53_54_57_59_60_61,Southern Appalachian Low-Elevation Pine Forest,Conifer,153,66,9,7,A
2432,37.000000000000000,48,2108,5,14010_43_44_47_48_53,Central Interior Highlands Calcareous Glade and Barrens,Grassland,19,16,5,3,E
2433,3.000000000000000,48,2108,2,14010_43_44_47_48_53,Central Interior Highlands Calcareous Glade and Barrens,Grassland,19,16,5,3,B
2434,107.000000000000000,48,2102,3,13490_46_48_54_55_99,East Gulf Coastal Plain Interior Upland Longleaf Pine Woodland,Conifer,116,766,3,3,C
2435,15775.000000000000000,48,2109,120,14080_48,Alabama Ketona Glade and Woodland,Hardwood,19,16,5,3,Developed
2436,150430.000000000000000,48,2109,7,14080_48,Alabama Ketona Glade and Woodland,Hardwood,19,16,5,3,UE
2437,57005.000000000000000,48,2109,5,14080_48,Alabama Ketona Glade and Woodland,Hardwood,19,16,5,3,E
2438,11874.000000000000000,48,2109,180,14080_48,Alabama Ketona Glade and Woodland,Hardwood,19,16,5,3,Agriculture
2439,955.000000000000000,48,2109,1,14080_48,Alabama Ketona Glade and Woodland,Hardwood,19,16,5,3,A
2440,1.000000000000000,48,2108,1,14010_43_44_47_48_53,Central Interior Highlands Calcareous Glade and Barrens,Grassland,19,16,5,3,A
2441,920.000000000000000,48,2109,132,14080_48,Alabama Ketona Glade and Woodland,Hardwood,19,16,5,3,Barren or Sparse
2442,48.000000000000000,54,1834,132,13510_48_54_59,Southeastern Interior Longleaf Pine Woodland,Conifer,552,299,3,3,Barren or Sparse
2443,12973.000000000000000,54,1834,180,13510_48_54_59,Southeastern Interior Longleaf Pine Woodland,Conifer,552,299,3,3,Agriculture
2444,319.000000000000000,54,1834,4,13510_48_54_59,Southeastern Interior Longleaf Pine Woodland,Conifer,552,299,3,3,D
2445,1251.000000000000000,54,1834,1,13510_48_54_59,Southeastern Interior Longleaf Pine Woodland,Conifer,552,299,3,3,A
2446,12.000000000000000,54,1832,4,13460_54_55_58,Atlantic Coastal Plain Fall-line Sandhills Longleaf Pine Woodland,Conifer,132,369,4,4,D
2447,28.000000000000000,48,2115,4,14740_46_47_48_55_56_58_60_99,Gulf and Atlantic Coastal Plain Small Stream Riparian Systems,Riparian,477,202,131,68,D
2448,19.000000000000000,46,1773,1,13680_46_48_54_57_59_60_61,Southern Piedmont Dry Oak(-Pine) Forest,Hardwood-Conifer,325,235,5,5,A
2449,2.000000000000000,46,1773,4,13680_46_48_54_57_59_60_61,Southern Piedmont Dry Oak(-Pine) Forest,Hardwood-Conifer,325,235,5,5,D
2450,21.000000000000000,48,2101,132,13300_46_48_54_55_56_99,Southern Coastal Plain Dry Upland Hardwood Forest,Hardwood,197,98,8,7,Barren or Sparse
2451,60.000000000000000,46,1773,132,13680_46_48_54_57_59_60_61,Southern Piedmont Dry Oak(-Pine) Forest,Hardwood-Conifer,325,235,5,5,Barren or Sparse
2452,23.000000000000000,48,2109,4,14080_48,Alabama Ketona Glade and Woodland,Hardwood,19,16,5,3,D
2453,18.000000000000000,48,2109,3,14080_48,Alabama Ketona Glade and Woodland,Hardwood,19,16,5,3,C
2454,34.000000000000000,48,2103,4,13510_48_54_59,Southeastern Interior Longleaf Pine Woodland,Conifer,552,299,3,3,D
2455,4.000000000000000,54,1831,3,13430_54_55,Atlantic Coastal Plain Mesic Hardwood Forest,Hardwood,394,159,52,36,C
2456,80.000000000000000,54,1831,7,13430_54_55,Atlantic Coastal Plain Mesic Hardwood Forest,Hardwood,394,159,52,36,UE
2457,6.000000000000000,54,1831,180,13430_54_55,Atlantic Coastal Plain Mesic Hardwood Forest,Hardwood,394,159,52,36,Agriculture
2458,53.000000000000000,48,2100,132,13250_46_47_48,East Gulf Coastal Plain Northern Mesic Hardwood Slope Forest,Hardwood,404,159,52,36,Barren or Sparse
2459,316.000000000000000,48,2102,132,13490_46_48_54_55_99,East Gulf Coastal Plain Interior Upland Longleaf Pine Woodland,Conifer,116,766,3,3,Barren or Sparse
2460,1.000000000000000,48,2101,4,13300_46_48_54_55_56_99,Southern Coastal Plain Dry Upland Hardwood Forest,Hardwood,197,98,8,7,D
2461,2593.000000000000000,54,1833,5,13490_46_48_54_55_99,East Gulf Coastal Plain Interior Upland Longleaf Pine Woodland,Conifer,116,766,3,3,E
2462,9440.000000000000000,54,1833,7,13490_46_48_54_55_99,East Gulf Coastal Plain Interior Upland Longleaf Pine Woodland,Conifer,116,766,3,3,UE
2463,949.000000000000000,54,1833,4,13490_46_48_54_55_99,East Gulf Coastal Plain Interior Upland Longleaf Pine Woodland,Conifer,116,766,3,3,D
2464,6906.000000000000000,54,1833,180,13490_46_48_54_55_99,East Gulf Coastal Plain Interior Upland Longleaf Pine Woodland,Conifer,116,766,3,3,Agriculture
2465,4327.000000000000000,54,1833,120,13490_46_48_54_55_99,East Gulf Coastal Plain Interior Upland Longleaf Pine Woodland,Conifer,116,766,3,3,Developed
2466,91.000000000000000,54,1833,3,13490_46_48_54_55_99,East Gulf Coastal Plain Interior Upland Longleaf Pine Woodland,Conifer,116,766,3,3,C
2467,9188.000000000000000,54,1830,2,13300_46_48_54_55_56_99,Southern Coastal Plain Dry Upland Hardwood Forest,Hardwood,197,98,8,7,B
2468,10024.000000000000000,54,1830,120,13300_46_48_54_55_56_99,Southern Coastal Plain Dry Upland Hardwood Forest,Hardwood,197,98,8,7,Developed
2469,38.000000000000000,54,1833,2,13490_46_48_54_55_99,East Gulf Coastal Plain Interior Upland Longleaf Pine Woodland,Conifer,116,766,3,3,B
2470,7711.000000000000000,54,1830,3,13300_46_48_54_55_56_99,Southern Coastal Plain Dry Upland Hardwood Forest,Hardwood,197,98,8,7,C
2471,70509.000000000000000,54,1830,7,13300_46_48_54_55_56_99,Southern Coastal Plain Dry Upland Hardwood Forest,Hardwood,197,98,8,7,UE
2472,15390.000000000000000,54,1830,180,13300_46_48_54_55_56_99,Southern Coastal Plain Dry Upland Hardwood Forest,Hardwood,197,98,8,7,Agriculture
2473,13.000000000000000,54,1833,1,13490_46_48_54_55_99,East Gulf Coastal Plain Interior Upland Longleaf Pine Woodland,Conifer,116,766,3,3,A
2474,145.000000000000000,54,1830,5,13300_46_48_54_55_56_99,Southern Coastal Plain Dry Upland Hardwood Forest,Hardwood,197,98,8,7,E
2475,56.000000000000000,54,1830,1,13300_46_48_54_55_56_99,Southern Coastal Plain Dry Upland Hardwood Forest,Hardwood,197,98,8,7,A
2476,53.000000000000000,54,1830,132,13300_46_48_54_55_56_99,Southern Coastal Plain Dry Upland Hardwood Forest,Hardwood,197,98,8,7,Barren or Sparse
2477,3.000000000000000,54,1830,4,13300_46_48_54_55_56_99,Southern Coastal Plain Dry Upland Hardwood Forest,Hardwood,197,98,8,7,D
2478,6.000000000000000,54,1831,120,13430_54_55,Atlantic Coastal Plain Mesic Hardwood Forest,Hardwood,394,159,52,36,Developed
2479,1878.000000000000000,46,1778,120,14680_46_55_58_99,Atlantic Coastal Plain Streamhead Seepage Swamp-Pocosin-Baygall,Riparian,58,23,16,8,Developed
2480,323.000000000000000,46,1778,1,14680_46_55_58_99,Atlantic Coastal Plain Streamhead Seepage Swamp-Pocosin-Baygall,Riparian,58,23,16,8,A
2481,9955.000000000000000,46,1778,7,14680_46_55_58_99,Atlantic Coastal Plain Streamhead Seepage Swamp-Pocosin-Baygall,Riparian,58,23,16,8,UE
2482,2094.000000000000000,46,1778,5,14680_46_55_58_99,Atlantic Coastal Plain Streamhead Seepage Swamp-Pocosin-Baygall,Riparian,58,23,16,8,E
2483,574.000000000000000,46,1778,4,14680_46_55_58_99,Atlantic Coastal Plain Streamhead Seepage Swamp-Pocosin-Baygall,Riparian,58,23,16,8,D
2484,1702.000000000000000,46,1778,180,14680_46_55_58_99,Atlantic Coastal Plain Streamhead Seepage Swamp-Pocosin-Baygall,Riparian,58,23,16,8,Agriculture
2485,1.000000000000000,54,1831,2,13430_54_55,Atlantic Coastal Plain Mesic Hardwood Forest,Hardwood,394,159,52,36,B
2486,300.000000000000000,46,1777,1,14610_46_55_56_99,Southern Coastal Plain Seepage Swamp and Baygall,Riparian,297,356,-9999,162,A
2487,92.000000000000000,46,1778,3,14680_46_55_58_99,Atlantic Coastal Plain Streamhead Seepage Swamp-Pocosin-Baygall,Riparian,58,23,16,8,C
2488,1.000000000000000,46,1778,2,14680_46_55_58_99,Atlantic Coastal Plain Streamhead Seepage Swamp-Pocosin-Baygall,Riparian,58,23,16,8,B
2489,18.000000000000000,46,1777,132,14610_46_55_56_99,Southern Coastal Plain Seepage Swamp and Baygall,Riparian,297,356,-9999,162,Barren or Sparse
