"bps_model_id","class","symbol","scientific_name","common_name","canopy_position"
"10080_1_2_3_7","A","QUGA4","Quercus garryana","Oregon white oak","Upper"
"10080_1_2_3_7","A","TODI","Toxicodendron diversilobum","Pacific poison oak","Middle"
"10080_1_2_3_7","A","FEIDR2","Festuca idahoensis subsp. roemeri","Roemer’s fescue","Lower"
"10080_1_2_3_7","B","QUGA4","Quercus garryana","Oregon white oak","Upper"
"10080_1_2_3_7","B","PSME","Pseudotsuga menziesii","Douglas-fir","Upper"
"10080_1_2_3_7","B","FEIDR2","Festuca idahoensis subsp. roemeri","Roemer’s fescue","Lower"
"10080_1_2_3_7","B","TODI","Toxicodendron diversilobum","Pacific poison oak","Lower"
"10080_1_2_3_7","C","QUGA4","Quercus garryana","Oregon white oak","Upper"
"10080_1_2_3_7","C","FEIDR2","Festuca idahoensis subsp. roemeri","Roemer’s fescue","Lower"
"10080_1_2_3_7","C","ELGL","Elymus glaucus","Blue wildrye","Lower"
"10090_19","A","POTR","Poa tracyi","Tracy's bluegrass","Upper"
"10090_19","A","BEPA","Betula papyrifera","Paper birch","Upper"
"10090_19","A","POBA2","Populus balsamifera","Balsam poplar","Upper"
"10090_19","B","POTR","Poa tracyi","Tracy's bluegrass","Upper"
"10090_19","B","BEPA","Betula papyrifera","Paper birch","Upper"
"10090_19","B","POBA2","Populus balsamifera","Balsam poplar","None"
"10090_19","C","PIGL","Picea glauca","White spruce","Middle"
"10090_19","C","PIEN","Picea engelmannii","Engelmann spruce","Middle"
"10090_19","C","ABLA","Abies lasiocarpa","Subalpine fir","Middle"
"10090_19","C","PICO","Pinus contorta","Lodgepole pine","Middle"
"10110_15","A","POTR5","Populus tremuloides","Quaking aspen","All"
"10110_15","B","POTR5","Populus tremuloides","Quaking aspen","All"
"10110_15","C","POTR5","Populus tremuloides","Quaking aspen","All"
"10110_16_23_24","A","POTR5","Populus tremuloides","Quaking aspen","Upper"
"10110_16_23_24","B","POTR5","Populus tremuloides","Quaking aspen","Upper"
"10110_16_23_24","C","POTR5","Populus tremuloides","Quaking aspen","Upper"
"10110_16_23_24","D","POTR5","Populus tremuloides","Quaking aspen","Upper"
"10110_16_23_24","D","PSEUD7","Pseudotsuga","Douglas-fir","Mid-Upper"
"10110_16_23_24","D","ABLA","Abies lasiocarpa","Subalpine fir","Mid-Upper"
"10110_16_23_24","D","ABCO","Abies concolor","White fir","Mid-Upper"
"10110_16_23_24","E","PSEUD7","Pseudotsuga","Douglas-fir","Upper"
"10110_16_23_24","E","ABLA","Abies lasiocarpa","Subalpine fir","Upper"
"10110_16_23_24","E","ABCO","Abies concolor","White fir","Upper"
"10110_16_23_24","E","POTR5","Populus tremuloides","Quaking aspen","Mid-Upper"
"10110_20_29","A","POTR5","Populus tremuloides","Quaking aspen","Upper"
"10110_20_29","B","POTR5","Populus tremuloides","Quaking aspen","Upper"
"10110_20_29","C","POTR5","Populus tremuloides","Quaking aspen","Upper"
"10110_20_29","D","POTR5","Populus tremuloides","Quaking aspen","Upper"
"10110_20_29","D","ARTR2","Artemisia tridentata","Big sagebrush","Lower"
"10110_20_29","D","GRASS","<NOT FOUND IN NRCS>","<NOT FOUND IN NRCS>","Lower"
"10110_20_29","D","PSME","Pseudotsuga menziesii","Douglas-fir","Low-Mid"
"10110_20_29","E","PSME","Pseudotsuga menziesii","Douglas-fir","Upper"
"10110_20_29","E","PICO","Pinus contorta","Lodgepole pine","Upper"
"10110_20_29","E","PIEN","Picea engelmannii","Engelmann spruce","Upper"
"10110_20_29","E","ARTR2","Artemisia tridentata","Big sagebrush","Low-Mid"
"10110_21","A","POTR5","Populus tremuloides","Quaking aspen","Upper"
"10110_21","B","POTR5","Populus tremuloides","Quaking aspen","Upper"
"10110_21","C","POTR5","Populus tremuloides","Quaking aspen","Upper"
"10110_21","D","POTR5","Populus tremuloides","Quaking aspen","Upper"
"10110_21","D","ARTR2","Artemisia tridentata","Big sagebrush","Lower"
"10110_21","D","GRASS","<NOT FOUND IN NRCS>","<NOT FOUND IN NRCS>","Lower"
"10110_21","D","PSME","Pseudotsuga menziesii","Douglas-fir","Low-Mid"
"10110_21","E","PSME","Pseudotsuga menziesii","Douglas-fir","Upper"
"10110_21","E","PICO","Pinus contorta","Lodgepole pine","Upper"
"10110_21","E","PIEN","Picea engelmannii","Engelmann spruce","Upper"
"10110_21","E","ARTR2","Artemisia tridentata","Big sagebrush","Low-Mid"
"10110_22","A","POTR5","Populus tremuloides","Quaking aspen","Upper"
"10110_22","B","POTR5","Populus tremuloides","Quaking aspen","Upper"
"10110_22","C","POTR5","Populus tremuloides","Quaking aspen","Upper"
"10110_22","C","JUCO6","Juniperus communis","Common juniper","Lower"
"10110_22","C","SYOR2","Symphoricarpos oreophilus","Mountain snowberry","Lower"
"10110_27","A","POTR5","Populus tremuloides","Quaking aspen","All"
"10110_27","B","POTR5","Populus tremuloides","Quaking aspen","All"
"10110_27","C","POTR5","Populus tremuloides","Quaking aspen","All"
"10110_28","A","POTR5","Populus tremuloides","Quaking aspen","All"
"10110_28","B","POTR5","Populus tremuloides","Quaking aspen","All"
"10110_28","C","POTR5","Populus tremuloides","Quaking aspen","All"
"10110_6_10_12_17_18_19","A","POTR5","Populus tremuloides","Quaking aspen","Upper"
"10110_6_10_12_17_18_19","A","SYOR2","Symphoricarpos oreophilus","Mountain snowberry","Middle"
"10110_6_10_12_17_18_19","A","RIBES","Ribes","Currant","Middle"
"10110_6_10_12_17_18_19","B","POTR5","Populus tremuloides","Quaking aspen","Upper"
"10110_6_10_12_17_18_19","B","SYOR2","Symphoricarpos oreophilus","Mountain snowberry","Lower"
"10110_6_10_12_17_18_19","B","RIBES","Ribes","Currant","Lower"
"10110_6_10_12_17_18_19","C","POTR5","Populus tremuloides","Quaking aspen","Upper"
"10110_6_10_12_17_18_19","C","SYOR2","Symphoricarpos oreophilus","Mountain snowberry","Lower"
"10110_6_10_12_17_18_19","C","RIBES","Ribes","Currant","Lower"
"10110_6_10_12_17_18_19","D","POTR5","Populus tremuloides","Quaking aspen","Upper"
"10110_6_10_12_17_18_19","D","ABLA","Abies lasiocarpa","Subalpine fir","Upper"
"10110_6_10_12_17_18_19","D","ABCO","Abies concolor","White fir","Upper"
"10110_6_10_12_17_18_19","D","PIFL2","Pinus flexilis","Limber pine","Upper"
"10110_7","A","POTR5","Populus tremuloides","Quaking aspen","Upper"
"10110_7","B","POTR5","Populus tremuloides","Quaking aspen","Upper"
"10110_7","C","POTR5","Populus tremuloides","Quaking aspen","Upper"
"10110_7","D","POTR5","Populus tremuloides","Quaking aspen","Upper"
"10110_7","D","PSEUD","<NOT FOUND IN NRCS>","<NOT FOUND IN NRCS>","Mid-Upper"
"10110_7","D","ABLA","Abies lasiocarpa","Subalpine fir","Mid-Upper"
"10110_7","D","ABCO","Abies concolor","White fir","Mid-Upper"
"10110_7","E","PSEUD","<NOT FOUND IN NRCS>","<NOT FOUND IN NRCS>","Upper"
"10110_7","E","ABLA","Abies lasiocarpa","Subalpine fir","Upper"
"10110_7","E","ABCO","Abies concolor","White fir","Upper"
"10110_7","E","POTR5","Populus tremuloides","Quaking aspen","Middle"
"10110_9","A","POTR5","Populus tremuloides","Quaking aspen","Upper"
"10110_9","B","POTR5","Populus tremuloides","Quaking aspen","Upper"
"10110_9","C","POTR5","Populus tremuloides","Quaking aspen","Upper"
"10110_9","D","POTR5","Populus tremuloides","Quaking aspen","Upper"
"10110_9","D","PSME","Pseudotsuga menziesii","Douglas-fir","Mid-Upper"
"10110_9","D","ABLA","Abies lasiocarpa","Subalpine fir","Mid-Upper"
"10110_9","D","ABCO","Abies concolor","White fir","Mid-Upper"
"10110_9","E","PSME","Pseudotsuga menziesii","Douglas-fir","Upper"
"10110_9","E","ABLA","Abies lasiocarpa","Subalpine fir","Upper"
"10110_9","E","ABCO","Abies concolor","White fir","Upper"
"10110_9","E","POTR5","Populus tremuloides","Quaking aspen","Middle"
"10120_16_27","A","ACGR3","Acer grandidentatum","Bigtooth maple","Upper"
"10120_16_27","A","CAGE2","Carex geyeri","Geyer's sedge","Lower"
"10120_16_27","A","MARE11","Mahonia repens","Creeping barberry","Lower"
"10120_16_27","B","ACGR3","Acer grandidentatum","Bigtooth maple","Upper"
"10120_16_27","B","SYOR2","Symphoricarpos oreophilus","Mountain snowberry","Lower"
"10120_16_27","B","CAGE2","Carex geyeri","Geyer's sedge","Lower"
"10120_16_27","B","MARE11","Mahonia repens","Creeping barberry","Lower"
"10120_16_27","C","ACGR3","Acer grandidentatum","Bigtooth maple","Upper"
"10120_16_27","C","SYOR2","Symphoricarpos oreophilus","Mountain snowberry","Low-Mid"
"10120_16_27","C","CAGE2","Carex geyeri","Geyer's sedge","Lower"
"10120_16_27","C","MARE11","Mahonia repens","Creeping barberry","Lower"
"10120_17_18_21","A","ACGR3","Acer grandidentatum","Bigtooth maple","Upper"
"10120_17_18_21","A","CAGE2","Carex geyeri","Geyer's sedge","Lower"
"10120_17_18_21","A","MARE11","Mahonia repens","Creeping barberry","Lower"
"10120_17_18_21","B","ACGR3","Acer grandidentatum","Bigtooth maple","Upper"
"10120_17_18_21","B","SYOR2","Symphoricarpos oreophilus","Mountain snowberry","Lower"
"10120_17_18_21","B","CAGE2","Carex geyeri","Geyer's sedge","Lower"
"10120_17_18_21","B","MARE11","Mahonia repens","Creeping barberry","Lower"
"10120_17_18_21","C","ACGR3","Acer grandidentatum","Bigtooth maple","Upper"
"10120_17_18_21","C","SYOR2","Symphoricarpos oreophilus","Mountain snowberry","Low-Mid"
"10120_17_18_21","C","CAGE2","Carex geyeri","Geyer's sedge","Lower"
"10120_17_18_21","C","MARE11","Mahonia repens","Creeping barberry","Lower"
"10130_31_38_39_40","A","QUMA2","Quercus macrocarpa","Bur oak","Upper"
"10130_31_38_39_40","A","ANGE","Andropogon gerardii","Big bluestem","Lower"
"10130_31_38_39_40","A","HESP11","Hesperostipa spartea","Porcupinegrass","Lower"
"10130_31_38_39_40","A","CAREX","Carex","Sedge","Lower"
"10130_31_38_39_40","B","QUMA2","Quercus macrocarpa","Bur oak","None"
"10130_31_38_39_40","C","QUMA2","Quercus macrocarpa","Bur oak","None"
"10130_31_38_39_40","D","QUMA2","Quercus macrocarpa","Bur oak","None"
"10140_4_5","A","QUCH2","Quercus chrysolepis","Canyon live oak","Upper"
"10140_4_5","A","QUAG","Quercus agrifolia","California live oak","Upper"
"10140_4_5","A","QUKE","Quercus kelloggii","California black oak","Upper"
"10140_4_5","A","PICO3","Pinus coulteri","Coulter pine","Mid-Upper"
"10140_4_5","B","QUCH2","Quercus chrysolepis","Canyon live oak","Mid-Upper"
"10140_4_5","B","QUAG","Quercus agrifolia","California live oak","Upper"
"10140_4_5","B","QUKE","Quercus kelloggii","California black oak","Mid-Upper"
"10140_4_5","B","PICO3","Pinus coulteri","Coulter pine","Mid-Upper"
"10140_4_5","C","QUCH2","Quercus chrysolepis","Canyon live oak","Upper"
"10140_4_5","C","QUAG","Quercus agrifolia","California live oak","Middle"
"10140_4_5","C","QUKE","Quercus kelloggii","California black oak","Middle"
"10140_4_5","C","PICO3","Pinus coulteri","Coulter pine","Middle"
"10150_2_3_4","A","SESE3","Sequoia sempervirens","Redwood","Upper"
"10150_2_3_4","A","PSME","Pseudotsuga menziesii","Douglas-fir","Upper"
"10150_2_3_4","A","VAOV2","Vaccinium ovatum","California huckleberry","Lower"
"10150_2_3_4","A","GASH","Gaultheria shallon","Salal","Lower"
"10150_2_3_4","B","SESE3","Sequoia sempervirens","Redwood","Upper"
"10150_2_3_4","B","PSME","Pseudotsuga menziesii","Douglas-fir","Upper"
"10150_2_3_4","B","GASH","Gaultheria shallon","Salal","Lower"
"10150_2_3_4","B","VAOV2","Vaccinium ovatum","California huckleberry","Lower"
"10150_2_3_4","C","SESE3","Sequoia sempervirens","Redwood","Upper"
"10150_2_3_4","C","PSME","Pseudotsuga menziesii","Douglas-fir","Mid-Upper"
"10150_2_3_4","C","VAOV2","Vaccinium ovatum","California huckleberry","Lower"
"10150_2_3_4","C","GASH","Gaultheria shallon","Salal","Lower"
"10160_13_14","A","SYOR","Symphoricarpos orbiculatus","Coralberry","Upper"
"10160_13_14","A","BASA3","Balsamorhiza sagittata","Arrowleaf balsamroot","Lower"
"10160_13_14","A","BOGR2","Bouteloua gracilis","Blue grama","Lower"
"10160_13_14","A","HECO26","Hesperostipa comata","Needle and thread","Lower"
"10160_13_14","B","ARNO4","Artemisia nova","Black sagebrush","Upper"
"10160_13_14","B","SYOR","Symphoricarpos orbiculatus","Coralberry","Upper"
"10160_13_14","B","PIED","Pinus edulis","Twoneedle pinyon","Lower"
"10160_13_14","B","JUOS","Juniperus osteosperma","Utah juniper","Lower"
"10160_13_14","C","PIED","Pinus edulis","Twoneedle pinyon","Upper"
"10160_13_14","C","JUOS","Juniperus osteosperma","Utah juniper","Upper"
"10160_13_14","C","SYOR","Symphoricarpos orbiculatus","Coralberry","Middle"
"10160_13_14","C","HECO26","Hesperostipa comata","Needle and thread","Lower"
"10160_13_14","D","PIED","Pinus edulis","Twoneedle pinyon","Upper"
"10160_13_14","D","JUOS","Juniperus osteosperma","Utah juniper","Upper"
"10160_13_14","D","SYOR","Symphoricarpos orbiculatus","Coralberry","Upper"
"10160_13_14","D","CELE3","Cercocarpus ledifolius","Curl-leaf mountain mahogany","Upper"
"10160_15_28","A","JUOS","Juniperus osteosperma","Utah juniper","All"
"10160_15_28","A","PIED","Pinus edulis","Twoneedle pinyon","All"
"10160_15_28","A","JUSC2","Juniperus scopulorum","Rocky mountain juniper","All"
"10160_15_28","B","PIED","Pinus edulis","Twoneedle pinyon","Upper"
"10160_15_28","B","JUOS","Juniperus osteosperma","Utah juniper","Upper"
"10160_15_28","B","JUSC2","Juniperus scopulorum","Rocky mountain juniper","Upper"
"10160_15_28","C","PIED","Pinus edulis","Twoneedle pinyon","Upper"
"10160_15_28","C","JUSC2","Juniperus scopulorum","Rocky mountain juniper","Upper"
"10160_15_28","C","JUOS","Juniperus osteosperma","Utah juniper","Upper"
"10160_15_28","D","PIED","Pinus edulis","Twoneedle pinyon","Upper"
"10160_15_28","D","JUSC2","Juniperus scopulorum","Rocky mountain juniper","Upper"
"10160_15_28","D","JUOS","Juniperus osteosperma","Utah juniper","Upper"
"10160_15_28","E","PIED","Pinus edulis","Twoneedle pinyon","Upper"
"10160_15_28","E","JUSC2","Juniperus scopulorum","Rocky mountain juniper","Upper"
"10160_15_28","E","JUOS","Juniperus osteosperma","Utah juniper","Upper"
"10160_16_23_24_25","A","BOGR2","Bouteloua gracilis","Blue grama","Upper"
"10160_16_23_24_25","A","PLJA","Pleuraphis jamesii","James' galleta","Upper"
"10160_16_23_24_25","A","POSE","Poa secunda","Sandberg bluegrass","Upper"
"10160_16_23_24_25","A","ARPA6","Arctostaphylos patula","Greenleaf manzanita","Upper"
"10160_16_23_24_25","B","PIED","Pinus edulis","Twoneedle pinyon","Upper"
"10160_16_23_24_25","B","JUOS","Juniperus osteosperma","Utah juniper","Upper"
"10160_16_23_24_25","B","JUSC2","Juniperus scopulorum","Rocky Mountain juniper","Upper"
"10160_16_23_24_25","B","JUMO","Juniperus monosperma","Oneseed juniper","Upper"
"10160_16_23_24_25","C","PIED","Pinus edulis","Twoneedle pinyon","Upper"
"10160_16_23_24_25","C","JUMO","Juniperus monosperma","Oneseed juniper","Upper"
"10160_16_23_24_25","C","JUOS","Juniperus osteosperma","Utah juniper","Upper"
"10160_16_23_24_25","C","JUSC2","Juniperus scopulorum","Rocky Mountain juniper","Upper"
"10160_16_23_24_25","D","PIED","Pinus edulis","Twoneedle pinyon","Upper"
"10160_16_23_24_25","D","JUMO","Juniperus monosperma","Oneseed juniper","Upper"
"10160_16_23_24_25","D","JUOS","Juniperus osteosperma","Utah juniper","Upper"
"10160_16_23_24_25","D","JUSC2","Juniperus scopulorum","Rocky mountain juniper","Upper"
"10160_16_23_24_25","D","PIMO","Pinus monophylla","Singleleaf pinyon",""
"10160_16_23_24_25","E","PIED","Pinus edulis","Twoneedle pinyon","Upper"
"10160_16_23_24_25","E","JUMO","Juniperus monosperma","Oneseed juniper","Upper"
"10160_16_23_24_25","E","JUOS","Juniperus osteosperma","Utah juniper","Upper"
"10160_16_23_24_25","E","JUSC2","Juniperus scopulorum","Rocky Mountain juniper","Upper"
"10160_16_23_24_25","E","PIMO","Pinus monophylla","Singleleaf pinyon",""
"10160_17","A","SYOR","Symphoricarpos orbiculatus","Coralberry","Lower"
"10160_17","A","BASA3","Balsamorhiza sagittata","Arrowleaf balsamroot","Lower"
"10160_17","A","ARTEM","Artemisia","Sagebrush","Upper"
"10160_17","A","HECO26","Hesperostipa comata","Needle and thread","Lower"
"10160_17","B","PIED","Pinus edulis","Twoneedle pinyon","Upper"
"10160_17","B","JUOS","Juniperus osteosperma","Utah juniper","Upper"
"10160_17","B","ARTEM","Artemisia","Sagebrush","Mid-Upper"
"10160_17","B","SYOR","Symphoricarpos orbiculatus","Coralberry","Lower"
"10160_17","C","PIED","Pinus edulis","Twoneedle pinyon","Upper"
"10160_17","C","JUOS","Juniperus osteosperma","Utah juniper","Upper"
"10160_17","C","SYOR","Symphoricarpos orbiculatus","Coralberry","Lower"
"10160_17","C","HECO26","Hesperostipa comata","Needle and thread","Lower"
"10160_17","D","PIED","Pinus edulis","Twoneedle pinyon","Upper"
"10160_17","D","JUOS","Juniperus osteosperma","Utah juniper","Upper"
"10160_17","D","SYOR","Symphoricarpos orbiculatus","Coralberry","Upper"
"10160_17","D","CELE3","Cercocarpus ledifolius","Curl-leaf mountain mahogany","Upper"
"10160_17","E","PIED","Pinus edulis","Twoneedle pinyon","Upper"
"10160_17","E","JUOS","Juniperus osteosperma","Utah juniper","Upper"
"10160_17","E","SYOR","Symphoricarpos orbiculatus","Coralberry","Upper"
"10160_17","E","CELE3","Cercocarpus ledifolius","Curl-leaf mountain mahogany","Upper"
"10160_22","A","JUOS","Juniperus osteosperma","Utah juniper","Upper"
"10160_22","A","KOMA","Koeleria macrantha","Prairie junegrass","Upper"
"10160_22","A","POSE","Poa secunda","Sandberg bluegrass","Upper"
"10160_22","A","ANRO6","Anomodon rostratus","Anomodon moss","Upper"
"10160_22","B","JUOS","Juniperus osteosperma","Utah juniper","Upper"
"10160_22","B","KOMA","Koeleria macrantha","Prairie junegrass","Lower"
"10160_22","B","JUSC2","Juniperus scopulorum","Rocky mountain juniper","Upper"
"10160_22","B","PIFL2","Pinus flexilis","Limber pine","Upper"
"10160_22","C","JUOS","Juniperus osteosperma","Utah juniper","Upper"
"10160_22","C","KOMA","Koeleria macrantha","Prairie junegrass","Lower"
"10160_22","C","PIFL2","Pinus flexilis","Limber pine","Upper"
"10160_22","C","JUSC2","Juniperus scopulorum","Rocky mountain juniper","Upper"
"10170_6_7_8_9_12_18","A","FEID","Festuca idahoensis","Idaho fescue","Middle"
"10170_6_7_8_9_12_18","A","POSE","Poa secunda","Sandberg bluegrass","Lower"
"10170_6_7_8_9_12_18","A","ACOC3","Achnatherum occidentale","Western needlegrass","Upper"
"10170_6_7_8_9_12_18","A","PSSP6","Pseudoroegneria spicata","Bluebunch wheatgrass","Upper"
"10170_6_7_8_9_12_18","B","JUOC","Juniperus occidentalis","Western juniper",""
"10170_6_7_8_9_12_18","B","ARTR2","Artemisia tridentata spp. vaseyana","Mountain big sagebrush","Middle"
"10170_6_7_8_9_12_18","B","ARAR8","Artemisia arbuscula","Little sagebrush","Middle to Lower"
"10170_6_7_8_9_12_18","B","FEID","Festuca idahoensis","Idaho fescue","Lower"
"10170_6_7_8_9_12_18","C","JUOC","Juniperus occidentalis","Western juniper","Upper"
"10170_6_7_8_9_12_18","C","FEID","Festuca idahoensis","Idaho fescue","Low-Mid"
"10170_6_7_8_9_12_18","C","ARAR8","Artemisia arbuscula","Little sagebrush","Lower"
"10170_6_7_8_9_12_18","C","ARTR2","Artemisia tridentata spp. vaseyana","Mountain big sagebrush","Middle"
"10170_6_7_8_9_12_18","D","JUOC","Juniperus occidentalis","Western juniper","Upper"
"10170_6_7_8_9_12_18","D","FEID","Festuca idahoensis","Idaho fescue","Low-Mid"
"10170_6_7_8_9_12_18","D","ARAR8","Artemisia arbuscula","Little sagebrush","Lower"
"10170_6_7_8_9_12_18","D","ARTR2","Artemisia tridentata spp. vaseyana","Mountain big sagebrush","Middle"
"10170_6_7_8_9_12_18","E","JUOC","Juniperus occidentalis","Western juniper","Upper"
"10170_6_7_8_9_12_18","E","ARAR8","Artemisia arbuscula","Little sagebrush","Lower"
"10170_6_7_8_9_12_18","E","POSE","Poa secunda","Sandberg bluegrass","Lower"
"10180_1_7","A","ACCI","Acer circinatum","Vine maple","Upper"
"10180_1_7","A","CEVE","Ceanothus velutinus","Shiny-leaf ceanothus","Mid"
"10180_1_7","A","CESA","Ceanothus sanguineus","Red-stem ceanothus","Mid"
"10180_1_7","A","RUPA","Rubus parviflorus","Thimbleberry","Mid-Upper"
"10180_1_7","A","RIBES","Ribes","Currant","Mid-Upper"
"10180_1_7","A","VAME","Vaccinium membranaceum","Thinleaf huckleberry","Mid-Upper"
"10180_1_7","B","PSME","Pseudotsuga menziesii","Douglas-fir","Upper"
"10180_1_7","B","LAOC","Larix occidentalis","Western larch","Upper"
"10180_1_7","B","PIMO3","Pinus monticola","Western white pine","Upper"
"10180_1_7","B","ABGR","Abies grandis","Grand fir","Mid-Upper"
"10180_1_7","C","LAOC","Larix occidentalis","Western larch","Upper"
"10180_1_7","C","PIMO3","Pinus monticola","Western white pine","Upper"
"10180_1_7","C","PIPO","Pinus ponderosa","Ponderosa pine","Upper"
"10180_1_7","C","PSME","Pseudotsuga menziesii","Douglas-fir","Mid-Upper"
"10180_1_7","C","ABGR","Abies grandis","Grand fir","Mid-Upper"
"10180_1_7","D","PIMO3","Pinus monticola","Western white pine","Upper"
"10180_1_7","D","LAOC","Larix occidentalis","Western larch","Upper"
"10180_1_7","D","THPL","Thuja plicata","Western red cedar","Upper"
"10180_1_7","D","ABGR","Abies grandis","Grand fir","Upper"
"10180_1_7","E","THPL","Thuja plicata","Western red cedar","Upper"
"10180_1_7","E","TSHE","Tsuga heterophylla","Western hemlock","Upper"
"10180_1_7","E","PSME","Pseudotsuga menziesii","Douglas-fir","Upper"
"10180_1_7","E","ABGR","Abies grandis","Grand fir","Upper"
"10190_13_14","A","ELEL5","Elymus elymoides","Squirreltail","Mid-Upper"
"10190_13_14","A","SPHAE","Sphaeralcea","Globemallow","Upper"
"10190_13_14","A","ZIPA2","Zigadenus paniculatus","Foothill deathcamas","Mid-Upper"
"10190_13_14","A","POFE","Poa fendleriana","Muttongrass","Mid-Upper"
"10190_13_14","B","ARTR2","Artemisia tridentata","Big sagebrush","Upper"
"10190_13_14","B","ARPU5","Arctostaphylos pungens","Pointleaf manzanita","Middle"
"10190_13_14","B","PIMO","Pinus monophylla","Singleleaf pinyon","Lower"
"10190_13_14","B","JUOS","Juniperus osteosperma","Utah juniper","Lower"
"10190_13_14","C","PIMO","Pinus monophylla","Singleleaf pinyon","Upper"
"10190_13_14","C","JUOS","Juniperus osteosperma","Utah juniper","Upper"
"10190_13_14","C","ARTR2","Artemisia tridentata","Big sagebrush","Middle"
"10190_13_14","C","CELE3","Cercocarpus ledifolius","Curl-leaf mountain mahogany","Middle"
"10190_13_14","D","PIMO","Pinus monophyla","Singleleaf pinyon","Upper"
"10190_13_14","D","JUOS","Juniperus osteosperma","Utah juniper","Upper"
"10190_13_14","D","CELE3","Cercocarpus ledifolius","Curl-leaf mountain mahogany","Middle"
"10190_13_14","D","ARTR2","Artemisia tridentate","Big sagebrush","Middle"
"10190_15","A","ELEL5","Elymus elymoides","Squirreltail","Mid-Upper"
"10190_15","A","SPHAE","Sphaeralcea","Globemallow","Upper"
"10190_15","A","ZIPA2","Zigadenus paniculatus","Foothill deathcamas","Mid-Upper"
"10190_15","A","POFE","Poa fendleriana","Muttongrass","Mid-Upper"
"10190_15","B","ARTR2","Artemisia tridentata","Big sagebrush","Upper"
"10190_15","B","ARPU5","Arctostaphylos pungens","Pointleaf manzanita","Upper"
"10190_15","B","PIMO","Pinus monophylla","Singleleaf pinyon","Mid-Upper"
"10190_15","B","JUOS","Juniperus osteosperma","Utah juniper","Mid-Upper"
"10190_15","C","PIMO","Pinus monophylla","Singleleaf pinyon","Upper"
"10190_15","C","JUOS","Juniperus osteosperma","Utah juniper","Upper"
"10190_15","C","ARTR2","Artemisia tridentata","Big sagebrush","Middle"
"10190_15","C","CELE3","Cercocarpus ledifolius","Curl-leaf mountain mahogany","Middle"
"10190_15","D","PIMO","Pinus monophylla","Singleleaf pinyon","Upper"
"10190_15","D","JUOS","Juniperus osteosperma","Utah juniper","Upper"
"10190_15","D","CELE3","Cercocarpus ledifolius","Curl-leaf mountain mahogany","Middle"
"10190_15","D","ARTR2","Artemisia tridentata","Big sagebrush","Middle"
"10190_4","A","CEGRV","Ceanothus greggii var. vestitus","Mojave ceanothus","Upper"
"10190_4","A","PUTR2","Purshia tridentata","Antelope bitterbrush","Upper"
"10190_4","A","FRCA6","Fremontodendron californicum","California flannelbush","Upper"
"10190_4","A","ERNA10","Ericameria nauseosa","Rubber rabbitbrush","Upper"
"10190_4","B","CEGRV","Ceanothus greggii var. vestitus","Mojave ceanothus","Mid-Upper"
"10190_4","B","PUTR2","Purshia tridentata","Antelope bitterbrush","Mid-Upper"
"10190_4","B","ERNA10","Ericameria nauseosa","Rubber rabbitbrush","Upper"
"10190_4","B","ARTR2","Artemisia tridentata","Big sagebrush","Upper"
"10190_4","C","PIMO","Pinus monophylla","Singleleaf pinyon","Upper"
"10190_4","C","JUOS","Juniperus osteosperma","Utah juniper","Upper"
"10190_4","C","CELE","Ceanothus lemmonii","Lemmon’s ceanothus","Middle"
"10190_4","C","ARTR2","Artemisia tridentata","Big sagebrush","Middle"
"10190_4","D","PIMO","Pinus monophylla","Singleleaf pinyon","Upper"
"10190_4","D","JUOS","Juniperus osteosperma","Utah juniper","Upper"
"10190_4","D","CELE","Ceanothus lemmonii","Lemmon’s ceanothus","Middle"
"10190_4","D","ARTR2","Artemisia tridentata","Big sagebrush","Middle"
"10190_4","E","PIMO","Pinus monophylla","Singleleaf pinyon","Upper"
"10190_4","E","JUOS","Juniperus osteosperma","Utah juniper","Upper"
"10190_4","E","CELE","Ceanothus lemmonii","Lemmon’s ceanothus","Mid-Upper"
"10190_4","E","ARTR2","Artemisia tridentata","Big sagebrush","Lower"
"10190_6_7_9_12_16_17_18_19","A","FEID","Festuca idahoensis","Idaho fescue","Lower"
"10190_6_7_9_12_16_17_18_19","A","HECO26","Hesperostipa comata","Needle and thread","Lower"
"10190_6_7_9_12_16_17_18_19","A","ELEL5","Elymus elymoides","Squirreltail","Lower"
"10190_6_7_9_12_16_17_18_19","A","CHRYS9","Chrysothamnus spp.","Rabbitbrush","Mid-Upper"
"10190_6_7_9_12_16_17_18_19","A","ARTRV","Artemisia tridentata ssp. vaseyana","Mountain big sagebrush","Mid-Upper"
"10190_6_7_9_12_16_17_18_19","A","ARTRW8","Artemisia tridentata ssp. wyomingensis","Wyoming big sagebrush","Mid-Upper"
"10190_6_7_9_12_16_17_18_19","A","PIMO","Pinus monophylla","Singleleaf pinyon","Upper"
"10190_6_7_9_12_16_17_18_19","A","JUOS","Juniperus osteosperma","Utah juniper","Upper"
"10190_6_7_9_12_16_17_18_19","B","PIMO","Pinus monophylla","Singleleaf pinyon","Upper"
"10190_6_7_9_12_16_17_18_19","B","JUOS","Juniperus osteosperma","Utah juniper","Upper"
"10190_6_7_9_12_16_17_18_19","B","ARTEM","Artemisia","Sagebrush","Middle"
"10190_6_7_9_12_16_17_18_19","B","CELE3","Cercocarpus ledifolius","curl-leaf mountain mahogany","Middle"
"10190_6_7_9_12_16_17_18_19","C","PIMO","Pinus monophylla","Singleleaf pinyon","Upper"
"10190_6_7_9_12_16_17_18_19","C","JUOS","Juniperus osteosperma","Utah juniper","Upper"
"10190_6_7_9_12_16_17_18_19","C","CELE3","Cercocarpus ledifolius","curl-leaf mountain mahogany","Middle"
"10190_6_7_9_12_16_17_18_19","C","ARTEM","Artemisia","Sagebrush","Middle"
"10190_6_7_9_12_16_17_18_19","D","PIMO","Pinus monophylla","Singleleaf pinyon","Upper"
"10190_6_7_9_12_16_17_18_19","D","JUOS","Juniperus osteosperma","Utah juniper","Upper"
"10190_6_7_9_12_16_17_18_19","D","CELE3","Cercocarpus ledifolius","curl-leaf mountain mahogany","Mid-Upper"
"10190_6_7_9_12_16_17_18_19","D","ARTEM","Artemisia","Sagebrush","Lower"
"10200_13","A","PILO","Pinus longaeva","Great basin bristlecone pine","All"
"10200_13","A","PIFL2","Pinus flexilis","Limber pine","All"
"10200_13","A","ARTR2","Artemisia tridentata","Big sagebrush","Low-Mid"
"10200_13","A","ARAR8","Artemisia arbuscula","Little sagebrush","Lower"
"10200_13","B","PILO","Pinus longaeva","Great basin bristlecone pine","Upper"
"10200_13","B","PIFL2","Pinus flexilis","Limber pine","Upper"
"10200_13","B","ARTR2","Artemisia tridentata","Big sagebrush","Low-Mid"
"10200_13","B","ARAR8","Artemisia arbuscula","Little sagebrush","Lower"
"10200_13","C","PILO","Pinus longaeva","Great basin bristlecone pine","Upper"
"10200_13","C","PIFL2","Pinus flexilis","Limber pine","Upper"
"10200_13","C","ARTR2","Artemisia tridentata","Big sagebrush","Low-Mid"
"10200_13","C","ARAR8","Artemisia arbuscula","Little sagebrush","Lower"
"10200_6_9_12_17","A","PILO","Pinus longaeva","Great basin bristlecone pine","All"
"10200_6_9_12_17","A","PIFL2","Pinus flexilis","Limber pine","All"
"10200_6_9_12_17","B","PILO","Pinus longaeva","Great basin bristlecone pine","Upper"
"10200_6_9_12_17","B","PIFL2","Pinus flexilis","Limber pine","Upper"
"10200_6_9_12_17","C","PILO","Pinus longaeva","Great basin bristlecone pine","Upper"
"10200_6_9_12_17","C","PIFL2","Pinus flexilis","Limber pine","Upper"
"10210_2_3_6_7","A","LIDE3","Lithocarpus densiflorus","Tanoak","All"
"10210_2_3_6_7","A","PSME","Pseudotsuga menziesii","Douglas-fir","All"
"10210_2_3_6_7","A","CADE27","Calocedrus decurrens","Incense cedar","All"
"10210_2_3_6_7","A","QUCH2","Quercus chrysolepis","Canyon live oak","All"
"10210_2_3_6_7","B","LIDE3","Lithocarpus densiflorus","Tanoak","Low-Mid"
"10210_2_3_6_7","B","PSME","Pseudotsuga menziesii","Douglas-fir","All"
"10210_2_3_6_7","B","CADE27","Calocedrus decurrens","Incense cedar","All"
"10210_2_3_6_7","B","QUCH2","Quercus chrysolepis","Canyon live oak","Low-Mid"
"10210_2_3_6_7","C","LIDE3","Lithocarpus densiflorus","Tanoak","Low-Mid"
"10210_2_3_6_7","C","PSME","Pseudotsuga menziesii","Douglas-fir","All"
"10210_2_3_6_7","C","CADE27","Calocedrus decurrens","Incense cedar","All"
"10210_2_3_6_7","C","QUCH2","Quercus chrysolepis","Canyon live oak","Low-Mid"
"10210_2_3_6_7","D","LIDE3","Lithocarpus densiflorus","Tanoak","Low-Mid"
"10210_2_3_6_7","D","PSME","Pseudotsuga menziesii","Douglas-fir","All"
"10210_2_3_6_7","D","CADE27","Calocedrus decurrens","Incense cedar","All"
"10210_2_3_6_7","D","QUCH2","Quercus chrysolepis","Canyon live oak","Low-Mid"
"10210_2_3_6_7","E","LIDE3","Lithocarpus densiflorus","Tanoak","Low-Mid"
"10210_2_3_6_7","E","PSME","Pseudotsuga menziesii","Douglas-fir","All"
"10210_2_3_6_7","E","CADE27","Calocedrus decurrens","Incense cedar","All"
"10210_2_3_6_7","E","QUCH2","Quercus chrysolepis","Canyon live oak","Low-Mid"
"10220_2_3_6_7","A","LIDE3","Lithocarpus densiflorus","Tanoak","All"
"10220_2_3_6_7","A","PSME","Pseudotsuga menziesii","Douglas-fir","All"
"10220_2_3_6_7","A","CADE27","Calocedrus decurrens","Incense cedar","All"
"10220_2_3_6_7","A","QUCH2","Quercus chrysolepis","Canyon live oak","All"
"10220_2_3_6_7","B","LIDE3","Lithocarpus densiflorus","Tanoak","Low-Mid"
"10220_2_3_6_7","B","PSME","Pseudotsuga menziesii","Douglas-fir","All"
"10220_2_3_6_7","B","CADE27","Calocedrus decurrens","Incense cedar","All"
"10220_2_3_6_7","B","QUCH2","Quercus chrysolepis","Canyon live oak","Low-Mid"
"10220_2_3_6_7","C","LIDE3","Lithocarpus densiflorus","Tanoak","Low-Mid"
"10220_2_3_6_7","C","PSME","Pseudotsuga menziesii","Douglas-fir","All"
"10220_2_3_6_7","C","CADE27","Calocedrus decurrens","Incense cedar","All"
"10220_2_3_6_7","C","QUCH2","Quercus chrysolepis","Canyon live oak","Low-Mid"
"10220_2_3_6_7","D","LIDE3","Lithocarpus densiflorus","Tanoak","Low-Mid"
"10220_2_3_6_7","D","PSME","Pseudotsuga menziesii","Douglas-fir","All"
"10220_2_3_6_7","D","CADE27","Calocedrus decurrens","Incense cedar","All"
"10220_2_3_6_7","D","QUCH2","Quercus chrysolepis","Canyon live oak","Low-Mid"
"10220_2_3_6_7","E","LIDE3","Lithocarpus densiflorus","Tanoak","Low-Mid"
"10220_2_3_6_7","E","PSME","Pseudotsuga menziesii","Douglas-fir","All"
"10220_2_3_6_7","E","CADE27","Calocedrus decurrens","Incense cedar","All"
"10220_2_3_6_7","E","QUCH2","Quercus chrysolepis","Canyon live oak","Low-Mid"
"10230_14_15_24_25","A","MUHLE","Muhlenbergia","Muhly","Lower"
"10230_14_15_24_25","A","BOUTE","Bouteloua","Grama","Lower"
"10230_14_15_24_25","A","QUEM","Quercus emoryi","Emory oak","Upper"
"10230_14_15_24_25","A","JUDE2","Juniperus deppeana","Alligator juniper","Upper"
"10230_14_15_24_25","B","JUDE2","Juniperus deppeana","Alligator juniper","Mid-Upper"
"10230_14_15_24_25","B","QUEM","Quercus emoryi","Emory oak","Upper"
"10230_14_15_24_25","B","MUHLE","Muhlenbergia","Muhly","Lower"
"10230_14_15_24_25","C","MUHLE","Muhlenbergia","Muhly","Lower"
"10230_14_15_24_25","C","JUDE2","Juniperus deppeana","Alligator juniper","Mid-Upper"
"10230_14_15_24_25","C","QUEM","Quercus emoryi","Emory oak","Upper"
"10230_14_15_24_25","D","MUHLE","Muhlenbergia","Muhly","Lower"
"10230_14_15_24_25","D","JUDE2","Juniperus deppeana","Alligator juniper","Upper"
"10230_14_15_24_25","D","QUEM","Quercus emoryi","Emory oak","Upper"
"10240_14_15_24","A","MUHLE","Muhlenbergia","Muhly","Lower"
"10240_14_15_24","A","BOUTE","Bouteloua","Grama","Lower"
"10240_14_15_24","A","QUEM","Quercus emoryi","Emory oak","Upper"
"10240_14_15_24","A","JUDE2","Juniperus deppeana","Alligator juniper","Upper"
"10240_14_15_24","B","JUDE2","Juniperus deppeana","Alligator juniper","Mid-Upper"
"10240_14_15_24","B","QUEM","Quercus emoryi","Emory oak","Upper"
"10240_14_15_24","B","MUHLE","Muhlenbergia","Muhly","Lower"
"10240_14_15_24","C","MUHLE","Muhlenbergia","Muhly","Lower"
"10240_14_15_24","C","JUDE2","Juniperus deppeana","Alligator juniper","Mid-Upper"
"10240_14_15_24","C","QUEM","Quercus emoryi","Emory oak","Upper"
"10240_14_15_24","D","MUHLE","Muhlenbergia","Muhly","Lower"
"10240_14_15_24","D","JUDE2","Juniperus deppeana","Alligator juniper","Upper"
"10240_14_15_24","D","QUEM","Quercus emoryi","Emory oak","Upper"
"10240_25_27","A","MUHLE","Muhlenbergia","Muhly","Lower"
"10240_25_27","A","BOUTE","Bouteloua","Grama","Lower"
"10240_25_27","A","QUAR","Quercus arizonica","Arizona white oak","Upper"
"10240_25_27","A","QUEM","Quercus emoryi","Emory oak","Upper"
"10240_25_27","B","QUEM","Quercus emoryi","Emory oak","Low-Mid"
"10240_25_27","B","QUAR","Quercus arizonica","Arizona white oak","Low-Mid"
"10240_25_27","B","PIEN","Picea engelmannii","Engelmann spruce","Upper"
"10240_25_27","B","PIAR5","Pinus arizonica","Arizona pine","Upper"
"10240_25_27","C","QUEM","Quercus emoryi","Emory oak","Middle"
"10240_25_27","C","QUAR","Quercus arizonica","Arizona white oak","Middle"
"10240_25_27","C","MUHLE","Muhlenbergia","Muhly","Lower"
"10240_25_27","C","PIAR5","Pinus arizonica","Arizona pine","Upper"
"10240_25_27","D","PIAR5","Pinus arizonica","Arizona pine","Upper"
"10240_25_27","D","PIEN","Picea engelmannii","Engelmann spruce","Upper"
"10240_25_27","D","PIST3","Pinus strobiformis","Southwestern white pine","Upper"
"10240_25_27","D","QUEM","Quercus emoryi","Emory oak","Lower"
"10240_26","A","MUHLE","Muhlenbergia","Muhly","Upper"
"10240_26","A","BOUTE","Bouteloua","Gramma","Upper"
"10240_26","A","QUERC","Quercus","Oak","Upper"
"10240_26","A","JUDE2","Juniperus deppeana","Alligator juniper","Upper"
"10240_26","B","JUDE2","Juniperus deppeana","Alligator juniper","Upper"
"10240_26","B","QUERC","Quercus","Oak","Upper"
"10240_26","B","PICE","Pinus cembroides","Mexican pinyon","Lower"
"10240_26","B","PIPO","Pinus ponderosa","Ponderosa pine","Upper"
"10240_26","C","QUERC","Quercus","Oak","Middle"
"10240_26","C","JUDE2","Juniperus deppeana","Alligator juniper","Upper"
"10240_26","C","PIPO","Pinus ponderosa","Ponderosa pine","Upper"
"10240_26","C","BOCU","Bouteloua curtipendula","Sideoats grama","Lower"
"10250_14_15_24_25_26","A","BOCU","Bouteloua curtipendula","Sideoats grama","Upper"
"10250_14_15_24_25_26","A","BOBA3","Bothriochloa barbinodis","Cane bluestem","Upper"
"10250_14_15_24_25_26","A","MUCA2","Muhlenbergia capillaris","hairawn muhly","Upper"
"10250_14_15_24_25_26","A","QUGR3","Quercus grisea emoryi","Gray  oak","Mid-Upper"
"10250_14_15_24_25_26","A","QUAR","Quercus arizonica","Arizona white oak",""
"10250_14_15_24_25_26","A","QUEM","Quercus  emoryi","Emory oak",""
"10250_14_15_24_25_26","B","JUDE","Juncus debilis","Weak rush","Upper"
"10250_14_15_24_25_26","B","PIED","Pinus edulis","Twoneedle pinyon","Upper"
"10250_14_15_24_25_26","B","QUAR","Quercus arizonica","Arizona white oak","Upper"
"10250_14_15_24_25_26","B","QUEM","Quercus emoryi","Emory oak","Upper"
"10250_14_15_24_25_26","C","JUDE","Juncus debilis","Weak rush","Upper"
"10250_14_15_24_25_26","C","PIED","Pinus edulis","Twoneedle pinyon","Upper"
"10250_14_15_24_25_26","C","QUAR","Quercus arizonica","Arizona white oak","Upper"
"10250_14_15_24_25_26","C","QUEM","Quercus emoryi","Emory oak","Upper"
"10260_15","A","PSME","Pseudotsuga menziesii","Douglas-fir","All"
"10260_15","A","ABCO","Abies concolor","White fir","All"
"10260_15","A","QUHY","Quercus hypoleucoides","Silverleaf oak","All"
"10260_15","A","QURU4","Quercus rugosa","Netleaf oak","All"
"10260_15","B","PSME","Pseudotsuga menziesii","Douglas-fir","Upper"
"10260_15","B","ABCO","Abies concolor","White fir","Upper"
"10260_15","B","QUHY","Quercus hypoleucoides","Silverleaf oak","Upper"
"10260_15","B","QURU4","Quercus rugosa","Netleaf oak","Upper"
"10260_15","C","PSME","Pseudotsuga menziesii","Douglas-fir","Upper"
"10260_15","C","ABCO","Abies concolor","White fir","Upper"
"10260_15","C","QUHY","Quercus hypoleucoides","Silverleaf oak","Upper"
"10260_15","C","QURU4","Quercus rugosa","Netleaf oak","Upper"
"10260_15","D","PSME","Pseudotsuga menziesii","Douglas-fir","Upper"
"10260_15","D","ABCO","Abies concolor","White fir","Upper"
"10260_15","E","PSME","Pseudotsuga menziesii","Douglas-fir","Upper"
"10260_15","E","ABCO","Abies concolor","White fir","Upper"
"10270_2_3_7","A","PSME","Pseudotsuga menziesii","Douglas-fir","Upper"
"10270_2_3_7","A","PIPO","Pinus ponderosa","Ponderosa pine","Upper"
"10270_2_3_7","A","PILA","Pinus lambertiana","Sugar pine","Upper"
"10270_2_3_7","B","PIPO","Pinus ponderosa","Ponderosa pine","Upper"
"10270_2_3_7","B","PSME","Pseudotsuga menziesii","Douglas-fir","Upper"
"10270_2_3_7","B","CADE27","Calocedrus decurrens","Incense cedar","Upper"
"10270_2_3_7","B","QUKE","Quercus kelloggii","California black oak","Middle"
"10270_2_3_7","C","PIPO","Pinus ponderosa","Ponderosa pine","Upper"
"10270_2_3_7","C","PSME","Pseudotsuga menziesii","Douglas-fir","Upper"
"10270_2_3_7","C","CADE27","Calocedrus decurrens","Incense cedar","Upper"
"10270_2_3_7","C","QUKE","Quercus kelloggii","California black oak","Middle"
"10270_2_3_7","D","PIPO","Pinus ponderosa","Ponderosa pine","Upper"
"10270_2_3_7","D","PSME","Pseudotsuga menziesii","Douglas-fir","Upper"
"10270_2_3_7","D","CADE27","Calocedrus decurrens","Incense cedar","Upper"
"10270_2_3_7","D","QUKE","Quercus kelloggii","California black oak","Middle"
"10270_2_3_7","E","PSME","Pseudotsuga menziesii","Douglas-fir","Upper"
"10270_2_3_7","E","PIPO","Pinus ponderosa","Ponderosa pine","Upper"
"10270_2_3_7","E","CADE27","Calocedrus decurrens","Incense cedar","Upper"
"10270_4_5_6","A","PIPO","Pinus ponderosa","Ponderosa pine","Upper"
"10270_4_5_6","A","PILA","Pinus lambertiana","Sugar pine","Upper"
"10270_4_5_6","A","QUKE","Quercus kelloggii","California black oak","Mid-Upper"
"10270_4_5_6","A","ARPA6","Arctostaphylos patula","Greenleaf manzanita","Mid-Upper"
"10270_4_5_6","B","PIPO","Pinus ponderosa","Ponderosa pine","Upper"
"10270_4_5_6","B","PILA","Pinus lambertiana","Sugar pine","Upper"
"10270_4_5_6","B","CADE27","Calocedrus decurrens","Incense cedar","Mid-Upper"
"10270_4_5_6","B","ABCO","Abies concolor","White fir","Low-Mid"
"10270_4_5_6","C","PIPO","Pinus ponderosa","Ponderosa pine","Upper"
"10270_4_5_6","C","PILA","Pinus lambertiana","Sugar pine","Upper"
"10270_4_5_6","C","CADE27","Calocedrus decurrens","Incense cedar","Mid-Upper"
"10270_4_5_6","C","QUKE","Quercus kelloggii","California black oak","Mid-Upper"
"10270_4_5_6","D","PIPO","Pinus ponderosa","Ponderosa pine","Upper"
"10270_4_5_6","D","PILA","Pinus lambertiana","Sugar pine","Upper"
"10270_4_5_6","D","CADE27","Calocedrus decurrens","Incense cedar","Mid-Upper"
"10270_4_5_6","D","QUKE","Quercus kelloggii","California black oak","Mid-Upper"
"10270_4_5_6","E","PIPO","Pinus ponderosa","Ponderosa pine","Upper"
"10270_4_5_6","E","PILA","Pinus lambertiana","Sugar pine","Upper"
"10270_4_5_6","E","ABCO","Abies concolor","White fir","Mid-Upper"
"10270_4_5_6","E","CADE27","Calocedrus decurrens","Incense cedar","Mid-Upper"
"10280_2_3","A","PSME","Pseudotsuga menziesii","Douglas-fir","Upper"
"10280_2_3","A","PIPO","Pinus ponderosa","Ponderosa pine","Upper"
"10280_2_3","A","PILA","Pinus lambertiana","Sugar pine","Upper"
"10280_2_3","A","ABCO","Abies concolor","White fir","Upper"
"10280_2_3","B","ABCO","Abies concolor","White fir","None"
"10280_2_3","B","PIPO","Pinus ponderosa","Ponderosa pine","None"
"10280_2_3","B","PSME","Pseudotsuga menziesii","Douglas-fir","None"
"10280_2_3","B","PILA","Pinus lambertiana","Sugar pine","None"
"10280_2_3","C","PIPO","Pinus ponderosa","Ponderosa pine","Upper"
"10280_2_3","C","PSME","Pseudotsuga menziesii","Douglas-fir","Upper"
"10280_2_3","C","PILA","Pinus lambertiana","Sugar pine","Upper"
"10280_2_3","C","ABCO","Abies concolor","White fir","Middle"
"10280_2_3","D","ABCO","Abies concolor","White fir","None"
"10280_2_3","D","PIPO","Pinus ponderosa","Ponderosa pine","None"
"10280_2_3","D","PILA","Pinus lambertiana","Sugar pine","None"
"10280_2_3","D","PSME","Pseudotsuga menziesii","Douglas-fir","None"
"10280_2_3","E","ABCO","Abies concolor","White fir","None"
"10280_2_3","E","PSME","Pseudotsuga menziesii","Douglas-fir","None"
"10280_2_3","E","PIPO","Pinus ponderosa","Ponderosa pine","None"
"10280_2_3","E","PILA","Pinus lambertiana","Sugar pine","None"
"10280_4_6_7_12","A","ABCO","Abies concolor","White fir","Upper"
"10280_4_6_7_12","A","PIPO","Pinus ponderosa","Ponderosa pine","Upper"
"10280_4_6_7_12","A","PILA","Pinus lambertiana","Sugar pine","Upper"
"10280_4_6_7_12","A","PSME","Pseudotsuga menziesii","Douglas-fir","Upper"
"10280_4_6_7_12","B","ABCO","Abies concolor","White fir","Upper"
"10280_4_6_7_12","B","PIPO","Pinus ponderosa","Ponderosa pine","Upper"
"10280_4_6_7_12","B","PSME","Pseudotsuga menziesii","Douglas-fir","Upper"
"10280_4_6_7_12","B","PILA","Pinus lambertiana","Sugar pine","Upper"
"10280_4_6_7_12","C","PIPO","Pinus ponderosa","Ponderosa pine","Upper"
"10280_4_6_7_12","C","ABCO","Abies concolor","White fir","Upper"
"10280_4_6_7_12","C","PILA","Pinus lambertiana","Sugar pine","Upper"
"10280_4_6_7_12","C","PSME","Pseudotsuga menziesii","Douglas-fir","Upper"
"10280_4_6_7_12","D","ABCO","Abies concolor","White fir","Mid-Upper"
"10280_4_6_7_12","D","PIPO","Pinus ponderosa","Ponderosa pine","Upper"
"10280_4_6_7_12","D","PILA","Pinus lambertiana","Sugar pine","Upper"
"10280_4_6_7_12","D","PSME","Pseudotsuga menziesii","Douglas-fir","Upper"
"10280_4_6_7_12","E","ABCO","Abies concolor","White fir","Mid-Upper"
"10280_4_6_7_12","E","PIPO","Pinus ponderosa","Ponderosa pine","Upper"
"10280_4_6_7_12","E","PILA","Pinus lambertiana","Sugar pine","Upper"
"10280_4_6_7_12","E","PSME","Pseudotsuga menziesii","Douglas-fir","Upper"
"10290_2_3_4_5_6_7_12","A","QUERC","Quercus","Oak","All"
"10290_2_3_4_5_6_7_12","A","CECU","Ceanothus cuneatus","Buckbrush","Lower"
"10290_2_3_4_5_6_7_12","A","TODI","Toxicodendron diversilobum","Pacific poison oak","Lower"
"10290_2_3_4_5_6_7_12","A","FEIDR2","Festuca roemeri","Roemer’s fescue","Lower"
"10290_2_3_4_5_6_7_12","B","QUERC","Quercus","Oak","All"
"10290_2_3_4_5_6_7_12","B","CECU","Ceanothus cuneatus","Buckbrush","Lower"
"10290_2_3_4_5_6_7_12","B","TODI","Toxicodendron diversilobum","Pacific poison oak","Lower"
"10290_2_3_4_5_6_7_12","B","FEIDR2","Festuca roemeri","Roemer’s fescue","Lower"
"10290_2_3_4_5_6_7_12","C","QUERC","Quercus","Oak","All"
"10290_2_3_4_5_6_7_12","C","FEIDR2","Festuca roemeri","Roemer’s fescue","Lower"
"10290_2_3_4_5_6_7_12","C","PIPO","Pinus ponderosa","Ponderosa pine","All"
"10290_2_3_4_5_6_7_12","C","PSME","Pseudotsuga menziesii","Douglas-fir","All"
"10290_2_3_4_5_6_7_12","D","QUERC","Quercus","Oak","All"
"10290_2_3_4_5_6_7_12","D","FEIDR2","Festuca roemeri","Roemer’s fescue","Lower"
"10290_2_3_4_5_6_7_12","D","PIPO","Pinus ponderosa","Ponderosa pine","All"
"10290_2_3_4_5_6_7_12","D","PSME","Pseudotsuga menziesii","Douglas-fir","All"
"10290_2_3_4_5_6_7_12","E","QUERC","Quercus","Oak","All"
"10290_2_3_4_5_6_7_12","E","TODI","Toxicodendron diversilobum","Pacific poison oak","Lower"
"10290_2_3_4_5_6_7_12","E","PIPO","Pinus ponderosa","Ponderosa pine","All"
"10290_2_3_4_5_6_7_12","E","PSME","Pseudotsuga menziesii","Douglas-fir","All"
"10300_2_3_4_5_6_7","A","QUERC","Quercus","Oak","Upper"
"10300_2_3_4_5_6_7","A","TODI","Toxicodendron diversilobum","Pacific poison oak","Middle"
"10300_2_3_4_5_6_7","A","FECA","Festuca Californica","California fescue","Lower"
"10300_2_3_4_5_6_7","A","FEID","Festuca idahoensis","Idaho fescue","Lower"
"10300_2_3_4_5_6_7","B","QUERC","Quercus","Oak","Upper"
"10300_2_3_4_5_6_7","B","PIPO","Pinus ponderosa","Ponderosa pine","Upper"
"10300_2_3_4_5_6_7","B","PSME","Pseudotsuga menziesii","Douglas-fir","Upper"
"10300_2_3_4_5_6_7","C","QUERC","Quercus","Oak","Upper"
"10300_2_3_4_5_6_7","C","PIPO","Pinus ponderosa","Ponderosa pine","Upper"
"10300_2_3_4_5_6_7","C","TODI","Toxicodendron diversilobum","Pacific poison oak","Middle"
"10310_2_3_4_5_6_12","A","PIJE","Pinus jeffreyi","Jeffrey pine","All"
"10310_2_3_4_5_6_12","A","ARPA6","Arctostaphylos patula","Greenleaf manzanita","Middle"
"10310_2_3_4_5_6_12","A","PUTR2","Purshia tridentata","Antelope bitterbrush","Middle"
"10310_2_3_4_5_6_12","B","PIJE","Pinus jeffreyi","Jeffrey pine","Mid-Upper"
"10310_2_3_4_5_6_12","B","ABCO","Abies concolor","White fir","All"
"10310_2_3_4_5_6_12","C","PIJE","Pinus jeffreyi","Jeffrey pine","All"
"10310_2_3_4_5_6_12","C","ARPA6","Arctostaphylos patula","Greenleaf manzanita","Low-Mid"
"10310_2_3_4_5_6_12","C","PUTR2","Purshia tridentata","Antelope bitterbrush","Low-Mid"
"10310_2_3_4_5_6_12","D","PIJE","Pinus jeffreyi","Jeffrey pine","Upper"
"10310_2_3_4_5_6_12","E","PIJE","Pinus jeffreyi","Jeffrey pine","Mid-Upper"
"10310_2_3_4_5_6_12","E","ABCO","Abies concolor","White fir","All"
"10310_7","A","ARPA6","Arctostaphylos patula","Greenleaf manzanita","Upper"
"10310_7","A","CEVE","Ceanothus velutinus","Snowbrush ceanothus","Upper"
"10310_7","A","PIJE","Pinus jeffreyi","Jeffrey pine","Mid-Upper"
"10310_7","A","PIPO","Pinus ponderosa","Ponderosa pine","Mid-Upper"
"10310_7","B","PIJE","Pinus jeffreyi","Jeffrey pine","Upper"
"10310_7","B","PIPO","Pinus ponderosa","Ponderosa pine","Upper"
"10310_7","B","PUTR2","Purshia tridentata","Antelope bitterbrush","Middle"
"10310_7","C","PIJE","Pinus jeffreyi","Jeffrey pine","Upper"
"10310_7","C","PIPO","Pinus ponderosa","Ponderosa pine","Upper"
"10310_7","C","ARPA6","Arctostaphylos patula","Greenleaf manzanita","Middle"
"10310_7","C","PUTR2","Purshia tridentata","Antelope bitterbrush","Middle"
"10310_7","D","PIJE","Pinus jeffreyi","Jeffrey pine","Upper"
"10310_7","D","ARPA6","Arctostaphylos patula","","Middle"
"10310_7","D","ARTRV","Artemisia tridentata Nutt. subsp. vaseyana","","Middle"
"10310_7","D","PUTR2","Purshia tridentata","Antelope bitterbrush","Middle"
"10310_7","E","PIJE","Pinus jeffreyi","Jeffrey pine","Upper"
"10310_7","E","PIPO","Pinus ponderosa","Ponderosa pine","Upper"
"10310_7","E","PUTR2","Purshia tridentata","Antelope bitterbrush","Middle"
"10320_2_3_7","A","ABMA","Abies magnifica","California red fir","Upper"
"10320_2_3_7","A","PIMO3","Pinus Monticola","Western white pine","Upper"
"10320_2_3_7","A","ABCO","Abies concolor","White fir","Mid-Upper"
"10320_2_3_7","A","TSME","Tsuga mertensiana","Mountain hemlock","Mid-Upper"
"10320_2_3_7","B","ABMA","Abies magnifica","California red fir","Upper"
"10320_2_3_7","B","PIMO3","Pinus Monticola","Western white pine","Upper"
"10320_2_3_7","B","ABCO","Abies concolor","White fir","Mid-Upper"
"10320_2_3_7","B","TSME","Tsuga mertensiana","Mountain hemlock","Mid-Upper"
"10320_2_3_7","C","ABMA","Abies magnifica","California red fir","Upper"
"10320_2_3_7","C","PIMO3","Pinus Monticola","Western white pine","Upper"
"10320_2_3_7","C","ABCO","Abies concolor","White fir","Mid-Upper"
"10320_2_3_7","C","TSME","Tsuga mertensiana","Mountain hemlock","Mid-Upper"
"10320_2_3_7","D","ABMA","Abies magnifica","California red fir","Upper"
"10320_2_3_7","D","PIMO3","Pinus Monticola","Western white pine","Upper"
"10320_2_3_7","D","ABCO","Abies concolor","White fir","Mid-Upper"
"10320_2_3_7","D","TSME","Tsuga mertensiana","Mountain hemlock","Mid-Upper"
"10320_2_3_7","E","ABMA","Abies magnifica","California red fir","Upper"
"10320_2_3_7","E","PIMO3","Pinus Monticola","Western white pine","Upper"
"10320_2_3_7","E","ABCO","Abies concolor","White fir","Mid-Upper"
"10320_2_3_7","E","TSME","Tsuga mertensiana","Mountain hemlock","Mid-Upper"
"10321_6","A","ABMA","Abies magnifica","California red fir","Upper"
"10321_6","A","PIJE","Pinus jeffreyi","Jeffrey pine","Upper"
"10321_6","B","ABMA","Abies magnifica","California red fir","None"
"10321_6","C","ABMA","Abies magnifica","California red fir","None"
"10321_6","C","ABCO","Abies concolor","White fir","None"
"10321_6","C","PIJE","Pinus jeffreyi","Jeffrey pine","None"
"10321_6","D","ABMA","Abies magnifica","California red fir","None"
"10321_6","D","ABCO","Abies concolor","White fir","None"
"10321_6","D","PIJE","Pinus jeffreyi","Jeffrey pine","None"
"10321_6","E","ABMA","Abies magnifica","California red fir","None"
"10321_6","E","ABCO","Abies concolor","White fir","None"
"10321_6","E","PIJE","Pinus jeffreyi","Jeffrey pine","None"
"10322_6","A","PIMO3","Pinus monticola","Western white pine","Upper"
"10322_6","A","PICO","Pinus contorta","Lodgepole pine","Upper"
"10322_6","A","ABMA","Abies magnifica","California red fir","Upper"
"10322_6","B","ABMA","Abies magnifica","California red fir","Upper"
"10322_6","B","PIMO3","Pinus monticola","Western white pine","Upper"
"10322_6","C","ABMA","Abies magnifica","California red fir","Upper"
"10322_6","C","PIMO3","Pinus monticola","Western white pine","Upper"
"10322_6","D","ABMA","Abies magnifica","California red fir","Upper"
"10322_6","D","PIMO3","Pinus monticola","Western white pine","Upper"
"10322_6","D","PICO","Pinus contorta","Lodgepole pine","Upper"
"10322_6","D","TSME","Tsuga mertensiana","Mountain hemlock","Upper"
"10322_6","E","ABMA","Abies magnifica","California red fir","Upper"
"10322_6","E","PIMO3","Pinus monticola","Western white pine","Upper"
"10322_6","E","PICO","Pinus contorta","Lodgepole pine","Upper"
"10322_6","E","TSME","Tsuga mertensiana","Mountain hemlock","Upper"
"10330_12","A","VACCI","Vaccinium","Blueberry","Middle"
"10330_12","A","PINUS","Pinus","Pine","Mid-Upper"
"10330_12","B","PINUS","Pinus","Pine","Upper"
"10330_12","B","ABLA","Abies lasiocarpa","Subalpine fir","Middle"
"10330_12","B","VACCI","Vaccinium","Blueberry","Lower"
"10330_12","C","PINUS","Pinus","Pine","Upper"
"10330_12","C","ABLA","Abies lasiocarpa","Subalpine fir","Mid-Upper"
"10330_12","C","VACCI","Vaccinium","Blueberry","Lower"
"10330_3_6_7","A","VACCI","Vaccinium","Blueberry","Middle"
"10330_3_6_7","A","PINUS","Pinus","Pine","Mid-Upper"
"10330_3_6_7","B","PIAL","Pinus albicaulis","Whitebark pine","Upper"
"10330_3_6_7","C","PINUS","Pinus","Pine","Upper"
"10330_3_6_7","C","ABLA","Abies lasiocarpa","Subalpine fir","Mid-Upper"
"10330_3_6_7","C","VACCI","Vaccinium","Blueberry","Lower"
"10340_4_6_7","A","GACO9","Garrya congdonii","Chaparral silktassel","Low-Mid"
"10340_4_6_7","A","QUDU4","Quercus durata","Leather oak","Low-Mid"
"10340_4_6_7","A","UMCA","Umbellularia californica","California laurel","Low-Mid"
"10340_4_6_7","B","CUSA3","Cupressus sargentii","Sargent’s cypress","Upper"
"10340_4_6_7","B","PISA2","Pinus sabiniana","California foothill pine","Upper"
"10340_4_6_7","B","QUDU4","Quercus durata","Leather oak","None"
"10340_4_6_7","C","CUSA3","Cupressus sargentii","Sargent’s cypress","Upper"
"10340_4_6_7","C","PISA2","Pinus sabiniana","California foothill pine","Upper"
"10350_1_2_7","A","PSME","Pseudotsuga menziesii","Douglas-fir","Upper"
"10350_1_2_7","B","PSME","Pseudotsuga menziesii","Douglas-fir","Upper"
"10350_1_2_7","B","ABGR","Abies grandis","Grand fir","Mid-Upper"
"10350_1_2_7","B","CADE27","Calocedrus decurrens","Incense cedar","CADE27"
"10350_1_2_7","C","PSME","Pseudotsuga menziesii","Douglas-fir","Upper"
"10350_1_2_7","C","ABGR","Abies grandis","Grand fir","Mid-Upper"
"10350_1_2_7","C","CADE27","Calocedrus decurrens","Incense cedar","CADE27"
"10350_1_2_7","D","PSME","Pseudotsuga menziesii","Douglas-fir","Upper"
"10350_1_2_7","D","ABGR","Abies grandis","Grand fir","Mid-Upper"
"10350_1_2_7","D","CADE27","Calocedrus decurrens","Incense cedar","CADE27"
"10350_1_2_7","E","PSME","Pseudotsuga menziesii","Douglas-fir","Upper"
"10350_1_2_7","E","ABGR","Abies grandis","Grand fir","Mid-Upper"
"10350_1_2_7","E","CADE27","Calocedrus decurrens","Incense cedar","CADE27"
"10360_1_2","A","RUSP","Rubus spectabilis","Salmonberry","Lower"
"10360_1_2","A","SARA2","Sambucus racemosa","Red elderberry","Lower"
"10360_1_2","A","PISI","Picea sitchensis","Sitka spruce","Upper"
"10360_1_2","A","ALRU2","Alnus rubra","Red alder","Upper"
"10360_1_2","B","PISI","Picea sitchensis","Sitka spruce","Upper"
"10360_1_2","B","TSHE","Tsuga heterophylla","Western hemlock","Upper"
"10360_1_2","C","ALRU2","Alnus rubra","Red alder","Upper"
"10360_1_2","C","RUSP","Rubus spectabilis","Salmonberry","Lower"
"10360_1_2","D","TSHE","Tsuga heterophylla","Western hemlock","Upper"
"10360_1_2","D","PISI","Picea sitchensis","Sitka spruce","Upper"
"10360_1_2","E","PISI","Picea sitchensis","Sitka spruce","Upper"
"10360_1_2","E","TSHE","Tsuga heterophylla","Western hemlock","Upper"
"10370_1_2_7","A","PTERI","Pteridium","Brackenfern","Lower"
"10370_1_2_7","A","CHAN9","Chamerion angustifolium","Fireweed","Lower"
"10370_1_2_7","A","PSME","Pseudotsuga menziesii","Douglas-fir","Upper"
"10370_1_2_7","A","TSHE","Tsuga heterophylla","Western hemlock","Upper"
"10370_1_2_7","B","PSME","Pseudotsuga menziesii","Douglas-fir","Upper"
"10370_1_2_7","B","TSHE","Tsuga heterophylla","Western hemlock","Mid-Upper"
"10370_1_2_7","B","CHCH7","Chrysolepis chrysophylla","Chinquapin","Low Mid"
"10370_1_2_7","B","ACMA3","Acer macrophyllum","Bigleaf maple","Low-Mid"
"10370_1_2_7","C","PSME","Pseudotsuga menziesii","Douglas-fir","Upper"
"10370_1_2_7","C","GASH","Gaultheria shallon","Salal","Lower"
"10370_1_2_7","C","MANE2","Mahonia nervosa","Cascade barberry","Lower"
"10370_1_2_7","C","POMU","Polystichum munitum","Western swordfern","Lower"
"10370_1_2_7","D","PSME","Pseudotsuga menziesii","Douglas-fir","Upper"
"10370_1_2_7","D","TSHE","Tsuga heterophylla","Western hemlock","Mid-Upper"
"10370_1_2_7","D","GASH","Gaultheria shallon","Salal","Lower"
"10370_1_2_7","D","MANE2","Mahonia nervosa","Cascade barberry","Lower"
"10370_1_2_7","E","PSME","Pseudotsuga menziesii","Douglas-fir","Upper"
"10370_1_2_7","E","TSHE","Tsuga heterophylla","Western hemlock","Mid-Upper"
"10370_1_2_7","E","GASH","Gaultheria shallon","Salal","Lower"
"10370_1_2_7","E","MANE2","Mahonia nervosa","Cascade barberry","Lower"
"10380_1_7","A","PHEM","Phyllodoce empetriformis","Pink mountainheath","Upper"
"10380_1_7","A","CAME7","Cassiope mertensiana","Western moss heather","Upper"
"10380_1_7","A","VADE","Vaccinium deliciosum","Cascade bilberry","Upper"
"10380_1_7","B","TSME","Tsuga mertensiana","Mountain hemlock","Upper"
"10380_1_7","B","ABLA","Abies lasiocarpa","Subalpine fir","Upper"
"10380_1_7","B","ABAM","Abies amabilis","Pacific silver fir","Upper"
"10380_1_7","B","CHNO","Chamaecyparis nootkatensis","Alaska cedar","Upper"
"10390_1_2_3_7","A","ALRU2","Alnus rubra","Red alder","Lower"
"10390_1_2_3_7","A","CHAN9","Chamerion angustifolium","Fireweed","Lower"
"10390_1_2_3_7","A","PSME","Pseudotsuga menziesii","Douglas-fir","Upper"
"10390_1_2_3_7","A","TSHE","Tsuga heterophylla","Western hemlock","Upper"
"10390_1_2_3_7","B","PSME","Pseudotsuga menziesii","Douglas-fir","Upper"
"10390_1_2_3_7","B","TSHE","Tsuga heterophylla","Western hemlock","Upper"
"10390_1_2_3_7","B","ALRU2","Alnus rubra","Red alder","Mid-Upper"
"10390_1_2_3_7","B","ACMA3","Acer macrophyllum","Bigleaf maple","Mid-Upper"
"10390_1_2_3_7","C","PSME","Pseudotsuga menziesii","Douglas-fir","Upper"
"10390_1_2_3_7","C","GASH","Gaultheria shallon","Salal","Lower"
"10390_1_2_3_7","C","VACCI","Vaccinium","Blueberry","Lower"
"10390_1_2_3_7","C","POMU","Polystichum munitum","Western swordfern","Lower"
"10390_1_2_3_7","D","PSME","Pseudotsuga menziesii","Douglas-fir","Upper"
"10390_1_2_3_7","D","TSHE","Tsuga heterophylla","Western hemlock","Upper"
"10390_1_2_3_7","D","GASH","Gaultheria shallon","Salal","Lower"
"10390_1_2_3_7","D","POMU","Polystichum munitum","Western swordfern","Lower"
"10390_1_2_3_7","E","PSME","Pseudotsuga menziesii","Douglas-fir","Upper"
"10390_1_2_3_7","E","TSHE","Tsuga heterophylla","Western hemlock","Upper"
"10390_1_2_3_7","E","GASH","Gaultheria shallon","Salal","Lower"
"10390_1_2_3_7","E","MANE2","Mahonia nervosa","Cascade barberry","Lower"
"10411_1_7","A","TSME","Tsuga mertensiana","Mountain hemlock","Upper"
"10411_1_7","A","ABAM","Abies amabilis","Pacific silver fir","Upper"
"10411_1_7","A","VACCI","Vaccinium","Blueberry","Low-Mid"
"10411_1_7","B","TSME","Tsuga mertensiana","Mountain hemlock","Upper"
"10411_1_7","B","ABAM","Abies amabilis","Pacific silver fir","Upper"
"10411_1_7","B","VACCI","Vaccinium","Blueberry","Low-Mid"
"10411_1_7","B","MEFE","Menziesia ferruginea","Rusty menziesia","Low-Mid"
"10411_1_7","C","TSME","Tsuga mertensiana","Mountain hemlock","Upper"
"10411_1_7","C","ABAM","Abies amabilis","Pacific silver fir","Upper"
"10411_1_7","C","VACCI","Vaccinium","Blueberry","Low-Mid"
"10411_1_7","D","TSME","Tsuga mertensiana","Mountain hemlock","Upper"
"10411_1_7","D","ABAM","Abies amabilis","Pacific silver fir","Upper"
"10411_1_7","D","VACCI","Vaccinium","Blueberry","Upper"
"10411_1_7","E","TSME","Tsuga mertensiana","Mountain hemlock","Upper"
"10411_1_7","E","ABAM","Abies amabilis","Pacific silver fir","Upper"
"10411_1_7","E","CHNO","Chamaecyparis nootkatensis","Alaska cedar","Upper"
"10411_1_7","E","VACCI","Vaccinium","Blueberry","Lower"
"10412_1_7","A","VACCI","Vaccinium","Blueberry","Lower"
"10412_1_7","A","XETE","Xerophyllum tenax","Common beargrass","Lower"
"10412_1_7","A","PICO","Pinus contorta","Lodgepole pine","Upper"
"10412_1_7","A","TSME","Tsuga mertensiana","Mountain hemlock","Upper"
"10412_1_7","B","PICO","Pinus contorta","Lodgepole pine","Upper"
"10412_1_7","B","VACCI","Vaccinium","Blueberry","Lower"
"10412_1_7","B","TSME","Tsuga mertensiana","Mountain hemlock","Upper"
"10412_1_7","B","MEFE","Menziesia ferruginea","Rusty menziesia","Lower"
"10412_1_7","C","TSME","Tsuga mertensiana","Mountain hemlock","Upper"
"10412_1_7","C","XETE","Xerophyllum tenax","Common beargrass","Low-Mid"
"10412_1_7","C","VACCI","Vaccinium","Blueberry","Low-Mid"
"10412_1_7","C","CAREX","Carex","Sedge","Lower"
"10412_1_7","D","PICO","Pinus contorta","Lodgepole pine","Upper"
"10412_1_7","D","TSME","Tsuga mertensiana","Mountain hemlock","Upper"
"10412_1_7","D","ABAM","Abies amabilis","Pacific silver fir","Upper"
"10412_1_7","D","VACCI","Vaccinium","Blueberry","Lower"
"10412_1_7","E","TSME","Tsuga mertensiana","Mountain hemlock","Upper"
"10412_1_7","E","ABAM","Abies amabilis","Pacific silver fir","Upper"
"10412_1_7","E","CHNO","Chamaecyparis nootkatensis","Alaska cedar","Lower"
"10412_1_7","E","VACCI","Vaccinium","Blueberry","Lower"
"10420_1_7","A","ABAM","Abies amabilis","Pacific silver fir","Upper"
"10420_1_7","A","TSHE","Tsuga heterophylla","Western hemlock","Upper"
"10420_1_7","B","ABAM","Abies amabilis","Pacific silver fir","Upper"
"10420_1_7","B","TSME","Tsuga mertensiana","Mountain hemlock","Upper"
"10420_1_7","B","THPL","Thuja plicata","Western red-cedar","Mid-Upper"
"10420_1_7","B","CHNO","Chamaecyparis nootkatensis","Alaska cedar","Mid-Upper"
"10420_1_7","C","ABAM","Abies amabilis","Pacific silver fir","Upper"
"10420_1_7","C","TSHE","Tsuga heterophylla","Western hemlock","Upper"
"10420_1_7","C","THPL","Thuja plicata","Western red-cedar","Mid-Upper"
"10420_1_7","C","CHNO","Chamaecyparis nootkatensis","Alaska cedar","Mid-Upper"
"10420_1_7","D","ABAM","Abies amabilis","Pacific silver fir","Upper"
"10420_1_7","D","TSHE","Tsuga heterophylla","Western hemlock","Upper"
"10420_1_7","D","THPL","Thuja plicata","Western red-cedar","Mid-Upper"
"10420_1_7","D","CHNO","Chamaecyparis nootkatensis","Alaska cedar","Mid-Upper"
"10420_1_7","E","ABAM","Abies amabilis","Pacific silver fir","Upper"
"10420_1_7","E","TSHE","Tsuga heterophylla","Western hemlock","Upper"
"10420_1_7","E","THPL","Thuja plicata","Western red-cedar","Mid-Upper"
"10420_1_7","E","CHNO","Chamaecyparis nootkatensis","Alaska cedar","Mid-Upper"
"10430_5","A","LIDE3","Lithocarpus densiflorus","Tanoak","Upper"
"10430_5","A","ARME","Arbutus menziesii","Pacific madrone","Upper"
"10430_5","A","UMCA","Umbellularia californica","California laurel","Upper"
"10430_5","A","PSMEM","Pseudotsuga menziesii var. menziesii","Douglas-fir","Low-Mid"
"10430_5","B","LIDE3","Lithocarpus densiflorus","Tanoak","Mid-Upper"
"10430_5","B","PSMEM","Pseudotsuga menziesii var. menziesii","Douglas-fir","Upper"
"10430_5","B","UMCA","Umbellularia californica","California laurel","Mid-Upper"
"10430_5","B","POMU","Polystichum munitum","Western swordfern","Mid-Upper"
"10430_5","C","PSMEM","Pseudotsuga menziesii var. menziesii","Douglas-fir","Upper"
"10430_5","C","LIDE3","Lithocarpus densiflorus","Tanoak","Middle"
"10430_5","C","ARME","Arbutus menziesii","Pacific madrone","Middle"
"10430_5","C","UMCA","Umbellularia californica","California laurel","Middle"
"10431_2_3_6_7","A","LIDE3","Lithocarpus densiflorus","Tanoak","Upper"
"10431_2_3_6_7","A","ARME","Arbutus menziesii","Pacific madrone","Upper"
"10431_2_3_6_7","A","QUCH2","Quercus chrysolepis","Canyon live oak","Upper"
"10431_2_3_6_7","A","PSME","Pseudotsuga menziesii","Douglas-fir","Low-Mid"
"10431_2_3_6_7","B","PSME","Pseudotsuga menziesii","Douglas-fir","Upper"
"10431_2_3_6_7","B","LIDE3","Lithocarpus densiflorus","Tanoak","Upper"
"10431_2_3_6_7","B","ARME","Arbutus menziesii","Pacific madrone","Upper"
"10431_2_3_6_7","B","QUCH2","Quercus chrysolepis","Canyon live oak","Upper"
"10431_2_3_6_7","C","PSME","Pseudotsuga menziesii","Douglas-fir","Upper"
"10431_2_3_6_7","C","LIDE3","Lithocarpus densiflorus","Tanoak","Upper"
"10431_2_3_6_7","C","ARME","Arbutus menziesii","Pacific madrone","Upper"
"10431_2_3_6_7","C","QUCH2","Quercus chrysolepis","Canyon live oak","Upper"
"10431_2_3_6_7","D","PSME","Pseudotsuga menziesii","Douglas-fir","Upper"
"10431_2_3_6_7","D","PILA","Pinus lambertiana","Sugar pine","Upper"
"10431_2_3_6_7","D","ARME","Arbutus menziesii","Pacific madrone","Middle"
"10431_2_3_6_7","D","LIDE3","Lithocarpus densiflorus","Tanoak","Middle"
"10431_2_3_6_7","E","PSME","Pseudotsuga menziesii","Douglas-fir","Upper"
"10431_2_3_6_7","E","PILA","Pinus lambertiana","Sugar pine","Upper"
"10431_2_3_6_7","E","ARME","Arbutus menziesii","Pacific madrone","Middle"
"10431_2_3_6_7","E","LIDE3","Lithocarpus densiflorus","Tanoak","Middle"
"10432_2_3","A","LIDE3","Lithocarpus densiflorus","Tanoak","Upper"
"10432_2_3","A","PSME","Pseudotsuga menziesii","Douglas-fir","Low-Mid"
"10432_2_3","A","GASH","Gaultheria shallon","Salal","Lower"
"10432_2_3","A","MANE2","Mahonia nervosa","Dwarf Oregongrape","Lower"
"10432_2_3","B","PSME","Pseudotsuga menziesii","Douglas-fir","Upper"
"10432_2_3","B","LIDE3","Lithocarpus densiflorus","Tanoak","Mid-Upper"
"10432_2_3","B","VAOV2","Vaccinium ovatum","Evergreen huckleberry","Lower"
"10432_2_3","B","GASH","Gaultheria shallon","Salal","Lower"
"10432_2_3","C","PSME","Pseudotsuga menziesii","Douglas-fir","Upper"
"10432_2_3","C","LIDE3","Lithocarpus densiflorus","Tanoak","Mid-Upper"
"10432_2_3","C","VAOV2","Vaccinium ovatum","Evergreen huckleberry","Lower"
"10432_2_3","C","GASH","Gaultheria shallon","Salal","Lower"
"10432_2_3","D","PSME","Pseudotsuga menziesii","Douglas-fir","Upper"
"10432_2_3","D","TSHE","Tsuga heterophylla","Western hemlock","Upper"
"10432_2_3","D","LIDE3","Lithocarpus densiflorus","Tanoak","Middle"
"10432_2_3","D","VAOV2","Vaccinium ovatum","Evergreen huckleberry","Lower"
"10432_2_3","E","PSME","Pseudotsuga menziesii","Douglas-fir","Upper"
"10432_2_3","E","TSHE","Tsuga heterophylla","Western hemlock","Upper"
"10432_2_3","E","LIDE3","Lithocarpus densiflorus","Tanoak","Middle"
"10432_2_3","E","GASH","Gaultheria shallon","Salal","Lower"
"10440_3_6_7","A","PICO","Pinus contorta","Lodgepole pine","Upper"
"10440_3_6_7","A","POBO","Poa bolanderi","Bolander’s bluegrass","Upper"
"10440_3_6_7","A","CARO5","Carex rossii","Ross' sedge","Upper"
"10440_3_6_7","B","PICO","Pinus contorta","Lodgepole pine","Upper"
"10440_3_6_7","B","TSME","Tsuga mertensiana","Mountain hemlock","Upper"
"10440_3_6_7","B","ABMA","Abies magnifica","California red fir","Upper"
"10440_3_6_7","B","PIMO3","Pinus monticola","Western white pine","Upper"
"10440_3_6_7","C","PICO","Pinus contorta","Lodgepole pine","Upper"
"10440_3_6_7","C","TSME","Tsuga mertensiana","Mountain hemlock","Upper"
"10440_3_6_7","C","ABMA","Abies magnifica","California red fir","Upper"
"10440_3_6_7","C","PIMO3","Pinus monticola","Western white pine","Upper"
"10440_3_6_7","D","TSME","Tsuga mertensiana","Mountain hemlock","Upper"
"10440_3_6_7","D","ABMA","Abies magnifica","California red fir","Upper"
"10440_3_6_7","D","PICO","Pinus contorta","Lodgepole pine","Upper"
"10440_3_6_7","D","PIMO3","Pinus monticola","Western white pine","Upper"
"10440_3_6_7","E","TSME","Tsuga mertensiana","Mountain hemlock","Upper"
"10440_3_6_7","E","ABMA","Abies magnifica","California red fir","Upper"
"10440_3_6_7","E","PICO","Pinus contorta","Lodgepole pine","Upper"
"10440_3_6_7","E","PIMO3","Pinus monticola","Western white pine","Upper"
"10450_1_7_8_9","A","PIPO","Pinus ponderosa","Ponderosa pine","Upper"
"10450_1_7_8_9","A","PSME","Pseudotsuga menziesii","Douglas-fir","Upper"
"10450_1_7_8_9","A","LAOC","Larix occidentalis","Western larch","Upper"
"10450_1_7_8_9","A","CAGE2","Carex geyeri","Geyer's sedge","Lower"
"10450_1_7_8_9","B","PIPO","Pinus ponderosa","Ponderosa pine","Upper"
"10450_1_7_8_9","B","PSME","Pseudotsuga menziesii","Douglas-fir","Mid-Upper"
"10450_1_7_8_9","B","LAOC","Larix occidentalis","Western larch","Mid-Upper"
"10450_1_7_8_9","B","ABGR","Abies grandis","Grand fir","Mid-Upper"
"10450_1_7_8_9","C","PIPO","Pinus ponderosa","Ponderosa pine","Upper"
"10450_1_7_8_9","C","PSME","Pseudotsuga menziesii","Douglas-fir","Mid-Upper"
"10450_1_7_8_9","C","LAOC","Larix occidentalis","Western larch","Mid-Upper"
"10450_1_7_8_9","C","ABGR","Abies grandis","Grand fir","Mid-Upper"
"10450_1_7_8_9","D","PIPO","Pinus ponderosa","Ponderosa pine","Upper"
"10450_1_7_8_9","D","PSME","Pseudotsuga menziesii","Douglas-fir","Mid-Upper"
"10450_1_7_8_9","D","LAOC","Larix occidentalis","Western larch","Mid-Upper"
"10450_1_7_8_9","D","ABGR","Abies grandis","Grand fir","Mid-Upper"
"10450_1_7_8_9","E","PIPO","Pinus ponderosa","Ponderosa pine","Upper"
"10450_1_7_8_9","E","PSME","Pseudotsuga menziesii","Douglas-fir","Upper"
"10450_1_7_8_9","E","ABGR","Abies grandis","Grand fir","Mid-Upper"
"10450_1_7_8_9","E","LAOC","Larix occidentalis","Western larch","Upper"
"10450_21","A","PIPO","Pinus ponderosa","Ponderosa pine","Upper"
"10450_21","A","PSME","Pseudotsuga menziesii","Douglas-fir","Upper"
"10450_21","A","PICO","Pinus contorta","Lodgepole pine","Upper"
"10450_21","B","PIPO","Pinus ponderosa","Ponderosa pine","Upper"
"10450_21","B","PSME","Pseudotsuga menziesii","Douglas-fir","Upper"
"10450_21","B","PICO","Pinus contorta","Lodgepole pine","Middle"
"10450_21","C","PIPO","Pinus ponderosa","Ponderosa pine","Upper"
"10450_21","C","PSME","Pseudotsuga menziesii","Douglas-fir","Upper"
"10450_21","C","PICO","Pinus contorta","Lodgepole pine","Upper"
"10450_21","D","PIPO","Pinus ponderosa","Ponderosa pine","Upper"
"10450_21","D","PSME","Pseudotsuga menziesii","Douglas-fir","Upper"
"10450_21","E","PIPO","Pinus ponderosa","Ponderosa pine","Upper"
"10450_21","E","PSME","Pseudotsuga menziesii","Douglas-fir","Upper"
"10451_10_19","A","PIPO","Pinus ponderosa","Ponderosa pine","Upper"
"10451_10_19","A","LAOC","Larix occidentalis","Western larch","Upper"
"10451_10_19","A","PSME","Pseudotsuga menziesii","Douglas-fir","Upper"
"10451_10_19","A","PICO","Pinus contorta","Lodgepole pine","Upper"
"10451_10_19","B","PIPO","Pinus ponderosa","Ponderosa pine","Upper"
"10451_10_19","B","PSME","Pseudotsuga menziesii","Douglas-fir","Upper"
"10451_10_19","B","PICO","Pinus contorta","Lodgepole pine","Middle"
"10451_10_19","B","LAOC","Larix occidentalis","Western larch","Upper"
"10451_10_19","C","PIPO","Pinus ponderosa","Ponderosa pine","Upper"
"10451_10_19","C","PSME","Pseudotsuga menziesii","Douglas-fir","Upper"
"10451_10_19","C","LAOC","Larix occidentalis","Western larch","Upper"
"10451_10_19","C","PICO","Pinus contorta","Lodgepole pine","Middle"
"10451_10_19","D","PIPO","Pinus ponderosa","Ponderosa pine","Upper"
"10451_10_19","D","PSME","Pseudotsuga menziesii","Douglas-fir","Upper"
"10451_10_19","D","LAOC","Larix occidentalis","Western larch","Upper"
"10451_10_19","E","PIPO","Pinus ponderosa","Ponderosa pine","Upper"
"10451_10_19","E","PSME","Pseudotsuga menziesii","Douglas-fir","Upper"
"10451_10_19","E","ABGR","Abies grandis","Grand fir","Middle"
"10451_10_19","E","LAOC","Larix occidentalis","Western larch","Upper"
"10451_20","A","PIPO","Pinus ponderosa","Ponderosa pine","Upper"
"10451_20","A","PSME","Pseudotsuga menziesii","Douglas-fir","Upper"
"10451_20","B","PIPO","Pinus ponderosa","Ponderosa pine","Upper"
"10451_20","B","PSME","Pseudotsuga menziesii","Douglas-fir","Mid-Upper"
"10451_20","C","PIPO","Pinus ponderosa","Ponderosa pine","All"
"10451_20","C","PSME","Pseudotsuga menziesii","Douglas-fir","All"
"10451_20","D","PIPO","Pinus ponderosa","Ponderosa pine","Upper"
"10451_20","D","PSME","Pseudotsuga menziesii","Douglas-fir","Upper"
"10451_20","E","PIPO","Pinus ponderosa","Ponderosa pine","Upper"
"10451_20","E","PSME","Pseudotsuga menziesii","Douglas-fir","Upper"
"10452_10_19","A","LAOC","Larix occidentalis","Western larch","Upper"
"10452_10_19","A","PICO","Pinus contorta","Lodgepole pine","Upper"
"10452_10_19","A","PSME","Pseudotsuga menziesii","Douglas-fir","Upper"
"10452_10_19","A","ABLA","Abies lasiocarpa","Subalpine fir","Lower"
"10452_10_19","B","LAOC","Larix occidentalis","Western larch","Upper"
"10452_10_19","B","PICO","Pinus contorta","Lodgepole pine","Upper"
"10452_10_19","B","PSME","Pseudotsuga menziesii","Douglas-fir","Upper"
"10452_10_19","B","ABLA","Abies lasiocarpa","Subalpine fir","Middle"
"10452_10_19","C","LAOC","Larix occidentalis","Western larch","Upper"
"10452_10_19","C","PSME","Pseudotsuga menziesii","Douglas-fir","Upper"
"10452_10_19","C","PICO","Pinus contorta","Lodgepole pine","Upper"
"10452_10_19","C","ABLA","Abies lasiocarpa","Subalpine fir","Middle"
"10452_10_19","D","LAOC","Larix occidentalis","Western larch","Upper"
"10452_10_19","D","PSME","Pseudotsuga menziesii","Douglas-fir","Upper"
"10452_10_19","D","PICO","Pinus contorta","Lodgepole pine","Mid-Upper"
"10452_10_19","D","ABLA","Abies lasiocarpa","Subalpine fir","Middle"
"10452_10_19","E","ABLA","Abies lasiocarpa","Subalpine fir","Upper"
"10452_10_19","E","PSME","Pseudotsuga menziesii","Douglas-fir","Upper"
"10452_10_19","E","LAOC","Larix occidentalis","Western larch","Upper"
"10452_10_19","E","ABGR","Abies grandis","Grand fir","Mid-Upper"
"10453_10_19","A","XETE","Xerophyllum tenax","Common beargrass","Lower"
"10453_10_19","A","VAME","Vaccinium membranaceum","Thinleaf huckleberry","Lower"
"10453_10_19","A","PICO","Pinus contorta","Lodgepole pine","Low-Mid"
"10453_10_19","A","PSME","Pseudotsuga menziesii","Douglas-fir","Low-Mid"
"10453_10_19","B","PICO","Pinus contorta","Lodgepole pine","Upper"
"10453_10_19","B","PSME","Pseudotsuga menziesii","Douglas-fir","Upper"
"10453_10_19","B","LAOC","Larix occidentalis","Western larch","Upper"
"10453_10_19","B","ABGR","Abies grandis","Grand fir","Mid-Upper"
"10453_10_19","C","PICO","Pinus contorta","Lodgepole pine","Upper"
"10453_10_19","C","ABGR","Abies grandis","Grand fir","Mid-Upper"
"10453_10_19","C","PSME","Pseudotsuga menziesii","Douglas-fir","Upper"
"10453_10_19","C","LAOC","Larix occidentalis","Western larch","Upper"
"10453_10_19","D","LAOC","Larix occidentalis","Western larch","Upper"
"10453_10_19","D","PSME","Pseudotsuga menziesii","Douglas-fir","Upper"
"10453_10_19","D","PIPO","Pinus ponderosa","Ponderosa pine","Upper"
"10453_10_19","D","PICO","Pinus contorta","Lodgepole pine","Upper"
"10453_10_19","E","LAOC","Larix occidentalis","Western larch","Upper"
"10453_10_19","E","ABGR","Abies grandis","Grand fir","Upper"
"10453_10_19","E","PSME","Pseudotsuga menziesii","Douglas-fir","Upper"
"10453_10_19","E","PICO","Pinus contorta","Lodgepole pine","Upper"
"10454_20","A","PICO","Pinus contorta","Lodgepole pine","Upper"
"10454_20","B","PICO","Pinus contorta","Lodgepole pine","Upper"
"10454_20","B","PSME","Pseudotsuga menziesii","Douglas-fir","Lower"
"10454_20","C","PICO","Pinus contorta","Lodgepole pine","Upper"
"10454_20","C","PSME","Pseudotsuga menziesii","Douglas-fir","Lower"
"10454_20","D","PICO","Pinus contorta","Lodgepole pine","Upper"
"10454_20","D","PSME","Pseudotsuga menziesii","Douglas-fir","Low-Mid"
"10454_20","E","PICO","Pinus contorta","Lodgepole pine","Upper"
"10454_20","E","PSME","Pseudotsuga menziesii","Douglas-fir","Middle"
"10460_1_7_9","A","VASC","Vaccinium scoparium","Grouse whortleberry","Upper"
"10460_1_7_9","A","POPU3","Polemonium pulcherrimum","Jacob’s ladder","Middle"
"10460_1_7_9","A","FEVI","Festuca viridula","Greenleaf fescue","Middle"
"10460_1_7_9","B","PIAL","Pinus albicaulis","Whitebark pine","Upper"
"10460_1_7_9","B","VASC","Vaccinium scoparium","Grouse whortleberry","Low-Mid"
"10460_1_7_9","B","POPU3","Polemonium pulcherrimum","Jacob’s ladder","Lower"
"10460_1_7_9","C","PIAL","Pinus albicaulis","Whitebark pine","Upper"
"10460_1_7_9","C","ABLA","Abies lasiocarpa","Subalpine fir","Upper"
"10460_1_7_9","C","VASC","Vaccinium scoparium","Grouse whortleberry","Middle"
"10460_1_7_9","C","POPU3","Polemonium pulcherrimum","Jacob’s ladder","Lower"
"10460_10_19_20","A","PIAL","Pinus albicaulis","Whitebark pine","Upper"
"10460_10_19_20","A","LALY","Larix lyallii","Subalpine larch","Upper"
"10460_10_19_20","A","PICO","Pinus contorta","Lodgepole pine","Upper"
"10460_10_19_20","A","","","",""
"10460_10_19_20","B","PIAL","Pinus albicaulis","Whitebark pine","Upper"
"10460_10_19_20","B","ABLA","Abies lasiocarpa","Subalpine fir","Upper"
"10460_10_19_20","B","PIEN","Picea engelmannii","Engelmann spruce","Mid-Upper"
"10460_10_19_20","B","PICO","Pinus contorta","Lodgepole pine","Upper"
"10460_10_19_20","C","PIAL","Pinus albicaulis","Whitebark pine","Upper"
"10460_10_19_20","C","LALY","Larix lyallii","Subalpine larch","Upper"
"10460_10_19_20","C","PICO","Pinus contorta","Lodgepole pine","Upper"
"10460_10_19_20","C","","","",""
"10460_10_19_20","D","PIAL","Pinus albicaulis","Whitebark pine","Upper"
"10460_10_19_20","D","LALY","Larix lyallii","Subalpine larch","Upper"
"10460_10_19_20","D","PICO","Pinus contorta","Lodgepole pine","Upper"
"10460_10_19_20","D","","","","Upper"
"10460_10_19_20","E","PIAL","Pinus albicaulis","Whitebark pine","Upper"
"10460_10_19_20","E","ABLA","Abies lasiocarpa","Subalpine fir","Upper"
"10460_10_19_20","E","PIEN","Picea engelmannii","Engelmann spruce","Upper"
"10460_10_19_20","E","","","",""
"10460_18","A","ARTRV","Artemisia tridentata ssp. vaseyana","Mountain big sagebrush","Upper"
"10460_18","A","VASC","Vaccinium scoparium","Grouse whortleberry","Mid-Upper"
"10460_18","A","FEID","Festuca idahoensis","Idaho fescue","Low-Mid"
"10460_18","A","CAGE","Carex geophila","White mountain sedge","Low-Mid"
"10460_18","B","PIAL","Pinus albicaulis","Whitebark pine","Upper"
"10460_18","B","PIEN","Picea engelmannii","Engelmann spruce","Upper"
"10460_18","B","ARTRV","Artemisia tridentata ssp. vaseyana","Mountain big sagebrush","Middle"
"10460_18","B","CAGE","Carex geophila","White mountain sedge","Low-Mid"
"10460_18","C","PIAL","Pinus albicaulis","Whitebark pine","Upper"
"10460_18","C","PIEN","Picea engelmannii","Engelmann spruce","Upper"
"10460_18","C","ARTRV","Artemisia tridentata ssp. vaseyana","Mountain big sagebrush","Middle"
"10460_18","C","ABLA","Abies lasiocarpa","Subalpine fir","Middle"
"10460_18","D","ABLA","Abies lasiocarpa","Subalpine fir","Upper"
"10460_18","D","PIAL","Pinus albicaulis","Whitebark pine","Mid-Upper"
"10460_18","D","PIEN","Picea engelmannii","Engelmann spruce","Mid-Upper"
"10460_18","D","ABLA","Abies lasiocarpa","Subalpine fir","Low-Mid"
"10460_21","A","PIAL","Pinus albicaulis","Whitebark pine","Upper"
"10460_21","A","PICO","Pinus contorta","Lodgepole pine","Upper"
"10460_21","A","PIEN","Picea engelmannii","Engelmann spruce","Upper"
"10460_21","A","PIFL2","Pinus flexilis","Limber pine","Upper"
"10460_21","B","PIAL","Pinus albicaulis","Whitebark pine","Upper"
"10460_21","B","ABLA","Abies lasiocarpa","Subalpine fir","Upper"
"10460_21","B","PIEN","Picea engelmannii","Engelmann spruce","Mid-Upper"
"10460_21","B","PICO","Pinus contorta","Lodgepole pine","Upper"
"10460_21","C","PIAL","Pinus albicaulis","Whitebark pine","Upper"
"10460_21","C","LALY","Larix lyallii","Subalpine larch","Upper"
"10460_21","C","PICO","Pinus contorta","Lodgepole pine","Upper"
"10460_21","C","PIFL2","Pinus flexilis","Limber pine","Upper"
"10460_21","D","PIAL","Pinus albicaulis","Whitebark pine","Upper"
"10460_21","D","PICO","Pinus contorta","Lodgepole pine","Upper"
"10460_21","D","PIFL2","Pinus flexilis","Limber pine","Upper"
"10460_21","E","PIAL","Pinus albicaulis","Whitebark pine","Upper"
"10460_21","E","ABLA","Abies lasiocarpa","Subalpine fir","Upper"
"10460_21","E","PIEN","Picea engelmannii","Engelmann spruce","Upper"
"10460_21","E","PIFL2","Pinus flexilis","Limber pine","Upper"
"10470_10_19","A","CEVE","Ceanothus velutinus","Snowbrush ceanothus","Upper"
"10470_10_19","A","SASC","Salix scouleriana","Scouler’s willow","Upper"
"10470_10_19","A","PIMO3","Pinus monticola","Western white pine","Middle"
"10470_10_19","A","LAOC","Larix occidentalis","Western larch","Upper"
"10470_10_19","B","PIMO3","Pinus monticola","Western white pine","Upper"
"10470_10_19","B","LAOC","Larix occidentalis","Western larch","Upper"
"10470_10_19","B","ABGR","Abies grandis","Grand fir","Upper"
"10470_10_19","B","PSME","Pseudotsuga menziesii","Douglas-fir","Upper"
"10470_10_19","C","PIMO3","Pinus monticola","Western white pine","Upper"
"10470_10_19","C","LAOC","Larix occidentalis","Western larch","Upper"
"10470_10_19","C","THPL","Thuja plicata","Western red cedar","Low-Mid"
"10470_10_19","C","ABGR","Abies grandis","Grand fir","Upper"
"10470_10_19","D","PIMO3","Pinus monticola","Western white pine","Upper"
"10470_10_19","D","LAOC","Larix occidentalis","Western larch","Upper"
"10470_10_19","D","THPL","Thuja plicata","Western red cedar","Upper"
"10470_10_19","D","ABGR","Abies grandis","Grand fir","Upper"
"10470_10_19","E","THPL","Thuja plicata","Western red-cedar","Upper"
"10470_10_19","E","TSHE","Tsuga heterophylla","Western hemlock","Upper"
"10470_10_19","E","PSME","Pseudotsuga menziesii","Douglas-fir","Upper"
"10470_10_19","E","ABGR","Abies grandis","Grand fir","Upper"
"10470_8_9","A","CEVE","Ceanothus velutinus","Snowbrush ceanothus","Upper"
"10470_8_9","A","ACGL","Acer glabrum","Rocky Mountain maple","Upper"
"10470_8_9","A","SASC","Salix scouleriana","Scouler’s willow","Upper"
"10470_8_9","A","PHMA5","Physocarpus malvaceus","Mallow ninebark","Upper"
"10470_8_9","B","PSME","Pseudotsuga menziesii","Douglas-fir","Upper"
"10470_8_9","B","ABGR","Abies grandis","Grand fir","Upper"
"10470_8_9","B","PIPO","Pinus ponderosa","Ponderosa pine","Upper"
"10470_8_9","B","LAOC","Larix occidentalis","Western larch","Upper"
"10470_8_9","C","PIPO","Pinus ponderosa","Ponderosa pine","Upper"
"10470_8_9","C","LAOC","Larix occidentalis","Western larch","Upper"
"10470_8_9","C","PSME","Pseudotsuga menziesii","Douglas-fir","Mid-Upper"
"10470_8_9","C","ABGR","Abies grandis","Grand fir","Mid-Upper"
"10470_8_9","D","PSME","Pseudotsuga menziesii","Douglas-fir","Upper"
"10470_8_9","D","PIPO","Pinus ponderosa","Ponderosa pine","Upper"
"10470_8_9","D","LAOC","Larix occidentalis","Western larch","Upper"
"10470_8_9","D","ABGR","Abies grandis","Grand fir","Mid-Upper"
"10470_8_9","E","ABGR","Abies grandis","Grand fir","Upper"
"10470_8_9","E","PSME","Pseudotsuga menziesii","Douglas-fir","Upper"
"10470_8_9","E","PIPO","Pinus ponderosa","Ponderosa pine","Upper"
"10470_8_9","E","LAOC","Larix occidentalis","Western larch","Upper"
"10472_10_19","A","CLUN","Clarkia unguiculata","Elegant clarkia","Lower"
"10472_10_19","A","ADPE","Adiantum pedatum","Northern maidenhair","Lower"
"10472_10_19","A","ATFI","Athyrium filix-femina","Common ladyfern","Lower"
"10472_10_19","A","THPL","Thuja plicata","Western red cedar","Upper"
"10472_10_19","B","THPL","Thuja plicata","Western red cedar","Upper"
"10472_10_19","C","THPL","Thuja plicata","Western red cedar","Upper"
"10472_10_19","D","THPL","Thuja plicata","Western red cedar","Upper"
"10472_10_19","E","THPL","Thuja plicata","Western red cedar","Upper"
"10472_10_19","E","ABGR","Abies grandis","Grand fir","None"
"10480_29","A","POTR5","Populus tremuloides","Quaking aspen","Mid-Upper"
"10480_29","A","BEPA","Betula papyrifera","Paper birch","Mid-Upper"
"10480_29","A","ARUV","Arctostaphylos uva-ursi","Kinnikinnick","Lower"
"10480_29","A","SYAL","Symphoricarpos albus","Snowberry","Lower"
"10480_29","B","POTR5","Populus tremuloides","Quaking aspen","Upper"
"10480_29","B","BEPA","Betula papyrifera","Paper birch","Upper"
"10480_29","C","POTR5","Populus tremuloides","Quaking aspen","Upper"
"10480_29","C","BEPA","Betula papyrifera","Paper birch","Upper"
"10480_29","C","PIPO","Pinus ponderosa","Ponderosa pine","Mid-Upper"
"10480_29","C","PIGL","Picea glauca","White spruce","Mid-Upper"
"10480_29","D","PIPO","Pinus ponderosa","Ponderosa pine","Upper"
"10480_29","D","PIGL","Picea glauca","White spruce","Upper"
"10480_29","D","POTR5","Populus tremuloides","Quaking aspen","Mid-Upper"
"10480_29","D","BEPA","Betula papyrifera","Paper birch","Mid-Upper"
"10480_29","E","PIPO","Pinus ponderosa","Ponderosa pine","Upper"
"10480_29","E","PIGL","Picea glauca","White spruce","Upper"
"10490_16_22","A","PSSP6","Pseudoroegneria spicata","Bluebunch wheatgrass","Upper"
"10490_16_22","A","POSE","Poa secunda","Sandberg bluegrass","Upper"
"10490_16_22","A","JUOS","Juniperus osteosperma","Utah juniper","Upper"
"10490_16_22","A","ARTR2","Artemisia tridentata","Big sagebrush","Upper"
"10490_16_22","B","PIFL","Pieris floribunda","Mountain fetterbush","Upper"
"10490_16_22","B","JUSC2","Juniperus scopulorum","Rocky mountain juniper","Upper"
"10490_16_22","B","JUOS","Juniperus osteosperma","Utah juniper","Upper"
"10490_16_22","B","ARTR2","Artemisia tridentata","Big sagebrush","Middle"
"10490_16_22","C","PIFL","Pieris floribunda","Mountain fetterbush","Upper"
"10490_16_22","C","JUSC2","Juniperus scopulorum","Rocky mountain juniper","Upper"
"10490_16_22","C","JUOS","Juniperus osteosperma","Utah juniper","Upper"
"10490_19_20_21_23_28_29","A","PIFL","Pieris floribunda","Mountain fetterbush","Upper"
"10490_19_20_21_23_28_29","A","JUSC2","Juniperus scopulorum","Rocky mountain juniper","Upper"
"10490_19_20_21_23_28_29","B","PIFL","Pieris floribunda","Mountain fetterbush","Upper"
"10490_19_20_21_23_28_29","B","JUSC2","Juniperus scopulorum","Rocky mountain juniper","Upper"
"10490_19_20_21_23_28_29","C","PIFL","Pieris floribunda","Mountain fetterbush","Upper"
"10490_19_20_21_23_28_29","C","JUSC2","Juniperus scopulorum","Rocky mountain juniper","Upper"
"10500_16_23_28","A","VASC","Vaccinium scoparium","Grouse whortleberry","Lower"
"10500_16_23_28","A","VAMYO","Vaccinium myrtillus var. oreophilum","Whortleberry","Lower"
"10500_16_23_28","A","CAGE2","Carex geyeri","Geyer's sedge","Lower"
"10500_16_23_28","A","PICO","Pinus contorta","Lodgepole pine","Upper"
"10500_16_23_28","B","PICO","Pinus contorta","Lodgepole pine","Upper"
"10500_16_23_28","B","VASC","Vaccinium scoparium","Grouse whortleberry","Lower"
"10500_16_23_28","B","CAGE2","Carex geyeri","Geyer's sedge","Lower"
"10500_16_23_28","B","ABLA","Abies lasiocarpa","Subalpine fir","Middle"
"10500_16_23_28","C","PICO","Pinus contorta","Lodgepole pine","Upper"
"10500_16_23_28","C","ABLA","Abies lasiocarpa","Subalpine fir","Mid-Upper"
"10500_16_23_28","C","VASC","Vaccinium scoparium","Grouse whortleberry","Lower"
"10500_16_23_28","C","CAGE2","Carex geyeri","Geyer's sedge","Lower"
"10500_18","A","VASC","Vaccinium scoparium","Grouse whortleberry","Lower"
"10500_18","A","RIVI","Ribes viburnifolium","Island gooseberry","Lower"
"10500_18","A","CAGE2","Carex geyeri","Geyer's sedge","Lower"
"10500_18","A","PICO","Pinus contorta","Lodgepole pine","Upper"
"10500_18","B","PICO","Pinus contorta","Lodgepole pine","Upper"
"10500_18","B","VASC","Vaccinium scoparium","Grouse whortleberry","Lower"
"10500_18","B","CAGE2","Carex geyeri","Geyer's sedge","Lower"
"10500_18","B","ABLA","Abies lasiocarpa","Subalpine fir","Middle"
"10500_18","C","PICO","Pinus contorta","Lodgepole pine","Upper"
"10500_18","C","ABLA","Abies lasiocarpa","Subalpine fir","Mid-Upper"
"10500_18","C","VASC","Vaccinium scoparium","Grouse whortleberry","Lower"
"10500_18","C","CAGE2","Carex geyeri","Geyer's sedge","Lower"
"10500_22","A","CAGE2","Carex geyeri","Geyer's sedge","Lower"
"10500_22","A","RIVI","Ribes viburnifolium","Island gooseberry","Lower"
"10500_22","A","PICO","Pinus contorta","Lodgepole pine","Upper"
"10500_22","A","POTR5","Populus tremuloides","Quaking aspen","Upper"
"10500_22","B","PICO","Pinus contorta","Lodgepole pine","Upper"
"10500_22","B","VASC","Vaccinium scoparium","Grouse whortleberry","Lower"
"10500_22","B","CAGE2","Carex geyeri","Geyer's sedge","Lower"
"10500_22","B","POTR5","Populus tremuloides","Quaking aspen","Upper"
"10500_22","C","PICO","Pinus contorta","Lodgepole pine","Upper"
"10500_22","C","POTR5","Populus tremuloides","Quaking aspen","Upper"
"10500_22","C","VASC","Vaccinium scoparium","Grouse whortleberry","Lower"
"10500_22","C","CAGE2","Carex geyeri","Geyer's sedge","Lower"
"10510_15_16_17_22_23_24_25","A","CARU","Calamagrostis rubescens","Pinegrass","Low-Mid"
"10510_15_16_17_22_23_24_25","A","CAGA3","Carex garberi","Elk sedge","Low-Mid"
"10510_15_16_17_22_23_24_25","A","PSEUD7","Pseudotsuga","Douglas-fir","Upper"
"10510_15_16_17_22_23_24_25","A","PIPO","Pinus ponderosa","Ponderosa pine","Upper"
"10510_15_16_17_22_23_24_25","B","PSEUD7","Pseudotsuga","Douglas-fir","Upper"
"10510_15_16_17_22_23_24_25","B","ABCO","Abies concolor","White fir","Upper"
"10510_15_16_17_22_23_24_25","B","PIPO","Pinus ponderosa","Ponderosa pine","Upper"
"10510_15_16_17_22_23_24_25","B","PICO","Pinus contorta","Lodgepole pine","Upper"
"10510_15_16_17_22_23_24_25","C","PSEUD7","Pseudotsuga","Douglas-fir","Upper"
"10510_15_16_17_22_23_24_25","C","PIPO","Pinus ponderosa","Ponderosa pine","Upper"
"10510_15_16_17_22_23_24_25","D","PSEUD7","Pseudotsuga","Douglas-fir","Upper"
"10510_15_16_17_22_23_24_25","D","PIPO","Pinus ponderosa","Ponderosa pine","Upper"
"10510_15_16_17_22_23_24_25","E","PSEUD7","Pseudotsuga","Douglas-fir","Upper"
"10510_15_16_17_22_23_24_25","E","ABCO","Abies concolor","White fir","Upper"
"10510_15_16_17_22_23_24_25","E","PICO","Pinus contorta","Lodgepole pine","Upper"
"10510_15_16_17_22_23_24_25","E","PIPO","Pinus ponderosa","Ponderosa pine","Middle"
"10510_18_21","A","CARU","Calamagrostis rubescens","Pinegrass","Low-Mid"
"10510_18_21","A","CAGA3","Carex garberi","Elk sedge","Low-Mid"
"10510_18_21","A","PSME","Pseudotsuga menziesii","Douglas-fir","Upper"
"10510_18_21","A","PIPO","Pinus ponderosa","Ponderosa pine","Upper"
"10510_18_21","B","PSEUD7","Pseudotsuga","Douglas-fir","Upper"
"10510_18_21","B","ABCO","Abies concolor","White fir","Upper"
"10510_18_21","B","PIPO","Pinus ponderosa","Ponderosa pine","Upper"
"10510_18_21","B","PICO","Pinus contorta","Lodgepole pine","Upper"
"10510_18_21","C","PIPO","Pinus ponderosa","Ponderosa pine","Upper"
"10510_18_21","C","PSEUD7","Pseudotsuga","Douglas-fir","Upper"
"10510_18_21","C","PIFL2","Pinus flexilis","Limber pine","Upper"
"10510_18_21","C","ABCO","Abies concolor","White fir","Upper"
"10510_18_21","D","PIPO","Pinus ponderosa","Ponderosa pine","Upper"
"10510_18_21","D","PSEUD7","Pseudotsuga","Douglas-fir","Upper"
"10510_18_21","D","PIFL2","Pinus flexilis","Limber pine","Upper"
"10510_18_21","D","ABCO","Abies concolor","White fir","Upper"
"10510_18_21","E","ABCO","Abies concolor","White fir","Upper"
"10510_18_21","E","PIFL2","Pinus flexilis","Limber pine","Upper"
"10510_18_21","E","PIPO","Pinus ponderosa","Ponderosa pine","Upper"
"10510_18_21","E","PSEUD7","Pseudotsuga","Douglas-fir","Upper"
"10510_27","A","CARU","Calamagrostis rubescens","Pinegrass","Low-Mid"
"10510_27","A","CAGA3","Carex garberi","Elk sedge","Low-Mid"
"10510_27","A","PSEUD7","Pseudotsuga","Douglas-fir","Upper"
"10510_27","A","PIPO","Pinus ponderosa","Ponderosa pine","Upper"
"10510_27","B","PSEUD7","Pseudotsuga","Douglas-fir","Upper"
"10510_27","B","ABCO","Abies concolor","White fir","Upper"
"10510_27","B","PIPO","Pinus ponderosa","Ponderosa pine","Upper"
"10510_27","B","PICO","Pinus contorta","Lodgepole pine","Upper"
"10510_27","C","PSEUD7","Pseudotsuga","Douglas-fir","Upper"
"10510_27","C","PIPO","Pinus ponderosa","Ponderosa pine","Upper"
"10510_27","C","POTR5","Populus tremuloides","Quaking aspen","Mid-Upper"
"10510_27","D","PSEUD7","Pseudotsuga","Douglas-fir","Upper"
"10510_27","D","PIPO","Pinus ponderosa","Ponderosa pine","Upper"
"10510_27","D","POTR5","Populus tremuloides","Quaking aspen","Mid-Upper"
"10510_27","E","PSEUD7","Pseudotsuga","Douglas-fir","Upper"
"10510_27","E","ABCO","Abies concolor","White fir","Upper"
"10510_27","E","PICO","Pinus contorta","Lodgepole pine","Upper"
"10510_27","E","PIPO","Pinus ponderosa","Ponderosa pine","Middle"
"10510_28","A","PIPO","Pinus ponderosa","Ponderosa pine","All"
"10510_28","A","ABCO","Abies concolor","White fir","All"
"10510_28","A","QUGA","Quercus gambelii","Gambel oak","All"
"10510_28","A","POTR5","Populus tremuloides","Quaking aspen","All"
"10510_28","A","PSME","Pseudotsuga menziessi","Douglas-fir","All"
"10510_28","B","POTR5","Populus tremuloides","Quaking aspen","Upper"
"10510_28","B","ABCO","Abies concolor","White fir","Mid-Upper"
"10510_28","B","PIPO","Pinus ponderosa","Ponderosa pine","Mid-Upper"
"10510_28","B","PSME","Pseudotsuga menziesii","Douglas-fir","Mid-Upper"
"10510_28","C","PIPO","Pinus ponderosa","Ponderosa pine","Mid-Upper"
"10510_28","C","ABCO","Abies concolor","White fir","Mid-Upper"
"10510_28","C","PSME","Pseudotsuga menziesii","Douglas-fir","Mid-Upper"
"10510_28","C","POTR5","Populus tremuloides","Quaking aspen","Upper"
"10510_28","D","PIPO","Pinus ponderosa","Ponderosa pine","Mid-Upper"
"10510_28","D","PSME","Pseudotsuga menziesii","Douglas-fir","Mid-Upper"
"10510_28","D","ABCO","Abies concolor","White fir","Mid-Upper"
"10510_28","D","POTR","Populus tremuloides","Quaking aspen","Upper"
"10510_28","E","PIPO","Pinus ponderosa","Ponderosa pine","Upper"
"10510_28","E","ABCO","Abies concolor","White fir","Upper"
"10510_28","E","PSME","Pseudotsuga menziesii","Douglas-fir","Upper"
"10510_28","E","POTR5","Populus tremuloides","Quaking aspen","Mid-Upper"
"10510_29","A","CARU","Calamagrostis rubescens","Pinegrass","Low-Mid"
"10510_29","A","CAGA3","Carex garberi","Elk sedge","Low-Mid"
"10510_29","A","PSEUD7","Pseudotsuga","Douglas-fir","Upper"
"10510_29","A","PIPO","Pinus ponderosa","Ponderosa pine","Upper"
"10510_29","B","PSEUD7","Pseudotsuga","Douglas-fir","Upper"
"10510_29","B","ABCO","Abies concolor","White fir","Upper"
"10510_29","B","PIPO","Pinus ponderosa","Ponderosa pine","Upper"
"10510_29","B","PICO","Pinus contorta","Lodgepole pine","Upper"
"10510_29","C","PSEUD7","Pseudotsuga","Douglas-fir","Upper"
"10510_29","C","PIPO","Pinus ponderosa","Ponderosa pine","Upper"
"10510_29","D","PSEUD7","Pseudotsuga","Douglas-fir","Upper"
"10510_29","D","PIPO","Pinus ponderosa","Ponderosa pine","Upper"
"10510_29","E","PSEUD7","Pseudotsuga","Douglas-fir","Upper"
"10510_29","E","ABCO","Abies concolor","White fir","Upper"
"10510_29","E","PICO","Pinus contorta","Lodgepole pine","Upper"
"10510_29","E","PIPO","Pinus ponderosa","Ponderosa pine","Middle"
"10510_6","A","CARU","Calamagrostis rubescens","Pinegrass","Low-Mid"
"10510_6","A","CAGA3","Carex garberi","Elk sedge","Low-Mid"
"10510_6","A","PICO","Pinus contorta","Lodgepole pine","Upper"
"10510_6","A","PIPO","Pinus ponderosa","Ponderosa pine","Upper"
"10510_6","B","PSEUD7","Pseudotsuga","Douglas-fir","Upper"
"10510_6","B","ABCO","Abies concolor","White fir","Upper"
"10510_6","B","PIFL2","Pinus flexilis","Limber pine","Upper"
"10510_6","B","PICO","Pinus contorta","Lodgepole pine","Upper"
"10510_6","C","PIPO","Pinus ponderosa","Ponderosa pine","Upper"
"10510_6","C","PSEUD7","Pseudotsuga","Douglas-fir","Upper"
"10510_6","C","PIFL2","Pinus flexilis","Limber pine","Upper"
"10510_6","C","ABCO","Abies concolor","White fir","Upper"
"10510_6","D","PIPO","Pinus ponderosa","Ponderosa pine","Upper"
"10510_6","D","PSEUD7","Pseudotsuga","Douglas-fir","Upper"
"10510_6","D","PIFL2","Pinus flexilis","Limber pine","Upper"
"10510_6","D","ABCO","Abies concolor","White fir","Upper"
"10510_6","E","ABCO","Abies concolor","White fir","Upper"
"10510_6","E","PIFL2","Pinus flexilis","Limber pine","Upper"
"10510_6","E","PIPO","Pinus ponderosa","Ponderosa pine","Upper"
"10510_6","E","PSEUD7","Pseudotsuga","Douglas-fir","Upper"
"10520_12","A","ABCO","Abies concolor","White fir","Upper"
"10520_12","A","PICO","Pinus contorta","Lodgepole pine","Upper"
"10520_12","B","ABCO","Abies concolor","White fir","Upper"
"10520_12","B","PICO","Pinus contorta","Lodgepole pine","Upper"
"10520_12","B","PIFL2","Pinus flexilis","Limber pine","Upper"
"10520_12","C","ABCO","Abies concolor","White fir","Upper"
"10520_12","C","PICO","Pinus contorta","Lodgepole pine","Upper"
"10520_12","C","ABLA","Abies lasiocarpa","Subalpine fir","Upper"
"10520_12","D","ABCO","Abies concolor","White fir","Upper"
"10520_12","D","PIFL2","Pinus flexilis","Limber pine","Upper"
"10520_12","D","ABLA","Abies lasiocarpa","Subalpine fir","Mid-Upper"
"10520_12","E","ABCO","Abies concolor","White fir","Upper"
"10520_12","E","ABLA","Abies lasiocarpa","Subalpine fir","Upper"
"10520_12","E","PIFL2","Pinus flexilis","Limber pine","Upper"
"10520_13","A","SYMPH","Symphoricarpos","Snowberry","Mid-Upper"
"10520_13","A","PIPO","Pinus ponderosa","Ponderosa pine","Upper"
"10520_13","A","HOLOD","Holodiscus","Oceanspray","Mid-Upper"
"10520_13","A","POTR5","Populus tremuloides","Quaking aspen","Upper"
"10520_13","B","ABCO","Abies concolor","White fir","Upper"
"10520_13","B","PIPO","Pinus ponderosa","Ponderosa pine","Upper"
"10520_13","B","PIFL2","Pinus flexilis","Limber pine","Upper"
"10520_13","C","ABCO","Abies concolor","White fir","Upper"
"10520_13","C","PIPO","Pinus ponderosa","Ponderosa pine","Upper"
"10520_13","C","PIFL2","Pinus flexilis","Limber pine","Upper"
"10520_13","D","PIPO","Pinus ponderosa","Ponderosa pine","Upper"
"10520_13","D","PIFL2","Pinus flexilis","Limber pine","Upper"
"10520_13","D","ABCO","Abies concolor","White fir","Upper"
"10520_13","E","ABCO","Abies concolor","White fir","Upper"
"10520_13","E","PIPO","Pinus ponderosa","Ponderosa pine","Upper"
"10520_13","E","PIFL2","Pinus flexilis","Limber pine","Upper"
"10520_15","A","PSME","Pseudotsuga menziesii","Douglas-fir","Upper"
"10520_15","A","ABCO","Abies concolor","White fir","Upper"
"10520_15","B","PSME","Pseudotsuga menziesii","Douglas-fir","Upper"
"10520_15","B","ABCO","Abies concolor","White fir","Upper"
"10520_15","C","PSME","Pseudotsuga menziesii","Douglas-fir","Upper"
"10520_15","C","ABCO","Abies concolor","White fir","Upper"
"10520_15","D","PSME","Pseudotsuga menziesii","Douglas-fir","Upper"
"10520_15","D","ABCO","Abies concolor","White fir","Upper"
"10520_15","D","ABLA","Abies lasiocarpa","Subalpine fir","Mid-Upper"
"10520_15","E","PSME","Pseudotsuga menziesii","Douglas-fir","Upper"
"10520_15","E","ABCO","Abies concolor","White fir","Upper"
"10520_15","E","ABLA","Abies lasiocarpa","Subalpine fir","Upper"
"10520_16_23_24","A","PSEUD7","Pseudotsuga","Douglas-fir","Upper"
"10520_16_23_24","A","ABCO","Abies concolor","White fir","Upper"
"10520_16_23_24","B","PSEUD7","Pseudotsuga","Douglas-fir","Upper"
"10520_16_23_24","B","ABCO","Abies concolor","White fir","Upper"
"10520_16_23_24","C","PSEUD7","Pseudotsuga","Douglas-fir","Upper"
"10520_16_23_24","C","ABCO","Abies concolor","White fir","Upper"
"10520_16_23_24","D","PSEUD7","Pseudotsuga","Douglas-fir","Upper"
"10520_16_23_24","D","ABCO","Abies concolor","White fir","Upper"
"10520_16_23_24","D","ABLA","Abies lasiocarpa","Subalpine fir","Mid-Upper"
"10520_16_23_24","E","PSEUD7","Pseudotsuga","Douglas-fir","Upper"
"10520_16_23_24","E","ABCO","Abies concolor","White fir","Upper"
"10520_16_23_24","E","ABLA","Abies lasiocarpa","Subalpine fir","Upper"
"10520_17","A","ABCO","Abies concolor","White fir","Upper"
"10520_17","A","PICO","Pinus contorta","Lodgepole pine","Upper"
"10520_17","B","ABCO","Abies concolor","White fir","Upper"
"10520_17","B","PICO","Pinus contorta","Lodgepole pine","Upper"
"10520_17","B","PIFL2","Pinus flexilis","Limber pine","Upper"
"10520_17","C","ABCO","Abies concolor","White fir","Upper"
"10520_17","C","PICO","Pinus contorta","Lodgepole pine","Upper"
"10520_17","C","ABLA","Abies lasiocarpa","Subalpine fir","Upper"
"10520_17","D","ABCO","Abies concolor","White fir","Upper"
"10520_17","D","PIFL2","Pinus flexilis","Limber pine","Upper"
"10520_17","D","ABLA","Abies lasiocarpa","Subalpine fir","Mid-Upper"
"10520_17","E","ABCO","Abies concolor","White fir","Upper"
"10520_17","E","ABLA","Abies lasiocarpa","Subalpine fir","Upper"
"10520_17","E","PIFL2","Pinus flexilis","Limber pine","Upper"
"10520_18","A","ABCO","Abies concolor","White fir","Upper"
"10520_18","A","PICO","Pinus contorta","Lodgepole pine","Upper"
"10520_18","B","ABCO","Abies concolor","White fir","Upper"
"10520_18","B","PICO","Pinus contorta","Lodgepole pine","Upper"
"10520_18","B","PIFL2","Pinus flexilis","Limber pine","Upper"
"10520_18","C","ABCO","Abies concolor","White fir","Upper"
"10520_18","C","PICO","Pinus contorta","Lodgepole pine","Upper"
"10520_18","C","ABLA","Abies lasiocarpa","Subalpine fir","Upper"
"10520_18","D","ABCO","Abies concolor","White fir","Upper"
"10520_18","D","PIFL2","Pinus flexilis","Limber pine","Upper"
"10520_18","D","ABLA","Abies lasiocarpa","Subalpine fir","Mid-Upper"
"10520_18","E","ABCO","Abies concolor","White fir","Upper"
"10520_18","E","ABLA","Abies lasiocarpa","Subalpine fir","Upper"
"10520_18","E","PIFL2","Pinus flexilis","Limber pine","Upper"
"10520_21","A","ABCO","Abies concolor","White fir","Upper"
"10520_21","A","PICO","Pinus contorta","Lodgepole pine","Upper"
"10520_21","B","ABCO","Abies concolor","White fir","Upper"
"10520_21","B","PICO","Pinus contorta","Lodgepole pine","Upper"
"10520_21","B","PIFL2","Pinus flexilis","Limber pine","Upper"
"10520_21","C","ABCO","Abies concolor","White fir","Upper"
"10520_21","C","PICO","Pinus contorta","Lodgepole pine","Upper"
"10520_21","C","ABLA","Abies lasiocarpa","Subalpine fir","Upper"
"10520_21","D","ABCO","Abies concolor","White fir","Upper"
"10520_21","D","PIFL2","Pinus flexilis","Limber pine","Upper"
"10520_21","D","ABLA","Abies lasiocarpa","Subalpine fir","Mid-Upper"
"10520_21","E","ABCO","Abies concolor","White fir","Upper"
"10520_21","E","ABLA","Abies lasiocarpa","Subalpine fir","Upper"
"10520_21","E","PIFL2","Pinus flexilis","Limber pine","Upper"
"10520_25","A","PSME","Pseudotsuga menziesii","Douglas-fir","Upper"
"10520_25","A","ABCO","Abies concolor","White fir","Upper"
"10520_25","B","PSME","Pseudotsuga menziesii","Douglas-fir","Upper"
"10520_25","B","ABCO","Abies concolor","White fir","Upper"
"10520_25","C","PSME","Pseudotsuga menziesii","Douglas-fir","Upper"
"10520_25","C","ABCO","Abies concolor","White fir","Upper"
"10520_25","D","PSME","Pseudotsuga menziesii","Douglas-fir","Upper"
"10520_25","D","ABCO","Abies concolor","White fir","Upper"
"10520_25","D","ABLA","Abies lasiocarpa","Subalpine fir","Mid-Upper"
"10520_25","E","PSME","Pseudotsuga menziesii","Douglas-fir","Upper"
"10520_25","E","ABCO","Abies concolor","White fir","Upper"
"10520_25","E","ABLA","Abies lasiocarpa","Subalpine fir","Upper"
"10520_27","A","PSME","Pseudotsuga menziesii","Douglas-fir","Upper"
"10520_27","A","ABCO","Abies concolor","White fir","Upper"
"10520_27","B","PSME","Pseudotsuga menziesii","Douglas-fir","Upper"
"10520_27","B","ABCO","Abies concolor","White fir","Upper"
"10520_27","C","PSME","Pseudotsuga menziesii","Douglas-fir","Upper"
"10520_27","C","ABCO","Abies concolor","White fir","Upper"
"10520_27","D","PSME","Pseudotsuga menziesii","Douglas-fir","Upper"
"10520_27","D","ABCO","Abies concolor","White fir","Upper"
"10520_27","D","ABLA","Abies lasiocarpa","Subalpine fir","Mid-Upper"
"10520_27","E","PSME","Pseudotsuga menziesii","Douglas-fir","Upper"
"10520_27","E","ABCO","Abies concolor","White fir","Upper"
"10520_27","E","ABLA","Abies lasiocarpa","Subalpine fir","Upper"
"10520_28","A","POTR5","Populus tremuloides","Quaking aspen","All"
"10520_28","A","ABCO","Abies concolor","White fir","All"
"10520_28","A","PSME","Pseudotsuga menziesii","Douglas-fir","All"
"10520_28","A","SYOR2","Symphoricarpos oreophilus","Mountain snowberry","All"
"10520_28","B","POTR5","Populus tremuloides","Quaking aspen","Upper"
"10520_28","B","PSME","Pseudotsuga menziesii","Douglas-fir","Mid-Upper"
"10520_28","B","ABCO","Abies concolor","White fir","Mid-Upper"
"10520_28","B","JUCO","Juncus compressus","Roundfruit rush","Lower"
"10520_28","C","PSME","Pseudotsuga menziesii","Douglas-fir","Upper"
"10520_28","C","PIEN","Picea engelmannii","Engelmann spruce","Upper"
"10520_28","C","ABCO","Abies concolor","White fir","Upper"
"10520_28","D","PSME","Pseudotsuga menziesii","Douglas-fir","Upper"
"10520_28","D","PIEN","Picea engelmannii","Engelmann spruce","Upper"
"10520_28","D","ABCO","Abies concolor","White fir","Upper"
"10520_28","E","PSME","Pseudotsuga menziesii","Douglas-fir","Upper"
"10520_28","E","PIEN","Picea engelmannii","Engelmann spruce","Upper"
"10520_28","E","ABCO","Abies concolor","White fir","Upper"
"10530_10_19","A","FEID","Festuca idahoensis","Idaho fescue","Lower"
"10530_10_19","A","PSSP6","Pseudoroegneria spicata","Bluebunch wheatgrass","Lower"
"10530_10_19","A","PIPO","Pinus ponderosa","Ponderosa pine","Upper"
"10530_10_19","B","PIPO","Pinus ponderosa","Ponderosa pine","Upper"
"10530_10_19","B","FEID","Festuca idahoensis","Idaho fescue","Lower"
"10530_10_19","B","PSSP6","Pseudoroegneria spicata","Bluebunch wheatgrass","Lower"
"10530_10_19","B","PSME","Pseudotsuga menziesii","Douglas-fir","Mid-Upper"
"10530_10_19","C","PIPO","Pinus ponderosa","Ponderosa pine","Upper"
"10530_10_19","C","FEID","Festuca idahoensis","Idaho fescue","Lower"
"10530_10_19","C","PSSP6","Pseudoroegneria spicata","Bluebunch wheatgrass","Lower"
"10530_10_19","C","PSME","Pseudotsuga menziesii","Douglas-fir","Mid-Upper"
"10530_10_19","D","PIPO","Pinus ponderosa","Ponderosa pine","Upper"
"10530_10_19","D","FEID","Festuca idahoensis","Idaho fescue","Lower"
"10530_10_19","D","PSSP6","Pseudoroegneria spicata","Bluebunch wheatgrass","Lower"
"10530_10_19","D","PSME","Pseudotsuga menziesii","Douglas-fir","Mid-Upper"
"10530_10_19","E","PIPO","Pinus ponderosa","Ponderosa pine","All"
"10530_10_19","E","PSME","Pseudotsuga menziesii","Douglas-fir","All"
"10531_1_7_8_9","A","PIPO","Pinus ponderosa","Ponderosa pine","Upper"
"10531_1_7_8_9","A","PUTR2","Purshia tridentata","Antelope bitterbrush","Middle"
"10531_1_7_8_9","A","CAGE","Carex geyerii","Elk Sedge","Lower"
"10531_1_7_8_9","A","CARU","Calamagrostis rubescens","Pinegrass","Lower"
"10531_1_7_8_9","A","FEID","Festuca idahoensis","Idaho fescue","Lower"
"10531_1_7_8_9","B","PIPO","Pinus ponderosa","Ponderosa pine","Upper"
"10531_1_7_8_9","B","PUTR2","Purshia tridentata","Antelope bitterbrush","Middle"
"10531_1_7_8_9","B","FEID","Festuca idahoensis","Idaho fescue","Lower"
"10531_1_7_8_9","B","ARPA","Arctostaphylos patula","Greenleaf manzanita","Middle"
"10531_1_7_8_9","B","CEVE","Ceanothus velutinus","Snowbrush ceanothus","Middle"
"10531_1_7_8_9","B","SYAL","Symphoricarpos albus","Common snowberry","Middle"
"10531_1_7_8_9","B","CAGE","Carex geyerii","Elk sedge","Lower"
"10531_1_7_8_9","B","CARU","Calamagrotis rubescens","Pinegrass","Lower"
"10531_1_7_8_9","C","PIPO","Pinus ponderosa","Ponderosa pine","Upper"
"10531_1_7_8_9","C","PUTR2","Purshia tridentata","Antelope bitterbrush","Middle"
"10531_1_7_8_9","C","FEID","Festuca idahoensis","Idaho fescue","Lower"
"10531_1_7_8_9","C","CEVE","Ceanothus velutinus","Snowbrush ceanothus","Middle"
"10531_1_7_8_9","D","PIPO","Pinus ponderosa","Ponderosa pine","Upper"
"10531_1_7_8_9","D","PUTR2","Purshia tridentata","Antelope bitterbrush","Middle"
"10531_1_7_8_9","D","FEID","Festuca idahoensis","Idaho fescue","Lower"
"10531_1_7_8_9","D","ARPA","Arctostaphylos patula","Greenleaf manzanita","Middle"
"10531_1_7_8_9","D","CEVE","Ceanothus velutinus","Snowbrush ceanothus","Middle"
"10531_1_7_8_9","D","SYAL","Symphoricarpos albus","Common snowberry","Middle"
"10531_1_7_8_9","D","CAGE","Carex geyerii","Elk sedge","Lower"
"10531_1_7_8_9","D","CARU","Calamagrotis rubescens","Pinegrass","Lower"
"10532_7_9","A","ARTR2","Artemisia tridentate","Big Sagebrush","Upper"
"10532_7_9","A","CHVI8","Chrysothamnus viscidiflorus","Yellow rabbitbrush","Middle"
"10532_7_9","A","PSSP6","Pseudoroegneria spicata","Bluebunch wheatgrass","Lower"
"10532_7_9","A","ELEL5","Elymus elymoides","Squirreltail","Lower"
"10532_7_9","B","PIPO","Pinus ponderosa","Ponderosa pine","Upper"
"10532_7_9","B","JUOC","Juniperus occidentalis","Western juniper","Mid-Upper"
"10532_7_9","B","FEID","Festuca idahoensis","Idaho fescue","Lower"
"10532_7_9","B","ARTR2","Artemisia tridentata","Big Sagebrush","Middle"
"10532_7_9","C","PIPO","Pinus ponderosa","Ponderosa pine","Upper"
"10532_7_9","C","JUOC","Juniperus occidentalis","Western Juniper","Mid-Upper"
"10532_7_9","C","ARTR2","Artemisia tridentata","Big sagebrush","Middle"
"10532_7_9","C","PUTR2","Purshia tridentata","Antelope bitterbrush","Middle"
"10532_7_9","C","PSSP6","Pseudoroegneria spicata","Bluebunch wheatgrass","Lower"
"10532_7_9","D","PIPO","Pinus ponderosa","Ponderosa pine","Upper"
"10532_7_9","D","ARTR2","Artemisia tridentate","Big Sagebrush","Middle"
"10532_7_9","D","CELE3","Cercocarpus ledifolius","Curl-leaf mountain mahogany","Middle"
"10532_7_9","D","ELEL5","Elymus elymoides","Squirreltail","Lower"
"10532_7_9","E","PIPO","Pinus ponderosa","Ponderosa pine","Upper"
"10532_7_9","E","CELE3","Cercocarpus ledifolius","Curl-leaf mountain mahogany","Middle"
"10532_7_9","E","JUOC","Juniperus occidentalis","Western juniper","Mid-Upper"
"10532_7_9","E","FEID","Festuca idahoensis","Idaho fescue","Lower"
"10540_13_14","A","PIPO","Pinus ponderosa","Ponderosa pine","Upper"
"10540_13_14","A","CELEI4","Cercocarpus ledifolius var. intermontanus","Curl-leaf mountain mahogany","Upper"
"10540_13_14","A","SYOR","Symphoricarpos orbiculatus","Coralberry","Upper"
"10540_13_14","A","POFE","Poa fendleriana","Muttongrass","Lower"
"10540_13_14","B","PIPO","Pinus ponderosa","Ponderosa pine","Upper"
"10540_13_14","B","PIMO","Pinus monophyla","Singleleaf pinyon","Mid-Upper"
"10540_13_14","B","CELEI4","Cercocarpus ledifolius var. intermontanus","Curl-leaf mountain mahogany","Low-Mid"
"10540_13_14","B","ABCO","Abies concolor","White fir","Mid-Upper"
"10540_13_14","C","PIPO","Pinus ponderosa","Ponderosa pine","Upper"
"10540_13_14","C","ABCO","Abies concolor","White fir","Upper"
"10540_13_14","C","CELEI4","Cercocarpus ledifolius var. intermontanus","Curl-leaf mountain mahogany","Low-Mid"
"10540_13_14","C","PSSP6","Pseudoroegneria spicata","Bluebunch wheatgrass","Lower"
"10540_13_14","D","PIPO","Pinus ponderosa","Ponderosa pine","Upper"
"10540_13_14","D","PIFL","Pieris floribunda","Mountain fetterbush","Upper"
"10540_13_14","D","POFE","Poa fendleriana","Muttongrass","Lower"
"10540_13_14","D","PSSP6","Pseudoroegneria spicata","Bluebunch wheatgrass","Lower"
"10540_13_14","E","PIPO","Pinus ponderosa","Ponderosa pine","Upper"
"10540_13_14","E","PIFL","Pieris floribunda","Mountain fetterbush","Upper"
"10540_13_14","E","ABCO","Abies concolor","White fir","Upper"
"10540_13_14","E","SYOR","Symphoricarpos orbiculatus","Coralberry","Lower"
"10540_15_25","A","PIPOS","Pinus ponderosa var. scopulorum","Ponderosa pine","Upper"
"10540_15_25","A","QUGA","Quercus gambelii","Gambel oak","Upper"
"10540_15_25","A","MUMO","Muhlenbergia montana","Mountain muhly","Upper"
"10540_15_25","A","FEAR2","Festuca arizonica","Arizona fescue","Upper"
"10540_15_25","B","PIPOS","Pinus ponderosa var. scopulorum","Ponderosa pine","Upper"
"10540_15_25","B","QUGA","Quercus gambelii","Gambel oak","Mid-Upper"
"10540_15_25","B","FEAR2","Festuca arizonica","Arizona fescue","Mid-Upper"
"10540_15_25","B","MUHLE","Muhlenbergia","Muhly","Mid-Upper"
"10540_15_25","C","PIPOS","Pinus ponderosa var. scopulorum","Ponderosa pine","Upper"
"10540_15_25","C","QUGA","Quercus gambelii","Gambel oak","Mid-Upper"
"10540_15_25","C","FEAR2","Festuca arizonica","Arizona fescue","Low-Mid"
"10540_15_25","C","MUHLE","Muhlenbergia","Muhly","Low-Mid"
"10540_15_25","D","PIPOS","Pinus ponderosa var. scopulorum","Ponderosa pine","Upper"
"10540_15_25","D","QUGA","Quercus gambelii","Gambel oak","Upper"
"10540_15_25","D","FEAR2","Festuca arizonica","Arizona fescue","Low-Mid"
"10540_15_25","D","MUHLE","Muhlenbergia","Muhly","Low-Mid"
"10540_15_25","E","PIPOS","Pinus ponderosa var. scopulorum","Ponderosa pine","Upper"
"10540_15_25","E","QUGA","Quercus gambelii","Gambel oak","Upper"
"10540_15_25","E","FEAR2","Festuca arizonica","Arizona fescue","Upper"
"10540_15_25","E","MUHLE","Muhlenbergia","Muhly","None"
"10540_16_23_24","A","PIPO","Pinus ponderosa","Ponderosa pine","Upper"
"10540_16_23_24","A","QUGA","Quercus gambelii","Gambel oak","Upper"
"10540_16_23_24","A","SYOR","Symphoricarpos orbiculatus","Coralberry","Upper"
"10540_16_23_24","A","ARPA6","Arctostaphylos patula","Greenleaf manzanita","Upper"
"10540_16_23_24","B","PIPO","Pinus ponderosa","Ponderosa pine","Upper"
"10540_16_23_24","B","PSEUD7","Pseudotsuga","Douglas-fir","Mid-Upper"
"10540_16_23_24","B","QUGA","Quercus gambelii","Gambel oak","Mid-Upper"
"10540_16_23_24","B","ARPA6","Arctostaphylos patula","Greenleaf manzanita","Mid-Upper"
"10540_16_23_24","C","PIPO","Pinus ponderosa","Ponderosa pine","Upper"
"10540_16_23_24","C","PSEUD7","Pseudotsuga","Douglas-fir","Mid-Upper"
"10540_16_23_24","C","QUGA","Quercus gambelii","Gambel oak","Low-Mid"
"10540_16_23_24","C","ARPA6","Arctostaphylos patula","Greenleaf manzanita","Low-Mid"
"10540_16_23_24","D","PIPO","Pinus ponderosa","Ponderosa pine","Upper"
"10540_16_23_24","D","PSEUD7","Pseudotsuga","Douglas-fir","Upper"
"10540_16_23_24","D","QUGA","Quercus gambelii","Gambel oak","Low-Mid"
"10540_16_23_24","D","ARPA6","Arctostaphylos patula","Greenleaf manzanita","Low-Mid"
"10540_16_23_24","E","PSEUD7","Pseudotsuga","Douglas-fir","Upper"
"10540_16_23_24","E","PIPO","Pinus ponderosa","Ponderosa pine","Upper"
"10540_16_23_24","E","ABCO","Abies concolor","White fir","Upper"
"10540_16_23_24","E","SYOR","Symphoricarpos orbiculatus","Coralberry","None"
"10540_17","A","PIPO","Pinus ponderosa","Ponderosa pine","Upper"
"10540_17","A","QUGA","Quercus gambelii","Gambel oak","Upper"
"10540_17","A","SYOR","Symphoricarpos orbiculatus","Coralberry","Upper"
"10540_17","A","ARPA6","Arctostaphylos patula","Greenleaf manzanita","Upper"
"10540_17","B","PIPO","Pinus ponderosa","Ponderosa pine","Upper"
"10540_17","B","PIMO","Pinus monophyla","Singleleaf pinyon","Mid-Upper"
"10540_17","B","JUOS","Juniperus osteosperma","Utah juniper","Mid-Upper"
"10540_17","B","ABCO","Abies concolor","White fir","Mid-Upper"
"10540_17","C","PIPO","Pinus ponderosa","Ponderosa pine","Upper"
"10540_17","C","ABCO","Abies concolor","White fir","Upper"
"10540_17","C","ARPA6","Arctostaphylos patula","Greenleaf manzanita","Low-Mid"
"10540_17","C","PSSP6","Pseudoroegneria spicata","Bluebunch wheatgrass","Lower"
"10540_17","D","PIPO","Pinus ponderosa","Ponderosa pine","Upper"
"10540_17","D","ABCO","Abies concolor","White fir","Upper"
"10540_17","D","ARPA6","Arctostaphylos patula","Greenleaf manzanita","Low-Mid"
"10540_17","D","PSSP6","Pseudoroegneria spicata","Bluebunch wheatgrass","Lower"
"10540_17","E","PIPO","Pinus ponderosa","Ponderosa pine","Upper"
"10540_17","E","PIMO","Pinus monophylla","Singleleaf pinyon","Mid-Upper"
"10540_17","E","ABCO","Abies concolor","White fir","Upper"
"10540_17","E","JUOS","Juniperus osteosperma","Utah juniper","Low-Mid"
"10540_20","A","NAVI","Navarretia viscidula","Sticky pincushionplant","Upper"
"10540_20","A","PASM","Pascopyrum smithii","Western wheatgrass","Upper"
"10540_20","A","ROSA","Rorippa sarmentosa","Longrunner","Upper"
"10540_20","A","SYMPH","Symphoricarpos","Snowberry","Upper"
"10540_20","B","PIPO","Pinus ponderosa","Ponderosa pine","Upper"
"10540_20","C","PIPO","Pinus ponderosa","Ponderosa pine","Upper"
"10540_20","D","PIPO","Pinus ponderosa","Ponderosa pine","Upper"
"10540_20","E","PIPO","Pinus ponderosa","Ponderosa pine","Upper"
"10540_22","A","FEID","Festuca idahoensis","Idaho fescue","Lower"
"10540_22","A","PSSP6","Pseudoroegneria spicata","Bluebunch wheatgrass","Lower"
"10540_22","A","PIPO","Pinus ponderosa","Ponderosa pine","Upper"
"10540_22","A","ANRO2","Antennaria rosea","Rosy pussytoes","Lower"
"10540_22","B","PIPO","Pinus ponderosa","Ponderosa pine","Upper"
"10540_22","B","FEID","Festuca idahoensis","Idaho fescue","Lower"
"10540_22","B","ANRO2","Antennaria rosea","Rosy pussytoes","Lower"
"10540_22","B","PSME","Pseudotsuga menziesii","Douglas-fir","Mid-Upper"
"10540_22","C","PIPO","Pinus ponderosa","Ponderosa pine","Upper"
"10540_22","C","FEID","Festuca idahoensis","Idaho fescue","Lower"
"10540_22","C","PSME","Pseudotsuga menziesii","Douglas-fir","Lower"
"10540_22","D","PIPO","Pinus ponderosa","Ponderosa pine","Upper"
"10540_22","D","FEID","Festuca idahoensis","Idaho fescue","Lower"
"10540_22","D","PSME","Pseudotsuga menziesii","Douglas-fir","Lower"
"10540_22","E","PIPO","Pinus ponderosa","Ponderosa pine","All"
"10540_22","E","PSME","Pseudotsuga menziesii","Douglas-fir","All"
"10540_26","A","PIPOS","Pinus ponderosa var. scopulorum","Ponderosa pine","Upper"
"10540_26","A","QUGA","Quercus gambelii","Gambel oak","Upper"
"10540_26","A","MUMO","Muhlenbergia montana","Mountain muhly","Upper"
"10540_26","A","FEAR2","Festuca arizonica","Arizona fescue","Upper"
"10540_26","B","PIPOS","Pinus ponderosa var. scopulorum","Ponderosa pine","Upper"
"10540_26","B","QUGA","Quercus gambelii","Gambel oak","Mid-Upper"
"10540_26","B","FEAR2","Festuca arizonica","Arizona fescue","Mid-Upper"
"10540_26","B","MUHLE","Muhlenbergia","Muhly","Mid-Upper"
"10540_26","C","PIPOS","Pinus ponderosa var. scopulorum","Ponderosa pine","Upper"
"10540_26","C","QUGA","Quercus gambelii","Gambel oak","Mid-Upper"
"10540_26","C","FEAR2","Festuca arizonica","Arizona fescue","Low-Mid"
"10540_26","C","MUHLE","Muhlenbergia","Muhly","Low-Mid"
"10540_26","D","PIPOS","Pinus ponderosa var. scopulorum","Ponderosa pine","Upper"
"10540_26","D","QUGA","Quercus gambelii","Gambel oak","Upper"
"10540_26","D","FEAR2","Festuca arizonica","Arizona fescue","Low-Mid"
"10540_26","D","MUHLE","Muhlenbergia","Muhly","Low-Mid"
"10540_26","E","PIPOS","Pinus ponderosa var. scopulorum","Ponderosa pine","Upper"
"10540_26","E","QUGA","Quercus gambelii","Gambel oak","Upper"
"10540_26","E","FEAR2","Festuca arizonica","Arizona fescue","Upper"
"10540_26","E","MUHLE","Muhlenbergia","Muhly","None"
"10540_28","A","CERCO","Cercocarpus","Mountain mahogany","Low-Mid"
"10540_28","A","PIPO","Pinus ponderosa","Ponderosa pine","All"
"10540_28","A","PSME","Pseudotsuga menziesii","Douglas-fir","All"
"10540_28","A","BOGR2","Bouteloua gracilis","Blue grama","Lower"
"10540_28","B","PIPO","Pinus ponderosa","Ponderosa pine","Upper"
"10540_28","B","PSME","Pseudotsuga menziesii","Douglas-fir","Upper"
"10540_28","B","CERCO","Cercocarpus","Mountain mahogany","None"
"10540_28","C","PIPO","Pinus ponderosa","Ponderosa pine","Upper"
"10540_28","C","PSME","Pseudotsuga menziesii","Douglas-fir","Upper"
"10540_28","C","CERCO","Cercocarpus","Mountain mahogany","Low-Mid"
"10540_28","D","PIPO","Pinus ponderosa","Ponderosa pine","Upper"
"10540_28","D","PSME","Pseudotsuga menziesii","Douglas-fir","Upper"
"10540_28","D","CERCO","Cercocarpus","Mountain mahogany","Lower"
"10540_28","E","PIPO","Pinus ponderosa","Ponderosa pine","Upper"
"10540_28","E","PSME","Pseudotsuga menziesii","Douglas-fir","Upper"
"10540_28","E","CERCO","Cercocarpus","Mountain mahogany","Lower"
"10540_29","A","PRVI","Prunus virginiana","Chokecherry","Mid-Upper"
"10540_29","A","AMAL","Amaranthus albus","Prostrate pigweed","Mid-Upper"
"10540_29","A","PIPO","Pinus ponderosa","Ponderosa pine","Middle"
"10540_29","B","PIPO","Pinus ponderosa","Ponderosa pine","Upper"
"10540_29","C","PIPO","Pinus ponderosa","Ponderosa pine","Upper"
"10540_29","C","PRVI","Prunus virginiana","Chokecherry","Middle"
"10540_29","C","AMAL","Amaranthus albus","Prostrate pigweed","Middle"
"10540_29","D","PIPO","Pinus ponderosa","Ponderosa pine","Upper"
"10540_29","D","PRVI","Prunus virginiana","Chokecherry","Middle"
"10540_29","D","AMAL","Amaranthus albus","Prostrate pigweed","Middle"
"10540_29","E","PIPO","Pinus ponderosa","Ponderosa pine","Upper"
"10540_29","E","JUCO","Juncus compressus","Roundfruit rush","Low-Mid"
"10540_33","A","CERCO","Cercocarpus","Mountain mahogany","Low-Mid"
"10540_33","A","PIPO","Pinus ponderosa","Ponderosa pine","All"
"10540_33","A","PSME","Pseudotsuga menziesii","Douglas-fir","All"
"10540_33","A","BOGR2","Bouteloua gracilis","Blue grama","Lower"
"10540_33","B","PIPO","Pinus ponderosa","Ponderosa pine","Upper"
"10540_33","B","PSME","Pseudotsuga menziesii","Douglas-fir","Upper"
"10540_33","B","CERCO","Cercocarpus","Mountain mahogany","None"
"10540_33","C","PIPO","Pinus ponderosa","Ponderosa pine","Upper"
"10540_33","C","PSME","Pseudotsuga menziesii","Douglas-fir","Upper"
"10540_33","C","CERCO","Cercocarpus","Mountain mahogany","Low-Mid"
"10540_33","D","PIPO","Pinus ponderosa","Ponderosa pine","Upper"
"10540_33","D","PSME","Pseudotsuga menziesii","Douglas-fir","Upper"
"10540_33","D","CERCO","Cercocarpus","Mountain mahogany","Lower"
"10540_33","E","PIPO","Pinus ponderosa","Ponderosa pine","Upper"
"10540_33","E","PSME","Pseudotsuga menziesii","Douglas-fir","Upper"
"10540_33","E","CERCO","Cercocarpus","Mountain mahogany","Lower"
"10541_27","A","NAVI4","Nassella viridula","Green needlegrass","Lower"
"10541_27","A","QUGA","Quercus gambelii","Gambel oak","Middle"
"10541_27","A","PIPO","Pinus ponderosa","Ponderosa pine","All"
"10541_27","A","CEMO2","Cercocarpus montanus","Alderleaf mountain mahogany","Middle"
"10541_27","B","PIPO","Pinus ponderosa","Ponderosa pine","Upper"
"10541_27","B","NAVI4","Nassella viridula","Green needlegrass","Lower"
"10541_27","B","QUGA","Quercus gambelii","Gambel oak","Middle"
"10541_27","B","CEMO2","Cercocarpus montanus","Alderleaf mountain mahogany","Middle"
"10541_27","C","PIPO","Pinus ponderosa","Ponderosa pine","Upper"
"10541_27","C","QUGA","Quercus gambelii","Gambel oak","Middle"
"10541_27","C","CEMO2","Cercocarpus montanus","Alderleaf mountain mahogany","Middle"
"10541_27","C","BOGR2","Bouteloua gracilis","Blue grama","Lower"
"10541_27","D","PIPO","Pinus ponderosa","Ponderosa pine","Upper"
"10541_27","D","QUGA","Quercus gambelii","Gambel oak","Middle"
"10541_27","D","CEMO2","Cercocarpus montanus","Alderleaf mountain mahogany","Middle"
"10541_27","D","HECO26","Hesperostipa comata","Needle and thread","Lower"
"10541_27","E","PIPO","Pinus ponderosa","Ponderosa pine","Upper"
"10541_27","E","QUGA","Quercus gambelii","Gambel oak","Middle"
"10541_27","E","CEMO2","Cercocarpus montanus","Alderleaf mountain mahogany","Middle"
"10541_27","E","BOGR2","Bouteloua gracilis","Blue grama","Lower"
"10542_27","A","CERCO","Cercocarpus","Mountain mahogany","Low-Mid"
"10542_27","A","PIPO","Pinus ponderosa","Ponderosa pine","All"
"10542_27","A","PSME","Pseudotsuga menziesii","Douglas-fir","All"
"10542_27","A","BOGR2","Bouteloua gracilis","Blue grama","Lower"
"10542_27","B","PIPO","Pinus ponderosa","Ponderosa pine","Upper"
"10542_27","B","PSME","Pseudotsuga menziesii","Douglas-fir","Upper"
"10542_27","B","CERCO","Cercocarpus","Mountain mahogany","None"
"10542_27","C","PIPO","Pinus ponderosa","Ponderosa pine","Upper"
"10542_27","C","PSME","Pseudotsuga menziesii","Douglas-fir","Upper"
"10542_27","C","CERCO","Cercocarpus","Mountain mahogany","Low-Mid"
"10542_27","D","PIPO","Pinus ponderosa","Ponderosa pine","Upper"
"10542_27","D","PSME","Pseudotsuga menziesii","Douglas-fir","Upper"
"10542_27","D","CERCO","Cercocarpus","Mountain mahogany","Lower"
"10542_27","E","PIPO","Pinus ponderosa","Ponderosa pine","Upper"
"10542_27","E","PSME","Pseudotsuga menziesii","Douglas-fir","Upper"
"10542_27","E","CERCO","Cercocarpus","Mountain mahogany","Lower"
"10550_1_8_9","A","VASC","Vaccinium scoparium","Grouse whortleberry","Upper"
"10550_1_8_9","A","ARCO9","Arnica cordifolia","Heartleaf arnica","Upper"
"10550_1_8_9","A","ACOC3","Achnatherum occidentale","Western needlegrass","Upper"
"10550_1_8_9","B","PICO","Pinus contorta","Lodgepole pine","Upper"
"10550_1_8_9","B","ABLA","Abies lasiocarpa","Subalpine fir","Upper"
"10550_1_8_9","B","PIEN","Picea engelmannii","Engelmann spruce","Upper"
"10550_1_8_9","B","PSME","Pseudotsuga menziesii","Douglas-fir","Upper"
"10550_1_8_9","C","PICO","Pinus contorta","Lodgepole pine","Upper"
"10550_1_8_9","C","ABLA","Abies lasiocarpa","Subalpine fir","Upper"
"10550_1_8_9","C","PIEN","Picea engelmannii","Engelmann spruce","Upper"
"10550_1_8_9","D","ABLA","Abies lasiocarpa","Subalpine fir","None"
"10550_1_8_9","D","PIEN","Picea engelmannii","Engelmann spruce","None"
"10550_1_8_9","D","PICO","Pinus contorta","Lodgepole pine","None"
"10550_1_8_9","D","VASC","Vaccinium scoparium","Grouse whortleberry","None"
"10550_1_8_9","E","ABLA","Abies lasiocarpa","Subalpine fir","None"
"10550_1_8_9","E","PIEN","Picea engelmannii","Engelmann spruce","None"
"10550_1_8_9","E","PICO","Pinus contorta","Lodgepole pine","None"
"10550_1_8_9","E","VASC","Vaccinium scoparium","Grouse whortleberry","None"
"10550_10_19","A","PICO","Pinus contorta","Lodgepole pine","Upper"
"10550_10_19","A","ABLA","Abies lasiocarpa","Subalpine fir","Lower"
"10550_10_19","A","PIEN","Picea engelmannii","Engelmann spruce","Lower"
"10550_10_19","B","PICO","Pinus contorta","Lodgepole pine","Upper"
"10550_10_19","B","ABLA","Abies lasiocarpa","Subalpine fir","Low-Mid"
"10550_10_19","B","PIEN","Picea engelmannii","Engelmann spruce","Low-Mid"
"10550_10_19","C","PICO","Pinus contorta","Lodgepole pine","Upper"
"10550_10_19","C","ABLA","Abies lasiocarpa","Subalpine fir","Low-Mid"
"10550_10_19","C","PIEN","Picea engelmannii","Engelmann spruce","Low-Mid"
"10550_10_19","D","PIEN","Picea engelmannii","Engelmann spruce","Upper"
"10550_10_19","D","ABLA","Abies lasiocarpa","Subalpine fir","Upper"
"10550_10_19","E","PIEN","Picea engelmannii","Engelmann spruce","Upper"
"10550_10_19","E","ABLA","Abies lasiocarpa","Subalpine fir","Upper"
"10550_15_28","A","PIEN","Picea engelmannii","Engelmann spruce","All"
"10550_15_28","A","ABLA","Abies lasiocarpa","Subalpine fir","All"
"10550_15_28","B","PIEN","Picea engelmannii","Engelmann spruce","Upper"
"10550_15_28","B","ABLA","Abies lasiocarpa","Subalpine fir","Upper"
"10550_15_28","C","PIEN","Picea engelmannii","Engelmann spruce","Upper"
"10550_15_28","C","ABLA","Abies lasiocarpa","Subalpine fir","Upper"
"10550_15_28","D","PIEN","Picea engelmannii","Engelmann spruce","Upper"
"10550_15_28","D","ABLA","Abies lasiocarpa","Subalpine fir","Upper"
"10550_15_28","E","PIEN","Picea engelmannii","Engelmann spruce","Upper"
"10550_15_28","E","ABLA","Abies lasiocarpa","Subalpine fir","Upper"
"10550_16_23_24","A","BRMA4","Bromus marginatus","Mountain brome","Lower"
"10550_16_23_24","A","PIEN","Picea engelmannii","Engelmann spruce","Upper"
"10550_16_23_24","A","ABLA","Abies lasiocarpa","Subalpine fir","Upper"
"10550_16_23_24","B","PIEN","Picea engelmannii","Engelmann spruce","Upper"
"10550_16_23_24","B","ABLA","Abies lasiocarpa","Subalpine fir","Upper"
"10550_16_23_24","C","PIEN","Picea engelmannii","Engelmann spruce","Upper"
"10550_16_23_24","C","ABLA","Abies lasiocarpa","Subalpine fir","Upper"
"10550_16_23_24","D","PIEN","Picea engelmannii","Engelmann spruce","Upper"
"10550_16_23_24","D","ABLA","Abies lasiocarpa","Subalpine fir","Upper"
"10550_17","A","FEID","Festuca idahoensis","Idaho fescue","Lower"
"10550_17","A","PSSP","Psilostrophe sparsiflora","Greenstem paperflower","Lower"
"10550_17","A","ABLA","Abies lasiocarpa","Subalpine fir","Upper"
"10550_17","A","PINUS","Pinus","Pine","Upper"
"10550_17","B","ABLA","Abies lasiocarpa","Subalpine fir","Upper"
"10550_17","B","PIAL","Pinus albicaulis","Whitebark pine","Upper"
"10550_17","B","PIFL2","Pinus flexilis","Limber pine","Upper"
"10550_17","C","ABLA","Abies lasiocarpa","Subalpine fir","Upper"
"10550_17","C","PIAL","Pinus albicaulis","Whitebark pine","Middle"
"10550_17","C","PIFL2","Pinus flexilis","Limber pine","Middle"
"10550_17","D","ABLA","Abies lasiocarpa","Subalpine fir","Upper"
"10550_17","D","PIAL","Pinus albicaulis","Whitebark pine","Low-Mid"
"10550_17","D","PIFL2","Pinus flexilis","Limber pine","Low-Mid"
"10550_18","A","CARU","Calamagrostis rubescens","Pinegrass","Lower"
"10550_18","A","CAGE","Carex geophila","White mountain sedge","Lower"
"10550_18","A","ABLA","Abies lasiocarpa","Subalpine fir","Upper"
"10550_18","A","PICO","Pinus contorta","Lodgepole pine","Upper"
"10550_18","B","PICO","Pinus contorta","Lodgepole pine","Upper"
"10550_18","B","VASC","Vaccinium scoparium","Grouse whortleberry","Upper"
"10550_18","B","ABLA","Abies lasiocarpa","Subalpine fir","Low-Mid"
"10550_18","C","ABLA","Abies lasiocarpa","Subalpine fir","Upper"
"10550_18","C","PICO","Pinus contorta","Lodgepole pine","Middle"
"10550_18","C","VASC","Vaccinium scoparium","Grouse whortleberry","Low-Mid"
"10550_18","C","ABLA","Abies lasiocarpa","Subalpine fir","Lower"
"10550_18","D","ABLA","Abies lasiocarpa","Subalpine fir","Upper"
"10550_18","D","PICO","Pinus contorta","Lodgepole pine","Mid-Upper"
"10550_18","D","ABLA","Abies lasiocarpa","Subalpine fir","Middle"
"10550_18","D","VASC","Vaccinium scoparium","Grouse whortleberry","Low-Mid"
"10550_20","A","VASC","Vaccinium scoparium","Grouse whortleberry","Lower"
"10550_20","A","RIVI","Ribes viburnifolium","Island gooseberry","Lower"
"10550_20","A","CAGE2","Carex geyeri","Geyer's sedge","Lower"
"10550_20","A","PICO","Pinus contorta","Lodgepole pine","Upper"
"10550_20","B","PICO","Pinus contorta","Lodgepole pine","Upper"
"10550_20","B","VASC","Vaccinium scoparium","Grouse whortleberry","Lower"
"10550_20","B","CAGE2","Carex geyeri","Geyer's sedge","Lower"
"10550_20","B","ABLA","Abies lasiocarpa","Subalpine fir","Middle"
"10550_20","C","PICO","Pinus contorta","Lodgepole pine","Upper"
"10550_20","C","ABLA","Abies lasiocarpa","Subalpine fir","Mid-Upper"
"10550_20","C","VASC","Vaccinium scoparium","Grouse whortleberry","Lower"
"10550_20","C","CAGE2","Carex geyeri","Geyer's sedge","Lower"
"10550_20","D","ABLA","Abies lasiocarpa","Subalpine fir","Upper"
"10550_20","D","PIEN","Picea engelmannii","Engelmann spruce","Upper"
"10550_20","D","VAME","Vaccinium membranaceum","Thinleaf huckleberry","Lower"
"10550_20","D","VASC","Vaccinium scoparium","Grouse whortleberry","Lower"
"10550_21_22","A","VASC","Vaccinium scoparium","Grouse whortleberry","Lower"
"10550_21_22","A","RIVI","Ribes viburnifolium","Island gooseberry","Lower"
"10550_21_22","A","CAGE2","Carex geyeri","Geyer's sedge","Lower"
"10550_21_22","A","PICO","Pinus contorta","Lodgepole pine","Upper"
"10550_21_22","B","PICO","Pinus contorta","Lodgepole pine","Upper"
"10550_21_22","B","VASC","Vaccinium scoparium","Grouse whortleberry","Lower"
"10550_21_22","B","CAGE2","Carex geyeri","Geyer's sedge","Lower"
"10550_21_22","B","ABLA","Abies lasiocarpa","Subalpine fir","Middle"
"10550_21_22","C","PICO","Pinus contorta","Lodgepole pine","Upper"
"10550_21_22","C","ABLA","Abies lasiocarpa","Subalpine fir","Mid-Upper"
"10550_21_22","C","VASC","Vaccinium scoparium","Grouse whortleberry","Lower"
"10550_21_22","C","CAGE2","Carex geyeri","Geyer's sedge","Lower"
"10550_21_22","D","ABLA","Abies lasiocarpa","Subalpine fir","Upper"
"10550_21_22","D","PIEN","Picea engelmannii","Engelmann spruce","Upper"
"10550_21_22","D","VAME","Vaccinium membranaceum","Thinleaf huckleberry","Lower"
"10550_21_22","D","VASC","Vaccinium scoparium","Grouse whortleberry","Lower"
"10550_27","A","PIEN","Picea engelmannii","Engelmann spruce","All"
"10550_27","A","ABLA","Abies lasiocarpa","Subalpine fir","All"
"10550_27","B","PIEN","Picea engelmannii","Engelmann spruce","Upper"
"10550_27","B","ABLA","Abies lasiocarpa","Subalpine fir","Upper"
"10550_27","C","PIEN","Picea engelmannii","Engelmann spruce","Upper"
"10550_27","C","ABLA","Abies lasiocarpa","Subalpine fir","Upper"
"10550_27","D","PIEN","Picea engelmannii","Engelmann spruce","Upper"
"10550_27","D","ABLA","Abies lasiocarpa","Subalpine fir","Upper"
"10550_27","D","POTR","Poa tracyi","Tracy's bluegrass","Middle"
"10550_27","E","PIEN","Picea engelmannii","Engelmann spruce","Upper"
"10550_27","E","ABLA","Abies lasiocarpa","Subalpine fir","Upper"
"10550_27","E","POTR","Poa tracyi","Tracy's bluegrass","Middle"
"10550_29","A","PICO","Pinus contorta","Lodgepole pine","Upper"
"10550_29","A","PIEN","Picea engelmannii","Engelmann spruce","Upper"
"10550_29","B","PICO","Pinus contorta","Lodgepole pine","Upper"
"10550_29","B","PIEN","Picea engelmannii","Engelmann spruce","Lower"
"10550_29","C","PICO","Pinus contorta","Lodgepole pine","Upper"
"10550_29","C","PIEN","Picea engelmannii","Engelmann spruce","Mid-Upper"
"10550_29","C","ABLA","Abies lasiocarpa","Subalpine fir","Low-Mid"
"10550_29","D","PICO","Pinus contorta","Lodgepole pine","Upper"
"10550_29","D","PIEN","Picea engelmannii","Engelmann spruce","Upper"
"10550_29","D","ABLA","Abies lasiocarpa","Subalpine fir","Middle"
"10550_29","E","PICO","Pinus contorta","Lodgepole pine","Upper"
"10550_29","E","PIEN","Picea engelmannii","Engelmann spruce","Mid-Upper"
"10550_29","E","ABLA","Abies lasiocarpa","Subalpine fir","Middle"
"10560_1_7_8_9","A","CHAN9","Chamerion angustifolium","Fireweed","Upper"
"10560_1_7_8_9","A","SASC","Salix scouleriana","Scouler’s willow","Upper"
"10560_1_7_8_9","A","VAME","Vaccinium membranaceum","Thinleaf huckleberry","Upper"
"10560_1_7_8_9","A","PICO","Pinus contorta","Lodgepole pine","Upper"
"10560_1_7_8_9","B","ABLA","Abies lasiocarpa","Subalpine fir","Upper"
"10560_1_7_8_9","B","PIEN","Picea engelmannii","Engelmann spruce","Upper"
"10560_1_7_8_9","B","PSME","Pseudotsuga menziesii","Douglas-fir","Upper"
"10560_1_7_8_9","B","ABGR","Abies grandis","Grand fir","Upper"
"10560_1_7_8_9","C","PICO","Pinus contorta","Lodgepole pine","Upper"
"10560_1_7_8_9","C","LIBO3","Linnaea borealis","Twinflower","Lower"
"10560_1_7_8_9","C","VAME","Vaccinium membranaceum","Thinleaf huckleberry","Lower"
"10560_1_7_8_9","C","VASC","Vaccinium scoparium","Grouse whortleberry","Lower"
"10560_1_7_8_9","D","PICO","Pinus contorta","Lodgepole pine","Upper"
"10560_1_7_8_9","D","LIBO3","Linnaea borealis","Twinflower","Lower"
"10560_1_7_8_9","D","VAME","Vaccinium membranaceum","Thinleaf huckleberry","Lower"
"10560_1_7_8_9","D","VASC","Vaccinium scoparium","Grouse whortleberry","Lower"
"10560_1_7_8_9","E","ABLA","Abies lasiocarpa","Subalpine fir","None"
"10560_1_7_8_9","E","PIEN","Picea engelmannii","Engelmann spruce","None"
"10560_1_7_8_9","E","CLUN2","Clintonia uniflora","Bride’s bonnet","None"
"10560_1_7_8_9","E","VAME","Vaccinium membranaceum","Thinleaf huckleberry","None"
"10560_10_19","A","PIEN","Picea engelmannii","Engelmann spruce","Upper"
"10560_10_19","A","ABLA","Abies lasiocarpa","Subalpine fir","Mid-Upper"
"10560_10_19","A","PICO","Pinus contorta","Lodgepole pine","Upper"
"10560_10_19","B","PIEN","Picea engelmannii","Engelmann spruce","Upper"
"10560_10_19","B","ABLA","Abies lasiocarpa","Subalpine fir","Mid-Upper"
"10560_10_19","B","PICO","Pinus contorta","Lodgepole pine","Upper"
"10560_10_19","C","PIEN","Picea engelmannii","Engelmann spruce","Upper"
"10560_10_19","C","ABLA","Abies lasiocarpa","Subalpine fir","Mid-Upper"
"10560_10_19","C","PICO","Pinus contorta","Lodgepole pine","Upper"
"10560_10_19","D","PIEN","Picea engelmannii","Engelmann spruce","Upper"
"10560_10_19","D","ABLA","Abies lasiocarpa","Subalpine fir","Upper"
"10560_15_28","A","PIEN","Picea engelmannii","Engelmann spruce","All"
"10560_15_28","A","ABLA","Abies lasiocarpa","Subalpine fir","All"
"10560_15_28","B","PIEN","Picea engelmannii","Engelmann spruce","Upper"
"10560_15_28","B","ABLA","Abies lasiocarpa","Subalpine fir","Upper"
"10560_15_28","C","PIEN","Picea engelmannii","Engelmann spruce","Upper"
"10560_15_28","C","ABLA","Abies lasiocarpa","Subalpine fir","Upper"
"10560_15_28","D","PIEN","Picea engelmannii","Engelmann spruce","Upper"
"10560_15_28","D","ABLA","Abies lasiocarpa","Subalpine fir","Upper"
"10560_15_28","E","PIEN","Picea engelmannii","Engelmann spruce","Upper"
"10560_15_28","E","ABLA","Abies lasiocarpa","Subalpine fir","Upper"
"10560_16_23","A","BRMA4","Bromus marginatus","Mountain brome","Lower"
"10560_16_23","A","PIEN","Picea engelmannii","Engelmann spruce","Upper"
"10560_16_23","A","ABLA","Abies lasiocarpa","Subalpine fir","Upper"
"10560_16_23","B","PIEN","Picea engelmannii","Engelmann spruce","Upper"
"10560_16_23","B","ABLA","Abies lasiocarpa","Subalpine fir","Upper"
"10560_16_23","C","PIEN","Picea engelmannii","Engelmann spruce","None"
"10560_16_23","C","ABLA","Abies lasiocarpa","Subalpine fir","None"
"10560_16_23","D","PIEN","Picea engelmannii","Engelmann spruce","Upper"
"10560_16_23","D","ABLA","Abies lasiocarpa","Subalpine fir","Upper"
"10560_18","A","CARU","Calamagrostis rubescens","Pinegrass","Lower"
"10560_18","A","CAGE","Carex geophila","White mountain sedge","Lower"
"10560_18","A","ABLA","Abies lasiocarpa","Subalpine fir","Upper"
"10560_18","A","PICO","Pinus contorta","Lodgepole pine","Upper"
"10560_18","B","PICO","Pinus contorta","Lodgepole pine","Upper"
"10560_18","B","VASC","Vaccinium scoparium","Grouse whortleberry","Upper"
"10560_18","B","ABLA","Abies lasiocarpa","Subalpine fir","Low-Mid"
"10560_18","C","ABLA","Abies lasiocarpa","Subalpine fir","Upper"
"10560_18","C","PICO","Pinus contorta","Lodgepole pine","Middle"
"10560_18","C","VASC","Vaccinium scoparium","Grouse whortleberry","Low-Mid"
"10560_18","C","ABLA","Abies lasiocarpa","Subalpine fir","Lower"
"10560_18","D","ABLA","Abies lasiocarpa","Subalpine fir","Upper"
"10560_18","D","PICO","Pinus contorta","Lodgepole pine","Mid-Upper"
"10560_18","D","ABLA","Abies lasiocarpa","Subalpine fir","Middle"
"10560_18","D","VASC","Vaccinium scoparium","Grouse whortleberry","Low-Mid"
"10560_20","A","PIEN","Picea engelmannii","Engelmann spruce","Upper"
"10560_20","A","PICO","Pinus contorta","Lodgepole pine","Upper"
"10560_20","A","ABLA","Abies lasiocarpa","Subalpine fir","Mid-Upper"
"10560_20","B","PIEN","Picea engelmannii","Engelmann spruce","Upper"
"10560_20","B","PICO","Pinus contorta","Lodgepole pine","Upper"
"10560_20","B","ABLA","Abies lasiocarpa","Subalpine fir","Upper"
"10560_20","C","PIEN","Picea engelmannii","Engelmann spruce","Upper"
"10560_20","C","PICO","Pinus contorta","Lodgepole pine","Upper"
"10560_20","C","ABLA","Abies lasiocarpa","Subalpine fir","Upper"
"10560_20","D","PIEN","Picea engelmannii","Engelmann spruce","Upper"
"10560_20","D","ABLA","Abies lasiocarpa","Subalpine fir","Upper"
"10560_20","D","PICO","Pinus contorta","Lodgepole pine","Upper"
"10560_20","E","PIEN","Picea engelmannii","Engelmann spruce","Upper"
"10560_20","E","ABLA","Abies lasiocarpa","Subalpine fir","Upper"
"10560_20","E","PICO","Pinus contorta","Lodgepole pine","Upper"
"10560_21_22","A","PIEN","Picea engelmannii","Engelmann spruce","Upper"
"10560_21_22","A","PICO","Pinus contorta","Lodgepole pine","Upper"
"10560_21_22","A","ABLA","Abies lasiocarpa","Subalpine fir","Mid-Upper"
"10560_21_22","B","PIEN","Picea engelmannii","Engelmann spruce","Upper"
"10560_21_22","B","PICO","Pinus contorta","Lodgepole pine","Upper"
"10560_21_22","B","ABLA","Abies lasiocarpa","Subalpine fir","Upper"
"10560_21_22","C","PIEN","Picea engelmannii","Engelmann spruce","Upper"
"10560_21_22","C","PICO","Pinus contorta","Lodgepole pine","Upper"
"10560_21_22","C","ABLA","Abies lasiocarpa","Subalpine fir","Upper"
"10560_21_22","D","PIEN","Picea engelmannii","Engelmann spruce","Upper"
"10560_21_22","D","ABLA","Abies lasiocarpa","Subalpine fir","Upper"
"10560_21_22","D","PICO","Pinus contorta","Lodgepole pine","Upper"
"10560_21_22","E","PIEN","Picea engelmannii","Engelmann spruce","Upper"
"10560_21_22","E","ABLA","Abies lasiocarpa","Subalpine fir","Upper"
"10560_21_22","E","PICO","Pinus contorta","Lodgepole pine","Upper"
"10560_29","A","PIEN","Picea engelmannii","Engelmann spruce","Upper"
"10560_29","A","PICO","Pinus contorta","Lodgepole pine","Upper"
"10560_29","A","ABLA","Abies lasiocarpa","Subalpine fir","Mid-Upper"
"10560_29","B","PIEN","Picea engelmannii","Engelmann spruce","Upper"
"10560_29","B","PICO","Pinus contorta","Lodgepole pine","Upper"
"10560_29","B","ABLA","Abies lasiocarpa","Subalpine fir","Upper"
"10560_29","C","PIEN","Picea engelmannii","Engelmann spruce","Upper"
"10560_29","C","PICO","Pinus contorta","Lodgepole pine","Upper"
"10560_29","C","ABLA","Abies lasiocarpa","Subalpine fir","Upper"
"10560_29","D","PIEN","Picea engelmannii","Engelmann spruce","Upper"
"10560_29","D","ABLA","Abies lasiocarpa","Subalpine fir","Upper"
"10560_29","D","PICO","Pinus contorta","Lodgepole pine","Upper"
"10560_29","E","PIEN","Picea engelmannii","Engelmann spruce","Upper"
"10560_29","E","ABLA","Abies lasiocarpa","Subalpine fir","Upper"
"10560_29","E","PICO","Pinus contorta","Lodgepole pine","Upper"
"10570_12_16","A","PILO","Pinus longaeva","Great basin bristlecone pine","All"
"10570_12_16","A","PIFL2","Pinus flexilis","Limber pine","All"
"10570_12_16","B","PILO","Pinus longaeva","Great basin bristlecone pine","Upper"
"10570_12_16","B","PIFL2","Pinus flexilis","Limber pine","Upper"
"10570_12_16","C","PILO","Pinus longaeva","Great basin bristlecone pine","Upper"
"10570_12_16","C","PIFL2","Pinus flexilis","Limber pine","Upper"
"10570_18","A","PILO","Pinus longaeva","Great basin bristlecone pine","All"
"10570_18","A","PIFL2","Pinus flexilis","Limber pine","All"
"10570_18","B","PILO","Pinus longaeva","Great basin bristlecone pine","Upper"
"10570_18","B","PIFL2","Pinus flexilis","Limber pine","Upper"
"10570_18","C","PILO","Pinus longaeva","Great basin bristlecone pine","Upper"
"10570_18","C","PIFL2","Pinus flexilis","Limber pine","Upper"
"10570_23","A","PIFL2","Pinus flexilis","Limber pine","All"
"10570_23","A","PILO","Pinus longaeva","Great basin bristlecone pine","All"
"10570_23","B","PIFL2","Pinus flexilis","Limber pine","Upper"
"10570_23","B","PILO","Pinus longaeva","Great basin bristlecone pine","Upper"
"10570_23","C","PIFL2","Pinus flexilis","Limber pine","Upper"
"10570_23","C","PILO","Pinus longaeva","Great basin bristlecone pine","Upper"
"10570_28","A","PIAR","Pinus aristata","Bristlecone pine","All"
"10570_28","A","PIFL2","Pinus flexilis","Limber pine","All"
"10570_28","A","FEAR2","Festuca arizonica","Arizona fescue","Lower"
"10570_28","B","PIAR","Pinus aristata","Bristlecone pine","Upper"
"10570_28","B","PIFL2","Pinus flexilis","Limber pine","Upper"
"10570_28","B","FEAR2","Festuca arizonica","Arizona fescue","Lower"
"10570_28","C","PIAR","Pinus aristata","Bristlecone pine","Upper"
"10570_28","C","PIFL2","Pinus flexilis","Limber pine","Upper"
"10570_28","C","FEAR2","Festuca arizonica","Arizona fescue","Lower"
"10570_28","C","RIMO2","Ribes montigenum","Gooseberry currant","Lower"
"10570_29","A","PIFL2","Pinus flexilis","Limber pine","All"
"10570_29","A","FEID","Festuca idahoensis","Idaho fescue","All"
"10570_29","B","PIFL2","Pinus flexilis","Limber pine","Upper"
"10570_29","B","FEID","Festuca idahoensis","Idaho fescue","Upper"
"10570_29","C","PIFL2","Pinus flexilis","Limber pine","Upper"
"10570_29","C","FEID","Festuca idahoensis","Idaho fescue","Upper"
"10570_29","C","RIBES","Ribes","Currant","Lower"
"10580_12","A","PICO","Pinus contorta","Lodgepole pine","Middle"
"10580_12","B","PICO","Pinus contorta","Lodgepole pine","Upper"
"10580_12","C","PICO","Pinus contorta","Lodgepole pine","Upper"
"10580_12","D","PICO","Pinus contorta","Lodgepole pine","Upper"
"10580_12","E","PICO","Pinus contorta","Lodgepole pine","Upper"
"10580_4","A","PICO","Pinus contorta","Lodgepole pine","Upper"
"10580_4","A","ABCO","Abies concolor","White fir","Upper"
"10580_4","A","CHSE11","Chrysolepis sempervirens","Bush chinquapin","Mid-Upper"
"10580_4","A","CECO","Ceanothus cordulatus","Whitethorn ceanothus","Mid-Upper"
"10580_4","B","PICO","Pinus contorta","Lodgepole pine","Upper"
"10580_4","B","ABCO","Abies concolor","White fir","Upper"
"10580_4","B","PIJE","Pinus jeffreyi","Jeffrey pine","Upper"
"10580_4","B","CHSE11","Chrysolepis sempervirens","Bush chinquapin","Middle"
"10580_4","C","PICO","Pinus contorta","Lodgepole pine","Upper"
"10580_4","C","PIFL2","Pinus flexilis","Limber pine","Upper"
"10580_4","C","ABCO","Abies concolor","White fir","Upper"
"10580_4","C","CHSE11","Chrysolepis sempervirens","Bush chinquapin","Middle"
"10580_4","D","PICO","Pinus contorta","Lodgepole pine","Upper"
"10580_4","D","PIFL2","Pinus flexilis","Limber pine","Upper"
"10580_4","D","ABCO","Abies concolor","White fir","Upper"
"10580_4","D","CHSE11","Chrysolepis sempervirens","Bush chinquapin","Middle"
"10580_4","E","PICO","Pinus contorta","Lodgepole pine","Upper"
"10580_4","E","ABCO","Abies concolor","White fir","Upper"
"10580_4","E","PIJE","Pinus jeffreyi","Jeffrey pine","Upper"
"10580_4","E","CHSE11","Chrysolepis sempervirens","Bush chinquapin","Middle"
"10580_7","A","PICO","Pinus contorta","Lodgepole pine","Upper"
"10580_7","B","PICO","Pinus contorta","Lodgepole pine","Upper"
"10580_7","C","PICO","Pinus contorta","Lodgepole pine","Upper"
"10581_6","A","PICO","Pinus contorta","Lodgepole pine","Upper"
"10581_6","A","CAREX","Carex","Sedge","Lower"
"10581_6","A","POA","Poa","Bluegrass","Lower"
"10581_6","B","PICO","Pinus contorta","Lodgepole pine","Upper"
"10581_6","C","PICO","Pinus contorta","Lodgepole pine","Upper"
"10581_6","D","PICO","Pinus contorta","Lodgepole pine","Upper"
"10581_6","E","PICO","Pinus contorta","Lodgepole pine","Upper"
"10582_6","A","PICO","Pinus contorta","Lodgepole pine","Upper"
"10582_6","B","PICO","Pinus contorta","Lodgepole pine","Upper"
"10582_6","C","PICO","Pinus contorta","Lodgepole pine","Upper"
"10582_6","D","PICO","Pinus contorta","Lodgepole pine","Upper"
"10582_6","E","PICO","Pinus contorta","Lodgepole pine","Upper"
"10590_24_28","A","JUMO","Juniperus monosperma","Oneseed juniper","All"
"10590_24_28","A","PIED","Pinus edulis","Twoneedle pinyon","All"
"10590_24_28","A","JUSC2","Juniperus scopulorum","Rocky Mountain juniper","All"
"10590_24_28","B","PIED","Pinus edulis","Twoneedle pinyon","Upper"
"10590_24_28","B","JUMO","Juniperus monosperma","Oneseed juniper","Upper"
"10590_24_28","B","JUSC2","Juniperus scopulorum","Rocky Mountain juniper","Upper"
"10590_24_28","C","PIED","Pinus edulis","Twoneedle pinyon","Upper"
"10590_24_28","C","JUSC2","Juniperus scopulorum","Rocky Mountain juniper","Upper"
"10590_24_28","C","JUMO","Juniperus monosperma","Oneseed juniper","Upper"
"10590_24_28","D","PIED","Pinus edulis","Twoneedle pinyon","Upper"
"10590_24_28","D","JUSC2","Juniperus scopulorum","Rocky Mountain juniper","Upper"
"10590_24_28","D","JUMO","Juniperus monosperma","Oneseed juniper","Upper"
"10590_25","A","QUPA4","Quercus pauciloba","Quercus pauciloba","Upper"
"10590_25","A","MAHA4","Mahonia haematocarpa","Red barberry","Upper"
"10590_25","A","BOGR","Boerhavia gracillima","Slimstalk spiderling","Lower"
"10590_25","B","QUUN","Quercus undulata","Wavyleaf oak","Upper"
"10590_25","B","JUMO","Juniperus monosperma","Oneseed juniper","Upper"
"10590_25","B","MAHE","Malacothamnus helleri","Heller’s bush mallow","Lower"
"10590_25","B","BOGR","Boerhavia gracillima","Slimstalk spiderling","Lower"
"10590_25","C","JUMO","Juniperus monosperma","Oneseed juniper","Upper"
"10590_25","C","PIED","Pinus edulis","Twoneedle pinyon","Upper"
"10590_25","C","QUUN","Quercus undulata","Wavyleaf oak","Low-Mid"
"10590_25","C","MAHE","Malacothamnus helleri","Heller’s bush mallow","Lower"
"10590_25","D","PIED","Pinus edulis","Twoneedle pinyon","Upper"
"10590_25","D","JUMO","Juniperus monosperma","Oneseed juniper","Upper"
"10590_25","E","PIED","Pinus edulis","Twoneedle pinyon","Upper"
"10590_25","E","JUMO","Juniperus monosperma","Oneseed juniper","Upper"
"10590_26","A","PIFI","Piptochaetium fimbriatum","Pinyon ricegrass","Upper"
"10590_26","A","BOGR2","Bouteloua gracilis","Blue grama","Upper"
"10590_26","A","QUGA","Quercus gambelii","Gambel oak","Upper"
"10590_26","A","QUTU2","Quercus turbinella","Sonoran scrub oak","Upper"
"10590_26","B","JUDE","Juncus debilis","Weak rush","Upper"
"10590_26","B","PIED","Pinus edulis","Twoneedle pinyon","Upper"
"10590_26","B","QUGA","Quercus gambelii","Gambel oak","Upper"
"10590_26","B","QUTU2","Quercus turbinella","Sonoran scrub oak","Upper"
"10590_26","C","JUDE","Juncus debilis","Weak rush","Upper"
"10590_26","C","PIED","Pinus edulis","Twoneedle pinyon","Upper"
"10590_26","C","QUGA","Quercus gambelii","Gambel oak","Middle"
"10590_26","C","QUTU2","Quercus turbinella","Sonoran scrub oak","Middle"
"10590_26","D","JUDE","Juncus debilis","Weak rush","Upper"
"10590_26","D","PIED","Pinus edulis","Twoneedle pinyon","Upper"
"10590_26","D","PIFI","Piptochaetium fimbriatum","Pinyon ricegrass","Lower"
"10590_26","D","BOGR2","Bouteloua gracilis","Blue grama","Lower"
"10590_27_33","A","QUGA","Quercus gambelii","Gambel oak","Middle"
"10590_27_33","A","CEMO2","Cercocarpus montanus","Alderleaf mountain mahogany","Middle"
"10590_27_33","A","BOGR2","Bouteloua gracilis","Blue grama","Lower"
"10590_27_33","A","SCSC","Schizachyrium scoparium","Little bluestem","Lower"
"10590_27_33","B","JUSC2","Juniperus scopulorum","Rocky Mountain juniper","Upper"
"10590_27_33","B","JUMO","Juniperus monosperma","Oneseed juniper","Upper"
"10590_27_33","B","CEMO2","Cercocarpus montanus","Alderleaf mountain mahogany","Middle"
"10590_27_33","B","MAHE","Malacothamnus helleri","Heller’s bush mallow","Middle"
"10590_27_33","C","JUMO","Juniperus monosperma","Oneseed juniper","Upper"
"10590_27_33","C","PIED","Pinus edulis","Twoneedle pinyon","Upper"
"10590_27_33","C","JUSC2","Juniperus scopulorum","Rocky Mountain juniper","Upper"
"10590_27_33","C","QUGA","Quercus gambelii","Gambel oak","Upper"
"10590_27_33","D","PIED","Pinus edulis","Twoneedle pinyon","Upper"
"10590_27_33","D","JUMO","Juniperus monosperma","Oneseed juniper","Upper"
"10590_27_33","D","JUSC2","Juniperus scopulorum","Rocky Mountain juniper","Upper"
"10590_27_33","D","QUGA","Quercus gambelii","Gambel oak","Upper"
"10600_1_2_7","A","QUGA4","Quercus garryana","Oregon white oak","All"
"10600_1_2_7","A","PSSP6","Pseudoroegneria spicata","Bluebunch wheatgrass","Lower"
"10600_1_2_7","A","LUSU5","Lupinus sulphureus","Sulphur lupine","Lower"
"10600_1_2_7","A","BACA3","Balsamorhiza careyana","Carey's balsamroot","Lower"
"10600_1_2_7","B","QUGA4","Quercus garryana","Oregon white oak","Upper"
"10600_1_2_7","B","PIPO","Pinus ponderosa","Ponderosa pine","Upper"
"10600_1_2_7","B","CARU","Calamagrostis rubescens","Pinegrass","Lower"
"10600_1_2_7","B","AMAL2","Amelanchier alnifolia","Saskatoon serviceberry","Middle"
"10600_1_2_7","C","QUGA4","Quercus garryana","Oregon white oak","Upper"
"10600_1_2_7","C","PUTR2","Purshia tridentata","Antelope bitterbrush","Middle"
"10600_1_2_7","C","PSSP6","Pseudoroegneria spicata","Bluebunch wheatgrass","Lower"
"10600_1_2_7","C","LUSU5","Lupinus sulphureus","Sulphur lupine","Lower"
"10600_1_2_7","D","QUGA4","Quercus garryana","Oregon white oak","Upper"
"10600_1_2_7","D","PUTR2","Purshia tridentata","Antelope bitterbrush","Middle"
"10600_1_2_7","D","PSSP6","Pseudoroegneria spicata","Bluebunch wheatgrass","Lower"
"10600_1_2_7","D","BACA3","Balsamorhiza careyana","Carey's balsamroot","Lower"
"10600_1_2_7","E","PIPO","Pinus ponderosa","Ponderosa pine","Upper"
"10600_1_2_7","E","QUGA4","Quercus garryana","Oregon white oak","Upper"
"10600_1_2_7","E","SYAL","Symphoricarpos albus","Common snowberry","Low-Mid"
"10600_1_2_7","E","COCO6","Corylus cornuta","Beaked hazelnut","Lower"
"10610_13","A","POTR5","Populus tremuloides","Quaking aspen","Upper"
"10610_13","A","SYOR2","Symphoricarpos oreophilus","Mountain snowberry","Middle"
"10610_13","A","RIBES","Ribes","Currant","Middle"
"10610_13","A","HOLOD","Holodiscus","Oceanspray","Middle"
"10610_13","B","POTR5","Populus tremuloides","Quaking aspen","Upper"
"10610_13","B","SYOR2","Symphoricarpos oreophilus","Mountain snowberry","Low-Mid"
"10610_13","B","RIBES","Ribes","Currant","Low-Mid"
"10610_13","C","POTR5","Populus tremuloides","Quaking aspen","Upper"
"10610_13","C","SYOR2","Symphoricarpos oreophilus","Mountain snowberry","Middle"
"10610_13","C","RIBES","Ribes","Currant","Middle"
"10610_13","D","POTR5","Populus tremuloides","Quaking aspen","Upper"
"10610_13","D","ABCO","Abies concolor","White fir","Mid-Upper"
"10610_13","D","PIPO","Pinus ponderosa","Ponderosa pine","Mid-Upper"
"10610_13","D","PIFL2","Pinus flexilis","Limber pine","Middle"
"10610_13","E","ABCO","Abies concolor","White fir","Upper"
"10610_13","E","PIFL2","Pinus flexilis","Limber pine","Upper"
"10610_13","E","PIPO","Pinus ponderosa","Ponderosa pine","Upper"
"10610_13","E","POTR5","Populus tremuloides","Quaking aspen","Mid-Upper"
"10610_15_25","A","POTR5","Populus tremuloides","Quaking aspen","Upper"
"10610_15_25","B","POTR5","Populus tremuloides","Quaking aspen","Upper"
"10610_15_25","C","POTR5","Populus tremuloides","Quaking aspen","Upper"
"10610_15_25","D","POTR5","Populus tremuloides","Quaking aspen","Upper"
"10610_15_25","D","PIPO","Pinus ponderosa","Ponderosa pine","Mid-Upper"
"10610_15_25","D","PSEUD7","Pseudotsuga","Douglas-fir","Mid-Upper"
"10610_15_25","E","PIPO","Pinus ponderosa","Ponderosa pine","Upper"
"10610_15_25","E","PICO","Pinus contorta","Lodgepole pine","Upper"
"10610_15_25","E","PSME","Pseudotsuga menziesii","Douglas-fir","Upper"
"10610_15_25","E","POTR5","Populus tremuloides","Quaking aspen","Mid-Upper"
"10610_18","A","POTR5","Populus tremuloides","Quaking aspen","Upper"
"10610_18","A","SYOR2","Symphoricarpos oreophilus","Mountain snowberry","Middle"
"10610_18","A","RIBES","Ribes","Currant","Middle"
"10610_18","B","POTR5","Populus tremuloides","Quaking aspen","Upper"
"10610_18","B","SYOR2","Symphoricarpos oreophilus","Mountain snowberry","Low-Mid"
"10610_18","B","RIBES","Ribes","Currant","Low-Mid"
"10610_18","C","POTR5","Populus tremuloides","Quaking aspen","Upper"
"10610_18","C","SYOR2","Symphoricarpos oreophilus","Mountain snowberry","Middle"
"10610_18","C","RIBES","Ribes","Currant","Middle"
"10610_18","D","POTR5","Populus tremuloides","Quaking aspen","Upper"
"10610_18","D","ABCO","Abies concolor","White fir","Mid-Upper"
"10610_18","D","ABLA","Abies lasiocarpa","Subalpine fir","Mid-Upper"
"10610_18","D","PSME","Pseudotsuga menziesii","Douglas-fir","Mid-Upper"
"10610_18","E","PSME","Pseudotsuga menziesii","Douglas-fir","Upper"
"10610_18","E","ABLA","Abies lasiocarpa","Subalpine fir","Upper"
"10610_18","E","POTR5","Populus tremuloides","Quaking aspen","Upper"
"10610_18","E","PIFL2","Pinus flexilis","Limber pine","Upper"
"10610_20_29","A","POTR5","Populus tremuloides","Quaking aspen","Upper"
"10610_20_29","A","SYOR2","Symphoricarpos oreophilus","Mountain snowberry","Middle"
"10610_20_29","A","RIBES","Ribes","Currant","Middle"
"10610_20_29","B","POTR5","Populus tremuloides","Quaking aspen","Upper"
"10610_20_29","B","SYOR2","Symphoricarpos oreophilus","Mountain snowberry","Low-Mid"
"10610_20_29","B","RIBES","Ribes","Currant","Low-Mid"
"10610_20_29","C","POTR5","Populus tremuloides","Quaking aspen","Upper"
"10610_20_29","C","ABLA","Abies lasiocarpa","Subalpine fir","Mid-Upper"
"10610_20_29","C","PSME","Pseudotsuga menziesii","Douglas-fir","Mid-Upper"
"10610_20_29","C","PICO","Pinus contorta","Lodgepole pine","Mid-Upper"
"10610_20_29","D","PSME","Pseudotsuga menziesii","Douglas-fir","Upper"
"10610_20_29","D","ABLA","Abies lasiocarpa","Subalpine fir","Upper"
"10610_20_29","D","POTR5","Populus tremuloides","Quaking aspen","Mid-Upper"
"10610_20_29","D","PICO","Pinus contorta","Lodgepole pine","Upper"
"10610_22_27_28","A","POTR5","Populus tremuloides","Quaking aspen","All"
"10610_22_27_28","B","POTR5","Populus tremuloides","Quaking aspen","Upper"
"10610_22_27_28","C","POTR5","Populus tremuloides","Quaking aspen","Upper"
"10610_22_27_28","C","ABLA","Abies lasiocarpa","Subalpine fir","Middle"
"10610_22_27_28","C","PIEN","Picea engelmannii","Engelmann spruce","Middle"
"10610_22_27_28","D","POTR5","Populus tremuloides","Quaking aspen","Upper"
"10610_22_27_28","D","ABLA","Abies lasiocarpa","Subalpine fir","Mid-Upper"
"10610_22_27_28","D","PIEN","Picea engelmannii","Engelmann spruce","Mid-Upper"
"10610_6","A","POTR5","Populus tremuloides","Quaking aspen","Upper"
"10610_6","B","POTR5","Populus tremuloides","Quaking aspen","Upper"
"10610_6","C","POTR5","Populus tremuloides","Quaking aspen","Upper"
"10610_6","C","ABCO","Abies concolor","White fir","Mid-Upper"
"10610_6","D","ABCO","Abies concolor","White fir","None"
"10610_6","D","POTR5","Populus tremuloides","Quaking aspen","None"
"10610_8_9_17","A","POTR5","Populus tremuloides","Quaking aspen","Upper"
"10610_8_9_17","A","SYOR2","Symphoricarpos oreophilus","Mountain snowberry","Middle"
"10610_8_9_17","A","RIBES","Ribes","Currant","Middle"
"10610_8_9_17","B","POTR5","Populus tremuloides","Quaking aspen","Upper"
"10610_8_9_17","B","SYOR2","Symphoricarpos oreophilus","Mountain snowberry","Low-Mid"
"10610_8_9_17","B","RIBES","Ribes","Currant","Low-Mid"
"10610_8_9_17","C","POTR5","Populus tremuloides","Quaking aspen","Upper"
"10610_8_9_17","C","SYOR2","Symphoricarpos oreophilus","Mountain snowberry","Middle"
"10610_8_9_17","C","RIBES","Ribes","Currant","Middle"
"10610_8_9_17","D","POTR5","Populus tremuloides","Quaking aspen","Upper"
"10610_8_9_17","D","ABCO","Abies concolor","White fir","Mid-Upper"
"10610_8_9_17","D","ABLA","Abies lasiocarpa","Subalpine fir","Mid-Upper"
"10610_8_9_17","D","PIFL2","Pinus flexilis","Limber pine","Mid-Upper"
"10610_8_9_17","E","ABLA","Abies lasiocarpa","Subalpine fir","Upper"
"10610_8_9_17","E","ABCO","Abies concolor","White fir","Upper"
"10610_8_9_17","E","POTR5","Populus tremuloides","Quaking aspen","Mid-Upper"
"10610_8_9_17","E","PIFL2","Pinus flexilis","Limber pine","Upper"
"10611_16_23_24","A","POTR5","Populus tremuloides","Quaking aspen","Upper"
"10611_16_23_24","B","POTR5","Populus tremuloides","Quaking aspen","Upper"
"10611_16_23_24","C","POTR5","Populus tremuloides","Quaking aspen","Upper"
"10611_16_23_24","D","POTR5","Populus tremuloides","Quaking aspen","Upper"
"10611_16_23_24","D","ABCO","Abies concolor","White fir","Mid-Upper"
"10611_16_23_24","D","PSEUD7","Pseudotsuga","Douglas-fir","Mid-Upper"
"10611_16_23_24","E","PIPO","Pinus ponderosa","Ponderosa pine","Upper"
"10611_16_23_24","E","PICO","Pinus contorta","Lodgepole pine","Upper"
"10611_16_23_24","E","PSME","Pseudotsuga menziesii","Douglas-fir","Upper"
"10611_16_23_24","E","POTR5","Populus tremuloides","Quaking aspen","Mid-Upper"
"10612_16_23","A","POTR5","Populus tremuloides","Quaking aspen","Upper"
"10612_16_23","A","SYOR2","Symphoricarpos oreophilus","Mountain snowberry","Middle"
"10612_16_23","A","RIBES","Ribes","Currant","Middle"
"10612_16_23","B","POTR5","Populus tremuloides","Quaking aspen","Upper"
"10612_16_23","B","SYOR2","Symphoricarpos oreophilus","Mountain snowberry","Lower"
"10612_16_23","B","RIBES","Ribes","Currant","Lower"
"10612_16_23","C","POTR5","Populus tremuloides","Quaking aspen","Upper"
"10612_16_23","C","PIEN","Picea engelmannii","Engelmann spruce","Middle"
"10612_16_23","C","ABLA","Abies lasiocarpa","Subalpine fir","Mid-Upper"
"10612_16_23","C","ABCO","Abies concolor","White fir","Mid-Upper"
"10612_16_23","D","POTR5","Populus tremuloides","Quaking aspen","Mid-Upper"
"10612_16_23","D","PIEN","Picea engelmannii","Engelmann spruce","Mid-Upper"
"10612_16_23","D","ABLA","Abies lasiocarpa","Subalpine fir","Upper"
"10612_16_23","D","ABCO","Abies concolor","White fir","Upper"
"10620_10_19_21_29_31","A","CELE3","Cercocarpus ledifolius","Curl-leaf mountain mahogany","Upper"
"10620_10_19_21_29_31","A","ARTR2","Artemisia tridentata","Big sagebrush","Upper"
"10620_10_19_21_29_31","A","CHRYS","Chrysactinia","Chrysactinia","Upper"
"10620_10_19_21_29_31","A","SYMPH","Symphoricarpos","Snowberry","Upper"
"10620_10_19_21_29_31","B","CELE3","Cercocarpus ledifolius","Curl-leaf mountain mahogany","Upper"
"10620_10_19_21_29_31","B","ARTR2","Artemisia tridentata","Big sagebrush","Mid-Upper"
"10620_10_19_21_29_31","B","PUTR2","Purshia tridentata","Antelope bitterbrush","Mid-Upper"
"10620_10_19_21_29_31","B","SYMPH","Symphoricarpos","Snowberry","Mid-Upper"
"10620_10_19_21_29_31","C","CELE3","Cercocarpus ledifolius","Curl-leaf mountain mahogany","Upper"
"10620_10_19_21_29_31","C","ARTR2","Artemisia tridentata","Big sagebrush","Low-Mid"
"10620_10_19_21_29_31","C","CHRYS","Chrysactinia","Chrysactinia","Low-Mid"
"10620_10_19_21_29_31","C","SYMPH","Symphoricarpos","Snowberry","Low-Mid"
"10620_10_19_21_29_31","D","CELE3","Cercocarpus ledifolius","Curl-leaf mountain mahogany","Upper"
"10620_10_19_21_29_31","D","ARTR2","Artemisia tridentata","Big sagebrush","Low-Mid"
"10620_10_19_21_29_31","D","PUTR2","Purshia tridentata","Antelope bitterbrush","Low-Mid"
"10620_10_19_21_29_31","E","CELE3","Cercocarpus ledifolius","Curl-leaf mountain mahogany","Upper"
"10620_13","A","CELE3","Cercocarpus ledifolius","Curl-leaf mountain mahogany","Upper"
"10620_13","A","ARTR2","Artemisia tridentata","Big sagebrush","Upper"
"10620_13","A","CHRYS","Chrysactinia","Chrysactinia","Upper"
"10620_13","A","SYMPH","Symphoricarpos","Snowberry","Upper"
"10620_13","B","CELE3","Cercocarpus ledifolius","Curl-leaf mountain mahogany","Upper"
"10620_13","B","ARTR2","Artemisia tridentata","Big sagebrush","Mid-Upper"
"10620_13","B","PUTR2","Purshia tridentata","Antelope bitterbrush","Mid-Upper"
"10620_13","B","SYMPH","Symphoricarpos","Snowberry","Mid-Upper"
"10620_13","C","CELE3","Cercocarpus ledifolius","Curl-leaf mountain mahogany","Upper"
"10620_13","C","ARTR2","Artemisia tridentata","Big sagebrush","Low-Mid"
"10620_13","C","CHRYS","Chrysactinia","Chrysactinia","Low-Mid"
"10620_13","C","SYMPH","Symphoricarpos","Snowberry","Low-Mid"
"10620_13","D","CELE3","Cercocarpus ledifolius","Curl-leaf mountain mahogany","Upper"
"10620_13","D","ARTR2","Artemisia tridentata","Big sagebrush","Low-Mid"
"10620_13","D","PUTR2","Purshia tridentata","Antelope bitterbrush","Low-Mid"
"10620_13","D","ELEL5","Elymus elymoides","Squirreltail","Lower"
"10620_13","E","CELE3","Cercocarpus ledifolius","Curl-leaf mountain mahogany","Upper"
"10620_13","E","PIMO","Pinus monophylla","Singleleaf pinyon","Upper"
"10620_13","E","JUOS","Juniperus osteosperma","Utah juniper","Upper"
"10620_13","E","SYMPH","Symphoricarpos","Snowberry","Middle"
"10620_16_23","A","CELE3","Cercocarpus ledifolius","Curl-leaf mountain mahogany","Upper"
"10620_16_23","A","ARTR2","Artemisia tridentata","Big sagebrush","Upper"
"10620_16_23","A","CHRYS","Chrysactinia","Chrysactinia","Upper"
"10620_16_23","A","SYMPH","Symphoricarpos","Snowberry","Upper"
"10620_16_23","B","CELE3","Cercocarpus ledifolius","Curl-leaf mountain mahogany","Upper"
"10620_16_23","B","ARTR2","Artemisia tridentate","Big sagebrush","Mid-Upper"
"10620_16_23","B","CHRYS","Chrysactinia","Chrysactinia","Mid-Upper"
"10620_16_23","B","SYMPH","Symphoricarpos","Snowberry","Mid-Upper"
"10620_16_23","C","CELE3","Cercocarpus ledifolius","Curl-leaf mountain mahogany","Upper"
"10620_16_23","C","ARTR2","Artemisia tridentata","Big sagebrush","Low-Mid"
"10620_16_23","C","PUTR2","Purshia tridentata","Antelope bitterbrush","Low-Mid"
"10620_16_23","C","SYMPH","Symphoricarpos","Snowberry","Low-Mid"
"10620_16_23","D","CELE3","Cercocarpus ledifolius","Curl-leaf mountain mahogany","Upper"
"10620_16_23","D","ARTR2","Artemisia tridentata","Big sagebrush","Low-Mid"
"10620_16_23","D","PUTR2","Purshia tridentata","Antelope bitterbrush","Low-Mid"
"10620_16_23","E","CELE3","Cercocarpus ledifolius","Curl-leaf mountain mahogany","Upper"
"10620_22_28","A","CELE3","Cercocarpus ledifolius","Curl-leaf mountain mahogany","Upper"
"10620_22_28","A","ARTRV","Artemisia tridentata ssp. vaseyana","Mountain big sagebrush","Upper"
"10620_22_28","A","FEID","Festuca idahoensis","Idaho fescue","Upper"
"10620_22_28","A","SYMPH","Symphoricarpos","Snowberry","Upper"
"10620_22_28","B","CELE3","Cercocarpus ledifolius","Curl-leaf mountain mahogany","Upper"
"10620_22_28","B","ARTR2","Artemisia tridentata","Big sagebrush","Mid-Upper"
"10620_22_28","B","FEID","Festuca idahoensis","Idaho fescue","Mid-Upper"
"10620_22_28","B","SYMPH","Symphoricarpos","Snowberry","Mid-Upper"
"10620_22_28","C","CELE3","Cercocarpus ledifolius","Curl-leaf mountain mahogany","Upper"
"10620_22_28","C","ARTR2","Artemisia tridentata","Big sagebrush","Low-Mid"
"10620_22_28","C","JUOS","Juniperus osteosperma","Utah juniper","Upper"
"10620_22_28","C","SYMPH","Symphoricarpos","Snowberry","Low-Mid"
"10620_22_28","D","CELE3","Cercocarpus ledifolius","Curl-leaf mountain mahogany","Mid-Upper"
"10620_22_28","D","PSME","Pseudotsuga menziesii","Douglas-fir","Upper"
"10620_22_28","D","JUOS","Juniperus osteosperma","Utah juniper","Upper"
"10620_22_28","D","JUSC2","Juniperus scopulorum","Rocky mountain juniper","Upper"
"10620_6_12_17_18","A","CELE3","Cercocarpus ledifolius","Curl-leaf mountain mahogany","Upper"
"10620_6_12_17_18","A","ARTR2","Artemisia tridentata","Big sagebrush","Upper"
"10620_6_12_17_18","A","CHRYS","Chrysactinia","Chrysactinia","Upper"
"10620_6_12_17_18","A","SYMPH","Symphoricarpos","Snowberry","Upper"
"10620_6_12_17_18","B","CELE3","Cercocarpus ledifolius","Curl-leaf mountain mahogany","Upper"
"10620_6_12_17_18","B","ARTR2","Artemisia tridentata","Big sagebrush","Mid-Upper"
"10620_6_12_17_18","B","PUTR2","Purshia tridentata","Antelope bitterbrush","Mid-Upper"
"10620_6_12_17_18","B","SYMPH","Symphoricarpos","Snowberry","Mid-Upper"
"10620_6_12_17_18","C","CELE3","Cercocarpus ledifolius","Curl-leaf mountain mahogany","Upper"
"10620_6_12_17_18","C","ARTR2","Artemisia tridentata","Big sagebrush","Low-Mid"
"10620_6_12_17_18","C","CHRYS","Chrysactinia","Chrysactinia","Low-Mid"
"10620_6_12_17_18","C","SYMPH","Symphoricarpos","Snowberry","Low-Mid"
"10620_6_12_17_18","D","CELE3","Cercocarpus ledifolius","Curl-leaf mountain mahogany","Upper"
"10620_6_12_17_18","D","ARTR2","Artemisia tridentata","Big sagebrush","Low-Mid"
"10620_6_12_17_18","D","PUTR2","Purshia tridentata","Antelope bitterbrush","Low-Mid"
"10620_6_12_17_18","E","CELE3","Cercocarpus ledifolius","Curl-leaf mountain mahogany","Upper"
"10620_7_9","A","CELE3","Cercocarpus ledifolius","Curl-leaf mountain mahogany","Upper"
"10620_7_9","A","ARTR2","Artemisia tridentata","Big sagebrush","Upper"
"10620_7_9","A","CHRYS","Chrysactinia","Chrysactinia","Upper"
"10620_7_9","A","SYMPH","Symphoricarpos","Snowberry","Upper"
"10620_7_9","B","CELE3","Cercocarpus ledifolius","Curl-leaf mountain mahogany","Upper"
"10620_7_9","B","ARTRV","Artemisia tridentata ssp. vaseyana","Mountain big sagebrush","Middle"
"10620_7_9","B","PUTR2","Purshia tridentata","Antelope bitterbrush","Middle"
"10620_7_9","B","SYMPH","Symphoricarpos","Snowberry","Middle"
"10620_7_9","C","CELE3","Cercocarpus ledifolius","Curl-leaf mountain mahogany","Upper"
"10620_7_9","C","ARTRV","Artemisia tridentata ssp. Vaseyana","Mountain big sagebrush","Middle"
"10620_7_9","C","CHRYS","Chrysactinia","Chrysactinia","Middle"
"10620_7_9","C","SYMPH","Symphoricarpos","Snowberry","Middle"
"10620_7_9","D","CELE3","Cercocarpus ledifolius","Curl-leaf mountain mahogany","Upper"
"10620_7_9","D","ARTRV","Artemisia tridentata ssp. vaseyana","Mountain big sagebrush","Mid-Upper"
"10620_7_9","D","PUTR2","Purshia tridentata","Antelope bitterbrush","Mid-Upper"
"10620_7_9","E","CELE3","Cercocarpus ledifolius","Curl-leaf mountain mahogany","Upper"
"10620_7_9","E","SYMPH","Symphoricarpos","Snowberry","Middle"
"10620_7_9","E","ARTRV","Artemisia tridentata ssp. vaseyana","Mountain big sagebrush","Middle"
"10620_7_9","E","FEID","Festuca idahoensis","Idaho fescue","Lower"
"10630_1","A","ALRU2","Alnus rubra","Red alder","Upper"
"10630_1","B","ACMA3","Acer macrophyllum","Bigleaf maple","Upper"
"10630_1","B","ALRU2","Alnus rubra","Red alder","Mid-Upper"
"10630_2_7","A","ALRU2","Alnus rubra","Red alder","Upper"
"10630_2_7","B","ACMA3","Acer macrophyllum","Bigleaf maple","Upper"
"10630_2_7","B","ALRU2","Alnus rubra","Red alder","Mid-Upper"
"10640_15_16_17_23_24_27_28","A","ACHY","Achnatherum hymenoides","Indian ricegrass","Lower"
"10640_15_16_17_23_24_27_28","A","BOGR2","Bouteloua gracilis","Blue grama","Lower"
"10640_15_16_17_23_24_27_28","A","ARNO4","Artemisia nova","Black sagebrush","Upper"
"10640_15_16_17_23_24_27_28","A","ARBI3","Artemisia bigelovii","Bigelow sage","Upper"
"10640_15_16_17_23_24_27_28","B","ARNO4","Artemisia nova","Black sagebrush","Upper"
"10640_15_16_17_23_24_27_28","B","ARBI3","Artemisia bigelovii","Bigelow sage","Upper"
"10640_15_16_17_23_24_27_28","B","ACHY","Achnatherum hymenoides","Indian ricegrass","Lower"
"10640_15_16_17_23_24_27_28","B","BOGR2","Bouteloua gracilis","Blue grama","Lower"
"10640_15_16_17_23_24_27_28","C","ARNO4","Artemisia nova","Black sagebrush","Upper"
"10640_15_16_17_23_24_27_28","C","ARBI3","Artemisia bigelovii","Bigelow sage","Upper"
"10640_15_16_17_23_24_27_28","C","ACHY","Achnatherum hymenoides","Indian ricegrass","Lower"
"10640_15_16_17_23_24_27_28","C","BOGR2","Bouteloua gracilis","Blue grama","Lower"
"10650_1_8_9_10","A","ERTH4","Eriogonum thymoides","Thymeleaf buckwheat","Lower"
"10650_1_8_9_10","A","POSE","Poa secunda","Sandberg bluegrass","Lower"
"10650_1_8_9_10","A","LOMAT","Lomatium spp.","Desertparsley","Low-Mid"
"10650_1_8_9_10","A","STST5","Stenotus stenophyllus","Narrowleaf mock goldenweed","Lower"
"10650_1_8_9_10","B","ERTH4","Eriogonum thymoides","Thymeleaf buckwheat","Low-Mid"
"10650_1_8_9_10","B","ARRI2","Artemisia rigida","Scabland sagebrush","Upper"
"10650_1_8_9_10","B","POSE","Poa secunda","Sandberg bluegrass","Low-Mid"
"10650_1_8_9_10","B","STST5","Stenotus stenophyllus","Narrowleaf mock goldenweed","Low-Mid"
"10650_1_8_9_10","C","ARRI2","Artemisia rigida","Scabland sagebrush","Upper"
"10650_1_8_9_10","C","ERTH4","Eriogonum thymoides","Thymeleaf buckwheat","Low-Mid"
"10650_1_8_9_10","C","POSE","Poa secunda","Sandberg bluegrass","Low-Mid"
"10650_1_8_9_10","C","STST5","Stenotus stenophyllus","Narrowleaf mock goldenweed","Low-Mid"
"10660_16_23_24","A","ATCO4","Atriplex corrugata","Mat saltbush","All"
"10660_16_23_24","A","ATGA","Atriplex gardneri","Gardner's saltbush","All"
"10660_16_23_24","B","ATCO4","Atriplex corrugata","Mat saltbush","All"
"10660_16_23_24","B","ATGA","Atriplex gardneri","Gardner's saltbush","All"
"10660_22","A","ATCO4","Atriplex corrugata","Mat saltbush","All"
"10660_22","A","ATGA","Atriplex gardneri","Gardner's saltbush","All"
"10660_29","A","ACHY","Achnatherum hymenoides","Indian ricegrass","Lower"
"10660_29","A","ATCO","Atriplex confertifolia","Shadscale saltbush","Upper"
"10660_29","B","ATCO","Atriplex confertifolia","Shadscale saltbush","Upper"
"10660_29","B","ACHY","Achnatherum hymenoides","Indian ricegrass","Lower"
"10670_6","A","RICE","Ribes cereum","Wax currant","Upper"
"10670_6","A","LEPU","Leptodactylon pungens","Granite prickly phlox","Upper"
"10670_6","A","ERDI14","Ericameria discoidea","Whitestem goldenbush","Upper"
"10670_6","A","CANA3","Castilleja nana","Dwarf alpine Indian paintbrush","Upper"
"10670_6","B","RICE","Ribes cereum","Wax currant","Upper"
"10670_6","B","LEPU","Leptodactylon pungens","Granite prickly phlox","Upper"
"10670_6","B","ERDI14","Ericameria discoidea","Whitestem goldenbush","Upper"
"10670_6","B","CANA3","Castilleja nana","Dwarf alpine Indian paintbrush","Upper"
"10680_1_7","A","SATO2","Saxifraga tolmiei","Tolmie’s saxifrage","Upper"
"10680_1_7","A","PERU","Penstemon rupicola","Cliff beardtongue","Upper"
"10680_1_7","A","LUPE","Luetkea pectinata","Partridgefoot","Upper"
"10700_10_19_28","A","CAREX","Carex","Sedge","Upper"
"10700_10_19_28","A","ERIGE2","Erigeron","Fleabane","Upper"
"10700_10_19_28","A","DECA18","Deschampsia caespitosa","Tufted hairgrass","Upper"
"10700_10_19_28","A","LUPE","Luetkea pectinata","Partridgefoot","Upper"
"10700_10_19_28","B","CAME7","Cassiope mertensiana","Western moss heather","Upper"
"10700_10_19_28","B","DRIN4","Dryas integrifolia","Entireleaf mountain-avens","Upper"
"10700_10_19_28","B","DROC","Dryas octopetala","Eightpetal mountain-avens","Upper"
"10700_10_19_28","B","SAAR27","Salix arctica","Arctic willow","Upper"
"10700_16","A","CAREX","Carex","Sedge","Upper"
"10700_16","A","ERIGE2","Erigeron","Fleabane","Upper"
"10700_16","A","DECA18","Deschampsia caespitosa","Tufted hairgrass","Upper"
"10700_16","A","LUPE","Luetkea pectinata","Partridgefoot","Upper"
"10700_16","B","CAME7","Cassiope mertensiana","Western moss heather","Upper"
"10700_16","B","DRIN4","Dryas integrifolia","Entireleaf mountain-avens","Upper"
"10700_16","B","DROC","Dryas octopetala","Eightpetal mountain-avens","Upper"
"10700_16","B","SAAR27","Salix arctica","Arctic willow","Upper"
"10700_21","A","CAREX","Carex","Sedge","Upper"
"10700_21","A","ERIGE2","Erigeron","Fleabane","Upper"
"10700_21","A","DECA18","Deschampsia caespitosa","Tufted hairgrass","Upper"
"10700_21","A","LUPE","Luetkea pectinata","Partridgefoot","Upper"
"10700_21","B","CAME7","Cassiope mertensiana","Western moss heather","Upper"
"10700_21","B","DRIN4","Dryas integrifolia","Entireleaf mountain-avens","Upper"
"10700_21","B","DROC","Dryas octopetala","Eightpetal mountain-avens","Upper"
"10700_21","B","SAAR27","Salix arctica","Arctic willow","Upper"
"10710_6","A","ARKI","Arenaria kingii","King’s sandwort","Upper"
"10710_6","A","ERDI14","Ericameria discoidea","Whitestem goldenbush","Upper"
"10710_6","A","ARAR8","Artemisia arbuscula","Little sagebrush","Upper"
"10710_6","A","PHCO12","Phlox covillei","Coville’s phlox","Upper"
"10710_6","B","ARKI","Arenaria kingii","King’s sandwort","Upper"
"10710_6","B","ERDI14","Ericameria discoidea","Whitestem goldenbush","Upper"
"10710_6","B","ARAR8","Artemisia arbuscula","Little sagebrush","Upper"
"10710_6","B","PHCO12","Phlox covillei","Coville’s phlox","Upper"
"10720_22_29","A","POSE4","Polygonum segetum","Field smartweed","Upper"
"10720_22_29","A","KOMA","Koeleria macrantha","Prairie junegrass","Upper"
"10720_22_29","A","ELEL5","Elymus elymoides","Squirreltail","Upper"
"10720_22_29","A","PSSP6","Pseudoroegneria spicata","Bluebunch wheatgrass","Upper"
"10720_22_29","B","ARNO4","Artemisia nova","Black sagebrush","Upper"
"10720_22_29","B","ARAR8","Artemisia arbuscula","Little sagebrush","Upper"
"10720_22_29","B","ELEL5","Elymus elymoides","Squirreltail","Middle"
"10720_22_29","B","KOMA","Koeleria macrantha","Prairie junegrass","Middle"
"10720_28","A","ARNO4","Artemisia nova","Black sagebrush","Upper"
"10720_28","A","ARAR8","Artemisia arbuscula","Little sagebrush","Upper"
"10720_28","B","ARNO4","Artemisia nova","Black sagebrush","Upper"
"10720_28","B","ARAR8","Artemisia arbuscula","Little sagebrush","Mid-Upper"
"10720_28","B","ELEL5","Elymus elymoides","Squirreltail","Lower"
"10720_28","B","KOMA","Koeleria macrantha","Prairie junegrass","Lower"
"10740_25_26","A","LATR2","Larrea tridentata","Creosote bush","Upper"
"10740_25_26","A","FLCE","Flourensia cernua","American tarwort","Upper"
"10740_25_26","B","LATR2","Larrea tridentata","Creosote bush","Upper"
"10740_25_26","B","FLCE","Flourensia cernua","American tarwort","Upper"
"10740_25_26","B","AGLE","Agave lechuguilla","Lechuguilla","Upper"
"10740_25_26","B","KOSP","Koeberlinia spinosa","Crown of thorns","Upper"
"10750_25","A","SPAI","Sporobolus airoides","Alkali sacaton","All"
"10750_25","A","SPWR","Sphaeralcea wrightii","Wright's globemallow","All"
"10750_25","A","DISP","Distichlis spicata","Inland saltgrass","All"
"10750_25","B","SPAI","Sporobolus airoides","Alkali sacaton","Lower"
"10750_25","B","SPWR","Sphaeralcea wrightii","Wright's globemallow","Mid-Upper"
"10750_25","B","DISP","Distichlis spicata","Inland saltgrass","Lower"
"10750_25","B","PRPU","Prosopis pubescens","Screwbean mesquite","Upper"
"10750_25","C","SPAI","Sporobolus airoides","Alkali sacaton","Lower"
"10750_25","C","DISP","Distichlis spicata","Inland saltgrass","Lower"
"10750_25","C","PRPU","Prosopis pubescens","Screwbean mesquite","Mid-Upper"
"10750_25","C","PODEW","Populus deltoides ssp. wislizeni","Rio grande cottonwood","Upper"
"10750_26","A","ATCA2","Atriplex canescens","Fourwing saltbush","Upper"
"10750_26","B","ATCA2","Atriplex canescens","Fourwing saltbush","Upper"
"10750_26","C","ATCA2","Atriplex canescens","Fourwing saltbush","All"
"10760_25","A","PRGL2","Prosopis glandulosa","Honey mesquite","All"
"10760_25","A","ATCA2","Atriplex canescens","Fourwing saltbush","All"
"10760_25","B","PRGL2","Prosopis glandulosa","Honey mesquite","All"
"10760_25","B","ATCA2","Atriplex canescens","Fourwing saltbush","All"
"10760_26","A","PRGL2","Prosopis glandulosa","Honey mesquite","All"
"10760_26","A","ATCA2","Atriplex canescens","Fourwing saltbush","None"
"10760_26","A","POIN3","Poliomintha incana","Frosted mint","None"
"10770_15","A","AGLE","Agave lechuguilla","Lechuguilla","Upper"
"10770_15","A","FOSP2","Fouquieria splendens","Ocotillo","Upper"
"10770_15","B","AGLE","Agave lechuguilla","Lechuguilla","Mid-Upper"
"10770_15","B","FOSP2","Fouquieria splendens","Ocotillo","Upper"
"10770_15","B","OPIM","Opuntia imbricata","Tree cholla","Mid-Upper"
"10770_15","B","DASYL","Dasylirion","Sotol","Mid-Upper"
"10770_25_26","A","ARIST","Aristida","Threeawn","Middle"
"10770_25_26","A","BOCU","Bouteloua curtipendula","Sideoats grama","Middle"
"10770_25_26","A","FOSP2","Fouquieria splendens","Ocotillo","Upper"
"10770_25_26","A","AGLE","Agave lechuguilla","Lechuguilla","Middle"
"10770_25_26","B","BOCU","Bouteloua curtipendula","Sideoats grama","Middle"
"10770_25_26","B","BOER4","Bouteloua eriopoda","Black grama","Middle"
"10770_25_26","B","FOSP2","Fouquieria splendens","Ocotillo","Upper"
"10770_25_26","B","OPEN3","Opuntia engelmannii","Cactus apple","Mid-Upper"
"10780_15","A","GUSA2","Gutierrezia sarothrae","Broom snakeweed","Upper"
"10780_15","A","MESP2","Menodora spinescens","Spiny menodora","Upper"
"10780_15","A","EPNE","Ephedra nevadensis","Nevada jointfir","Upper"
"10780_15","A","ACHY","Achnatherum hymenoides","Indian ricegrass","Upper"
"10780_15","B","CORA","Coleogyne ramosissima","Blackbrush","Upper"
"10780_15","B","EPNE","Ephedra nevadensis","Nevada jointfir","Upper"
"10780_15","B","YUSC2","Yucca schidigera","Mojave yucca","Upper"
"10780_15","B","JUOS","Juniperus osteosperma","Utah juniper","Upper"
"10780_16_23_24_25","A","CORA","Coleogyne ramosissima","Blackbrush","Upper"
"10780_16_23_24_25","A","EPVI","Ephedra viridis","Mormon tea","None"
"10780_16_23_24_25","A","EPTO","Ephedra torreyana","Torrey's jointfir","None"
"10780_16_23_24_25","A","GRSP","Grayia spinosa","Spiny hopsage","None"
"10780_16_23_24_25","B","CORA","Coleogyne ramosissima","Blackbrush","Upper"
"10780_16_23_24_25","B","EPVI","Ephedra viridis","Mormon tea","Upper"
"10780_16_23_24_25","B","EPTO","Ephedra torreyana","Torrey's jointfir","Upper"
"10780_16_23_24_25","B","GRSP","Grayia spinosa","Spiny hopsage","Upper"
"10780_16_23_24_25","C","CORA","Coleogyne ramosissima","Blackbrush","None"
"10780_16_23_24_25","C","EPVI","Ephedra viridis","Mormon tea","None"
"10780_16_23_24_25","C","EPTO","Ephedra torreyana","Torrey's jointfir","None"
"10780_16_23_24_25","C","GRSP","Grayia spinosa","Spiny hopsage","None"
"10790_13","A","ACTH7","Achnatherum thurberianum","Thurber’s needlegrass","Middle"
"10790_13","A","POSE","Poa secunda","Sandberg bluegrass","Low-Mid"
"10790_13","A","ACHY","Achnatherum hymenoides","Indian ricegrass","Middle"
"10790_13","B","ARNO4","Artemisia nova","Black sagebrush","Upper"
"10790_13","B","POSE","Poa secunda","Sandberg bluegrass","Lower"
"10790_13","B","ACHY","Achnatherum hymenoides","Indian ricegrass","Mid-Upper"
"10790_13","C","ARNO4","Artemisia nova","Black sagebrush","Upper"
"10790_13","C","JUOS","Juniperus osteosperma","Utah juniper","Upper"
"10790_13","C","POSE","Poa secunda","Sandberg bluegrass","Mid-Upper"
"10790_13","C","ACHY","Achnatherum hymenoides","Indian ricegrass","Mid-Upper"
"10790_13","D","JUOS","Juniperus osteosperma","Utah juniper","Upper"
"10790_13","D","PIMO","Pinus monophylla","Singleleaf pinyon","Upper"
"10790_13","D","ARNO4","Artemisia nova","Black sagebrush","Middle"
"10790_13","D","ACHY","Achnatherum hymenoides","Indian ricegrass","Lower"
"10790_6_9_10_12_16_17_18","A","PSSP6","Pseudoroegneria spicata","Bluebunch wheatgrass","Middle"
"10790_6_9_10_12_16_17_18","A","POSE","Poa secunda","Sandberg bluegrass","Low-Mid"
"10790_6_9_10_12_16_17_18","A","ACHY","Achnatherum hymenoides","Indian ricegrass","Middle"
"10790_6_9_10_12_16_17_18","A","ACTH7","Achnatherum thurberianum","Thurber’s needlegrass","Middle"
"10790_6_9_10_12_16_17_18","B","ARNO4","Artemisia nova","Black sagebrush","Upper"
"10790_6_9_10_12_16_17_18","B","POSE","Poa secunda","Sandberg bluegrass","Lower"
"10790_6_9_10_12_16_17_18","B","ACHY","Achnatherum hymenoides","Indian ricegrass","Mid-Upper"
"10790_6_9_10_12_16_17_18","B","PSSP6","Pseudoroegneria spicata","Bluebunch wheatgrass","Mid-Upper"
"10790_6_9_10_12_16_17_18","C","ARNO4","Artemisia nova","Black sagebrush","Upper"
"10790_6_9_10_12_16_17_18","C","JUOS","Juniperus osteosperma","Utah juniper","Upper"
"10790_6_9_10_12_16_17_18","C","PSSP6","Pseudoroegneria spicata","Bluebunch wheatgrass","Mid-Upper"
"10790_6_9_10_12_16_17_18","C","ACHY","Achnatherum hymenoides","Indian ricegrass","Mid-Upper"
"10790_6_9_10_12_16_17_18","D","JUOS","Juniperus osteosperma","Utah juniper","Upper"
"10790_6_9_10_12_16_17_18","D","PIMO","Pinus monophylla","Singleleaf pinyon","Upper"
"10790_6_9_10_12_16_17_18","D","ARNO4","Artemisia nova","Black sagebrush","Middle"
"10790_6_9_10_12_16_17_18","D","ACHY","Achnatherum hymenoides","Indian ricegrass","Lower"
"10800_1_7_8_9","A","POSE","Poa secunda","Sandberg bluegrass","Low-Mid"
"10800_1_7_8_9","A","HECO26","Hesperostipa comata","Needle and thread","Upper"
"10800_1_7_8_9","A","AMSIN","Amsinckia","Fiddleneck","Middle"
"10800_1_7_8_9","A","EPILO","Epilobium","Willowherb","Middle"
"10800_1_7_8_9","B","POSE","Poa secunda","Sandberg bluegrass","Low-Mid"
"10800_1_7_8_9","B","ARTRW8","Artemisia tridentata ssp. wyomingensis","Wyoming big sagebrush","Upper"
"10800_1_7_8_9","B","GRSP","Grayia spinosa","Spiny hopsage","Mid-Upper"
"10800_1_7_8_9","B","HECO26","Hesperostipa comata","Needle and thread","Upper"
"10800_1_7_8_9","C","ARTRW8","Artemisia tridentata ssp. wyomingensis","Wyoming big sagebrush","Upper"
"10800_1_7_8_9","C","GRSP","Grayia spinosa","Spiny hopsage","Upper"
"10800_1_7_8_9","C","POSE","Poa secunda","Sandberg bluegrass","Lower"
"10800_1_7_8_9","C","HECO26","Hesperostipa comata","Needle and thread","Mid-Upper"
"10800_10_19","A","LECI4","Leymus cinereus","Basin wildrye","Upper"
"10800_10_19","A","ELTR7","Elymus trachycaulus","Slender wheatgrass","Upper"
"10800_10_19","A","HECO26","Hesperostipa comata","Needle and thread","Upper"
"10800_10_19","A","PSSP6","Pseudoroegneria spicata","Bluebunch wheatgrass","Upper"
"10800_10_19","B","ARTRT","Artemisia tridentata ssp. tridentata","Basin big sagebrush","Upper"
"10800_10_19","B","ARTRW8","Artemisia tridentata ssp. wyomingensis","Wyoming big sagebrush","Upper"
"10800_10_19","B","PSSP6","Pseudoroegneria spicata","Bluebunch wheatgrass","Lower"
"10800_10_19","B","LECI4","Leymus cinereus","Basin wildrye","Lower"
"10800_10_19","C","ARTRT","Artemisia tridentata ssp. tridentata","Basin big sagebrush","Upper"
"10800_10_19","C","POSE","Poa secunda","Sandberg bluegrass","Lower"
"10800_10_19","C","ARTRW8","Artemisia tridentata ssp. wyomingensis","Wyoming big sagebrush","Upper"
"10800_10_19","C","PSSP6","Pseudoroegneria spicata","Bluebunch wheatgrass","Lower"
"10800_13_14","A","ACHY","Achnatherum hymenoides","Indian ricegrass","Upper"
"10800_13_14","A","HECOC8","Hesperostipa comata ssp. comata","Needle and thread","Upper"
"10800_13_14","A","CHVI8","Chrysothamnus viscidiflorus","Yellow rabbitbrush","Upper"
"10800_13_14","A","ARTR2","Artemisia tridentata","Big sagebrush","Upper"
"10800_13_14","B","ARTR2","Artemisia tridentata","Big sagebrush","Upper"
"10800_13_14","B","ACHY","Achnatherum hymenoides","Indian ricegrass","Lower"
"10800_13_14","B","CHVI8","Chrysothamnus viscidiflorus","Yellow rabbitbrush","Mid-Upper"
"10800_13_14","B","HECO26","Hesperostipa comata","Needle and thread","Lower"
"10800_13_14","C","ARTR2","Artemisia tridentata","Big sagebrush","Upper"
"10800_13_14","C","CHVI8","Chrysothamnus viscidiflorus","Yellow rabbitbrush","Mid-Upper"
"10800_13_14","C","ELEL5","Elymus elymoides","Squirreltail","Lower"
"10800_13_14","C","HECO26","Hesperostipa comata","Needle and thread","Lower"
"10800_13_14","D","JUNIP","Juniperus","Juniper","Upper"
"10800_13_14","D","PIMO","Pinus monophylla","Singleleaf pinyon","Upper"
"10800_13_14","D","ARTR2","Artemisia tridentata","Big sagebrush","Mid-Upper"
"10800_13_14","D","HECO26","Hesperostipa comata","Needle and thread","None"
"10800_13_14","E","JUNIP","Juniperus","Juniper","Upper"
"10800_13_14","E","PIMO","Pinus monophylla","Singleleaf pinyon","Upper"
"10800_13_14","E","SYOR","Symphoricarpos orbiculatus","Coralberry","Lower"
"10800_13_14","E","HECO26","Hesperostipa comata","Needle and thread","Lower"
"10801_21_22_28","A","LECI4","Leymus cinereus","Basin wildrye","Upper"
"10801_21_22_28","A","ELTR7","Elymus trachycaulus","Slender wheatgrass","Mid-Upper"
"10801_21_22_28","A","PSSP6","Pseudoroegneria spicata","Bluebunch wheatgrass","Mid-Upper"
"10801_21_22_28","A","SPAI","Sporobolus airoides","Alkali sacaton","Mid-Upper"
"10801_21_22_28","B","ARTRT","Artemisia tridentata ssp. tridentata","Basin big sagebrush","Upper"
"10801_21_22_28","B","ELTR7","Elymus trachycaulus","Slender wheatgrass","Low-Mid"
"10801_21_22_28","B","LECI4","Leymus cinereus","Basin wildrye","Low-Mid"
"10801_21_22_28","B","PSSP6","Pseudoroegneria spicata","Bluebunch wheatgrass","Low-Mid"
"10801_21_22_28","C","ARTRT","Artemisia tridentata ssp. tridentata","Basin big sagebrush","Upper"
"10801_21_22_28","C","PSSP6","Pseudoroegneria spicata","Bluebunch wheatgrass","Lower"
"10801_21_22_28","C","ELTR7","Elymus trachycaulus","Slender wheatgrass","Lower"
"10801_21_22_28","C","LECI4","Leymus cinereus","Basin wildrye","Lower"
"10802_21_22_28","A","PSSP6","Pseudoroegneria spicata","Bluebunch wheatgrass","Upper"
"10802_21_22_28","A","ACHY","Achnatherum hymenoides","Indian ricegrass","Upper"
"10802_21_22_28","A","PASM","Pascopyrum smithii","Western wheatgrass","Upper"
"10802_21_22_28","A","HECO26","Hesperostipa comata","Needle and thread","Middle"
"10802_21_22_28","B","ARTRW8","Artemisia tridentata ssp. wyomingensis","Wyoming big sagebrush","Upper"
"10802_21_22_28","B","ACHY","Achnatherum hymenoides","Indian ricegrass","Middle"
"10802_21_22_28","B","PASM","Pascopyrum smithii","Western wheatgrass","Middle"
"10802_21_22_28","B","HECO26","Hesperostipa comata","Needle and thread","Lower"
"10802_21_22_28","C","ARTRW8","Artemisia tridentata ssp. wyomingensis","Wyoming big sagebrush","Upper"
"10802_21_22_28","C","ACHY","Achnatherum hymenoides","Indian ricegrass","Middle"
"10802_21_22_28","C","PASM","Pascopyrum smithii","Western wheatgrass","Middle"
"10802_21_22_28","C","PSSP6","Pseudoroegneria spicata","Bluebunch wheatgrass","Lower"
"10803_6_12_15_16_17_18_23_24_25","A","ACHY","Achnatherum hymenoides","Indian ricegrass","Upper"
"10803_6_12_15_16_17_18_23_24_25","A","HECO26","Hesperostipa comata","Needle and thread","Upper"
"10803_6_12_15_16_17_18_23_24_25","A","CHVI8","Chrysothamnus viscidiflorus","Yellow rabbitbrush","Upper"
"10803_6_12_15_16_17_18_23_24_25","A","ARTRW8","Artemisia tridentata ssp. Wyomingensis","Wyoming big sagebrush","Mid-Upper"
"10803_6_12_15_16_17_18_23_24_25","B","ARTRW8","Artemisia tridentata ssp. Wyomingensis","Wyoming big sagebrush","Upper"
"10803_6_12_15_16_17_18_23_24_25","B","ACHY","Achnatherum hymenoides","Indian ricegrass","Lower"
"10803_6_12_15_16_17_18_23_24_25","B","GRSP","Grayia spinosa","Spiny hopsage","Mid-Upper"
"10803_6_12_15_16_17_18_23_24_25","B","HECO26","Hesperostipa comata","Needle and thread","Lower"
"10803_6_12_15_16_17_18_23_24_25","C","ARTRW8","Artemisia tridentata ssp. Wyomingensis","Wyoming big sagebrush","Upper"
"10803_6_12_15_16_17_18_23_24_25","C","GRSP","Grayia spinosa","Spiny hopsage","Upper"
"10803_6_12_15_16_17_18_23_24_25","C","ACHY","Achnatherum hymenoides","Indian ricegrass","Lower"
"10803_6_12_15_16_17_18_23_24_25","C","ACTH7","Achnatherum thurberianum","Thurber needlegrass","Lower"
"10804_6_12_15_16_17_18_23_24_25","A","ACHY","Achnatherum hymenoides","Indian ricegrass","Upper"
"10804_6_12_15_16_17_18_23_24_25","A","HECO26","Hesperostipa comata","Needle and thread","Upper"
"10804_6_12_15_16_17_18_23_24_25","A","POSE","Poa secunda","Sandberg Bluegrass","Upper"
"10804_6_12_15_16_17_18_23_24_25","A","PSSP6","Pseudoroegneria spicata","Bluebunch wheatgrass","Upper"
"10804_6_12_15_16_17_18_23_24_25","B","ARTRW8","Artemisia tridentata ssp. Wyomingensis","Wyoming big sagebrush","Upper"
"10804_6_12_15_16_17_18_23_24_25","B","ACHY","Achnatherum hymenoides","Indian ricegrass","Lower"
"10804_6_12_15_16_17_18_23_24_25","B","CHVI8","Chrysothamnus viscidiflorus","Yellow rabbitbrush","Mid-Upper"
"10804_6_12_15_16_17_18_23_24_25","B","HECO26","Hesperostipa comata","Needle and thread","Lower"
"10804_6_12_15_16_17_18_23_24_25","C","ARTRW8","Artemisia tridentata ssp. Wyomingensis","Wyoming big sagebrush","Upper"
"10804_6_12_15_16_17_18_23_24_25","C","CHVI8","Chrysothamnus viscidiflorus","Yellow rabbitbrush","Mid-Upper"
"10804_6_12_15_16_17_18_23_24_25","C","ELEL5","Elymus elymoides","Squirreltail","Lower"
"10804_6_12_15_16_17_18_23_24_25","C","HECO26","Hesperostipa comata","Needle and thread","Lower"
"10804_6_12_15_16_17_18_23_24_25","D","JUNIP","Juniperus","Juniper","Upper"
"10804_6_12_15_16_17_18_23_24_25","D","PIMO","Pinus monophylla","Singleleaf pinyon","Upper"
"10804_6_12_15_16_17_18_23_24_25","D","ARTRW8","Artemisia tridentata ssp. wyomingensis","Wyoming big sagebrush","Mid-Upper"
"10804_6_12_15_16_17_18_23_24_25","D","HECO26","Hesperostipa comata","Needle and thread","None"
"10804_6_12_15_16_17_18_23_24_25","E","JUNIP","Juniperus","Juniper","Upper"
"10804_6_12_15_16_17_18_23_24_25","E","PIMO","Pinus monophylla","Singleleaf pinyon","Upper"
"10804_6_12_15_16_17_18_23_24_25","E","SYOR","Symphoricarpos orbiculatus","Coralberry","Lower"
"10804_6_12_15_16_17_18_23_24_25","E","POSE","Poa secunda","sandberg bluegrass","Lower"
"10810_15_16_23_24_28","A","ATCO","Atriplex confertifolia","Shadscale saltbush","Upper"
"10810_15_16_23_24_28","B","ATCO","Atriplex confertifolia","Shadscale saltbush","Upper"
"10810_15_16_23_24_28","C","ATCO","Atriplex confertifolia","Shadscale saltbush","All"
"10810_18_19_21","A","ACHY","Achnatherum hymenoides","Indian ricegrass","Upper"
"10810_18_19_21","A","ATCO","Atriplex confertifolia","Shadscale saltbush","Upper"
"10810_18_19_21","A","KRLA2","Krascheninnikovia lanata","Winterfat","Lower"
"10810_18_19_21","A","ELEL5","Elymus elymoides","Squirreltail","Low-Mid"
"10810_18_19_21","B","KRLA2","Krascheninnikovia lanata","Winterfat","Lower"
"10810_18_19_21","B","ATCO","Atriplex confertifolia","Shadscale saltbush","Upper"
"10810_18_19_21","B","ELEL5","Elymus elymoides","Squirreltail","Lower"
"10810_18_19_21","B","PIDE4","Picrothamnus desertorum","Bud sagebrush","Low-Mid"
"10810_22","A","PASM","Pascopyrum smithii","Western wheatgrass","Lower"
"10810_22","A","ACHY","Achnatherum hymenoides","Indian ricegrass","Lower"
"10810_22","A","ATCO","Atriplex confertifolia","Shadscale saltbush","Upper"
"10810_22","B","ATCO","Atriplex confertifolia","Shadscale saltbush","Upper"
"10810_22","B","ACHY","Achnatherum hymenoides","Indian ricegrass","Lower"
"10810_22","B","PASM","Pascopyrum smithii","Western wheatgrass","Lower"
"10810_27_33","A","ATCA2","Atriplex canescens","Fourwing saltbush","Upper"
"10810_27_33","A","ATCO","Atriplex confertifolia","Shadscale saltbush","Upper"
"10810_27_33","B","ATCA2","Atriplex canescens","Fourwing saltbush","Upper"
"10810_27_33","B","ATCO","Atriplex confertifolia","Shadscale saltbush","Upper"
"10810_27_33","C","ATCA2","Atriplex canescens","Fourwing saltbush","All"
"10810_27_33","C","ATCO","Atriplex confertifolia","Shadscale saltbush","All"
"10810_6_12_13_17","A","ACHY","Achnatherum hymenoides","Indian ricegrass","Upper"
"10810_6_12_13_17","A","ATCO","Atriplex confertifolia","Shadscale saltbush","Upper"
"10810_6_12_13_17","A","KRLA2","Krascheninnikovia lanata","Winterfat","Lower"
"10810_6_12_13_17","A","ELEL5","Elymus elymoides","Squirreltail","Low-Mid"
"10810_6_12_13_17","B","KRLA2","Krascheninnikovia lanata","Winterfat","Lower"
"10810_6_12_13_17","B","ATCO","Atriplex confertifolia","Shadscale saltbush","Upper"
"10810_6_12_13_17","B","ELEL5","Elymus elymoides","Squirreltail","Lower"
"10810_6_12_13_17","B","PIDE4","Picrothamnus desertorum","Bud sagebrush","Low-Mid"
"10810_6_12_13_17","C","PIDE4","Picrothamnus desertorum","Bud sagebrush","Upper"
"10810_6_12_13_17","C","KRLA2","Krascheninnikovia lanata","Winterfat","Upper"
"10810_6_12_13_17","C","ELEL5","Elymus elymoides","Squirreltail","Middle"
"10810_6_12_13_17","C","ATCO","Atriplex confertifolia","Shadscale saltbush","Lower"
"10810_7_8_9","A","POSE","Poa secunda","Sandberg bluegrass","Mid-Upper"
"10810_7_8_9","A","ELEL5","Elymus elymoides","Squirreltail","Upper"
"10810_7_8_9","A","ACHY","Achnatherum hymenoides","Indian ricegrass","Upper"
"10810_7_8_9","A","ATRIP","Atriplex","Saltbush","Mid-Upper"
"10810_7_8_9","B","ATRIP","Atriplex","Saltbush","Upper"
"10810_7_8_9","B","SARCO","Sarcobatus","Greasewood","Upper"
"10810_7_8_9","B","POSE","Poa secunda","Sandberg bluegrass","Low-Mid"
"10810_7_8_9","B","ELEL5","Elymus elymoides","Squirreltail","Low-Mid"
"10810_7_8_9","C","ATRIP","Atriplex","Saltbush","Upper"
"10810_7_8_9","C","POSE","Poa secunda","Sandberg bluegrass","Low-Mid"
"10810_7_8_9","C","ELEL5","Elymus elymoides","Squirreltail","Low-Mid"
"10810_7_8_9","C","ACHY","Achnatherum hymenoides","Indian ricegrass","Middle"
"10820_12_15_16_17_23_24","A","GUSA2","Gutierrezia sarothrae","Broom snakeweed","Upper"
"10820_12_15_16_17_23_24","A","MESP2","Menodora spinescens","Spiny menodora","Upper"
"10820_12_15_16_17_23_24","A","EPNE","Ephedra nevadensis","Nevada jointfir","Upper"
"10820_12_15_16_17_23_24","A","TETRA3","Tetradymia","Horsebrush","Upper"
"10820_12_15_16_17_23_24","B","CORA","Coleogyne ramosissima","Blackbrush","Upper"
"10820_12_15_16_17_23_24","B","EPNE","Ephedra nevadensis","Nevada jointfir","Upper"
"10820_12_15_16_17_23_24","B","YUSC2","Yucca schidigera","Mojave yucca","Upper"
"10820_12_15_16_17_23_24","B","LATR2","Larrea tridentata","Creosote bush","Upper"
"10820_14","A","GUSA2","Gutierrezia sarothrae","Broom snakeweed","Upper"
"10820_14","A","MESP2","Menodora spinescens","Spiny menodora","Upper"
"10820_14","A","EPNE","Ephedra nevadensis","Nevada jointfir","Upper"
"10820_14","A","TETRA3","Tetradymia","Horsebrush","Upper"
"10820_14","B","CORA","Coleogyne ramosissima","Blackbrush","Upper"
"10820_14","B","EPNE","Ephedra nevadensis","Nevada jointfir","Upper"
"10820_14","B","YUSC2","Yucca schidigera","Mojave yucca","Upper"
"10820_14","B","LATR2","Larrea tridentata","Creosote bush","Upper"
"10820_4_13","A","GUSA2","Gutierrezia sarothrae","Broom snakeweed","Upper"
"10820_4_13","A","MESP2","Menodora spinescens","Spiny menodora","Upper"
"10820_4_13","A","EPNE","Ephedra nevadensis","Nevada jointfir","Upper"
"10820_4_13","A","TETRA3","Tetradymia","Horsebrush","Upper"
"10820_4_13","B","CORA","Coleogyne ramosissima","Blackbrush","Upper"
"10820_4_13","B","EPNE","Ephedra nevadensis","Nevada jointfir","Upper"
"10820_4_13","B","YUSC2","Yucca schidigera","Mojave yucca","Upper"
"10820_4_13","B","LATR2","Larrea tridentata","Creosote bush","Upper"
"10820_6","A","GUSA2","Gutierrezia sarothrae","Broom snakeweed","Upper"
"10820_6","A","MESP2","Menodora spinescens","Spiny menodora","Upper"
"10820_6","A","EPNE","Ephedra nevadensis","Nevada jointfir","Upper"
"10820_6","A","TETRA3","Tetradymia","Horsebrush","Upper"
"10820_6","B","CORA","Coleogyne ramosissima","Blackbrush","Upper"
"10820_6","B","EPNE","Ephedra nevadensis","Nevada jointfir","Upper"
"10820_6","B","YUSC2","Yucca schidigera","Mojave yucca","Upper"
"10820_6","B","LATR2","Larrea tridentata","Creosote bush","Upper"
"10830_1","A","ALVIS","Alnus viridis ssp. sinuata","Sitka alder","Upper"
"10830_1","A","ACCI","Acer circinatum","Vine maple","None"
"10830_1","B","ALVIS","Alnus viridis ssp. sinuata","Sitka alder","Upper"
"10830_1","B","ACCI","Acer circinatum","Vine maple","Upper"
"10830_1","B","ABLA","Abies lasiocarpa","Subalpine fir","Upper"
"10830_1","B","CHNO","Chamaecyparis nootkatensis","Alaska cedar","Upper"
"10840_1","A","ACCI","Acer circinatum","Vine maple","Upper"
"10840_1","A","RUPA","Rubus parviflorus","Thimbleberry","Mid-Upper"
"10840_1","A","VAME","Vaccinium membranaceum","Thinleaf huckleberry","Mid-Upper"
"10840_1","A","XETE","Xerophyllum tenax","Common beargrass","Low-Mid"
"10850_20","A","SCSC","Schizachyrium scoparium","Little bluestem","Upper"
"10850_20","A","CAFI","Carex filifolia","Threadleaf sedge","Upper"
"10850_20","A","PASM","Pascopyrum smithii","Western wheatgrass","Upper"
"10850_20","A","STIPA","Stipa","Stipa","Upper"
"10850_20","B","SYOC","Symphoricarpos occidentalis","Western snowberry","Upper"
"10850_20","B","JUHO2","Juniperus horizontalis","Creeping juniper","Upper"
"10850_20","B","PASM","Pascopyrum smithii","Western wheatgrass","Lower"
"10850_20","B","STIPA","Stipa","Stipa","Lower"
"10850_20","C","SYOC","Symphoricarpos occidentalis","Western snowberry","Upper"
"10850_20","C","JUHO2","Juniperus horizontalis","Creeping juniper","Upper"
"10850_20","C","SHAR","Shepherdia argentea","Silver buffaloberry","Upper"
"10850_20","C","SCSC","Schizachyrium scoparium","Little bluestem","Lower"
"10850_29_30","A","SCSC","Schizachyrium scoparium","Little bluestem","Upper"
"10850_29_30","A","CAFI","Carex filifolia","Threadleaf sedge","Upper"
"10850_29_30","A","PASM","Pascopyrum smithii","Western wheatgrass","Upper"
"10850_29_30","A","STIPA","Stipa","Stipa","Upper"
"10850_29_30","B","SYOC","Symphoricarpos occidentalis","Western snowberry","Upper"
"10850_29_30","B","JUHO2","Juniperus horizontalis","Creeping juniper","Upper"
"10850_29_30","B","PASM","Pascopyrum smithii","Western wheatgrass","Lower"
"10850_29_30","B","STIPA","Stipa","Stipa","Lower"
"10850_29_30","C","SYOC","Symphoricarpos occidentalis","Western snowberry","Upper"
"10850_29_30","C","JUHO2","Juniperus horizontalis","Creeping juniper","Upper"
"10850_29_30","C","SHAR","Shepherdia argentea","Silver buffaloberry","Upper"
"10850_29_30","C","SCSC","Schizachyrium scoparium","Little bluestem","Lower"
"10860_13_16_17_18_21_23","A","SYMPH","Symphoricarpos","Snowberry","Upper"
"10860_13_16_17_18_21_23","A","AMELA","Amelanchier","Serviceberry","Upper"
"10860_13_16_17_18_21_23","A","PRUNU","Prunus","Plum","Upper"
"10860_13_16_17_18_21_23","A","HOLOD","Holodiscus","Oceanspray","Upper"
"10860_13_16_17_18_21_23","B","SYMPH","Symphoricarpos","Snowberry","Upper"
"10860_13_16_17_18_21_23","B","AMELA","Amelanchier","Serviceberry","Upper"
"10860_13_16_17_18_21_23","B","HOLOD","Holodiscus","Oceanspray","Upper"
"10860_13_16_17_18_21_23","B","PRUNU","Prunus","Plum","Upper"
"10860_13_16_17_18_21_23","C","SYMPH","Symphoricarpos","Snowberry","Upper"
"10860_13_16_17_18_21_23","C","AMELA","Amelanchier","Serviceberry","Upper"
"10860_13_16_17_18_21_23","C","PRUNU","Prunus","Plum","Upper"
"10860_13_16_17_18_21_23","C","HOLOD","Holodiscus","Oceanspray","Upper"
"10860_13_16_17_18_21_23","D","JUNIP","Juniperus","Juniper","Upper"
"10860_13_16_17_18_21_23","D","PIFL2","Pinus flexilis","Limber pine","Upper"
"10860_13_16_17_18_21_23","D","ARTR2","Artemisia tridentata","Big sagebrush","Middle"
"10860_13_16_17_18_21_23","D","HOLOD","Holodiscus","Oceanspray","Middle"
"10860_25","A","BOGR2","Bouteloua gracilis","Blue grama","Upper"
"10860_25","A","MUMO","Muhlenbergia montana","Mountain muhly","Upper"
"10860_25","B","CEMO2","Cercocarpus montanus","Alderleaf mountain mahogany","Upper"
"10860_25","B","CHRYS9","Chrysothamnus","Rabbitbrush","Upper"
"10860_25","B","BOGR2","Bouteloua gracilis","Blue grama","Lower"
"10860_25","B","MUMO","Muhlenbergia montana","Mountain muhly","Lower"
"10860_25","C","BOGR2","Bouteloua gracilis","Blue grama","Lower"
"10860_25","C","MUMO","Muhlenbergia montana","Mountain muhly","Lower"
"10860_25","C","CEMO","Centaurea montana","Perennial cornflower","Upper"
"10860_25","C","CHRYS9","Chrysothamnus","Rabbitbrush","Upper"
"10860_25","D","BOGR2","Bouteloua gracilis","Blue grama","Lower"
"10860_25","D","CEMO","Centaurea montana","Perennial cornflower","Upper"
"10860_25","D","MUMO","Muhlenbergia montana","Mountain muhly","Lower"
"10860_25","D","CHRYS9","Chrysothamnus","Rabbitbrush","Upper"
"10860_25","E","CEMO2","Cercocarpus montanus","Alderleaf mountain mahogany","Upper"
"10860_25","E","CHRYS9","Chrysothamnus","Rabbitbrush","Upper"
"10860_25","E","SYMPH","Symphoricarpos","Snowberry","Mid-Upper"
"10860_25","E","BOGR2","Bouteloua gracilis","Blue grama","Lower"
"10860_26","A","QUGA","Quercus gambelii","Gambel oak","Upper"
"10860_26","A","QUGR","Quercus graciliformis","Chisos oak","Upper"
"10860_26","A","CEMO2","Cercocarpus montanus","Alderleaf mountain mahogany","Upper"
"10860_26","A","SYOR2","Symphoricarpos oreophilus","Mountain snowberry","None"
"10860_26","B","QUGA","Quercus gambelii","Gambel oak","Upper"
"10860_26","B","QUGR","Quercus graciliformis","Chisos oak","Upper"
"10860_26","B","CEMO2","Cercocarpus montanus","Alderleaf mountain mahogany","Middle"
"10860_26","B","SYOR2","Symphoricarpos oreophilus","Mountain snowberry","Middle"
"10860_27_31_33","A","BOGR2","Bouteloua gracilis","Blue grama","Middle"
"10860_27_31_33","A","MUMO","Muhlenbergia montana","Mountain muhly","Middle"
"10860_27_31_33","A","CEMO2","Cercocarpus montanus","Alderleaf mountain mahogany","Upper"
"10860_27_31_33","A","BOCU","Bouteloua curtipendula","Sideoats grama","Low-Mid"
"10860_27_31_33","B","CEMO2","Cercocarpus montanus","Alderleaf mountain mahogany","Upper"
"10860_27_31_33","B","BOGR2","Bouteloua gracilis","Blue grama","Upper"
"10860_27_31_33","B","MUMO","Muhlenbergia montana","Mountain muhly","Lower"
"10860_27_31_33","C","BOGR2","Bouteloua gracilis","Blue grama","Lower"
"10860_27_31_33","C","MUMO","Muhlenbergia montana","Mountain muhly","Lower"
"10860_27_31_33","C","CEMO2","Cercocarpus montanus","Alderleaf mountain mahogany","Upper"
"10860_27_31_33","C","ANGE","Andropogon gerardii","Big bluestem","Upper"
"10860_28","A","BOGR2","Bouteloua gracilis","Blue grama","Upper"
"10860_28","A","MUMO","Muhlenbergia montana","Mountain muhly","Upper"
"10860_28","B","CEMO2","Cercocarpus montanus","Alderleaf mountain-mahogany","Upper"
"10860_28","B","CHRYS9","Chrysothamnus","Rabbitbrush","Upper"
"10860_28","B","BOGR2","Bouteloua gracilis","Blue grama","Lower"
"10860_28","B","MUMO","Muhlenbergia montana","Mountain muhly","Lower"
"10860_28","C","BOGR2","Bouteloua gracilis","Blue grama","Lower"
"10860_28","C","MUMO","Muhlenbergia montana","Mountain muhly","Lower"
"10860_28","C","CEMO","Centaurea montana","Perennial cornflower","Upper"
"10860_28","C","CHRYS9","Chrysothamnus","Rabbitbrush","Upper"
"10860_28","D","BOGR2","Bouteloua gracilis","Blue grama","Lower"
"10860_28","D","CEMO","Centaurea montana","Perennial cornflower","Upper"
"10860_28","D","MUMO","Muhlenbergia montana","Mountain muhly","Lower"
"10860_28","D","CHRYS9","Chrysothamnus","Rabbitbrush","Upper"
"10860_28","E","CEMO2","Cercocarpus montanus","Alderleaf mountain-mahogany","Upper"
"10860_28","E","CHRYS9","Chrysothamnus","Rabbitbrush","Upper"
"10860_28","E","SYMPH","Symphoricarpos","Snowberry","Mid-Upper"
"10860_28","E","BOGR2","Bouteloua gracilis","Blue grama","Lower"
"10860_29","A","CEMO2","Cercocarpus montanus","Alderleaf mountain-mahogany","Upper"
"10860_29","A","PSSP6","Pseudoroegneria spicata","Bluebunch wheatgrass","Upper"
"10860_29","B","CEMO2","Cercocarpus montanus","Alderleaf mountain-mahogany","Upper"
"10860_29","B","PSSP6","Pseudoroegneria spicata","Bluebunch wheatgrass","Upper"
"10860_29","C","CEMO2","Cercocarpus montanus","Alderleaf mountain-mahogany","Upper"
"10860_29","C","PSSP6","Pseudoroegneria spicata","Bluebunch wheatgrass","Upper"
"10861_22","A","NAVI","Navarretia viscidula","Sticky pincushionplant","Upper"
"10861_22","A","SYOR2","Symphoricarpos oreophilus","Mountain snowberry","Upper"
"10861_22","A","LUAR3","Lupinus argenteus","Silvery lupine","Upper"
"10861_22","A","LEKI2","Leucopoa kingii","Spike fescue","Lower"
"10861_22","B","SYMPH","Symphoricarpos","Snowberry","Upper"
"10861_22","B","AMELA","Amelanchier","Serviceberry","Upper"
"10861_22","B","LEKI2","Leucopoa kingii","Spike fescue","Lower"
"10861_22","B","PRVI","Prunus virginiana","Chokecherry","Upper"
"10861_22","C","SYMPH","Symphoricarpos","Snowberry","Upper"
"10861_22","C","AMELA","Amelanchier","Serviceberry","Upper"
"10861_22","C","PRVI","Prunus virginiana","Chokecherry","Upper"
"10861_22","C","LEKI2","Leucopoa kingii","Spike fescue","Upper"
"10862_22","A","CEMO2","Cercocarpus montanus","Alderleaf mountain mahogany","Upper"
"10862_22","A","PSSP6","Pseudoroegneria spicata","Bluebunch wheatgrass","Upper"
"10862_22","B","CEMO2","Cercocarpus montanus","Alderleaf mountain mahogany","Upper"
"10862_22","B","PSSP6","Pseudoroegneria spicata","Bluebunch wheatgrass","Upper"
"10862_22","C","CEMO2","Cercocarpus montanus","Alderleaf mountain mahogany","Upper"
"10862_22","C","PSSP6","Pseudoroegneria spicata","Bluebunch wheatgrass","Upper"
"10870_4_6_12_13_14_15_17_24_25","A","ARIST","Aristida","Threeawn","Lower"
"10870_4_6_12_13_14_15_17_24_25","A","AMDU2","Ambrosia dumosa","Burrobush","Low-Mid"
"10870_4_6_12_13_14_15_17_24_25","A","LATR2","Larrea tridentata","Creosote bush","Upper"
"10870_4_6_12_13_14_15_17_24_25","A","HYSA","Hymenoclea salsola","Burrobrush","Low-Mid"
"10870_4_6_12_13_14_15_17_24_25","B","LATR2","Larrea tridentata","Creosote bush","Upper"
"10870_4_6_12_13_14_15_17_24_25","B","AMDU2","Ambrosia dumosa","Burrobush","Low-Mid"
"10870_4_6_12_13_14_15_17_24_25","B","EPHED","Ephedra","Jointfir","Low-Mid"
"10870_4_6_12_13_14_15_17_24_25","B","LYCIU","Lycium","Desert-thorn","Low-Mid"
"10880_12_13_14_25","A","ATSP","Atriplex spinifera","Spinescale saltbush","Upper"
"10880_12_13_14_25","A","ATCO","Atriplex confertifolia","Shadscale saltbush","Upper"
"10880_12_13_14_25","A","ALOC2","Allenrolfea occidentalis","Iodinebush","Upper"
"10880_12_13_14_25","B","ATSP","Atriplex spinifera","Spinescale saltbush","Upper"
"10880_12_13_14_25","B","ATCO","Atriplex confertifolia","Shadscale saltbush","Upper"
"10880_12_13_14_25","B","ALOC2","Allenrolfea occidentalis","Iodinebush","Upper"
"10880_4_5","A","ATSP","Atriplex spinifera","Spinescale saltbush","Upper"
"10880_4_5","A","ATCO","Atriplex confertifolia","Shadscale saltbush","Upper"
"10880_4_5","A","ALOC2","Allenrolfea occidentalis","Iodinebush","Upper"
"10880_4_5","B","ATSP","Atriplex spinifera","Spinescale saltbush","Upper"
"10880_4_5","B","ATCO","Atriplex confertifolia","Shadscale saltbush","Upper"
"10880_4_5","B","ALOC2","Allenrolfea occidentalis","Iodinebush","Upper"
"10900_14","A","BUMI","Bursera microphylla","Elephant tree","Upper"
"10900_14","A","JACU","Jatropha cuneata","Physicnut","Upper"
"10900_14","A","NOBI","Nolina bigelovii","Bigelow's nolina","Middle"
"10900_14","A","PAMI5","Parkinsonia microphylla","Yellow paloverde","Upper"
"10900_14","B","BUMI","Bursera microphylla","Elephant tree","Upper"
"10900_14","B","JACU","Jatropha cuneata","Physicnut","Upper"
"10900_14","B","NOBI","Nolina bigelovii","Bigelow's nolina","Middle"
"10900_14","B","PAMI5","Parkinsonia microphylla","Yellow paloverde","Upper"
"10910_13_14","A","LORI3","Lotus rigidus","Shrubby deervetch","Upper"
"10910_13_14","A","CAER","Calliandra eriophylla","Fairyduster","Upper"
"10910_13_14","A","ARPU9","Aristida purpurea","Purple threeawn","Upper"
"10910_13_14","A","SPAM2","Sphaeralcea ambigua","Desert globemallow","Upper"
"10910_13_14","B","SICH","Simmondsia chinensis","Jojoba","Upper"
"10910_13_14","B","ACACI","Acacia","Acacia","Upper"
"10910_13_14","B","OPUNT","Opuntia","Pricklypear","Low-Mid"
"10910_13_14","B","LORI3","Lotus rigidus","Shrubby deervetch","Low-Mid"
"10910_13_14","C","FOSP2","Fouquieria splendens","Ocotillo","Upper"
"10910_13_14","C","ACACI","Acacia","Acacia","Mid-Upper"
"10910_13_14","C","SICH","Simmondsia chinensis","Jojoba","Mid-Upper"
"10910_13_14","C","FEROC","Ferocactus","Barrel cactus","Lower"
"10910_15","A","ERFA2","Eriogonum fasciculatum","Eastern mojave buckwheat","All"
"10910_15","A","ERLI6","Ericameria linearifolia","Narrowleaf goldenbush","All"
"10910_15","A","ISTE2","Isocoma tenuisecta","Burroweed","All"
"10910_15","A","GUTIE","Gutierrezia","Snakeweed","All"
"10910_15","B","ERFA2","Eriogonum fasciculatum","Eastern mojave buckwheat","Upper"
"10910_15","B","CAHO3","Canotia holacantha","Crucifixion thorn","Upper"
"10910_15","B","SICH","Simmondsia chinensis","Jojoba","Upper"
"10910_15","B","LATR2","Larrea tridentata","Creosotebush","Upper"
"10910_25","A","ERFA2","Eriogonum fasciculatum","Eastern mojave buckwheat","All"
"10910_25","A","ERLI6","Ericameria linearifolia","Narrowleaf goldenbush","All"
"10910_25","A","ISTE2","Isocoma tenuisecta","Burroweed","All"
"10910_25","A","GUTIE","Gutierrezia","Snakeweed","All"
"10910_25","B","ERFA2","Eriogonum fasciculatum","Eastern mojave buckwheat","Upper"
"10910_25","B","CAHO3","Canotia holacantha","Crucifixion thorn","Upper"
"10910_25","B","SICH","Simmondsia chinensis","Jojoba","Upper"
"10910_25","B","LATR2","Larrea tridentata","Creosote bush","Upper"
"10920_4","A","LOSC2","Lotus scoparius","Common deerweed","All"
"10920_4","A","ARCA11","Artemisia californica","Coastal sagebrush","All"
"10920_4","A","LECO12","Leymus condensatus","Giant wildrye","All"
"10920_4","A","HASQ2","Hazardia squarrosa","Sawtooth goldenbush","All"
"10920_4","B","ARCA11","Artemisia californica","Coastal sagebrush","None"
"10920_4","B","BAPI","Baccharis pilularis","Coyotebrush","None"
"10920_4","B","ERFA2","Eriogonum fasciculatum","Eastern Mojave buckwheat","None"
"10920_4","B","SALVI","Salvia","Sage","None"
"10920_4","C","ARCA11","Artemisia californica","Coastal sagebrush","None"
"10920_4","C","SAME3","Salvia mellifera","Black sage","None"
"10920_4","C","RHIN2","Rhus integrifolia","Lemonade sumac","None"
"10920_4","C","MALA6","Malosma laurina","Laurel sumac","None"
"10930_13_15_16_23_24_28","A","EPVI","Ephedra viridis","Mormon tea","Upper"
"10930_13_15_16_23_24_28","A","EPCU","Ephedra cutleri","Cutler's jointfir","None"
"10930_13_15_16_23_24_28","A","ARFI2","Artemisia filifolia","Sand sagebrush","None"
"10930_13_15_16_23_24_28","B","EPVI","Ephedra viridis","Mormon tea","Upper"
"10930_13_15_16_23_24_28","B","EPCU","Ephedra cutleri","Cutler's jointfir","None"
"10930_13_15_16_23_24_28","B","ARFI2","Artemisia filifolia","Sand sagebrush","None"
"10930_13_15_16_23_24_28","C","EPVI","Ephedra viridis","Mormon tea","Upper"
"10930_13_15_16_23_24_28","C","EPCU","Ephedra cutleri","Cutler's jointfir","None"
"10930_13_15_16_23_24_28","C","ARFI","Ariocarpus fissuratus","Chautle livingrock","None"
"10940_25","A","ANHA","Andropogon hallii","Sand bluestem","All"
"10940_25","A","SPCR","Sporobolus cryptandrus","Sand dropseed","All"
"10940_25","A","BOGR","Boerhavia gracillima","Slimstalk spiderling","All"
"10940_25","A","ERTR3","Eragrostis trichodes","Sand lovegrass","All"
"10940_25","B","ARFI2","Artemisia filifolia","Sand sagebrush","Upper"
"10940_25","B","YUGL","Yucca glauca","Soapweed yucca","Low-Mid"
"10940_25","B","SPCR","Sporobolus cryptandrus","Sand dropseed","Lower"
"10940_25","B","AMCA6","Amorpha canescens","Leadplant","Low-Mid"
"10940_26","A","SPCR","Sporobolus cryptandrus","Sand dropseed","Upper"
"10940_26","A","CAGI3","Calamovilfa gigantea","Giant sandreed","Upper"
"10940_26","B","QUHA3","Quercus havardii","Havard oak","Upper"
"10940_26","B","ARFL2","Arnoglossum floridanum","Florida cacalia","Mid-Upper"
"10940_26","B","SCSC","Schizachyrium scoparium","Little bluestem","Low-Mid"
"10940_26","B","SPCR","Sporobolus cryptandrus","Sand dropseed","Low-Mid"
"10940_27_33","A","PSLA3","Psoralidium lanceolatum","Lemon scurfpea","Upper"
"10940_27_33","A","MUPU2","Muhlenbergia pungens","Sandhill muhly","Upper"
"10940_27_33","A","PEAM","Penstemon ambiguus","Gilia beardtongue","Upper"
"10940_27_33","A","VUOC","Vulpia octoflora","Sixweeks fescue","Lower"
"10940_27_33","B","BOGR2","Bouteloua gracilis","Blue grama","Low-Mid"
"10940_27_33","B","ARFI2","Artemisia filifolia","Sand sagebrush","Upper"
"10940_27_33","B","CALO","Calamovilfa longifolia","Prairie sandreed","Mid-Upper"
"10940_27_33","B","SPCR","Sporobolus cryptandrus","Sand dropseed","Mid-Upper"
"10940_27_33","C","ARFI2","Artemisia filifolia","Sand sagebrush","Upper"
"10940_27_33","C","ANHA","Andropogon hallii","Sand bluestem","Mid-Upper"
"10940_27_33","C","CALO","Calamovilfa longifolia","Prairie sandreed","Mid-Upper"
"10940_27_33","C","PRPUB","Prunus pumila var. besseyi","Western sandcherry","Upper"
"10940_31_38","A","PSLA3","Psoralidium lanceolatum","Lemon scurfpea","Upper"
"10940_31_38","A","MUPU2","Muhlenbergia pungens","Sandhill muhly","Upper"
"10940_31_38","A","VUOC","Vulpia octoflora","Sixweeks fescue","None"
"10940_31_38","B","BOGR2","Bouteloua gracilis","Blue grama","Low-Mid"
"10940_31_38","B","ARFI2","Artemisia filifolia","Sand sagebrush","Upper"
"10940_31_38","B","CALO","Calamovilfa longifolia","Prairie sandreed","Mid-Upper"
"10940_31_38","B","SPCR","Sporobolus cryptandrus","Sand dropseed","Mid-Upper"
"10940_31_38","C","ARFI2","Artemisia filifolia","Sand sagebrush","Upper"
"10940_31_38","C","ANHA","Andropogon hallii","Sand bluestem","Mid-Upper"
"10940_31_38","C","CALO","Calamovilfa longifolia","Prairie sandreed","Mid-Upper"
"10940_31_38","C","PRPUB","Prunus pumila var. besseyi","Western sandcherry","Upper"
"10940_32_35","A","ARFI2","Artemisia filifolia","Sand sagebrush","Upper"
"10940_32_35","A","QUHA3","Quercus havardii","Havard oak","Upper"
"10940_32_35","A","YUEL","Yucca elata","Soaptree yucca","Upper"
"10940_32_35","A","BOUTE","Bouteloua","Grama","Upper"
"10940_32_35","B","QUHA3","Quercus havardii","Havard oak","Upper"
"10940_32_35","B","ARFI2","Artemisia filifolia","Sand sagebrush","Upper"
"10940_32_35","B","PRAN3","Prunus angustifolia","Chickasaw plum","Upper"
"10940_32_35","B","YUEL","Yucca elata","Soaptree yucca","Upper"
"10940_34","A","ARFI2","Artemisia filifolia","Sand sagebrush","Upper"
"10940_34","A","QUHA3","Quercus havardii","Havard oak","Upper"
"10940_34","A","YUEL","Yucca elata","Soaptree yucca","Upper"
"10940_34","A","BOUTE","Bouteloua","Grama","Upper"
"10940_34","B","QUHA3","Quercus havardii","Havard oak","Upper"
"10940_34","B","ARFI2","Artemisia filifolia","Sand sagebrush","Upper"
"10940_34","B","PRAN3","Prunus angustifolia","Chickasaw plum","Upper"
"10940_34","B","YUEL","Yucca elata","Soaptree yucca","Upper"
"10950_14","A","BOUTE","Bouteloua","Grama","Upper"
"10950_14","A","PLMU3","Pleuraphis mutica","tobosagrass","Upper"
"10950_14","A","ARIST","Aristida","Threeawn","Upper"
"10950_14","B","BOUTE","Bouteloua","Grama","Low-Mid"
"10950_14","B","PLMU3","Pleuraphis mutica","tobosagrass","Low-Mid"
"10950_14","B","ARIST","Aristida","Threeawn","Low-Mid"
"10950_14","B","LATR2","Larrea tridentata","Creosote bush","Upper"
"10950_14","C","BOUTE","Bouteloua","Grama","Low-Mid"
"10950_14","C","PLMU3","Pleuraphis mutica","tobosagrass","Low-Mid"
"10950_14","C","ARIST","Aristida","Threeawn","Low-Mid"
"10950_14","C","LATR2","Larrea tridentata","Creosote bush","Upper"
"10950_14","D","PRGL2","Prosopis glandulosa","Honey mesquite","Upper"
"10950_14","D","PLMU3","Pleuraphis mutica","tobosagrass","Lower"
"10950_14","D","ARIST","Aristida","Threeawn","Lower"
"10950_14","D","LATR2","Larrea tridentata","Creosote bush","Upper"
"10950_15","A","PRGL2","Prosopis glandulosa","Honey mesquite","None"
"10950_15","A","PRVE","Prosopis velutina","Velvet mesquite","None"
"10950_25","A","BOCU","Bouteloua curtipendula","Sideoats grama","Upper"
"10950_25","A","MUPO2","Muhlenbergia porteri","Bush muhly","Upper"
"10950_25","A","ARIST","Aristida","Threeawn","Upper"
"10950_25","A","IPER","Ipomoea eriocarpa","Morning glory","Lower"
"10950_25","B","BOCU","Bouteloua curtipendula","Sideoats grama","Low-Mid"
"10950_25","B","MUPO2","Muhlenbergia porteri","Bush muhly","Low-Mid"
"10950_25","B","PROSO","Prosopis","Mesquite","Upper"
"10950_25","B","ACACI","Acacia","Acacia","Upper"
"10950_25","C","PROSO","Prosopis","Mesquite","Upper"
"10950_25","C","ACACI","Acacia","Acacia","Mid-Upper"
"10950_25","C","ISTE2","Isocoma tenuisecta","Burroweed","Lower"
"10950_25","C","MUPO2","Muhlenbergia porteri","Bush muhly","Lower"
"10950_25","D","PROSO","Prosopis","Mesquite","Upper"
"10950_25","D","ACACI","Acacia","Acacia","Upper"
"10950_25","D","ISTE2","Isocoma tenuisecta","Burroweed","Low-Mid"
"10950_25","D","MUPO2","Muhlenbergia porteri","Bush muhly","Lower"
"10950_26_35","A","BOCU","Bouteloua curtipendula","Sideoats grama","Upper"
"10950_26_35","A","MUPO2","Muhlenbergia porteri","Bush muhly","Upper"
"10950_26_35","A","ARIST","Aristida","Threeawn","Upper"
"10950_26_35","A","IPER","Ipomoea eriocarpa","Morningglory","Lower"
"10950_26_35","B","BOCU","Bouteloua curtipendula","Sideoats grama","Low-Mid"
"10950_26_35","B","MUPO2","Muhlenbergia porteri","Bush muhly","Low-Mid"
"10950_26_35","B","PROSO","Prosopis","Mesquite","Upper"
"10950_26_35","B","ACACI","Acacia","Acacia","Upper"
"10950_26_35","C","PROSO","Prosopis","Mesquite","Upper"
"10950_26_35","C","ACACI","Acacia","Acacia","Mid-Upper"
"10950_26_35","C","ISTE2","Isocoma tenuisecta","Burroweed","Lower"
"10950_26_35","C","MUPO2","Muhlenbergia porteri","Bush muhly","Lower"
"10950_26_35","D","PROSO","Prosopis","Mesquite","Upper"
"10950_26_35","D","ACACI","Acacia","Acacia","Upper"
"10950_26_35","D","ISTE2","Isocoma tenuisecta","Burroweed","Low-Mid"
"10950_26_35","D","MUPO2","Muhlenbergia porteri","Bush muhly","Lower"
"10950_27","A","BOCU","Bouteloua curtipendula","Sideoats grama","Upper"
"10950_27","A","MUPO2","Muhlenbergia porteri","Bush muhly","Upper"
"10950_27","A","ARIST","Aristida","Threeawn","Upper"
"10950_27","A","IPER","Ipomoea eriocarpa","Morningglory","Lower"
"10950_27","B","BOCU","Bouteloua curtipendula","Sideoats grama","Low-Mid"
"10950_27","B","MUPO2","Muhlenbergia porteri","Bush muhly","Low-Mid"
"10950_27","B","PROSO","Prosopis","Mesquite","Upper"
"10950_27","B","ACACI","Acacia","Acacia","Upper"
"10950_27","C","PROSO","Prosopis","Mesquite","Upper"
"10950_27","C","ACACI","Acacia","Acacia","Mid-Upper"
"10950_27","C","ISTE2","Isocoma tenuisecta","Burroweed","Lower"
"10950_27","C","MUPO2","Muhlenbergia porteri","Bush muhly","Lower"
"10950_27","D","PROSO","Prosopis","Mesquite","Upper"
"10950_27","D","ACACI","Acacia","Acacia","Upper"
"10950_27","D","ISTE2","Isocoma tenuisecta","Burroweed","Low-Mid"
"10950_27","D","MUPO2","Muhlenbergia porteri","Bush muhly","Lower"
"10960_3","A","ARCTO3","Arctostaphylos","Manzanita","Upper"
"10960_3","A","PHACE","Phacelia","Phacelia","Low-Mid"
"10960_3","A","CRYPT","Cryptantha","Cryptantha","Lower"
"10960_3","A","EMMEN","Emmenanthe","Whisperingbells","Lower"
"10960_3","B","ARCTO3","Arctostaphylos","Manzanita","Upper"
"10960_3","B","CEANO","Ceanothus","Ceanothus","Upper"
"10960_3","B","ADFA","Adenostoma fasciculatum","Chamise","Upper"
"10960_3","C","ARCTO3","Arctostaphylos","Manzanita","Middle"
"10960_3","C","ADFA","Adenostoma fasciculatum","Chamise","Middle"
"10960_3","C","QUAG","Quercus agrifolia","California live oak","Upper"
"10960_3","C","PSME","Pseudotsuga menziesii","Douglas-fir","Upper"
"10960_3","D","ARCTO3","Arctostaphylos","Manzanita","Middle"
"10960_3","D","PINUS","Pinus","Pine","Upper"
"10960_4","A","ARCTO3","Arctostaphylos","Manzanita","Upper"
"10960_4","A","PHACE","Phacelia","Phacelia","Low-Mid"
"10960_4","A","CRYPT","Cryptantha","Cryptantha","Lower"
"10960_4","A","EMMEN","Emmenanthe","Whisperingbells","Lower"
"10960_4","B","ARCTO3","Arctostaphylos","Manzanita","Upper"
"10960_4","B","CEANO","Ceanothus","Ceanothus","Upper"
"10960_4","B","ADFA","Adenostoma fasciculatum","Chamise","Upper"
"10960_4","B","XYBI","Xylococcus bicolor","Mission manzanita","Upper"
"10960_4","C","ARCTO3","Arctostaphylos","Manzanita","Middle"
"10960_4","C","ADFA","Adenostoma fasciculatum","Chamise","Middle"
"10960_4","C","QUAG","Quercus agrifolia","California live oak","Upper"
"10960_4","C","PSME","Pseudotsuga menziesii","Douglas-fir","Upper"
"10970_3_6_7","A","LOSC2","Lotus scoparius","Common deerweed","Lower"
"10970_3_6_7","A","PHACE","Phacelia","Phacelia","Lower"
"10970_3_6_7","A","CRYPT","Cryptantha","Cryptantha","Lower"
"10970_3_6_7","A","EMMEN","Emmenanthe","Whisperingbells","Lower"
"10970_3_6_7","B","ADFA","Adenostoma fasciculatum","Chamise","Middle"
"10970_3_6_7","B","QUBE5","Quercus berberidifolia","Scrub oak","Mid-Upper"
"10970_3_6_7","B","CELE2","Ceanothus leucodermis","Chaparral whitethorn","Middle"
"10970_3_6_7","B","CEBE2","Cerastium beeringianum","Bering chickweed","Lower"
"10970_4_5","A","LOSC2","Lotus scoparius","Common deerweed","Lower"
"10970_4_5","A","PHACE","Phacelia","Phacelia","Lower"
"10970_4_5","A","CRYPT","Cryptantha","Cryptantha","Lower"
"10970_4_5","A","EMMEN","Emmenanthe","Whisperingbells","Lower"
"10970_4_5","B","ADFA","Adenostoma fasciculatum","Chamise","Middle"
"10970_4_5","B","QUBE5","Quercus berberidifolia","Scrub oak","Mid-Upper"
"10970_4_5","B","CELE2","Ceanothus leucodermis","Chaparral whitethorn","Middle"
"10970_4_5","B","CEMOG","Cercocarpus montanus var. glaber","Birchleaf mountain mahogany","Lower"
"10980_3","A","ARPA6","Arctostaphylos patula","Greenleaf manzanita","Low-Mid"
"10980_3","A","CECO","Ceanothus cordulatus","Whitethorn ceanothus","Low-Mid"
"10980_3","A","QUVA","Quercus vacciniifolia","Huckleberry oak","Middle"
"10980_3","A","CEIN3","Ceanothus integerrimus","Deerbrush","Low-Mid"
"10980_3","B","PIPO","Pinus ponderosa","Ponderosa pine","Upper"
"10980_3","B","PSME","Pseudotsuga menziesii","Douglas-fir","Upper"
"10980_3","B","ABCO","Abies concolor","White fir","Mid-Upper"
"10980_3","B","ABMA","Abies magnifica","California red fir","Mid-Upper"
"10980_3","C","PIJE","Pinus jeffreyi","Jeffrey pine","Upper"
"10980_3","C","PSME","Pseudotsuga menziesii","Douglas-fir","Upper"
"10980_3","C","ABCO","Abies concolor","White fir","Mid-Upper"
"10980_3","C","ABMA","Abies magnifica","California red fir","Mid-Upper"
"10980_4","A","ARGL3","Arctostaphylos glandulosa","Eastwood's manzanita","Upper"
"10980_4","A","CECO","Ceanothus cordulatus","Whitethorn ceanothus","Upper"
"10980_4","A","CEIN3","Ceanothus integerrimus","Deerbrush","Upper"
"10980_4","B","CECO","Ceanothus cordulatus","Whitethorn ceanothus","Upper"
"10980_4","B","ARGL3","Arctostaphylos glandulosa","Eastwood's manzanita","Upper"
"10980_4","B","CEIN","Ceanothus incanus","Coast whitethorn","Mid-Upper"
"10980_4","C","PIJE","Pinus jeffreyi","Jeffrey pine","Upper"
"10980_4","C","PIPO","Pinus ponderosa","Ponderosa pine","Upper"
"10980_4","C","ABCO","Abies concolor","White fir","Upper"
"10980_4","C","PICO3","Pinus coulteri","Coulter pine","Upper"
"10980_6","A","ARPA6","Arctostaphylos patula","Greenleaf manzanita","Low-Mid"
"10980_6","A","CECO","Ceanothus cordulatus","Whitethorn ceanothus","Low-Mid"
"10980_6","A","QUVA","Quercus vacciniifolia","Huckleberry oak","Middle"
"10980_6","A","CEIN3","Ceanothus integerrimus","Deer brush","Low-Mid"
"10980_6","B","PIPO","Pinus ponderosa","Ponderosa pine","Upper"
"10980_6","B","PSME","Pseudotsuga menziesii","Douglas-fir","Upper"
"10980_6","B","ABCO","Abies concolor","White fir","Mid-Upper"
"10980_6","B","ABMA","Abies magnifica","California red fir","Mid-Upper"
"10980_6","C","PIJE","Pinus jeffreyi","Jeffrey pine","Upper"
"10980_6","C","PSME","Pseudotsuga menziesii","Douglas-fir","Upper"
"10980_6","C","ABCO","Abies concolor","White fir","Mid-Upper"
"10980_6","C","ABMA","Abies magnifica","California red fir","Mid-Upper"
"10980_7","A","FEID","Festuca idahoensis","Idaho fescue","Lower"
"10980_7","A","ACLEL","Achnatherum lemmonii","Lemmon's needlegrass","Lower"
"10980_7","A","PSSPS","Pseudoroegneria spicata ssp. spicata","Bluebunch wheatgrass","Lower"
"10980_7","A","ARCTO","Arctomecon","Bearpoppy","Low-Mid"
"10980_7","B","ARCTO","Arctomecon","Bearpoppy","Upper"
"10980_7","B","CEMOG","Cercocarpus montanus var. glaber","Birchleaf mountain mahogany","Upper"
"10980_7","B","CEANO","Ceanothus","Ceanothus","Upper"
"10980_7","B","FEID","Festuca idahoensis","Idaho fescue","Lower"
"10980_7","C","PSME","Pseudotsuga menziesii","Douglas-fir","Upper"
"10980_7","C","CADE27","Calocedrus decurrens","Incense cedar","Upper"
"10980_7","C","ABCO","Abies concolor","White fir","Upper"
"10980_7","C","CEANO","Ceanothus","Ceanothus","Low-Mid"
"10980_7","D","PIPO","Pinus ponderosa","Ponderosa pine","Upper"
"10980_7","D","PSME","Pseudotsuga menziesii","Douglas-fir","Upper"
"10980_7","D","ARCTO","Arctomecon","Bearpoppy","Low-Mid"
"10980_7","D","FEID","Festuca idahoensis","Idaho fescue","Lower"
"10990_3","A","CUMA","Cupressus macnabiana","Macnab's cypress","Lower"
"10990_3","A","QUDU4","Quercus durata","Leather oak","Lower"
"10990_3","A","ADFA","Adenostoma fasciculatum","Chamise","Lower"
"10990_3","B","ADFA","Adenostoma fasciculatum","Chamise","Middle"
"10990_3","B","CUMA","Cupressus macnabiana","Macnab's cypress","Mid-Upper"
"10990_3","B","QUDU4","Quercus durata","Leather oak","Mid-Upper"
"10990_4","A","ADFA","Adenostoma fasciculatum","Chamise","Upper"
"10990_4","A","CECU","Ceanothus cuneatus","Buckbrush","Upper"
"10990_4","A","ARGL4","Arctostaphylos glauca","Bigberry manzanita","Upper"
"10990_4","A","QUDU4","Quercus durata","Leather oak","Upper"
"10990_4","B","ADFA","Adenostoma fasciculatum","Chamise","Middle"
"10990_4","B","CUMA","Cupressus macnabiana","MacNab’s cypress","Upper"
"10990_4","B","QUDU4","Quercus durata","Leather oak","Upper"
"11000_15","A","LATR2","Larrea tridentata","Creosotebush","Upper"
"11000_15","A","ATCA2","Atriplex canescens","Fourwing saltbush","Upper"
"11000_15","B","LATR2","Larrea tridentata","Creosotebush","Upper"
"11000_15","B","ATCA2","Atriplex canescens","Fourwing saltbush","Upper"
"11000_26","A","LATR2","Larrea tridentata","Creosote bush","Upper"
"11000_26","A","AGLE","Agave lechuguilla","Lechuguilla","Low-Mid"
"11000_26","A","ACACI","Acacia","Acacia","Mid-Upper"
"11000_26","A","BOER4","Bouteloua eriopoda","Black grama","Lower"
"11002_25","A","LATR2","Larrea tridentata","Creosote bush","Upper"
"11002_25","A","PAIN2","Parthenium incanum","Mariola","Upper"
"11002_25","A","ACCO2","Acacia constricta","Whitethorn acacia","Upper"
"11002_25","A","BOER4","Bouteloua eriopoda","Black grama","Low-Mid"
"11002_25","B","ALTR2","Allium tribracteatum","Threebract onion","Upper"
"11002_25","B","PAIN2","Parthenium incanum","Mariola","Upper"
"11002_25","B","ACCO2","Acacia constricta","Whitethorn acacia","Upper"
"11002_25","B","BOER4","Bouteloua eriopoda","Black grama","Lower"
"11003_25","A","BOER4","Bouteloua eriopoda","Black grama","Upper"
"11003_25","A","MUPO2","Muhlenbergia porteri","Bush muhly","Upper"
"11003_25","B","BOER4","Bouteloua eriopoda","Black grama","Upper"
"11003_25","B","MUPO2","Muhlenbergia porteri","Bush muhly","Upper"
"11010_25","A","QUGR3","Quercus grisea","Gray oak","Upper"
"11010_25","A","QULA","Quercus laceyi","Lacey oak","Upper"
"11010_25","A","RHVI3","Rhus virens","Evergreen sumac","Upper"
"11010_25","A","MUSE","Muhlenbergia setifolia","Curlyleaf muhly","Upper"
"11010_25","B","QUGR3","Quercus grisea","Gray oak","Upper"
"11010_25","B","QULA","Quercus laceyi","Lacey oak","Upper"
"11010_25","B","RHVI3","Rhus virens","Evergreen sumac","Upper"
"11010_25","B","MUSE","Muhlenbergia setifolia","Curlyleaf muhly","Upper"
"11010_25","C","QUGR3","Quercus grisea","Gray oak","Upper"
"11010_25","C","QULA","Quercus laceyi","Lacey oak","Upper"
"11010_25","C","RHVI3","Rhus virens","Evergreen sumac","Upper"
"11010_25","C","MUSE","Muhlenbergia setifolia","Curlyleaf muhly","Upper"
"11010_26","A","QUGR3","Quercus grisea","Gray oak","Upper"
"11010_26","A","QULA","Quercus laceyi","Lacey oak","Upper"
"11010_26","A","RHVI3","Rhus virens","Evergreen sumac","Upper"
"11010_26","B","QUGR3","Quercus grisea","Gray oak","Upper"
"11010_26","B","QULA","Quercus laceyi","Lacey oak","Upper"
"11010_26","B","RHVI3","Rhus virens","Evergreen sumac","Upper"
"11010_26","C","QUGR3","Quercus grisea","Gray oak","Upper"
"11010_26","C","QULA","Quercus laceyi","Lacey oak","Upper"
"11010_26","C","RHVI3","Rhus virens","Evergreen sumac","Upper"
"11020_13_15_16_23_24","A","BOGR2","Bouteloua gracilis","Blue grama","Upper"
"11020_13_15_16_23_24","A","Forbs","<NOT FOUND IN NRCS>","<NOT FOUND IN NRCS>","Upper"
"11020_13_15_16_23_24","A","CRYP","<NOT FOUND IN NRCS>","<NOT FOUND IN NRCS>","Lower"
"11020_13_15_16_23_24","B","ARTEM","Artemisia","Sagebrush","Upper"
"11020_13_15_16_23_24","B","CHVI8","Chrysothamnus viscidiflorus","Yellow rabbitbrush","Upper"
"11020_13_15_16_23_24","B","BOGR2","Bouteloua gracilis","Blue grama","Middle"
"11020_13_15_16_23_24","C","ARTEM","Artemisia","Sagebrush","Upper"
"11020_13_15_16_23_24","C","CHVI8","Chrysothamnus viscidiflorus","Yellow rabbitbrush","Upper"
"11020_13_15_16_23_24","C","JUOS","Juniperus osteosperma","Utah juniper","Upper"
"11020_13_15_16_23_24","C","PIED","Pinus edulis","Twoneedle pinyon","Upper"
"11020_13_15_16_23_24","D","JUOS","Juniperus osteosperma","Utah juniper","Upper"
"11020_13_15_16_23_24","D","PIED","Pinus edulis","Twoneedle pinyon","Upper"
"11020_13_15_16_23_24","D","ARTEM","Artemisia","Sagebrush","Middle"
"11020_13_15_16_23_24","D","BOGR2","Bouteloua gracilis","Blue grama","Lower"
"11020_13_15_16_23_24","E","JUOC","Juniperus occidentalis","Western juniper","Upper"
"11020_13_15_16_23_24","E","JUOS","Juniperus osteosperma","Utah juniper","Upper"
"11020_13_15_16_23_24","E","PIED","Pinus edulis","Twoneedle pinyon","None"
"11020_13_15_16_23_24","E","PIMO","Pinus monophylla","Singleleaf pinyon","None"
"11020_28","A","JUOS","Juniperus osteosperma","Utah juniper","All"
"11020_28","A","PIED","Pinus edulis","Twoneedle pinyon","All"
"11020_28","A","JUSC2","Juniperus scopulorum","Rocky mountain juniper","All"
"11020_28","B","PIED","Pinus edulis","Twoneedle pinyon","Upper"
"11020_28","B","JUOS","Juniperus osteosperma","Utah juniper","Upper"
"11020_28","B","JUSC2","Juniperus scopulorum","Rocky mountain juniper","Upper"
"11020_28","C","PIED","Pinus edulis","Twoneedle pinyon","Upper"
"11020_28","C","JUSC2","Juniperus scopulorum","Rocky mountain juniper","Upper"
"11020_28","C","JUOS","Juniperus osteosperma","Utah juniper","Upper"
"11020_28","D","PIED","Pinus edulis","Twoneedle pinyon","Upper"
"11020_28","D","JUSC2","Juniperus scopulorum","Rocky mountain juniper","Upper"
"11020_28","D","JUOS","Juniperus osteosperma","Utah juniper","Upper"
"11020_28","E","PIED","Pinus edulis","Twoneedle pinyon","Upper"
"11020_28","E","JUSC2","Juniperus scopulorum","Rocky mountain juniper","Upper"
"11020_28","E","JUOS","Juniperus osteosperma","Utah juniper","Upper"
"11030_6_7_12_13_16_17_23","A","ARPA6","Arctostaphylos patula","Greenleaf manzanita","Upper"
"11030_6_7_12_13_16_17_23","A","ARPU5","Arctostaphylos pungens","Pointleaf manzanita","Upper"
"11030_6_7_12_13_16_17_23","A","CEGR","Ceanothus greggii","Desert ceanothus","Upper"
"11030_6_7_12_13_16_17_23","A","CEMOG","Cercocarpus montanus var. glaber","Birchleaf mountain mahogany","Upper"
"11030_6_7_12_13_16_17_23","B","ARPA6","Arctostaphylos patula","Greenleaf manzanita","Upper"
"11030_6_7_12_13_16_17_23","B","ARPU5","Arctostaphylos pungens","Pointleaf manzanita","Upper"
"11030_6_7_12_13_16_17_23","B","CEGR","Ceanothus greggii","Desert ceanothus","Upper"
"11030_6_7_12_13_16_17_23","B","CEMOG","Cercocarpus montanus var. glaber","Birchleaf mountain mahogany","Upper"
"11040_13_14_25","A","QUTU2","Quercus turbinella","Sonoran scrub oak","Upper"
"11040_13_14_25","A","ARPU5","Arctostaphylos pungens","Pointleaf manzanita","Upper"
"11040_13_14_25","A","CEGR","Ceanothus greggii","Desert ceanothus","Upper"
"11040_13_14_25","A","CEMO2","Cercocarpus montanus","Alderleaf mountain mahogany","Upper"
"11040_13_14_25","B","QUTU2","Quercus turbinella","Sonoran scrub oak","Upper"
"11040_13_14_25","B","ARPU5","Arctostaphylos pungens","Pointleaf manzanita","Upper"
"11040_13_14_25","B","CEGR","Ceanothus greggii","Desert ceanothus","Upper"
"11040_13_14_25","B","CEMO2","Cercocarpus montanus","Alderleaf mountain mahogany","Upper"
"11040_15","A","QUTU2","Quercus turbinella","Sonoran scrub oak","Upper"
"11040_15","A","QUTO2","Quercus toumeyi","Toumey oak","Upper"
"11040_15","A","CEGR","Ceanothus greggii","Desert ceanothus","Upper"
"11040_15","B","QUTU2","Quercus turbinella","Sonoran scrub oak","Upper"
"11040_15","B","QUTO2","Quercus toumeyi","Toumey oak","Upper"
"11040_15","B","CEGR","Ceanothus greggii","Desert ceanothus","Upper"
"11040_15","C","QUTU2","Quercus turbinella","Sonoran scrub oak","Upper"
"11040_15","C","QUTO2","Quercus toumeyi","Toumey oak","Upper"
"11040_15","C","CEGR","Ceanothus greggii","Desert ceanothus","Upper"
"11040_15","D","QUTU2","Quercus turbinella","Sonoran scrub oak","Upper"
"11040_15","D","QUTO2","Quercus toumeyi","Toumey oak","Upper"
"11040_15","D","CEGR","Ceanothus greggii","Desert ceanothus","Upper"
"11040_17","A","QUTU2","Quercus turbinella","Sonoran scrub oak","Upper"
"11040_17","A","ARPU5","Arctostaphylos pungens","Pointleaf manzanita","Upper"
"11040_17","A","CEGR","Ceanothus greggii","Desert ceanothus","Upper"
"11040_17","A","CEMO2","Cercocarpus montanus","Alderleaf mountain mahogany","Upper"
"11040_17","B","QUTU2","Quercus turbinella","Sonoran scrub oak","Upper"
"11040_17","B","ARPU5","Arctostaphylos pungens","Pointleaf manzanita","Upper"
"11040_17","B","CEGR","Ceanothus greggii","Desert ceanothus","Upper"
"11040_17","B","CEMO2","Cercocarpus montanus","Alderleaf mountain mahogany","Upper"
"11040_23_24","A","QUTO2","Quercus toumeyi","Toumey oak","All"
"11040_23_24","A","QUTU2","Quercus turbinella","Sonoran scrub oak","All"
"11040_23_24","A","CEMO2","Cercocarpus montanus","Alderleaf mountain mahogany","All"
"11040_23_24","A","CAHO3","Canotia holacantha","Crucifixion thorn","All"
"11040_23_24","B","QUTO2","Quercus toumeyi","Toumey oak","Upper"
"11040_23_24","B","QUTU2","Quercus turbinella","Sonoran scrub oak","Upper"
"11040_23_24","B","CEMO2","Cercocarpus montanus","Alderleaf mountain mahogany","Upper"
"11040_23_24","B","CAHO3","Canotia holacantha","Crucifixion thorn","Upper"
"11040_23_24","C","QUTO2","Quercus toumeyi","Toumey oak","Upper"
"11040_23_24","C","QUTU2","Quercus turbinella","Sonoran scrub oak","Upper"
"11040_23_24","C","CEMO2","Cercocarpus montanus","Alderleaf mountain mahogany","Upper"
"11040_23_24","C","CAHO3","Canotia holacantha","Crucifixion thorn","Upper"
"11040_23_24","D","QUTO2","Quercus toumeyi","Toumey oak","Upper"
"11040_23_24","D","QUTU2","Quercus turbinella","Sonoran scrub oak","Upper"
"11040_23_24","D","CEMO2","Cercocarpus montanus","Alderleaf mountain mahogany","Upper"
"11040_23_24","D","CAHO3","Canotia holacantha","Crucifixion thorn","Upper"
"11040_23_24","E","QUTO2","Quercus toumeyi","Toumey oak","Upper"
"11040_23_24","E","QUTU2","Quercus turbinella","Sonoran scrub oak","Upper"
"11040_23_24","E","CEMO2","Cercocarpus montanus","Alderleaf mountain mahogany","Upper"
"11040_23_24","E","CAHO3","Canotia holacantha","Crucifixion thorn","Upper"
"11050_3_6_7","A","ADFA","Adenostoma fasciculatum","Chamise","Upper"
"11050_3_6_7","A","LOSC2","Lotus scoparius","Common deerweed","Upper"
"11050_3_6_7","A","CEANO","Ceanothus","Ceanothus","Upper"
"11050_3_6_7","A","ARCTO3","Arctostaphylos","Manzanita","Upper"
"11050_3_6_7","B","ADFA","Adenostoma fasciculatum","Chamise","Upper"
"11050_3_6_7","B","CEANO","Ceanothus","Ceanothus","Upper"
"11050_3_6_7","B","ARCTO3","Arctostaphylos","Manzanita","Upper"
"11050_3_6_7","B","","","",""
"11050_4_5","A","ADFA","Adenostoma fasciculatum","Chamise","Lower"
"11050_4_5","A","LOSC2","Lotus scoparius","Common deerweed","Lower"
"11050_4_5","A","PHACE","Phacelia","Phacelia","Lower"
"11050_4_5","A","CRYPT","Cryptantha","Cryptantha","Lower"
"11050_4_5","B","ADFA","Adenostoma fasciculatum","Chamise","Upper"
"11050_4_5","B","CEME","Ceanothus megacarpus","Bigpod ceanothus","Upper"
"11050_4_5","B","CELE2","Ceanothus leucodermis","Chaparral whitethorn","Upper"
"11050_4_5","B","ARGL4","Arctostaphylos glauca","Bigberry manzanita","None"
"11060_1_8_9","A","PHMA5","Physocarpus malvaceus","Mallow ninebark","Middle"
"11060_1_8_9","A","SYAL","Symphoricarpos albus","Common snowberry","Middle"
"11060_1_8_9","A","CARU","Calamagrostis rubescens","Pinegrass","Middle"
"11060_1_8_9","A","PSSPS","Pseudoroegneria spicata ssp. spicata","Bluebunch wheatgrass","Middle"
"11060_1_8_9","B","PHMA5","Physocarpus malvaceus","Mallow ninebark","Upper"
"11060_1_8_9","B","SYAL","Symphoricarpos albus","Common snowberry","Upper"
"11060_1_8_9","B","AMAL2","Amelanchier alnifolia","Saskatoon serviceberry","Upper"
"11060_1_8_9","B","HODI","Holodiscus discolor","Oceanspray","Upper"
"11060_1_8_9","C","PHMA5","Physocarpus malvaceus","Mallow ninebark","Upper"
"11060_1_8_9","C","SYAL","Symphoricarpos albus","Common snowberry","Upper"
"11060_1_8_9","C","AMAL2","Amelanchier alnifolia","Saskatoon serviceberry","Upper"
"11060_1_8_9","C","CERCO","Cercocarpus spp.","Mountain mahogany","Upper"
"11060_10_19","A","AMELA","Amelanchier","Serviceberry","Upper"
"11060_10_19","A","SYMPH","Symphoricarpos","Snowberry","Upper"
"11060_10_19","B","AMELA","Amelanchier","Serviceberry","Upper"
"11060_10_19","B","SYMPH","Symphoricarpos","Snowberry","Upper"
"11060_10_19","B","LUPIN","Lupinus","Lupine","Lower"
"11060_10_19","C","AMELA","Amelanchier","Serviceberry","Upper"
"11060_10_19","C","SYMPH","Symphoricarpos","Snowberry","Upper"
"11060_10_19","C","LUPIN","Lupinus","Lupine","Lower"
"11060_18","A","FEID","Festuca idahoensis","Idaho fescue","Upper"
"11060_18","A","CARU","Calamagrostis rubescens","Pinegrass","Upper"
"11060_18","A","CAGE","Carex geophila","White mountain sedge","Upper"
"11060_18","A","SYOR2","Symphoricarpos oreophilus","Mountain snowberry","Low-Mid"
"11060_18","B","SYOR2","Symphoricarpos oreophilus","Mountain snowberry","Upper"
"11060_18","B","PHMA5","Physocarpus malvaceus","Mallow ninebark","Upper"
"11060_18","B","PRVI","Prunus virginiana","Chokecherry","Upper"
"11060_18","B","AMAL","Amaranthus albus","Prostrate pigweed","Upper"
"11060_20_21_29","A","AMELA","Amelanchier","Serviceberry","Upper"
"11060_20_21_29","A","SYMPH","Symphoricarpos","Snowberry","Upper"
"11060_20_21_29","B","AMELA","Amelanchier","Serviceberry","Upper"
"11060_20_21_29","B","SYMPH","Symphoricarpos","Snowberry","Upper"
"11060_20_21_29","B","LUPIN","Lupinus","Lupine","Lower"
"11060_20_21_29","C","AMELA","Amelanchier","Serviceberry","Upper"
"11060_20_21_29","C","SYMPH","Symphoricarpos","Snowberry","Upper"
"11060_20_21_29","C","PRVI","Prunus virginiana","Chokecherry","Upper"
"11060_20_21_29","C","PURSH","Purshia","Bitterbrush","Middle"
"11060_22","A","AMELA","Amelanchier","Serviceberry","Upper"
"11060_22","A","SYMPH","Symphoricarpos","Snowberry","Upper"
"11060_22","B","AMELA","Amelanchier","Serviceberry","Upper"
"11060_22","B","SYMPH","Symphoricarpos","Snowberry","Upper"
"11060_22","B","LUPIN","Lupinus","Lupine","Lower"
"11060_22","C","AMELA","Amelanchier","Serviceberry","Upper"
"11060_22","C","SYMPH","Symphoricarpos","Snowberry","Upper"
"11060_22","C","LUPIN","Lupinus","Lupine","Lower"
"11070_13","A","QUGA","Quercus gambelii","Gambel oak","Upper"
"11070_13","B","QUGA","Quercus gambelii","Gambel oak","Upper"
"11070_13","B","ARTR2","Artemisia tridentata","Big sagebrush","Lower"
"11070_13","C","QUGA","Quercus gambelii","Gambel oak","Upper"
"11070_13","C","ARTR2","Artemisia tridentata","Big sagebrush","Low-Mid"
"11070_15","A","QUGA","Quercus gambelii","Gambel oak","Upper"
"11070_15","B","QUGA","Quercus gambelii","Gambel oak","Upper"
"11070_15","C","QUGA","Quercus gambelii","Gambel oak","Upper"
"11070_15","C","ARTRV","Artemisia tridentata ssp. vaseyana","Mountain big sagebrush","None"
"11070_15","C","CAGE2","Carex geyeri","Geyer’s sedge","None"
"11070_15","D","QUGA","Quercus gambelii","Gambel oak","Upper"
"11070_17","A","QUGA","Quercus gambelii","Gambel oak","Upper"
"11070_17","A","ARTR2","Artemisia tridentata","Big sagebrush","Mid-Upper"
"11070_17","A","PRVI","Prunus virginiana","Chokecherry","Low-Mid"
"11070_17","A","PURSH","Purshia","Bitterbrush","Middle"
"11070_17","B","QUGA","Quercus gambelii","Gambel oak","Upper"
"11070_17","B","ARTR2","Artemisia tridentata","Big sagebrush","Mid-Upper"
"11070_17","B","PRVI","Prunus virginiana","Chokecherry","Low-Mid"
"11070_17","B","PURSH","Purshia","Bitterbrush","Middle"
"11070_17","C","QUGA","Quercus gambelii","Gambel oak","Upper"
"11070_17","C","ARTR2","Artemisia tridentata","Big sagebrush","Mid-Upper"
"11070_17","C","PRVI","Prunus virginiana","Chokecherry","Low-Mid"
"11070_17","C","PURSH","Purshia","Bitterbrush","Middle"
"11070_23_24","A","CAGE2","Carex geyeri","Geyer's sedge","Lower"
"11070_23_24","A","STLE4","Stipa lettermanii Vasey","Letterman's needlegrass","Lower"
"11070_23_24","A","QUGA","Quercus gambelii","Gambel oak","Upper"
"11070_23_24","A","SYOR2","Symphoricarpos oreophilus","Mountain snowberry","Upper"
"11070_23_24","B","QUGA","Quercus gambelii","Gambel oak","Upper"
"11070_23_24","B","CAGE2","Carex geyeri","Geyer's sedge","Lower"
"11070_23_24","B","STLE4","Stipa lettermanii Vasey","Letterman's needlegrass","Lower"
"11070_23_24","C","QUGA","Quercus gambelii","Gambel oak","Upper"
"11070_23_24","C","ARTRV","Artemisia tridentata ssp. vaseyana","Mountain big sagebrush","Middle"
"11070_23_24","C","CAGE2","Carex geyeri","Geyer's sedge","Lower"
"11070_23_24","D","QUGA","Quercus gambelii","Gambel oak","Upper"
"11070_23_24","D","CAGE2","Carex geyeri","Geyer's sedge","Lower"
"11070_23_24","D","STLE4","Stipa lettermanii Vasey","Letterman's needlegrass","Lower"
"11070_23_24","D","ACAG","Achillea ageratifolia","Yarrow","Lower"
"11070_25_28","A","QUGA","Quercus gambelii","Gambel oak","Upper"
"11070_25_28","B","QUGA","Quercus gambelii","Gambel oak","Upper"
"11070_25_28","C","QUGA","Quercus gambelii","Gambel oak","Upper"
"11070_25_28","C","ARTRV","Artemisia tridentata ssp. vaseyana","Mountain big sagebrush","None"
"11070_25_28","C","CAGE2","Carex geyeri","Geyer's sedge","None"
"11070_25_28","D","QUGA","Quercus gambelii","Gambel oak","Upper"
"11070_27_33","A","QUGA","Quercus gambelii","Gambel oak","Upper"
"11070_27_33","B","QUGA","Quercus gambelii","Gambel oak","Upper"
"11070_27_33","C","QUGA","Quercus gambelii","Gambel oak","Upper"
"11070_27_33","C","CAGA3","Carex garberi","Elk sedge","Middle"
"11071_16","A","QUGA","Quercus gambelii","Gambel oak","Upper"
"11071_16","B","QUGA","Quercus gambelii","Gambel oak","Upper"
"11071_16","C","QUGA","Quercus gambelii","Gambel oak","None"
"11072_16","A","QUGA","Quercus gambelii","Gambel oak","Upper"
"11072_16","B","QUGA","Quercus gambelii","Gambel oak","Upper"
"11072_16","C","QUGA","Quercus gambelii","Gambel oak","None"
"11080_17","A","ARPA6","Arctostaphylos patula","Greenleaf manzanita","Upper"
"11080_17","A","ARPU5","Arctostaphylos pungens","Pointleaf manzanita","Upper"
"11080_17","A","QUJO3","Quercus john-tuckeri","Tucker oak","Upper"
"11080_17","A","CEMOG","Cercocarpus montanus var. glaber","Birchleaf mountain-mahogany","Upper"
"11080_17","B","ARPA6","Arctostaphylos patula","Greenleaf manzanita","Upper"
"11080_17","B","ARPU5","Arctostaphylos pungens","Pointleaf manzanita","Upper"
"11080_17","B","QUJO3","Quercus john-tuckeri","Tucker oak","Upper"
"11080_17","B","CEMOG","Cercocarpus montanus var. glaber","Birchleaf mountain-mahogany","Upper"
"11080_4_5_13_14_15_24_25","A","ARPA6","Arctostaphylos patula","Greenleaf manzanita","Upper"
"11080_4_5_13_14_15_24_25","A","ARPU5","Arctostaphylos pungens","Pointleaf manzanita","Upper"
"11080_4_5_13_14_15_24_25","A","QUJO3","Quercus john-tuckeri","Tucker oak","Upper"
"11080_4_5_13_14_15_24_25","A","CEMOG","Cercocarpus montanus var. glaber","Birchleaf mountain mahogany","Upper"
"11080_4_5_13_14_15_24_25","B","ARPA6","Arctostaphylos patula","Greenleaf manzanita","Upper"
"11080_4_5_13_14_15_24_25","B","ARPU5","Arctostaphylos pungens","Pointleaf manzanita","Upper"
"11080_4_5_13_14_15_24_25","B","QUJO3","Quercus john-tuckeri","Tucker oak","Upper"
"11080_4_5_13_14_15_24_25","B","CEMOG","Cercocarpus montanus var. glaber","Birchleaf mountain mahogany","Upper"
"11090_14","A","AMDE4","Ambrosia deltoidea","Triangle burr ragweed","Upper"
"11090_14","B","AMDE4","Ambrosia deltoidea","Triangle burr ragweed","Upper"
"11090_14","B","ENCEL","Encelia","Brittlebush","Upper"
"11090_14","C","AMDE4","Ambrosia deltoidea","Triangle burr ragweed","Lower"
"11090_14","C","PARKI2","Parkinsonia","Paloverde","Upper"
"11090_14","C","CAGI10","Carnegiea gigantea","Saguaro","Upper"
"11090_14","C","FEROC","Ferocactus","Barrel cactus","Upper"
"11090_15_25","A","ENFA","Encelia farinosa","Goldenhills","Upper"
"11090_15_25","B","ENFA","Encelia farinosa","Goldenhills","Upper"
"11090_15_25","C","ENFA","Encelia farinosa","Goldenhills","Lower"
"11090_15_25","C","PARKI2","Parkinsonia","Paloverde","Upper"
"11090_15_25","C","CAGI10","Carnegiea gigantea","Saguaro","Upper"
"11090_15_25","C","FEROC","Ferocactus","Barrel cactus","Upper"
"11090_4_13","A","ENFA","Encelia farinosa","Goldenhills","Upper"
"11090_4_13","B","ENFA","Encelia farinosa","Goldenhills","Upper"
"11090_4_13","C","ENFA","Encelia farinosa","Goldenhills","Lower"
"11090_4_13","C","PARKI2","Parkinsonia","Paloverde","Upper"
"11090_4_13","C","CAGI10","Carnegiea gigantea","Saguaro","Upper"
"11090_4_13","C","FEROC","Ferocactus","Barrel cactus","Upper"
"11100_4","A","LOSC2","Lotus scoparius","Common deerweed","Lower"
"11100_4","A","PHACE","Phacelia","Phacelia","Lower"
"11100_4","A","CRYPT","Cryptantha","Cryptantha","Lower"
"11100_4","A","EMMEN","Emmenanthe","Whisperingbells","Lower"
"11100_4","B","ADFA","Adenostoma fasciculatum","Chamise","Upper"
"11100_4","B","CEME","Ceanothus megacarpus","Bigpod ceanothus","Upper"
"11100_4","B","CELE","Ceanothus lemmonii","Lemmon's ceanothus","Upper"
"11100_4","B","ARGL4","Arctostaphylos glauca","Bigberry manzanita","Upper"
"11110_26","A","SCHIZ4","Schizachyrium","Little bluestem","Upper"
"11110_26","A","BOCU","Bouteloua curtipendula","Sideoats grama","Upper"
"11110_26","B","PRGL2","Prosopis glandulosa","Honey mesquite","Upper"
"11110_26","B","SCHIZ4","Schizachyrium","Little bluestem","Lower"
"11110_26","B","BOCU","Bouteloua curtipendula","Sideoats grama","Lower"
"11110_26","C","PRGL2","Prosopis glandulosa","Honey mesquite","Upper"
"11110_26","C","SCHIZ4","Schizachyrium","Little bluestem","Lower"
"11110_26","C","BOCU","Bouteloua curtipendula","Sideoats grama","Lower"
"11110_27_33","A","SCHIZ4","Schizachyrium","Little bluestem","Upper"
"11110_27_33","A","BOCU","Bouteloua curtipendula","Sideoats grama","Upper"
"11110_27_33","B","PRGL2","Prosopis glandulosa","Honey mesquite","Upper"
"11110_27_33","B","SCHIZ4","Schizachyrium","Little bluestem","Lower"
"11110_27_33","B","BOCU","Bouteloua curtipendula","Sideoats grama","Lower"
"11110_27_33","C","PRGL2","Prosopis glandulosa","Honey mesquite","Upper"
"11110_27_33","C","SCHIZ4","Schizachyrium","Little bluestem","Lower"
"11110_27_33","C","BOCU","Bouteloua curtipendula","Sideoats grama","Lower"
"11110_32_35","A","SCHIZ4","Schizachyrium","Little bluestem","Upper"
"11110_32_35","A","BOCU","Bouteloua curtipendula","Sideoats grama","Upper"
"11110_32_35","B","PRGL2","Prosopis glandulosa","Honey mesquite","Upper"
"11110_32_35","B","SCHIZ4","Schizachyrium","Little bluestem","Lower"
"11110_32_35","B","BOCU","Bouteloua curtipendula","Sideoats grama","Lower"
"11110_32_35","C","PRGL2","Prosopis glandulosa","Honey mesquite","Upper"
"11110_32_35","C","SCHIZ4","Schizachyrium","Little bluestem","Lower"
"11110_32_35","C","BOCU","Bouteloua curtipendula","Sideoats grama","Lower"
"11110_32_35","D","PRGL2","Prosopis glandulosa","Honey mesquite","Upper"
"11110_32_35","D","SCHIZ4","Schizachyrium","Little bluestem","Lower"
"11110_32_35","D","BOCU","Bouteloua curtipendula","Sideoats grama","Lower"
"11110_34","A","SCHIZ4","Schizachyrium","Little bluestem","Upper"
"11110_34","A","BOCU","Bouteloua curtipendula","Sideoats grama","Upper"
"11110_34","B","PRGL2","Prosopis glandulosa","Honey mesquite","Upper"
"11110_34","B","SCHIZ4","Schizachyrium","Little bluestem","Lower"
"11110_34","B","BOCU","Bouteloua curtipendula","Sideoats grama","Lower"
"11110_34","C","PRGL2","Prosopis glandulosa","Honey mesquite","Upper"
"11110_34","C","SCHIZ4","Schizachyrium","Little bluestem","Lower"
"11110_34","C","BOCU","Bouteloua curtipendula","Sideoats grama","Lower"
"11120_4_5","A","QULO","Quercus lobata","California white oak","Upper"
"11120_4_5","A","QUDO","Quercus douglasii","Blue oak","Upper"
"11120_4_5","A","AECA","Aesculus californica","California buckeye","Upper"
"11120_4_5","A","QUWI2","Quercus wislizeni","Interior live oak","Upper"
"11120_4_5","B","QULO","Quercus lobata","California white oak","Upper"
"11120_4_5","B","QUDO","Quercus douglasii","Blue oak","Upper"
"11120_4_5","B","AECA","Aesculus californica","California buckeye","Upper"
"11120_4_5","B","QUWI2","Quercus wislizeni","Interior live oak","Upper"
"11120_4_5","C","QULO","Quercus lobata","California white oak","Upper"
"11120_4_5","C","QUDO","Quercus douglasii","Blue oak","Upper"
"11120_4_5","C","AECA","Aesculus californica","California buckeye","Upper"
"11120_4_5","C","QUWI2","Quercus wislizeni","Interior live oak","Upper"
"11130_3","A","QUAG","Quercus agrifolia","California live oak","Upper"
"11130_3","B","QUAG","Quercus agrifolia","California live oak","Upper"
"11130_3","C","QUAG","Quercus agrifolia","California live oak","Upper"
"11130_4","A","QUAG","Quercus agrifolia","California live oak","Upper"
"11130_4","B","QUAG","Quercus agrifolia","California live oak","Upper"
"11130_4","C","QUAG","Quercus agrifolia","California live oak","Upper"
"11140_3_6_7","A","QUDO","Quercus douglasii","Blue oak","Upper"
"11140_3_6_7","A","QUCH2","Quercus chrysolepis","Canyon live oak","Upper"
"11140_3_6_7","A","QUGA4","Quercus garryana","Oregon white oak","Upper"
"11140_3_6_7","A","PISA2","Pinus sabiniana","California foothill pine","Upper"
"11140_3_6_7","B","QUDO","Quercus douglasii","Blue oak","Upper"
"11140_3_6_7","B","QUCH2","Quercus chrysolepis","Canyon live oak","Upper"
"11140_3_6_7","B","PISA2","Pinus sabiniana","California foothill pine","Upper"
"11140_3_6_7","B","QUGA4","Quercus garryana","Oregon white oak","Upper"
"11140_3_6_7","C","QUDO","Quercus douglasii","Blue oak","Upper"
"11140_3_6_7","C","QUCH2","Quercus chrysolepis","Canyon live oak","Upper"
"11140_3_6_7","C","PISA2","Pinus sabiniana","California foothill pine","Upper"
"11140_3_6_7","C","QUGA4","Quercus garryana","Oregon white oak","Upper"
"11140_3_6_7","D","QUCH2","Quercus chrysolepis","Canyon live oak","Upper"
"11140_3_6_7","D","QUDO","Quercus douglasii","Blue oak","Upper"
"11140_3_6_7","D","PISA2","Pinus sabiniana","California foothill pine","Upper"
"11140_3_6_7","D","QUGA4","Quercus garryana","Oregon white oak","Upper"
"11140_4_5","A","QUDO","Quercus douglasii","Blue oak","Upper"
"11140_4_5","A","QUWI2","Quercus wislizeni","Interior live oak","Upper"
"11140_4_5","A","CECU","Ceanothus cuneatus","Buckbrush","Upper"
"11140_4_5","A","RHIL","Rhamnus ilicifolia","Hollyleaf redberry","Upper"
"11140_4_5","B","QUDO","Quercus douglasii","Blue oak","Upper"
"11140_4_5","B","QUWI2","Quercus wislizeni","Interior live oak","Upper"
"11140_4_5","B","PISA2","Pinus sabiniana","California foothill pine","Upper"
"11140_4_5","B","RHIL","Rhamnus ilicifolia","Hollyleaf redberry","Middle"
"11140_4_5","C","QUDO","Quercus douglasii","Blue oak","Upper"
"11140_4_5","C","QUWI2","Quercus wislizeni","Interior live oak","Upper"
"11140_4_5","C","PISA2","Pinus sabiniana","California foothill pine","Upper"
"11140_4_5","C","RHIL","Rhamnus ilicifolia","Hollyleaf redberry","Middle"
"11140_4_5","D","QUWI2","Quercus wislizeni","Interior live oak","Upper"
"11140_4_5","D","QUDO","Quercus douglasii","Blue oak","Upper"
"11140_4_5","D","PISA2","Pinus sabiniana","California foothill pine","Upper"
"11140_4_5","D","RHIL","Rhamnus ilicifolia","Hollyleaf redberry","Middle"
"11140_4_5","E","QUDO","Quercus douglasii","Blue oak","Upper"
"11140_4_5","E","QUWI2","Quercus wislizeni","Interior live oak","Upper"
"11140_4_5","E","RHIL","Rhamnus ilicifolia","Hollyleaf redberry","Middle"
"11140_4_5","E","LOIN4","Lonicera interrupta","Chaparral honeysuckle","Middle"
"11150_10_19","A","HECO26","Hesperostipa comata","Needle and thread","Upper"
"11150_10_19","A","ELEL5","Elymus elymoides","Squirreltail","Upper"
"11150_10_19","A","ACHY","Achnatherum hymenoides","Indian ricegrass","Upper"
"11150_10_19","A","CRYPT","Cryptantha","Cryptantha","Lower"
"11150_10_19","B","HECO26","Hesperostipa comata","Needle and thread","Mid-Upper"
"11150_10_19","B","ARNO4","Artemisia nova","Black sagebrush","Upper"
"11150_10_19","B","ELEL5","Elymus elymoides","Squirreltail","Mid-Upper"
"11150_10_19","B","ACHY","Achnatherum hymenoides","Indian ricegrass","Mid-Upper"
"11150_10_19","C","ARNO4","Artemisia nova","Black sagebrush","Middle"
"11150_10_19","C","ELEL5","Elymus elymoides","Squirreltail","Low-Mid"
"11150_10_19","C","JUOS","Juniperus osteosperma","Utah juniper","Upper"
"11150_10_19","C","ACHY","Achnatherum hymenoides","Indian ricegrass","Low-Mid"
"11150_10_19","D","JUOS","Juniperus osteosperma","Utah juniper","Upper"
"11150_10_19","D","ARNO4","Artemisia nova","Black sagebrush","Middle"
"11150_10_19","D","ELEL5","Elymus elymoides","Squirreltail","Low-Mid"
"11150_10_19","D","ACHY","Achnatherum hymenoides","Indian ricegrass","Low-Mid"
"11150_10_19","E","JUOS","Juniperus osteosperma","Utah juniper","Upper"
"11150_10_19","E","ARNO4","Artemisia nova","Black sagebrush","Middle"
"11150_10_19","E","ELEL5","Elymus elymoides","Squirreltail","Lower"
"11150_10_19","E","ACHY","Achnatherum hymenoides","Indian ricegrass","Lower"
"11150_13","A","HECO26","Hesperostipa comata","Needle and thread","Upper"
"11150_13","A","ELEL5","Elymus elymoides","Squirreltail","Upper"
"11150_13","A","ACHY","Achnatherum hymenoides","Indian ricegrass","Upper"
"11150_13","B","HECO26","Hesperostipa comata","Needle and thread","Mid-Upper"
"11150_13","B","ARNO4","Artemisia nova","Black sagebrush","Upper"
"11150_13","B","ELEL5","Elymus elymoides","Squirreltail","Mid-Upper"
"11150_13","B","ACHY","Achnatherum hymenoides","Indian ricegrass","Mid-Upper"
"11150_13","C","ARNO4","Artemisia nova","Black sagebrush","Middle"
"11150_13","C","ELEL5","Elymus elymoides","Squirreltail","Low-Mid"
"11150_13","C","JUOS","Juniperus osteosperma","Utah juniper","Upper"
"11150_13","C","ACHY","Achnatherum hymenoides","Indian ricegrass","Low-Mid"
"11150_13","D","JUOS","Juniperus osteosperma","Utah juniper","Upper"
"11150_13","D","ARNO4","Artemisia nova","Black sagebrush","Middle"
"11150_13","D","ELEL5","Elymus elymoides","Squirreltail","Low-Mid"
"11150_13","D","ACHY","Achnatherum hymenoides","Indian ricegrass","Low-Mid"
"11150_13","E","JUOS","Juniperus osteosperma","Utah juniper","Upper"
"11150_13","E","ARNO4","Artemisia nova","Black sagebrush","Middle"
"11150_13","E","ELEL5","Elymus elymoides","Squirreltail","Lower"
"11150_13","E","ACHY","Achnatherum hymenoides","Indian ricegrass","Lower"
"11150_14","A","HECO26","Hesperostipa comata","Needle and thread","Upper"
"11150_14","A","ELEL5","Elymus elymoides","Squirreltail","Upper"
"11150_14","A","ACHY","Achnatherum hymenoides","Indian ricegrass","Upper"
"11150_14","A","CRYPS","Crypsis","Pricklegrass","Lower"
"11150_14","B","HECO26","Hesperostipa comata","Needle and thread","Mid-Upper"
"11150_14","B","ARNO4","Artemisia nova","Black sagebrush","Upper"
"11150_14","B","ELEL5","Elymus elymoides","Squirreltail","Mid-Upper"
"11150_14","B","ACHY","Achnatherum hymenoides","Indian ricegrass","Mid-Upper"
"11150_14","C","ARNO4","Artemisia nova","Black sagebrush","Middle"
"11150_14","C","ELEL5","Elymus elymoides","Squirreltail","Low-Mid"
"11150_14","C","JUOS","Juniperus osteosperma","Utah juniper","Upper"
"11150_14","C","ACHY","Achnatherum hymenoides","Indian ricegrass","Low-Mid"
"11150_14","D","JUOS","Juniperus osteosperma","Utah juniper","Upper"
"11150_14","D","ARNO4","Artemisia nova","Black sagebrush","Middle"
"11150_14","D","ELEL5","Elymus elymoides","Squirreltail","Low-Mid"
"11150_14","D","ACHY","Achnatherum hymenoides","Indian ricegrass","Low-Mid"
"11150_14","E","JUOS","Juniperus osteosperma","Utah juniper","Upper"
"11150_14","E","ARNO4","Artemisia nova","Black sagebrush","Middle"
"11150_14","E","ELEL5","Elymus elymoides","Squirreltail","Lower"
"11150_14","E","ACHY","Achnatherum hymenoides","Indian ricegrass","Lower"
"11150_15_16_23_24","A","BOGR2","Bouteloua gracilis","Blue grama","Upper"
"11150_15_16_23_24","A","HECO26","Hesperostipa comata","Needle and thread","Upper"
"11150_15_16_23_24","A","CRYPT","Cryptantha","Cryptantha","Lower"
"11150_15_16_23_24","A","PLEUR12","Pleuraphis","Galleta grass","Upper"
"11150_15_16_23_24","B","BOGR2","Bouteloua gracilis","Blue grama","Upper"
"11150_15_16_23_24","B","HECO26","Hesperostipa comata","Needle and thread","Upper"
"11150_15_16_23_24","B","ARTRV","Artemisia tridentata ssp. vaseyana","Mountain big sagebrush","Upper"
"11150_15_16_23_24","C","ARTRV","Artemisia tridentata ssp. vaseyana","Mountain big sagebrush","Upper"
"11150_15_16_23_24","C","BOGR2","Bouteloua gracilis","Blue grama","Middle"
"11150_15_16_23_24","C","JUOC","Juniperus occidentalis","Western juniper","Mid-Upper"
"11150_15_16_23_24","C","JUOS","Juniperus osteosperma","Utah juniper","Mid-Upper"
"11150_15_16_23_24","D","JUOC","Juniperus occidentalis","Western juniper","Upper"
"11150_15_16_23_24","D","BOGR2","Bouteloua gracilis","Blue grama","Lower"
"11150_15_16_23_24","D","ARTRV","Artemisia tridentata ssp. vaseyana","Mountain big sagebrush","Middle"
"11150_15_16_23_24","D","JUOS","Juniperus osteosperma","Utah juniper","Upper"
"11150_15_16_23_24","E","JUOC","Juniperus occidentalis","Western juniper","Upper"
"11150_15_16_23_24","E","BOGR2","Bouteloua gracilis","Blue grama","Lower"
"11150_15_16_23_24","E","JUOS","Juniperus osteosperma","Utah juniper","Upper"
"11150_17","A","HECO26","Hesperostipa comata","Needle and thread","Upper"
"11150_17","A","ELEL5","Elymus elymoides","Squirreltail","Upper"
"11150_17","A","ACHY","Achnatherum hymenoides","Indian ricegrass","Upper"
"11150_17","A","CRYPT","Cryptantha","Cryptantha","Lower"
"11150_17","B","HECO26","Hesperostipa comata","Needle and thread","Mid-Upper"
"11150_17","B","ARNO4","Artemisia nova","Black sagebrush","Upper"
"11150_17","B","ELEL5","Elymus elymoides","Squirreltail","Mid-Upper"
"11150_17","B","ACHY","Achnatherum hymenoides","Indian ricegrass","Mid-Upper"
"11150_17","C","ARNO4","Artemisia nova","Black sagebrush","Middle"
"11150_17","C","ELEL5","Elymus elymoides","Squirreltail","Low-Mid"
"11150_17","C","JUOS","Juniperus osteosperma","Utah juniper","Upper"
"11150_17","C","ACHY","Achnatherum hymenoides","Indian ricegrass","Low-Mid"
"11150_17","D","JUOS","Juniperus osteosperma","Utah juniper","Upper"
"11150_17","D","ARNO4","Artemisia nova","Black sagebrush","Middle"
"11150_17","D","ELEL5","Elymus elymoides","Squirreltail","Low-Mid"
"11150_17","D","ACHY","Achnatherum hymenoides","Indian ricegrass","Low-Mid"
"11150_17","E","JUOS","Juniperus osteosperma","Utah juniper","Upper"
"11150_17","E","ARNO4","Artemisia nova","Black sagebrush","Middle"
"11150_17","E","ELEL5","Elymus elymoides","Squirreltail","Lower"
"11150_17","E","ACHY","Achnatherum hymenoides","Indian ricegrass","Lower"
"11150_21_22","A","PSSP6","Pseudoroegneria spicata","Bluebunch wheatgrass","Upper"
"11150_21_22","A","KOMA","Koeleria macrantha","Prairie junegrass","Upper"
"11150_21_22","A","POSE","Poa secunda","Sandberg bluegrass","Upper"
"11150_21_22","A","JUOS","Juniperus osteosperma","Utah juniper","Upper"
"11150_21_22","B","ARTRW8","Artemisia tridentata ssp. wyomingensis","Wyoming big sagebrush","Middle"
"11150_21_22","B","ARAR8","Artemisia arbuscula","Little sagebrush","Middle"
"11150_21_22","B","PSSP6","Pseudoroegneria spicata","Bluebunch wheatgrass","Lower"
"11150_21_22","B","JUOS","Juniperus osteosperma","Utah juniper","Upper"
"11150_21_22","C","JUOS","Juniperus osteosperma","Utah juniper","Upper"
"11150_21_22","C","ARAR8","Artemisia arbuscula","Little sagebrush","Middle"
"11150_21_22","C","ARTRW8","Artemisia tridentata ssp. wyomingensis","Wyoming big sagebrush","Middle"
"11150_21_22","C","PSSP6","Pseudoroegneria spicata","Bluebunch wheatgrass","Lower"
"11150_21_22","D","JUOS","Juniperus osteosperma","Utah juniper","Upper"
"11150_21_22","D","PSSP6","Pseudoroegneria spicata","Bluebunch wheatgrass","Upper"
"11150_21_22","D","ELEL5","Elymus elymoides","Squirreltail","Lower"
"11150_21_22","D","HECO26","Hesperostipa comata","Needle and thread","Lower"
"11150_28","A","BOGR2","Bouteloua gracilis","Blue grama","Upper"
"11150_28","A","HECO26","Hesperostipa comata","Needle and thread","Upper"
"11150_28","A","PLEUR12","Pleuraphis","Galleta grass","Upper"
"11150_28","B","BOGR2","Bouteloua gracilis","Blue grama","Upper"
"11150_28","B","HECO26","Hesperostipa comata","Needle and thread","Upper"
"11150_28","B","ARTRV","Artemisia tridentata ssp. vaseyana","Mountain big sagebrush","Upper"
"11150_28","C","ARTRV","Artemisia tridentata ssp. vaseyana","Mountain big sagebrush","Upper"
"11150_28","C","BOGR2","Bouteloua gracilis","Blue grama","Middle"
"11150_28","C","JUOC","Juniperus occidentalis","Western juniper","Mid-Upper"
"11150_28","C","JUOS","Juniperus osteosperma","Utah juniper","Mid-Upper"
"11150_28","D","JUOC","Juniperus occidentalis","Western juniper","Upper"
"11150_28","D","BOGR2","Bouteloua gracilis","Blue grama","Lower"
"11150_28","D","ARTRV","Artemisia tridentata ssp. vaseyana","Mountain big sagebrush","Middle"
"11150_28","D","JUOS","Juniperus osteosperma","Utah juniper","Upper"
"11150_28","E","JUOC","Juniperus occidentalis","Western juniper","Upper"
"11150_28","E","BOGR2","Bouteloua gracilis","Blue grama","Lower"
"11150_28","E","JUOS","Juniperus osteosperma","Utah juniper","Upper"
"11160_15_25","A","BOCU","Bouteloua curtipendula","Sideoats grama","Upper"
"11160_15_25","A","BOBA3","Bothriochloa barbinodis","Cane bluestem","Upper"
"11160_15_25","A","QUAR","Quercus arizonica","Arizona white oak","Upper"
"11160_15_25","A","QUEM","Quercus emoryi","Emory oak","Upper"
"11160_15_25","B","JUDE","Juncus debilis","Weak rush","Upper"
"11160_15_25","B","PIED","Pinus edulis","Twoneedle pinyon","Upper"
"11160_15_25","B","QUAR","Quercus arizonica","Arizona white oak","Upper"
"11160_15_25","B","QUEM","Quercus emoryi","Emory oak","Upper"
"11160_15_25","C","JUDE","Juncus debilis","Weak rush","Upper"
"11160_15_25","C","PIED","Pinus edulis","Twoneedle pinyon","Upper"
"11160_15_25","C","QUAR","Quercus arizonica","Arizona white oak","Upper"
"11160_15_25","C","QUEM","Quercus emoryi","Emory oak","Upper"
"11160_24","A","BOCU","Bouteloua curtipendula","Sideoats grama","Upper"
"11160_24","A","BOBA3","Bothriochloa barbinodis","Cane bluestem","Upper"
"11160_24","A","MUHLE","Muhlenbergia","Muhly","Upper"
"11160_24","A","QUGR3","Quercus grisea","Gray oak","Mid-Upper"
"11160_24","B","JUDE","Juncus debilis","Weak rush","Upper"
"11160_24","B","PIED","Pinus edulis","Twoneedle pinyon","Upper"
"11160_24","B","QUAR","Quercus arizonica","Arizona white oak","Upper"
"11160_24","B","QUEM","Quercus emoryi","Emory oak","Upper"
"11160_24","C","JUDE","Juncus debilis","Weak rush","Upper"
"11160_24","C","PIED","Pinus edulis","Twoneedle pinyon","Upper"
"11160_24","C","QUAR","Quercus arizonica","Arizona white oak","Upper"
"11160_24","C","QUEM","Quercus emoryi","Emory oak","Upper"
"11160_26","A","BOCU","Bouteloua curtipendula","Sideoats grama","Upper"
"11160_26","A","ACHNA","Achnatherum","Needlegrass","Upper"
"11160_26","A","QUGR3","Quercus grisea","Gray oak","Upper"
"11160_26","A","QUEM","Quercus emoryi","Emory oak","Upper"
"11160_26","B","JUDE","Juncus debilis","Weak rush","Upper"
"11160_26","B","PICE","Pinus cembroides","Mexican pinyon","Upper"
"11160_26","B","QUGR3","Quercus grisea","Gray oak","Upper"
"11160_26","B","QUEM","Quercus emoryi","Emory oak","Upper"
"11160_26","C","JUDE","Juncus debilis","Weak rush","Upper"
"11160_26","C","PICE","Pinus cembroides","Mexican pinyon","Upper"
"11160_26","C","QUGR3","Quercus grisea","Gray oak","Middle"
"11160_26","C","QUEM","Quercus emoryi","Emory oak","Middle"
"11160_26","D","JUCO11","Juniperus coahuilensis","Redberry juniper","Upper"
"11160_26","D","PICE","Pinus cembroides","Mexican pinyon","Upper"
"11160_26","D","QUGR3","Quercus grisea","Gray oak","Middle"
"11160_26","D","QUEM","Quercus emoryi","Emory oak","Middle"
"11170_13_15_28","A","FEAR2","Festuca arizonica","Arizona fescue","Lower"
"11170_13_15_28","A","MUMO","Muhlenbergia montana","Mountain muhly","Lower"
"11170_13_15_28","A","PIPO","Pinus ponderosa","Ponderosa pine","All"
"11170_13_15_28","B","PIPO","Pinus ponderosa","Ponderosa pine","Lower"
"11170_13_15_28","B","FEAR2","Festuca arizonica","Arizona fescue","Lower"
"11170_13_15_28","B","MUMO","Muhlenbergia montana","Mountain muhly","Lower"
"11170_13_15_28","C","PIPO","Pinus ponderosa","Ponderosa pine","Upper"
"11170_13_15_28","C","FEAR2","Festuca arizonica","Arizona fescue","Lower"
"11170_13_15_28","C","MUMO","Muhlenbergia montana","Mountain muhly","Lower"
"11170_13_15_28","D","PIPO","Pinus ponderosa","Ponderosa pine","Upper"
"11170_13_15_28","D","FEAR2","Festuca arizonica","Arizona fescue","Lower"
"11170_13_15_28","D","MUMO","Muhlenbergia montana","Mountain muhly","Lower"
"11170_13_15_28","E","PIPO","Pinus ponderosa","Ponderosa pine","Upper"
"11170_13_15_28","E","FEAR2","Festuca arizonica","Arizona fescue","Lower"
"11170_13_15_28","E","MUMO","Muhlenbergia montana","Mountain muhly","Lower"
"11170_16_23_24","A","PIPO","Pinus ponderosa","Ponderosa pine","Upper"
"11170_16_23_24","A","FEID","Festuca idahoensis","Idaho fescue","Lower"
"11170_16_23_24","A","PSSP6","Pseudoroegneria spicata","Bluebunch wheatgrass","Lower"
"11170_16_23_24","A","FEAR2","Festuca arizonica","Arizona fescue","Lower"
"11170_16_23_24","B","PIPO","Pinus ponderosa","Ponderosa pine","Upper"
"11170_16_23_24","B","FEID","Festuca idahoensis","Idaho fescue","Lower"
"11170_16_23_24","B","PSSP6","Pseudoroegneria spicata","Bluebunch wheatgrass","Lower"
"11170_16_23_24","B","FEAR2","Festuca arizonica","Arizona fescue","Lower"
"11170_16_23_24","C","PIPO","Pinus ponderosa","Ponderosa pine","Upper"
"11170_16_23_24","C","FEID","Festuca idahoensis","Idaho fescue","Lower"
"11170_16_23_24","C","PSSP6","Pseudoroegneria spicata","Bluebunch wheatgrass","Lower"
"11170_16_23_24","C","FEAR2","Festuca arizonica","Arizona fescue","Lower"
"11170_16_23_24","D","PIPO","Pinus ponderosa","Ponderosa pine","Upper"
"11170_16_23_24","D","FEID","Festuca idahoensis","Idaho fescue","Lower"
"11170_16_23_24","D","PSSP6","Pseudoroegneria spicata","Bluebunch wheatgrass","Lower"
"11170_16_23_24","D","FEAR2","Festuca arizonica","Arizona fescue","Lower"
"11170_16_23_24","E","PIPO","Pinus ponderosa","Ponderosa pine","Upper"
"11170_16_23_24","E","FEAR2","Festuca arizonica","Arizona fescue","Lower"
"11170_16_23_24","E","ABCO","Abies concolor","White fir","Mid-Upper"
"11170_16_23_24","E","PSEUD7","Pseudotsuga","Douglas-fir","Upper"
"11170_20","A","PIPO","Pinus ponderosa","Ponderosa pine","Upper"
"11170_20","A","FEID","Festuca idahoensis","Idaho fescue","Lower"
"11170_20","A","PSSP6","Pseudoroegneria spicata","Bluebunch wheatgrass","Lower"
"11170_20","B","PIPO","Pinus ponderosa","Ponderosa pine","Upper"
"11170_20","B","FEID","Festuca idahoensis","Idaho fescue","Lower"
"11170_20","B","PSSP6","Pseudoroegneria spicata","Bluebunch wheatgrass","Lower"
"11170_20","C","PIPO","Pinus ponderosa","Ponderosa pine","Upper"
"11170_20","C","FEID","Festuca idahoensis","Idaho fescue","Lower"
"11170_20","C","PSSP6","Pseudoroegneria spicata","Bluebunch wheatgrass","Lower"
"11170_20","D","PIPO","Pinus ponderosa","Ponderosa pine","Upper"
"11170_20","D","FEID","Festuca idahoensis","Idaho fescue","Lower"
"11170_20","D","PSSP6","Pseudoroegneria spicata","Bluebunch wheatgrass","Lower"
"11170_20","E","PIPO","Pinus ponderosa","Ponderosa pine","Upper"
"11170_20","E","PSEUD7","Pseudotsuga","Douglas-fir","Upper"
"11170_20","E","FEID","Festuca idahoensis","Idaho fescue","Lower"
"11170_20","E","PSSP6","Pseudoroegneria spicata","Bluebunch wheatgrass","Lower"
"11170_29","A","NAVI4","Nassella viridula","Green needlegrass","Mid-Upper"
"11170_29","A","PASM","Pascopyrum smithii","Western wheatgrass","Mid-Upper"
"11170_29","A","PSSP6","Pseudoroegneria spicata","Bluebunch wheatgrass","Mid-Upper"
"11170_29","A","CAREX","Carex","Sedge","Low-Mid"
"11170_29","B","PIPO","Pinus ponderosa","Ponderosa pine","Upper"
"11170_29","C","PIPO","Pinus ponderosa","Ponderosa pine","Upper"
"11170_29","C","NAVI4","Nassella viridula","Green needlegrass","Lower"
"11170_29","C","PASM","Pascopyrum smithii","Western wheatgrass","Lower"
"11170_29","C","PSSP6","Pseudoroegneria spicata","Bluebunch wheatgrass","Lower"
"11170_29","D","PIPO","Pinus ponderosa","Ponderosa pine","Upper"
"11170_29","D","NAVI4","Nassella viridula","Green needlegrass","Lower"
"11170_29","D","PASM","Pascopyrum smithii","Western wheatgrass","Lower"
"11170_29","D","PSSP6","Pseudoroegneria spicata","Bluebunch wheatgrass","Lower"
"11170_29","E","PIPO","Pinus ponderosa","Ponderosa pine","Upper"
"11170_33","A","ACLE9","Achnatherum lettermanii","Letterman's needlegrass","Lower"
"11170_33","A","SCHIZ4","Schizachyrium","Little bluestem","Lower"
"11170_33","A","PIPO","Pinus ponderosa","Ponderosa pine","All"
"11170_33","A","YUGL","Yucca glauca","Soapweed yucca","Lower"
"11170_33","B","PIPO","Pinus ponderosa","Ponderosa pine","Upper"
"11170_33","B","ACLE9","Achnatherum lettermanii","Letterman's needlegrass","Lower"
"11170_33","B","YUGL","Yucca glauca","Soapweed yucca","Lower"
"11170_33","B","SCHIZ4","Schizachyrium","Little bluestem","Lower"
"11170_33","C","PIPO","Pinus ponderosa","Ponderosa pine","Upper"
"11170_33","C","ACLE9","Achnatherum lettermanii","Letterman's needlegrass","Lower"
"11170_33","C","MUMO","Muhlenbergia montana","Mountain muhly","Lower"
"11170_33","D","PIPO","Pinus ponderosa","Ponderosa pine","Upper"
"11170_33","D","ACLE9","Achnatherum lettermanii","Letterman's needlegrass","Lower"
"11170_33","D","MUMO","Muhlenbergia montana","Mountain muhly","Lower"
"11170_33","E","PIPO","Pinus ponderosa","Ponderosa pine","Upper"
"11170_33","E","ACLE9","Achnatherum lettermanii","Letterman's needlegrass","Lower"
"11170_33","E","MUMO","Muhlenbergia montana","Mountain muhly","Lower"
"11171_27","A","SCSC","Schizachyrium scoparium","Little bluestem","Lower"
"11171_27","A","FEAR2","Festuca arizonica","Arizona fescue","Lower"
"11171_27","A","PIPO","Pinus ponderosa","Ponderosa pine","All"
"11171_27","A","QUGA","Quercus gambelii","Gambel oak","Middle"
"11171_27","B","PIPO","Pinus ponderosa","Ponderosa pine","Upper"
"11171_27","B","MUMO","Muhlenbergia montana","Mountain muhly","Lower"
"11171_27","B","QUGA","Quercus gambelii","Gambel oak","Middle"
"11171_27","B","SCHIZ4","Schizachyrium","Little bluestem","Lower"
"11171_27","C","PIPO","Pinus ponderosa","Ponderosa pine","Upper"
"11171_27","C","FEAR2","Festuca arizonica","Arizona fescue","Lower"
"11171_27","C","QUGA","Quercus gambelii","Gambel oak","Middle"
"11171_27","C","SCHIZ4","Schizachyrium","Little bluestem","Lower"
"11172_27","A","ACLE9","Achnatherum lettermanii","Letterman's needlegrass","Lower"
"11172_27","A","SCHIZ4","Schizachyrium","Little bluestem","Lower"
"11172_27","A","PIPO","Pinus ponderosa","Ponderosa pine","All"
"11172_27","A","YUGL","Yucca glauca","Soapweed yucca","Lower"
"11172_27","B","PIPO","Pinus ponderosa","Ponderosa pine","Upper"
"11172_27","B","ACLE9","Achnatherum lettermanii","Letterman's needlegrass","Lower"
"11172_27","B","YUGL","Yucca glauca","Soapweed yucca","Lower"
"11172_27","B","SCHIZ4","Schizachyrium","Little bluestem","Lower"
"11172_27","C","PIPO","Pinus ponderosa","Ponderosa pine","Upper"
"11172_27","C","ACLE9","Achnatherum lettermanii","Letterman's needlegrass","Lower"
"11172_27","C","MUMO","Muhlenbergia montana","Mountain muhly","Lower"
"11172_27","D","PIPO","Pinus ponderosa","Ponderosa pine","Upper"
"11172_27","D","ACLE9","Achnatherum lettermanii","Letterman's needlegrass","Lower"
"11172_27","D","MUMO","Muhlenbergia montana","Mountain muhly","Lower"
"11172_27","E","PIPO","Pinus ponderosa","Ponderosa pine","Upper"
"11172_27","E","ACLE9","Achnatherum lettermanii","Letterman's needlegrass","Lower"
"11172_27","E","MUMO","Muhlenbergia montana","Mountain muhly","Lower"
"11180_4","A","QUAG","Quercus agrifolia","California live oak","Upper"
"11180_4","A","QUEN","Quercus engelmannii","Engelmann oak","Upper"
"11180_4","A","JUCA","Juglans californica","Southern california  walnut","Upper"
"11180_4","A","RHIL","Rhamnus ilicifolia","Hollyleaf redberry","Upper"
"11180_4","B","QUAG","Quercus agrifolia","California live oak","Upper"
"11180_4","B","QUEN","Quercus engelmannii","Engelmann oak","Upper"
"11180_4","B","JUCA","Juglans californica","Southern california  walnut","Upper"
"11180_4","B","RHIL","Rhamnus ilicifolia","Hollyleaf redberry","Middle"
"11180_4","C","QUAG","Quercus agrifolia","California live oak","Upper"
"11180_4","C","QUEN","Quercus engelmannii","Engelmann oak","Upper"
"11180_4","C","JUCA","Juglans californica","Southern california  walnut","Upper"
"11180_4","D","QUAG","Quercus agrifolia","California live oak","Upper"
"11180_4","D","QUEN","Quercus engelmannii","Engelmann oak","Upper"
"11180_4","D","JUCA","Juglans californica","Southern california  walnut","Upper"
"11180_4","D","PLRA","Platanus racemose","California sycamore","Middle"
"11190_24_25","A","PIED","Pinus edulis","Twoneedle pinyon","All"
"11190_24_25","A","JUMO","Juniperus monosperma","Oneseed juniper","All"
"11190_24_25","A","JUSC2","Juniperus scopulorum","Rocky mountain juniper","All"
"11190_24_25","A","BOGR2","Bouteloua gracilis","Blue grama","Lower"
"11190_24_25","B","PIED","Pinus edulis","Twoneedle pinyon","Upper"
"11190_24_25","B","JUMO","Juniperus monosperma","Oneseed juniper","Upper"
"11190_24_25","B","JUSC2","Juniperus scopulorum","Rocky mountain juniper","Upper"
"11190_24_25","B","BOGR2","Bouteloua gracilis","Blue grama","Lower"
"11190_24_25","C","PIED","Pinus edulis","Twoneedle pinyon","Upper"
"11190_24_25","C","JUMO","Juniperus monosperma","Oneseed juniper","Upper"
"11190_24_25","C","JUSC2","Juniperus scopulorum","Rocky mountain juniper","Upper"
"11190_24_25","C","BOGR2","Bouteloua gracilis","Blue grama","Lower"
"11190_24_25","D","PIED","Pinus edulis","Twoneedle pinyon","Upper"
"11190_24_25","D","JUMO","Juniperus monosperma","Oneseed juniper","Upper"
"11190_24_25","D","JUSC2","Juniperus scopulorum","Rocky mountain juniper","Upper"
"11190_24_25","D","BOGR2","Bouteloua gracilis","Blue grama","Lower"
"11190_24_25","E","PIED","Pinus edulis","Twoneedle pinyon","Upper"
"11190_24_25","E","JUMO","Juniperus monosperma","Oneseed juniper","Upper"
"11190_24_25","E","JUSC2","Juniperus scopulorum","Rocky mountain juniper","Upper"
"11190_24_25","E","BOGR2","Bouteloua gracilis","Blue grama","Lower"
"11190_26","A","PIFI","Piptochaetium fimbriatum","Pinyon ricegrass","Upper"
"11190_26","A","BOGR2","Bouteloua gracilis","Blue grama","Upper"
"11190_26","A","QUGA","Quercus gambelii","Gambel oak","Upper"
"11190_26","A","QUTU2","Quercus turbinella","Sonoran scrub oak","Upper"
"11190_26","B","JUDE","Juncus debilis","Weak rush","Upper"
"11190_26","B","PIED","Pinus edulis","Twoneedle pinyon","Upper"
"11190_26","B","QUGA","Quercus gambelii","Gambel oak","Upper"
"11190_26","B","QUTU2","Quercus turbinella","Sonoran scrub oak","Upper"
"11190_26","C","JUDE","Juncus debilis","Weak rush","Upper"
"11190_26","C","PIED","Pinus edulis","Twoneedle pinyon","Upper"
"11190_26","C","QUGA","Quercus gambelii","Gambel oak","Middle"
"11190_26","C","QUTU2","Quercus turbinella","Sonoran scrub oak","Middle"
"11190_26","D","JUDE","Juncus debilis","Weak rush","Upper"
"11190_26","D","PIED","Pinus edulis","Twoneedle pinyon","Upper"
"11190_26","D","PIFI","Piptochaetium fimbriatum","Pinyon ricegrass","Lower"
"11190_26","D","BOGR2","Bouteloua gracilis","Blue grama","Lower"
"11190_27","A","PIED","Pinus edulis","Twoneedle pinyon","All"
"11190_27","A","JUMO","Juniperus monosperma","Oneseed juniper","All"
"11190_27","A","JUSC2","Juniperus scopulorum","Rocky mountain juniper","All"
"11190_27","A","BOGR2","Bouteloua gracilis","Blue grama","Lower"
"11190_27","B","PIED","Pinus edulis","Twoneedle pinyon","Upper"
"11190_27","B","JUMO","Juniperus monosperma","Oneseed juniper","Upper"
"11190_27","B","JUSC2","Juniperus scopulorum","Rocky mountain juniper","Upper"
"11190_27","B","BOGR2","Bouteloua gracilis","Blue grama","Lower"
"11190_27","C","PIED","Pinus edulis","Twoneedle pinyon","Upper"
"11190_27","C","JUMO","Juniperus monosperma","Oneseed juniper","Upper"
"11190_27","C","JUSC2","Juniperus scopulorum","Rocky mountain juniper","Upper"
"11190_27","C","BOGR2","Bouteloua gracilis","Blue grama","Lower"
"11190_27","D","PIED","Pinus edulis","Twoneedle pinyon","Upper"
"11190_27","D","JUMO","Juniperus monosperma","Oneseed juniper","Upper"
"11190_27","D","JUSC2","Juniperus scopulorum","Rocky mountain juniper","Upper"
"11190_27","D","BOGR2","Bouteloua gracilis","Blue grama","Lower"
"11190_27","E","PIED","Pinus edulis","Twoneedle pinyon","Upper"
"11190_27","E","JUMO","Juniperus monosperma","Oneseed juniper","Upper"
"11190_27","E","JUSC2","Juniperus scopulorum","Rocky mountain juniper","Upper"
"11190_27","E","BOGR2","Bouteloua gracilis","Blue grama","Lower"
"11190_28","A","PIED","Pinus edulis","Twoneedle pinyon","All"
"11190_28","A","JUMO","Juniperus monosperma","Oneseed juniper","All"
"11190_28","A","JUSC2","Juniperus scopulorum","Rocky mountain juniper","All"
"11190_28","A","BOGR2","Bouteloua gracilis","Blue grama","Lower"
"11190_28","B","PIED","Pinus edulis","Twoneedle pinyon","Upper"
"11190_28","B","JUMO","Juniperus monosperma","Oneseed juniper","Upper"
"11190_28","B","JUSC2","Juniperus scopulorum","Rocky mountain juniper","Upper"
"11190_28","B","BOGR2","Bouteloua gracilis","Blue grama","Lower"
"11190_28","C","PIED","Pinus edulis","Twoneedle pinyon","Upper"
"11190_28","C","JUMO","Juniperus monosperma","Oneseed juniper","Upper"
"11190_28","C","JUSC2","Juniperus scopulorum","Rocky mountain juniper","Upper"
"11190_28","C","BOGR2","Bouteloua gracilis","Blue grama","Lower"
"11190_28","D","PIED","Pinus edulis","Twoneedle pinyon","Upper"
"11190_28","D","JUMO","Juniperus monosperma","Oneseed juniper","Upper"
"11190_28","D","JUSC2","Juniperus scopulorum","Rocky mountain juniper","Upper"
"11190_28","D","BOGR2","Bouteloua gracilis","Blue grama","Lower"
"11190_28","E","PIED","Pinus edulis","Twoneedle pinyon","Upper"
"11190_28","E","JUMO","Juniperus monosperma","Oneseed juniper","Upper"
"11190_28","E","JUSC2","Juniperus scopulorum","Rocky mountain juniper","Upper"
"11190_28","E","BOGR2","Bouteloua gracilis","Blue grama","Lower"
"11190_34","A","BOCU","Bouteloua curtipendula","Sideoats grama","Upper"
"11190_34","A","CHER2","Chaetopappa ericoides","Rose heath","Upper"
"11190_34","A","GUSA2","Gutierrezia sarothrae","Broom snakeweed","Upper"
"11190_34","B","JUPI","Juniperus pinchotii","Pinchot's juniper","Upper"
"11190_34","B","JUMO","Juniperus monosperma","Oneseed juniper","Upper"
"11190_34","B","RHAR4","Rhus aromatica","Fragrant sumac","Middle"
"11190_34","B","BOCU","Bouteloua curtipendula","Sideoats grama","Lower"
"11190_34","C","JUPI","Juniperus pinchotii","Pinchot's juniper","Upper"
"11190_34","C","JUMO","Juniperus monosperma","Oneseed juniper","Upper"
"11190_34","C","RHAR4","Rhus aromatic","Fragrant sumac","Middle"
"11190_34","C","BOCU","Bouteloua curtipendula","Sideoats grama","Lower"
"11200_1_2_7","A","QUGA4","Quercus garryana","Oregon white oak","Lower"
"11200_1_2_7","A","FERO","Festuca roemeri","Roemer's fescue","Lower"
"11200_1_2_7","A","POSE","Poa secunda","Sandberg bluegrass","Lower"
"11200_1_2_7","B","QUGA4","Quercus garryana","Oregon white oak","Upper"
"11200_1_2_7","B","SYAL","Symphoricarpos albus","Common snowberry","Low-Mid"
"11200_1_2_7","B","TODI","Toxicodendron diversilobum","Pacific poison oak","Low-Mid"
"11200_1_2_7","B","FERO","Festuca roemeri","Roemer's fescue","Lower"
"11200_1_2_7","C","QUGA4","Quercus garryana","Oregon white oak","Upper"
"11200_1_2_7","C","FERO","Festuca roemeri","Roemer's fescue","Lower"
"11200_1_2_7","C","DACA3","Danthonia californica","California oatgrass","Lower"
"11200_1_2_7","D","QUGA4","Quercus garryana","Oregon white oak","None"
"11200_1_2_7","D","FERO","Festuca roemeri","Roemer's fescue","None"
"11200_1_2_7","D","DACA3","Danthonia californica","California oatgrass","None"
"11200_1_2_7","E","PSME","Pseudotsuga menziesii","Douglas-fir","Upper"
"11200_1_2_7","E","TSHE","Tsuga heterophylla","Western hemlock","Upper"
"11200_1_2_7","E","ABGR","Abies grandis","Grand fir","Upper"
"11200_1_2_7","E","SYAL","Symphoricarpos albus","Common snowberry","Low-Mid"
"11210_14","A","BOUTE","Bouteloua","Grama","Upper"
"11210_14","A","PLMU3","Pleuraphis mutica","tobosagrass","Upper"
"11210_14","A","ARIST","Aristida","Threeawn","Upper"
"11210_14","B","BOUTE","Bouteloua","Grama","Low-Mid"
"11210_14","B","PLMU3","Pleuraphis mutica","tobosagrass","Low-Mid"
"11210_14","B","ARIST","Aristida","Threeawn","Low-Mid"
"11210_14","B","LATR2","Larrea tridentata","Creosote bush","Upper"
"11210_14","C","BOUTE","Bouteloua","Grama","Low-Mid"
"11210_14","C","PLMU3","Pleuraphis mutica","tobosagrass","Low-Mid"
"11210_14","C","ARIST","Aristida","Threeawn","Low-Mid"
"11210_14","C","LATR2","Larrea tridentate","Creosote bush","Upper"
"11210_14","D","PRGL2","Prosopis glandulosa","Honey mesquite","Upper"
"11210_14","D","PLMU3","Pleuraphis mutica","tobosagrass","Lower"
"11210_14","D","ARIST","Aristida","Threeawn","Lower"
"11210_14","D","LATR2","Larrea tridentata","Creosote bush","Upper"
"11210_15","A","BOUTE","Bouteloua","Grama","Upper"
"11210_15","A","PLMU3","Pleuraphis mutica","Tobosagrass","Upper"
"11210_15","A","ARIST","Aristida","Threeawn","Upper"
"11210_15","B","BOUTE","Bouteloua","Grama","Low-Mid"
"11210_15","B","PLMU3","Pleuraphis mutica","Tobosagrass","Low-Mid"
"11210_15","B","ARIST","Aristida","Threeawn","Low-Mid"
"11210_15","B","LATR2","Larrea tridentata","Creosote bush","Upper"
"11210_15","C","BOUTE","Bouteloua","Grama","Low-Mid"
"11210_15","C","PLMU3","Pleuraphis mutica","Tobosagrass","Low-Mid"
"11210_15","C","ARIST","Aristida","Threeawn","Low-Mid"
"11210_15","C","LATR2","Larrea tridentata","Creosote bush","Upper"
"11210_15","D","PRGL2","Prosopis glandulosa","Honey mesquite","Upper"
"11210_15","D","PLMU3","Pleuraphis mutica","Tobosagrass","Lower"
"11210_15","D","ARIST","Aristida","Threeawn","Lower"
"11210_15","D","LATR2","Larrea tridentata","Creosote bush","Upper"
"11210_24","A","BOER4","Bouteloua eriopoda","Black grama","Lower"
"11210_24","A","BOCU","Bouteloua curtipendula","Sideoats grama","Lower"
"11210_24","A","BOGR2","Bouteloua gracilis","Blue grama","Lower"
"11210_24","A","GUSA2","Gutierrezia sarothrae","Broom snakeweed","Low-Mid"
"11210_24","B","BOER4","Bouteloua eriopoda","Black grama","Lower"
"11210_24","B","ERIN","Eragrostis intermedia","Plains lovegrass","Lower"
"11210_24","B","BOGR2","Bouteloua gracilis","Blue grama","Lower"
"11210_24","B","PLMU3","Pleuraphis mutica","Tobosagrass","Lower"
"11210_24","C","BOER4","Bouteloua eriopoda","Black grama","Lower"
"11210_24","C","ERIN","Eragrostis intermedia","Plains lovegrass","Lower"
"11210_24","C","BOGR","Boerhavia gracillima","Slimstalk spiderling","Lower"
"11210_24","C","PLMU3","Pleuraphis mutica","Tobosagrass","Lower"
"11210_24","D","BOER4","Bouteloua eriopoda","Black grama","Lower"
"11210_24","D","ERIN","Eragrostis intermedia","Plains lovegrass","Lower"
"11210_24","D","PROSO","Prosopis","Mesquite","Upper"
"11210_24","D","QUERC","Quercus","Oak","Upper"
"11210_25","A","BOER4","Bouteloua eriopoda","Black grama","Upper"
"11210_25","A","PLMU3","Pleuraphis mutica","Tobosagrass","Upper"
"11210_25","A","PAOB","Panicum obtusum","Vine mesquite","Upper"
"11210_25","A","SPAI","Sporobolus airoides","Alkali sacaton","Upper"
"11210_25","B","BOER4","Bouteloua eriopoda","Black grama","Middle"
"11210_25","B","PLMU3","Pleuraphis mutica","Tobosagrass","Middle"
"11210_25","B","SPAI","Sporobolus airoides","Alkali sacaton","Middle"
"11210_25","B","LATR2","Larrea tridentata","Creosote bush","Upper"
"11210_25","C","BOER4","Bouteloua eriopoda","Black grama","Middle"
"11210_25","C","PLMU3","Pleuraphis mutica","Tobosagrass","Middle"
"11210_25","C","SPAI","Sporobolus airoides","Alkali sacaton","Middle"
"11210_25","C","LATR2","Larrea tridentata","Creosote bush","Upper"
"11210_26","A","BOER4","Bouteloua eriopoda","Black grama","Upper"
"11210_26","A","BOGR2","Bouteloua gracilis","Blue grama","Upper"
"11210_26","A","BOCU","Bouteloua curtipendula","Sideoats grama","Upper"
"11210_26","B","BOER4","Bouteloua eriopoda","Black grama","Middle"
"11210_26","B","BOGR2","Bouteloua gracilis","Blue grama","Middle"
"11210_26","B","BOCU","Bouteloua curtipendula","Sideoats grama","Middle"
"11210_26","B","KOSP","Koeberlinia spinosa","Crown of thorns","Upper"
"11210_26","C","BOER4","Bouteloua eriopoda","Black grama","Middle"
"11210_26","C","BOGR2","Bouteloua gracilis","Blue grama","Middle"
"11210_26","C","BOCU","Bouteloua curtipendula","Sideoats grama","Middle"
"11210_26","C","KOSP","Koeberlinia spinosa","Crown of thorns","Upper"
"11210_27","A","BOER4","Bouteloua eriopoda","Black grama","Upper"
"11210_27","A","BOGR2","Bouteloua gracilis","Blue grama","Upper"
"11210_27","A","BOCU","Bouteloua curtipendula","Sideoats grama","Upper"
"11210_27","B","BOER4","Bouteloua eriopoda","Black grama","Middle"
"11210_27","B","BOGR2","Bouteloua gracilis","Blue grama","Middle"
"11210_27","B","BOCU","Bouteloua curtipendula","Sideoats grama","Middle"
"11210_27","B","KOSP","Koeberlinia spinosa","Crown of thorns","Upper"
"11210_27","C","BOER4","Bouteloua eriopoda","Black grama","Middle"
"11210_27","C","BOGR2","Bouteloua gracilis","Blue grama","Middle"
"11210_27","C","BOCU","Bouteloua curtipendula","Sideoats grama","Middle"
"11210_27","C","KOSP","Koeberlinia spinosa","Crown of thorns","Upper"
"11220_25","A","SPAI","Sporobolus airoides","Alkali sacaton","Low-Mid"
"11220_25","A","BOER4","Bouteloua eriopoda","Black grama","Upper"
"11220_25","A","BOGR2","Bouteloua gracilis","Blue grama","None"
"11220_25","A","BOBR","Bouteloua breviseta","Gypsum grama","None"
"11220_25","B","SPAI","Sporobolus airoides","Alkali sacaton","Low-Mid"
"11220_25","B","BOER4","Bouteloua eriopoda","Black grama","None"
"11220_25","B","BOGR2","Bouteloua gracilis","Blue grama","None"
"11220_25","B","BOBR","Bouteloua breviseta","Gypsum grama","None"
"11220_26","A","SPAI","Sporobolus airoides","Alkali sacaton","Low-Mid"
"11220_26","A","BOER4","Bouteloua eriopoda","Black grama","Upper"
"11220_26","A","BOGR2","Bouteloua gracilis","Blue grama","Upper"
"11220_26","A","BOBR","Bouteloua breviseta","Gypsum grama","Upper"
"11220_26","B","SPAI","Sporobolus airoides","Alkali sacaton","Low-Mid"
"11220_26","B","BOER4","Bouteloua eriopoda","Black grama","Upper"
"11220_26","B","BOGR2","Bouteloua gracilis","Blue grama","Upper"
"11220_26","B","BOBR","Bouteloua breviseta","Gypsum grama","Upper"
"11220_27","A","BOBR","Bouteloua breviseta","Gypsum grama","Upper"
"11220_27","A","MUPU2","Muhlenbergia pungens","Sandhill muhly","Upper"
"11220_27","A","SPNE","Sporobolus nealleyi","Gyp dropseed","Upper"
"11220_27","A","EPTO","Ephedra torreyana","Torrey's jointfir","Upper"
"11230_1_7_8_9","A","PSSP","Psilostrophe sparsiflora","Greenstem paperflower","Upper"
"11230_1_7_8_9","A","POSE","Poa secunda","Sandberg bluegrass","Upper"
"11230_1_7_8_9","A","FEID","Festuca idahoensis","Idaho fescue","Upper"
"11230_1_7_8_9","B","PSSP","Psilostrophe sparsiflora","Greenstem paperflower","Upper"
"11230_1_7_8_9","B","POSE","Poa secunda","Sandberg bluegrass","Upper"
"11230_1_7_8_9","B","FEID","Festuca idahoensis","Idaho fescue","Upper"
"11230_1_7_8_9","B","ACTH7","Achnatherum thurberianum","Thurber's needlegrass","Upper"
"11230_1_7_8_9","C","ARTRW8","Artemisia tridentata ssp. wyomingensis","Wyoming big sagebrush","Upper"
"11230_1_7_8_9","C","CHVI4","Chloris virgata","Feather fingergrass","Upper"
"11230_1_7_8_9","C","ERNA10","Ericameria nauseosa","Rubber rabbitbrush","Upper"
"11230_1_7_8_9","C","PSSPS","Pseudoroegneria spicata ssp. spicata","Bluebunch wheatgrass","Lower"
"11230_10_18","A","LETR5","Leymus triticoides","Beardless wildrye","Upper"
"11230_10_18","A","MURI","Muhlenbergia richardsonis","Mat muhly","Lower"
"11230_10_18","B","ARCAV2","Artemisia cana ssp. viscidula","Silver sagebrush","Upper"
"11230_10_18","B","LETR5","Leymus triticoides","Beardless wildrye","Upper"
"11230_10_18","B","MURI","Muhlenbergia richardsonis","Mat muhly","Lower"
"11240_1_7_8_9","A","POSE","Poa secunda","Sandberg bluegrass","Upper"
"11240_1_7_8_9","A","LOMAT","Lomatium spp.","Desert parsley","Low-Mid"
"11240_1_7_8_9","A","BALSA","Balsamorhiza spp.","Balsamroot","Upper"
"11240_1_7_8_9","A","LUPIN","Lupinus spp.","Lupine","Mid-Upper"
"11240_1_7_8_9","B","ARAR8","Artemisia arbuscula","Little sagebrush","Upper"
"11240_1_7_8_9","B","ARNO4","Artemisia nova","Black sagebrush","Upper"
"11240_1_7_8_9","B","ARPY2","Artemisia pygmaea","Pygmy sagebrush","Upper"
"11240_1_7_8_9","B","POSE","Poa secunda","Sandberg bluegrass","Low-Mid"
"11240_1_7_8_9","C","ARAR8","Artemisia arbuscula","Little sagebrush","Upper"
"11240_1_7_8_9","C","ARNO4","Artemisia nova","Black sagebrush","Upper"
"11240_1_7_8_9","C","ARPY2","Artemisia pygmaea","Pygmy sagebrush","Upper"
"11240_1_7_8_9","C","POSE","Poa secunda","Sandberg bluegrass","Low-Mid"
"11240_10_12_17_18_19_21","A","PSSP6","Pseudoroegneria spicata","Bluebunch wheatgrass","Middle"
"11240_10_12_17_18_19_21","A","CHVI8","Chrysothamnus viscidiflorus","Yellow rabbitbrush","Upper"
"11240_10_12_17_18_19_21","A","FEID","Festuca idahoensis","Idaho fescue","Middle"
"11240_10_12_17_18_19_21","A","ACTH7","Achnatherum thurberianum","Thurber's needlegrass","Middle"
"11240_10_12_17_18_19_21","B","ARAR8","Artemisia arbuscular","Little sagebrush","Upper"
"11240_10_12_17_18_19_21","B","CHVI8","Chrysothamnus viscidiflorus","Yellow rabbitbrush","Middle"
"11240_10_12_17_18_19_21","B","PSSP6","Pseudoroegneria spicata","Bluebunch wheatgrass","Middle"
"11240_10_12_17_18_19_21","B","ACTH7","Achnatherum thurberianum","Thurber's needlegrass","Middle"
"11240_10_12_17_18_19_21","C","ARAR8","Artemisia arbuscular","Little sagebrush","Upper"
"11240_10_12_17_18_19_21","C","FEID","Festuca idahoensis","Idaho fescue","Middle"
"11240_10_12_17_18_19_21","C","ARARL","Artemisia arbuscula ssp. Longiloba","Little sagebrush","Upper"
"11240_10_12_17_18_19_21","C","PSSP6","Pseudoroegneria spicata","Bluebunch wheatgrass","Middle"
"11250_1_7_8_9_10_19","A","PSSP6","Pseudoroegneria spicata","Bluebunch wheatgrass","Mid"
"11250_1_7_8_9_10_19","A","ACTH7","Achnatherum thurberianum","Thurber’s needlegrass","Mid"
"11250_1_7_8_9_10_19","A","ELEL5","Elymus elymoides","Squirreltail","Low-Mid"
"11250_1_7_8_9_10_19","A","COLLI","Collinsia spp.","blue eyed Mary","Low-Mid"
"11250_1_7_8_9_10_19","B","PSSP6","Pseudoroegneria spicata","Bluebunch wheatgrass","Middle"
"11250_1_7_8_9_10_19","B","ACTH7","Achnatherum thurberianum","Thurber's needlegrass","Middle"
"11250_1_7_8_9_10_19","B","CREPI","Crepis","Hawksbeard","Low-Mid"
"11250_1_7_8_9_10_19","B","ARTRW8","Artemisia tridentata ssp. wyomingensis","Wyoming big sagebrush","Upper"
"11250_1_7_8_9_10_19","C","ARTRW8","Artemisia tridentata ssp. Wyomingensis","Wyoming big sagebrush","Upper"
"11250_1_7_8_9_10_19","C","PSSP6","Pseudoroegneria spicata","Bluebunch wheatgrass","Middle"
"11250_1_7_8_9_10_19","C","ACTH7","Achnatherum thurberianum","Thurber's needlegrass","Middle"
"11250_1_7_8_9_10_19","C","CREPI","Crepis","Hawksbeard","Low-Mid"
"11250_1_7_8_9_10_19","D","ARTRW8","Artemisia tridentata ssp. Wyomingensis","Wyoming big sagebrush","Upper"
"11250_1_7_8_9_10_19","D","PSSP6","Pseudoroegneria spicata","Bluebunch wheatgrass","Middle"
"11250_1_7_8_9_10_19","D","ACTH7","Achnatherum thurberianum","Thurber's needlegrass","Middle"
"11250_1_7_8_9_10_19","D","CREPI","Crepis","Hawksbeard","Low-Mid"
"11250_20_29_30_31_33","A","NAVI4","Nassella viridula","Green needlegrass","Upper"
"11250_20_29_30_31_33","A","PASM","Pascopyrum smithii","Western wheatgrass","Upper"
"11250_20_29_30_31_33","A","BOGR2","Bouteloua gracilis","Blue grama","Lower"
"11250_20_29_30_31_33","A","CAFI","Carex filifolia","Threadleaf sedge","Lower"
"11250_20_29_30_31_33","B","ARTRW8","Artemisia tridentata ssp. wyomingensis","Wyoming big sagebrush","Upper"
"11250_20_29_30_31_33","B","PASM","Pascopyrum smithii","Western wheatgrass","Mid-Upper"
"11250_20_29_30_31_33","B","NAVI4","Nassella viridula","Green needlegrass","Mid-Upper"
"11250_20_29_30_31_33","B","HECO26","Hesperostipa comata","Needle and thread","Middle"
"11250_20_29_30_31_33","C","ARTRW8","Artemisia tridentata ssp. wyomingensis","Wyoming big sagebrush","Upper"
"11250_20_29_30_31_33","C","PASM","Pascopyrum smithii","Western wheatgrass","Mid-Upper"
"11250_20_29_30_31_33","C","NAVI4","Nassella viridula","Green needlegrass","Mid-Upper"
"11250_20_29_30_31_33","C","HECO26","Hesperostipa comata","Needle and thread","Middle"
"11250_6_12_13_15_16_17_18_23_24_25_28","A","PSSP6","Pseudoroegneria spicata","Bluebunch wheatgrass","Upper"
"11250_6_12_13_15_16_17_18_23_24_25_28","A","ACTH7","Achnatherum thurberianum","Thurber’s needlegrass","Upper"
"11250_6_12_13_15_16_17_18_23_24_25_28","A","POSE","Poa secunda","Sandberg Bluegrass","Upper"
"11250_6_12_13_15_16_17_18_23_24_25_28","A","ARTRW8","Artemisia tridentata ssp. wyomingensis","Wyoming big sagebrush","Upper"
"11250_6_12_13_15_16_17_18_23_24_25_28","B","PSSP6","Pseudoroegneria spicata","Bluebunch wheatgrass","Lower"
"11250_6_12_13_15_16_17_18_23_24_25_28","B","ACTH7","Achnatherum thurberianum","Thurber’s needlegrass","Lower"
"11250_6_12_13_15_16_17_18_23_24_25_28","B","ARTRW8","Artemisia tridentata ssp. Wyomingensis","Wyoming big sagebrush","Upper"
"11250_6_12_13_15_16_17_18_23_24_25_28","B","POSE","Poa secunda","Sandberg Bluegrass","Lower"
"11250_6_12_13_15_16_17_18_23_24_25_28","C","ARTRW8","Artemisia tridentata ssp. Wyomingensis","Wyoming big sagebrush","Upper"
"11250_6_12_13_15_16_17_18_23_24_25_28","C","PSSP6","Pseudoroegneria spicata","Bluebunch wheatgrass","Lower"
"11250_6_12_13_15_16_17_18_23_24_25_28","C","ACTH7","Achnatherum thurberianum","Thurber’s needlegrass","Lower"
"11250_6_12_13_15_16_17_18_23_24_25_28","C","POSE","Poa secunda","Sandberg Bluegrass","Lower"
"11260_1_7_8_9_10_19","A","PSSP6","Pseudoroegneria spicata","Bluebunch wheatgrass","Upper"
"11260_1_7_8_9_10_19","A","FEID","Festuca idahoensis","Idaho fescue","Mid-Upper"
"11260_1_7_8_9_10_19","A","ACNE9","Achnatherum nelsonii","Columbia needlegrass","Mid-Upper"
"11260_1_7_8_9_10_19","A","LUPIN","Lupinus","Lupine","Mid-Upper"
"11260_1_7_8_9_10_19","B","ARTRV","Artemisia tridentata ssp. vaseyana","Mountain big sagebrush","Upper"
"11260_1_7_8_9_10_19","B","PUTR2","Purshia tridentata","Antelope bitterbrush","Upper"
"11260_1_7_8_9_10_19","B","FEID","Festuca idahoensis","Idaho fescue","Mid-Upper"
"11260_1_7_8_9_10_19","B","PSSP6","Pseudoroegneria spicata","Bluebunch wheatgrass","Mid-Upper"
"11260_1_7_8_9_10_19","C","ARTRV","Artemisia tridentata ssp. vaseyana","Mountain big sagebrush","Upper"
"11260_1_7_8_9_10_19","C","PUTR2","Purshia tridentata","Antelope bitterbrush","Upper"
"11260_1_7_8_9_10_19","C","FEID","Festuca idahoensis","Idaho fescue","Middle"
"11260_1_7_8_9_10_19","C","PSSP6","Pseudoroegneria spicata","Bluebunch wheatgrass","Middle"
"11260_1_7_8_9_10_19","D","ARTRV","Artemisia tridentata ssp. vaseyana","Mountain big sagebrush","Upper"
"11260_1_7_8_9_10_19","D","PUTR2","Purshia tridentate","Antelope bitterbrush","Upper"
"11260_1_7_8_9_10_19","D","FEID","Festuca idahoensis","Idaho fescue","Middle"
"11260_1_7_8_9_10_19","D","PSSP6","Pseudoroegneria spicata","Bluebunch wheatgrass","Middle"
"11260_13","A","POFE","Poa fendleriana","Muttongrass","Upper"
"11260_13","A","BRMA4","Bromus marginatus","Mountain brome","Upper"
"11260_13","A","SYOR2","Symphoricarpos oreophilus","Mountain snowberry","Lower"
"11260_13","A","ARTRV","Artemisia tridentata ssp. vaseyana","Mountain big sagebrush","Lower"
"11260_13","B","ARTRV","Artemisia tridentata ssp. vaseyana","Mountain big sagebrush","Upper"
"11260_13","B","PUTR2","Purshia tridentata","Antelope bitterbrush","Upper"
"11260_13","B","PIPO5","<NOT FOUND IN NRCS>","<NOT FOUND IN NRCS>","Lower"
"11260_13","B","SYOR2","Symphoricarpos oreophilus","Mountain snowberry","Lower"
"11260_13","C","ARTRV","Artemisia tridentata ssp. vaseyana","Mountain big sagebrush","Upper"
"11260_13","C","PUTR2","Purshia tridentata","Antelope bitterbrush","Upper"
"11260_13","C","SYOR2","Symphoricarpos oreophilus","Mountain snowberry","Low-Mid"
"11260_13","C","CONIF","<NOT FOUND IN NRCS>","<NOT FOUND IN NRCS>","Mid-Upper"
"11260_13","D","CONIFER","<NOT FOUND IN NRCS>","<NOT FOUND IN NRCS>","Upper"
"11260_13","D","ARTRV","Artemisia tridentata ssp. Vaseyana","Mountain big sagebrush","Mid-Upper"
"11260_13","D","PUTR2","Purshia tridentate","Antelope bitterbrush","Mid-Upper"
"11260_13","D","SYMPH","Symphoricarpos","Snowberry","Low-Mid"
"11260_13","E","CONIFER","<NOT FOUND IN NRCS>","<NOT FOUND IN NRCS>","Upper"
"11260_13","E","ARTRV","Artemisia tridentata ssp. Vaseyana","Mountain big sagebrush","Mid-Upper"
"11260_13","E","PUTR2","Purshia tridentata","Antelope bitterbrush","Mid-Upper"
"11260_13","E","SYMPH","Symphoricarpos","Snowberry","Mid-Upper"
"11260_20_29_33","A","FEID","Festuca idahoensis","Idaho fescue","Lower"
"11260_20_29_33","A","PSSP6","Pseudoroegneria spicata","Bluebunch wheatgrass","Lower"
"11260_20_29_33","A","FORBS","<NOT FOUND IN NRCS>","<NOT FOUND IN NRCS>","Lower"
"11260_20_29_33","B","ARTRV","Artemisia tridentata ssp. vaseyana","Mountain big sagebrush","Upper"
"11260_20_29_33","B","FEID","Festuca idahoensis","Idaho fescue","Lower"
"11260_20_29_33","B","PSSP6","Pseudoroegneria spicata","Bluebunch wheatgrass","Lower"
"11260_20_29_33","C","ARTRV","Artemisia tridentata ssp. Vaseyana","Mountain big sagebrush","Upper"
"11260_20_29_33","C","PSSP6","Pseudoroegneria spicata","Bluebunch wheatgrass","Lower"
"11260_20_29_33","C","FEID","Festuca idahoensis","Idaho fescue","Lower"
"11260_21","A","FEID","Festuca idahoensis","Idaho fescue","Lower"
"11260_21","A","PSSP6","Pseudoroegneria spicata","Bluebunch wheatgrass","Lower"
"11260_21","A","Forbs","<NOT FOUND IN NRCS>","<NOT FOUND IN NRCS>","Lower"
"11260_21","A","ARTRV","Artemisia tridentata ssp. vaseyana","Mountain big sagebrush","Lower"
"11260_21","B","ARTRV","Artemisia tridentata ssp. vaseyana","Mountain big sagebrush","Upper"
"11260_21","B","FEID","Festuca idahoensis","Idaho fescue","Lower"
"11260_21","B","PSSP6","Pseudoroegneria spicata","Bluebunch wheatgrass","Lower"
"11260_21","B","ARTR4","Artemisia tripartita","Threetip sagebrush","Upper"
"11260_21","C","ARTRV","Artemisia tridentata ssp. vaseyana","Mountain big sagebrush","Upper"
"11260_21","C","PSSP6","Pseudoroegneria spicata","Bluebunch wheatgrass","Lower"
"11260_21","C","FEID","Festuca idahoensis","Idaho fescue","Lower"
"11260_21","C","ARTR4","Artemisia tripartita","Threetip sagebrush","Upper"
"11260_22","A","FEID","Festuca idahoensis","Idaho fescue","Upper"
"11260_22","A","PASM","Pascopyrum smithii","Western wheatgrass","Upper"
"11260_22","A","MEVI","Medeola virginiana","Indian cucumber","Middle"
"11260_22","A","LUAR","Lupinus arboreus","Yellow bush lupine","None"
"11260_22","B","ARTRV","Artemisia tridentata ssp. vaseyana","Mountain big sagebrush","Upper"
"11260_22","B","FEID","Festuca idahoensis","Idaho fescue","Mid-Upper"
"11260_22","B","ERUM","Eriogonum umbellatum","Sulphur-flower buckwheat","Middle"
"11260_22","B","PSSP","Psilostrophe sparsiflora","Greenstem paperflower","Mid-Upper"
"11260_22","C","ARTRV","Artemisia tridentata ssp. vaseyana","Mountain big sagebrush","Upper"
"11260_22","C","FEID","Festuca idahoensis","Idaho fescue","Mid-Upper"
"11260_22","C","PASM","Pascopyrum smithii","Western wheatgrass","Mid-Upper"
"11260_22","C","ERUM","Eriogonum umbellatum","Sulphur-flower buckwheat","Low-Mid"
"11260_22","D","ARTRV","Artemisia tridentata ssp. vaseyana","Mountain big sagebrush","Upper"
"11260_22","D","FEID","Festuca idahoensis","Idaho fescue","Mid-Upper"
"11260_22","D","PASM","Pascopyrum smithii","Western wheatgrass","Mid-Upper"
"11260_22","D","ERUM","Eriogonum umbellatum","Sulphur-flower buckwheat","Low-Mid"
"11260_6_12_17_18_28","A","PSSP6","Pseudoroegneria spicata","Bluebunch wheatgrass","Upper"
"11260_6_12_17_18_28","A","FEID","Festuca idahoensis","Idaho fescue","Upper"
"11260_6_12_17_18_28","A","SYOR2","Symphoricarpos oreophilus","Mountain snowberry","Lower"
"11260_6_12_17_18_28","A","ARTRV","Artemisia tridentata ssp. vaseyana","Mountain big sagebrush","Lower"
"11260_6_12_17_18_28","B","ARTRV","Artemisia tridentata ssp. vaseyana","Mountain big sagebrush","Upper"
"11260_6_12_17_18_28","B","PUTR2","Purshia tridentata","Antelope bitterbrush","Upper"
"11260_6_12_17_18_28","B","CONIFER","<NOT FOUND IN NRCS>","<NOT FOUND IN NRCS>","Lower"
"11260_6_12_17_18_28","B","SYMPH","Symphoricarpos","Snowberry","Lower"
"11260_6_12_17_18_28","C","ARTRV","Artemisia tridentata ssp. vaseyana","Mountain big sagebrush","Upper"
"11260_6_12_17_18_28","C","PUTR2","Purshia tridentata","Antelope bitterbrush","Upper"
"11260_6_12_17_18_28","C","SYMPH","Symphoricarpos","Snowberry","Low-Mid"
"11260_6_12_17_18_28","C","CONIFER","<NOT FOUND IN NRCS>","<NOT FOUND IN NRCS>","Mid-Upper"
"11260_6_12_17_18_28","D","CONIFER","<NOT FOUND IN NRCS>","<NOT FOUND IN NRCS>","Upper"
"11260_6_12_17_18_28","D","ARTRV","Artemisia tridentata ssp. vaseyana","Mountain big sagebrush","Mid-Upper"
"11260_6_12_17_18_28","D","PUTR2","Purshia tridentata","Antelope bitterbrush","Mid-Upper"
"11260_6_12_17_18_28","D","SYMPH","Symphoricarpos","Snowberry","Low-Mid"
"11260_6_12_17_18_28","E","CONIFER","<NOT FOUND IN NRCS>","<NOT FOUND IN NRCS>","Upper"
"11260_6_12_17_18_28","E","ARTRV","Artemisia tridentata ssp. vaseyana","Mountain big sagebrush","Mid-Upper"
"11260_6_12_17_18_28","E","PUTR2","Purshia tridentata","Antelope bitterbrush","Mid-Upper"
"11260_6_12_17_18_28","E","SYMPH","Symphoricarpos","Snowberry","Mid-Upper"
"11261_16_23_24","A","PSSP6","Pseudoroegneria spicata","Bluebunch wheatgrass","Upper"
"11261_16_23_24","A","FEID","Festuca idahoensis","Idaho fescue","Upper"
"11261_16_23_24","A","SYOR2","Symphoricarpos oreophilus","Mountain snowberry","Lower"
"11261_16_23_24","A","ARTRV","Artemisia tridentata ssp. vaseyana","Mountain big sagebrush","Lower"
"11261_16_23_24","B","ARTRV","Artemisia tridentata ssp. vaseyana","Mountain big sagebrush","Upper"
"11261_16_23_24","B","PUTR2","Purshia tridentata","Antelope bitterbrush","Upper"
"11261_16_23_24","B","CONIFER","<NOT FOUND IN NRCS>","<NOT FOUND IN NRCS>","Lower"
"11261_16_23_24","B","SYMPH","Symphoricarpos","Snowberry","Lower"
"11261_16_23_24","C","ARTRV","Artemisia tridentata ssp. vaseyana","Mountain big sagebrush","Upper"
"11261_16_23_24","C","PUTR2","Purshia tridentata","Antelope bitterbrush","Upper"
"11261_16_23_24","C","SYMPH","Symphoricarpos","Snowberry","Low-Mid"
"11261_16_23_24","C","CONIFER","<NOT FOUND IN NRCS>","<NOT FOUND IN NRCS>","Mid-Upper"
"11261_16_23_24","D","CONIFER","<NOT FOUND IN NRCS>","<NOT FOUND IN NRCS>","Upper"
"11261_16_23_24","D","ARTRV","Artemisia tridentata ssp. vaseyana","Mountain big sagebrush","Mid-Upper"
"11261_16_23_24","D","PUTR2","Purshia tridentata","Antelope bitterbrush","Mid-Upper"
"11261_16_23_24","D","SYMPH","Symphoricarpos","Snowberry","Low-Mid"
"11261_16_23_24","E","CONIFER","<NOT FOUND IN NRCS>","<NOT FOUND IN NRCS>","Upper"
"11261_16_23_24","E","ARTRV","Artemisia tridentata ssp. vaseyana","Mountain big sagebrush","Mid-Upper"
"11261_16_23_24","E","PUTR2","Purshia tridentata","Antelope bitterbrush","Mid-Upper"
"11261_16_23_24","E","SYMPH","Symphoricarpos","Snowberry","Mid-Upper"
"11262_16_23","A","PSSP6","Pseudoroegneria spicata","Bluebunch wheatgrass","Lower"
"11262_16_23","A","POSE","Poa secunda","Sandberg bluegrass","Lower"
"11262_16_23","A","ACHY","Achnatherum hymenoides","Indian ricegrass","Lower"
"11262_16_23","A","ACTH7","Achnatherum thurberianum","Thurber's needlegrass","Lower"
"11262_16_23","B","ARAR8","Artemisia arbuscula","Little sagebrush","Upper"
"11262_16_23","B","ARNO4","Artemisia nova","Black sagebrush","Upper"
"11262_16_23","B","ARCA13","Artemisia cana","Silver sagebrush","Lower"
"11262_16_23","B","PSSP6","Pseudoroegneria spicata","Bluebunch wheatgrass","Lower"
"11262_16_23","C","ARNO4","Artemisia nova","Black sagebrush","Upper"
"11262_16_23","C","ARAR8","Artemisia arbuscula","Little sagebrush","Upper"
"11262_16_23","C","ARCA13","Artemisia cana","Silver sagebrush","Upper"
"11262_16_23","C","PSSP6","Pseudoroegneria spicata","Bluebunch wheatgrass","Lower"
"11270_10_12_13_17_18","A","ACHNA","Achnatherum","Needlegrass","Upper"
"11270_10_12_13_17_18","A","HECO26","Hesperostipa comata","Needle and thread","Upper"
"11270_10_12_13_17_18","A","GRSP","Grayia spinosa","Spiny hopsage","Lower"
"11270_10_12_13_17_18","A","MESP2","Menodora spinescens","Spiny menodora","Lower"
"11270_10_12_13_17_18","B","GRSP","Grayia spinosa","Spiny hopsage","Upper"
"11270_10_12_13_17_18","B","ARTR2","Artemisia tridentata","Big sagebrush","Upper"
"11270_10_12_13_17_18","B","MESP2","Menodora spinescens","Spiny menodora","Upper"
"11270_10_12_13_17_18","B","ACHNA","Achnatherum","Needlegrass","Lower"
"11270_14","A","ACHNA","Achnatherum","Needlegrass","Upper"
"11270_14","A","PLEUR","Pleuricospora","Pinesap","Upper"
"11270_14","A","GRSP","Grayia spinosa","Spiny hopsage","Lower"
"11270_14","A","MESP2","Menodora spinescens","Spiny menodora","Lower"
"11270_14","B","GRSP","Grayia spinosa","Spiny hopsage","Upper"
"11270_14","B","MESP2","Menodora spinescens","Spiny menodora","Upper"
"11270_14","B","ACHNA","Achnatherum","Needlegrass","Lower"
"11270_14","B","PLEUR","Pleuricospora","Pinesap","Lower"
"11270_15","A","HECO26","Hesperostipa comata","Needle and thread","Lower"
"11270_15","A","PSSP6","Pseudoroegneria spicata","Bluebunch wheatgrass","Lower"
"11270_15","A","ACHY","Achnatherum hymenoides","Indian ricegrass","Lower"
"11270_15","A","ATTR","Atriplex truncata","Wedgescale saltbush","Mid-Upper"
"11270_15","B","ARTRT","Artemisia tridentata ssp. tridentata","Basin big sagebrush","Upper"
"11270_15","B","ARTRW8","Artemisia tridentata ssp. wyomingensis","Wyoming big sagebrush","Upper"
"11270_15","B","ATCA2","Atriplex canescens","Fourwing saltbush","Upper"
"11270_15","B","PSSP6","Pseudoroegneria spicata","Bluebunch wheatgrass","Lower"
"11270_15","C","ARTRT","Artemisia tridentata ssp. tridentata","Basin big sagebrush","Upper"
"11270_15","C","ARTRW8","Artemisia tridentata ssp. wyomingensis","Wyoming big sagebrush","Upper"
"11270_15","C","ATCA2","Atriplex canescens","Fourwing saltbush","Upper"
"11270_15","C","PSSP6","Pseudoroegneria spicata","Bluebunch wheatgrass","Lower"
"11270_16_23_24_25","A","HECO26","Hesperostipa comata","Needle and thread","Lower"
"11270_16_23_24_25","A","PSSP6","Pseudoroegneria spicata","Bluebunch wheatgrass","Lower"
"11270_16_23_24_25","A","ACHY","Achnatherum hymenoides","Indian ricegrass","Lower"
"11270_16_23_24_25","A","ATTR","Atriplex truncate","Wedgescale saltbush","Mid-Upper"
"11270_16_23_24_25","B","ARTR2","Artemisia tridentata","Big sagebrush","Upper"
"11270_16_23_24_25","B","EPHED","Ephedra","Jointfir","Upper"
"11270_16_23_24_25","B","ATCA2","Atriplex canescens","Fourwing saltbush","Upper"
"11270_16_23_24_25","B","PSSP6","Pseudoroegneria spicata","Bluebunch wheatgrass","Lower"
"11270_16_23_24_25","C","ARTR2","Artemisia tridentata","Big sagebrush","ARTR2"
"11270_16_23_24_25","C","EPHED","Ephedra","Jointfir","EPHED"
"11270_16_23_24_25","C","ATCA2","Atriplex canescens","Fourwing saltbush","Upper"
"11270_16_23_24_25","C","PSSP6","Pseudoroegneria spicata","Bluebunch wheatgrass","Lower"
"11270_21","A","ACHY","Achnatherum hymenoides","Indian ricegrass","Mid-Upper"
"11270_21","A","HECO26","Hesperostipa comata","Needle and thread","Upper"
"11270_21","A","GRSP","Grayia spinosa","Spiny hopsage","Lower"
"11270_21","B","GRSP","Grayia spinosa","Spiny hopsage","Upper"
"11270_21","B","ARTR2","Artemisia tridentata","Big sagebrush","Upper"
"11270_21","B","ACHY","Achnatherum hymenoides","Indian ricegrass","Lower"
"11270_22","A","PASM","Pascopyrum smithii","Western wheatgrass","Lower"
"11270_22","A","ACHY","Achnatherum hymenoides","Indian ricegrass","Lower"
"11270_22","A","ATCO","Atriplex confertifolia","Shadscale saltbush","Upper"
"11270_22","B","ATCO","Atriplex confertifolia","Shadscale saltbush","Upper"
"11270_22","B","ACHY","Achnatherum hymenoides","Indian ricegrass","Lower"
"11270_22","B","PASM","Pascopyrum smithii","Western wheatgrass","Lower"
"11270_28","A","HECOC8","Hesperostipa comata ssp. comata","Needle and thread","Lower"
"11270_28","A","PSSP6","Pseudoroegneria spicata","Bluebunch wheatgrass","Lower"
"11270_28","A","ACHY","Achnatherum hymenoides","Indian ricegrass","Lower"
"11270_28","A","ATTR","Atriplex truncata","Wedgescale saltbush","Mid-Upper"
"11270_28","B","ARTRT","Artemisia tridentata ssp. tridentata","Basin big sagebrush","Upper"
"11270_28","B","ARTRW8","Artemisia tridentata ssp. wyomingensis","Wyoming big sagebrush","Upper"
"11270_28","B","ATCA2","Atriplex canescens","Fourwing saltbush","Upper"
"11270_28","B","PSSP6","Pseudoroegneria spicata","Bluebunch wheatgrass","Lower"
"11270_28","C","ARTRT","Artemisia tridentata ssp. tridentata","Basin big sagebrush","Upper"
"11270_28","C","ARTRW8","Artemisia tridentata ssp. wyomingensis","Wyoming big sagebrush","Upper"
"11270_28","C","ATCA2","Atriplex canescens","Fourwing saltbush","Upper"
"11270_28","C","PSSP6","Pseudoroegneria spicata","Bluebunch wheatgrass","Lower"
"11270_7_8_9","A","ACHY","Achnatherum hymenoides","Indian ricegrass","Mid-Upper"
"11270_7_8_9","A","HECO26","Hesperostipa comata","Needle and thread","Upper"
"11270_7_8_9","A","GRSP","Grayia spinosa","Spiny hopsage","Lower"
"11270_7_8_9","B","GRSP","Grayia spinosa","Spiny hopsage","Upper"
"11270_7_8_9","B","ARTR2","Artemisia tridentata","Big sagebrush","Upper"
"11270_7_8_9","B","ACHY","Achnatherum hymenoides","Indian ricegrass","Lower"
"11270_7_8_9","C","GRSP","Grayia spinosa","Spiny hopsage","Upper"
"11270_7_8_9","C","ARTR2","Artemisia tridentata","Big sagebrush","Upper"
"11270_7_8_9","C","ACHY","Achnatherum hymenoides","Indian ricegrass","Lower"
"11280_2_3_4","A","BAPI","Baccharis pilularis","Coyotebrush","Upper"
"11280_2_3_4","A","DIAU","Diplacus aurantiacus","Orange bush monkeyflower","Upper"
"11280_2_3_4","A","RUUR","Rubus ursinus","California blackberry","Lower"
"11280_2_3_4","B","BAPI","Baccharis pilularis","Coyotebrush","Upper"
"11280_2_3_4","B","RUUR","Rubus ursinus","California blackberry","Low-Mid"
"11280_2_3_4","B","TODI","Toxicodendron diversilobum","Pacific poison oak","Upper"
"11280_2_3_4","B","FRCA12","Frangula californica","California buckthorn","Upper"
"11280_2_3_4","C","FRCA12","Frangula californica","California buckthorn","Upper"
"11280_2_3_4","C","COCO","Collinsia concolor","Chinese houses","Upper"
"11280_2_3_4","C","TODI","Toxicodendron diversilobum","Pacific poison oak","Upper"
"11280_2_3_4","C","RUPA","Rubus parviflorus","Thimbleberry","Upper"
"11290_4_5","A","NAPU4","Nassella pulchra","Purple needlegrass","Upper"
"11290_4_5","A","POSE","Poa secunda","Sandberg bluegrass","Upper"
"11290_4_5","A","VUMI","Vulpia microstachys","Small fescue","Upper"
"11290_4_5","A","PLER","Plantago eriopoda","Redwool plantain","Upper"
"11300_3_4","A","POSE","Poa secunda","Sandberg bluegrass","Upper"
"11300_3_4","A","CAOP2","Calamagrostis ophitidis","Serpentine reedgrass","Upper"
"11300_3_4","B","CAOP2","Calamagrostis ophitidis","Serpentine reedgrass","Upper"
"11300_3_4","B","POSE","Poa secunda","Sandberg bluegrass","Upper"
"11310_2_3_4","A","DACA3","Danthonia californica","California oatgrass","Upper"
"11310_2_3_4","A","DECA","Delphinium californicum","California larkspur","Upper"
"11310_2_3_4","A","FERU","Fendlera rupicola","Cliff fendlerbush","Upper"
"11310_2_3_4","B","DECA","Delphinium californicum","California larkspur","Upper"
"11310_2_3_4","B","DACA3","Danthonia californica","California oatgrass","Upper"
"11310_2_3_4","B","FERU","Fendlera rupicola","Cliff fendlerbush","Upper"
"11310_2_3_4","B","IRDO","Iris douglasiana","Douglas iris","Upper"
"11310_2_3_4","C","BAPI","Baccharis pilularis","Coyotebrush","Upper"
"11310_2_3_4","C","RUUR","Rubus ursinus","California blackberry","Middle"
"11310_2_3_4","C","DACA3","Danthonia californica","California oatgrass","None"
"11320_33","A","ARIST","Aristida","Threeawn","Upper"
"11320_33","A","VUOC","Vulpia octoflora","Sixweeks fescue","Lower"
"11320_33","A","AMBRO","Ambrosia","Ragweed","Upper"
"11320_33","A","SPCR","Sporobolus cryptandrus","Sand dropseed","Upper"
"11320_33","B","PASM","Pascopyrum smithii","Western wheatgrass","Upper"
"11320_33","B","HECO26","Hesperostipa comata","Needle and thread","Upper"
"11320_33","B","SCSC","Schizachyrium scoparium","Little bluestem","Upper"
"11320_33","B","BOCU","Bouteloua curtipendula","Sideoats grama","Upper"
"11320_33","C","BOGR2","Bouteloua gracilis","Blue grama","Lower"
"11320_33","C","BUDA","Buchloe dactyloides","Buffalograss","Lower"
"11320_33","C","OPPO","Opuntia polyacantha","Plains pricklypear","Low-Mid"
"11320_33","C","YUGL","Yucca glauca","Soapweed yucca","Upper"
"11330_25","A","BOER4","Bouteloua eriopoda","Black grama","Lower"
"11330_25","A","SPCR","Sporobolus cryptandrus","Sand dropseed","Lower"
"11330_25","A","PRGL2","Prosopis glandulosa","Honey mesquite","Upper"
"11330_25","B","BOER4","Bouteloua eriopoda","Black grama","Upper"
"11330_25","B","SPCR","Sporobolus cryptandrus","Sand dropseed","Lower"
"11330_25","B","PRGL2","Prosopis glandulosa","Honey mesquite","Upper"
"11340_10","A","PSSP6","Pseudoroegneria spicata","Bluebunch wheatgrass","Upper"
"11340_10","A","POSE","Poa secunda","Sandberg bluegrass","Upper"
"11340_10","A","SPCR","Sporobolus cryptandrus","Sand dropseed","Upper"
"11340_10","A","FEID","Festuca idahoensis","Idaho fescue","Upper"
"11340_10","B","PSSP6","Pseudoroegneria spicata","Bluebunch wheatgrass","Upper"
"11340_10","B","POSE","Poa secunda","Sandberg bluegrass","Upper"
"11340_10","B","SPCR","Sporobolus cryptandrus","Sand dropseed","Upper"
"11340_10","B","FEID","Festuca idahoensis","Idaho fescue","Upper"
"11340_8_9","A","PSSP","Psilostrophe sparsiflora","Greenstem paperflower","Upper"
"11340_8_9","A","POSE","Poa secunda","Sandberg bluegrass","Upper"
"11340_8_9","A","FEID","Festuca idahoensis","Idaho fescue","Upper"
"11340_8_9","B","PSSP","Psilostrophe sparsiflora","Greenstem paperflower","Upper"
"11340_8_9","B","POSE","Poa secunda","Sandberg bluegrass","Upper"
"11340_8_9","B","FEID","Festuca idahoensis","Idaho fescue","Upper"
"11340_8_9","C","SYAL","Symphoricarpos albus","Common snowberry","Upper"
"11340_8_9","C","AMAL","Amaranthus albus","Prostrate pigweed","Upper"
"11340_8_9","C","RHGL","Rhus glabra","Smooth sumac","Upper"
"11340_8_9","C","PSSPS","Pseudoroegneria spicata ssp. spicata","Bluebunch wheatgrass","Lower"
"11350_13_14","A","ARTR2","Artemisia tridentata","Big sagebrush","Upper"
"11350_13_14","A","HECO26","Hesperostipa comata","Needle and thread","Upper"
"11350_13_14","A","ACHY","Achnatherum hymenoides","Indian ricegrass","Lower"
"11350_13_14","B","ARTR2","Artemisia tridentata","Big sagebrush","Upper"
"11350_13_14","B","HECO26","Hesperostipa comata","Needle and thread","Low-Mid"
"11350_13_14","B","ACHY","Achnatherum hymenoides","Indian ricegrass","Lower"
"11350_15_28","A","BOGR2","Bouteloua gracilis","Blue grama","Upper"
"11350_15_28","A","ACHY","Achnatherum hymenoides","Indian ricegrass","Upper"
"11350_15_28","A","HECO26","Hesperostipa comata","Needle and thread","Upper"
"11350_15_28","A","PLEUR12","Pleuraphis","Galleta grass","Upper"
"11350_15_28","B","BOGR2","Bouteloua gracilis","Blue grama","Upper"
"11350_15_28","B","ACHY","Achnatherum hymenoides","Indian ricegrass","Upper"
"11350_15_28","B","HECO26","Hesperostipa comata","Needle and thread","Upper"
"11350_15_28","B","PLEUR12","Pleuraphis","Galleta grass","Upper"
"11350_15_28","C","BOGR2","Bouteloua gracilis","Blue grama","Lower"
"11350_15_28","C","ACHY","Achnatherum hymenoides","Indian ricegrass","Lower"
"11350_15_28","C","HECO26","Hesperostipa comata","Needle and thread","Upper"
"11350_15_28","C","PLEUR12","Pleuraphis","Galleta grass","Upper"
"11350_15_28","D","BOGR2","Bouteloua gracilis","Blue grama","Lower"
"11350_15_28","D","ACHY","Achnatherum hymenoides","Indian ricegrass","Lower"
"11350_15_28","D","HECO26","Hesperostipa comata","Needle and thread","Upper"
"11350_15_28","D","PLEUR12","Pleuraphis","Galleta grass","Upper"
"11350_16_23_24","A","LECI4","Leymus cinereus","Basin wildrye","Upper"
"11350_16_23_24","A","POSE","Poa secunda","Sandberg bluegrass","Upper"
"11350_16_23_24","A","CADO2","Carex douglasii","Douglas' sedge","Upper"
"11350_16_23_24","A","DISP","Distichlis spicata","saltgrass","Upper"
"11350_16_23_24","B","LECI4","Leymus cinereus","Basin wildrye","Upper"
"11350_16_23_24","B","POSE","Poa secunda","Sandberg bluegrass","Upper"
"11350_16_23_24","B","DISP","Distichlis spicata","Saltgrass","Upper"
"11350_16_23_24","B","CADO2","Carex douglasii","Douglas' sedge","Upper"
"11350_16_23_24","C","LECI4","Leymus cinereus","Basin wildrye","Lower"
"11350_16_23_24","C","DISP","Distichlis spicata","saltgrass","Lower"
"11350_16_23_24","C","ERNA10","Ericameria nauseosa","Rubber rabbitbrush","Upper"
"11350_16_23_24","C","ARTRT","Artemisia tridentata ssp. tridentata","Basin big sagebrush","Upper"
"11350_16_23_24","D","LECI4","Leymus cinereus","Basin wildrye","Lower"
"11350_16_23_24","D","DISP","Distichlis spicata","saltgrass","Lower"
"11350_16_23_24","D","ERNA10","Ericameria nauseosa","Rubber rabbitbrush","Upper"
"11350_16_23_24","D","ARTRT","Artemisia tridentata ssp. tridentata","Basin big sagebrush","Upper"
"11350_22","A","BOGR2","Bouteloua gracilis","Blue grama","Upper"
"11350_22","A","ACHY","Achnatherum hymenoides","Indian ricegrass","Upper"
"11350_22","A","HECO26","Hesperostipa comata","Needle and thread","Upper"
"11350_22","B","BOGR2","Bouteloua gracilis","Blue grama","Upper"
"11350_22","B","ACHY","Achnatherum hymenoides","Indian ricegrass","Upper"
"11350_22","B","HECO26","Hesperostipa comata","Needle and thread","Upper"
"11350_22","C","BOGR2","Bouteloua gracilis","Blue grama","Lower"
"11350_22","C","ACHY","Achnatherum hymenoides","Indian ricegrass","Lower"
"11350_22","C","HECO26","Hesperostipa comata","Needle and thread","Upper"
"11350_22","D","BOGR2","Bouteloua gracilis","Blue grama","Lower"
"11350_22","D","ACHY","Achnatherum hymenoides","Indian ricegrass","Lower"
"11350_22","D","HECO26","Hesperostipa comata","Needle and thread","Upper"
"11350_25","A","BOGR2","Bouteloua gracilis","Blue grama","Upper"
"11350_25","A","ACHY","Achnatherum hymenoides","Indian ricegrass","Upper"
"11350_25","A","HECO26","Hesperostipa comata","Needle and thread","Upper"
"11350_25","A","PLEUR12","Pleuraphis","Galleta grass","Upper"
"11350_25","B","BOGR2","Bouteloua gracilis","Blue grama","Upper"
"11350_25","B","ACHY","Achnatherum hymenoides","Indian ricegrass","Upper"
"11350_25","B","HECO26","Hesperostipa comata","Needle and thread","Upper"
"11350_25","B","PLEUR12","Pleuraphis","Galleta grass","Upper"
"11350_25","C","BOGR2","Bouteloua gracilis","Blue grama","Lower"
"11350_25","C","ACHY","Achnatherum hymenoides","Indian ricegrass","Lower"
"11350_25","C","HECO26","Hesperostipa comata","Needle and thread","Upper"
"11350_25","C","PLEUR12","Pleuraphis","Galleta grass","Upper"
"11350_25","D","BOGR2","Bouteloua gracilis","Blue grama","Lower"
"11350_25","D","ACHY","Achnatherum hymenoides","Indian ricegrass","Lower"
"11350_25","D","HECO26","Hesperostipa comata","Needle and thread","Upper"
"11350_25","D","PLEUR12","Pleuraphis","Galleta grass","Upper"
"11350_7_8_9_10_12_17_18","A","ARTR2","Artemisia tridentata","Big sagebrush","Upper"
"11350_7_8_9_10_12_17_18","A","HECO26","Hesperostipa comata","Needle and thread","Upper"
"11350_7_8_9_10_12_17_18","A","ACHY","Achnatherum hymenoides","Indian ricegrass","Lower"
"11350_7_8_9_10_12_17_18","B","ARTR2","Artemisia tridentata","Big sagebrush","Upper"
"11350_7_8_9_10_12_17_18","B","HECO26","Hesperostipa comata","Needle and thread","Low-Mid"
"11350_7_8_9_10_12_17_18","B","ACHY","Achnatherum hymenoides","Indian ricegrass","Lower"
"11360_6","A","CAREX","Carex","Sedge","Upper"
"11360_6","A","DECA18","Deschampsia caespitosa","Tufted hairgrass","Upper"
"11360_6","A","FEBR","Festuca brachyphylla","Alpine fescue","Upper"
"11360_6","B","CAREX","Carex","Sedge","Upper"
"11360_6","B","DECA18","Deschampsia caespitosa","Tufted hairgrass","Upper"
"11360_6","B","ARAR9","Artemisia arctica","Boreal sagebrush","Upper"
"11370_3_6","A","ACMIO","Achillea millefolium var. occidentalis","Western yarrow","Upper"
"11370_3_6","A","CAEX4","Carex exserta","Shorthair sedge","Upper"
"11370_3_6","A","","","",""
"11370_3_6","A","","","",""
"11370_3_6","B","ACMIO","Achillea millefolium var. occidentalis","Western yarrow","Upper"
"11370_3_6","B","CAEX4","Carex exserta","Shorthair sedge","Upper"
"11370_3_6","B","","","",""
"11370_3_6","B","","","",""
"11370_3_6","C","POTR","Poa tracyi","Tracy's bluegrass","Middle"
"11370_3_6","C","Artem","<NOT FOUND IN NRCS>","<NOT FOUND IN NRCS>","Middle"
"11370_3_6","C","Rosa","<NOT FOUND IN NRCS>","<NOT FOUND IN NRCS>","Middle"
"11380_1","A","ELYMU","Elymus","Wildrye","Upper"
"11380_1","A","FEID","Festuca idahoensis","Idaho fescue","Upper"
"11380_1","A","CAREX","Carex","Sedge","Upper"
"11380_1","B","ELYMU","Elymus","Wildrye","Upper"
"11380_1","B","FEID","Festuca idahoensis","Idaho fescue","Upper"
"11380_1","B","NACE","Nassella cernua","Nodding tussockgrass","Upper"
"11380_1","B","CAREX","Carex","Sedge","Upper"
"11380_3_5","A","ELYMU","Elymus","Wildrye","Upper"
"11380_3_5","A","FEID","Festuca idahoensis","Idaho fescue","Upper"
"11380_3_5","A","CAREX","Carex","Sedge","Upper"
"11380_3_5","B","ELYMU","Elymus","Wildrye","Upper"
"11380_3_5","B","FEID","Festuca idahoensis","Idaho fescue","Upper"
"11380_3_5","B","NACE","Nassella cernua","Nodding tussockgrass","Upper"
"11380_3_5","B","CAREX","Carex","Sedge","Upper"
"11380_6","A","ELYMU","Elymus","Wildrye","Upper"
"11380_6","A","FEID","Festuca idahoensis","Idaho fescue","Upper"
"11380_6","A","CAREX","Carex","Sedge","Upper"
"11380_6","B","ELYMU","Elymus","Wildrye","Upper"
"11380_6","B","FEID","Festuca idahoensis","Idaho fescue","Upper"
"11380_6","B","NACE","Nassella cernua","Nodding tussockgrass","Upper"
"11380_6","B","CAREX","Carex","Sedge","Upper"
"11390_10_19","A","PSSP6","Pseudoroegneria spicata","Bluebunch wheatgrass","Upper"
"11390_10_19","A","KOMA","Koeleria Macrantha","Prairie Junegrass","Upper"
"11390_10_19","A","POSA","Poa saltuensis","Oldpasture bluegrass","Upper"
"11390_10_19","A","STCO","Stachys coccinea","Scarlet hedgenettle","Upper"
"11390_10_19","B","PSSP6","Pseudoroegneria spicata","Bluebunch wheatgrass","Upper"
"11390_10_19","B","FEID","Festuca idahoensis","Idaho fescue","Upper"
"11390_10_19","B","POSA","Poa saltuensis","Oldpasture bluegrass","Upper"
"11390_10_19","B","STCO","Stachys coccinea","Scarlet hedgenettle","Upper"
"11390_10_19","C","PSSP6","Pseudoroegneria spicata","Bluebunch wheatgrass","Upper"
"11390_10_19","C","FEID","Festuca idahoensis","Idaho fescue","Upper"
"11390_10_19","C","POSA","Poa saltuensis","Oldpasture bluegrass","Upper"
"11390_10_19","C","STCO","Stachys coccinea","Scarlet hedgenettle","Upper"
"11390_18","A","PSSP6","Pseudoroegneria spicata","Bluebunch wheatgrass","Upper"
"11390_18","A","POSA","Poa saltuensis","Oldpasture bluegrass","Upper"
"11390_18","A","EPILO","Epilobium","Willowherb","Upper"
"11390_18","A","FEID","Festuca idahoensis","Idaho fescue","Low-Mid"
"11390_18","B","FEID","Festuca idahoensis","Idaho fescue","Mid-Upper"
"11390_18","B","LUPIN","Lupinus","Lupine","Upper"
"11390_18","B","PSSP6","Pseudoroegneria spicata","Bluebunch wheatgrass","Upper"
"11390_18","B","KOMA","Koeleria macrantha","Prairie junegrass","Mid-Upper"
"11390_18","C","SYAL","Symphoricarpos albus","Common snowberry","Upper"
"11390_18","C","ROSA","Rorippa sarmentosa","Longrunner","Upper"
"11390_18","C","CRDO2","Crataegus douglasii","Black hawthorn","Mid-Upper"
"11390_18","C","FEID","Festuca idahoensis","Idaho fescue","Low-Mid"
"11390_20","A","FECA4","Festuca campestris","Rough fescue","Upper"
"11390_20","A","PSSP6","Pseudoroegneria spicata","Bluebunch wheatgrass","Upper"
"11390_20","A","ACNE9","Achnatherum nelsonii","Columbia needlegrass","Mid-Upper"
"11390_20","A","LEKI2","Leucopoa kingii","Spike fescue","Low-Mid"
"11390_20","B","FECA4","Festuca campestris","Rough fescue","Upper"
"11390_20","B","PSSP6","Pseudoroegneria spicata","Bluebunch wheatgrass","Upper"
"11390_20","B","FEID","Festuca idahoensis","Idaho fescue","Low-Mid"
"11390_20","B","LEKI2","Leucopoa kingii","Spike fescue","Low-Mid"
"11390_21","A","PSSP6","Pseudoroegneria spicata","Bluebunch wheatgrass","Upper"
"11390_21","A","KOMA","Koeleria macrantha","Prairie junegrass","Upper"
"11390_21","A","POSA","Poa saltuensis","Oldpasture bluegrass","Upper"
"11390_21","B","PSSP6","Pseudoroegneria spicata","Bluebunch wheatgrass","Upper"
"11390_21","B","FEID","Festuca idahoensis","Idaho fescue","Upper"
"11390_21","B","POSA","Poa saltuensis","Oldpasture bluegrass","Upper"
"11390_21","B","STCO","Stachys coccinea","Scarlet hedgenettle","Upper"
"11390_21","C","PSSP6","Pseudoroegneria spicata","Bluebunch wheatgrass","Upper"
"11390_21","C","FEID","Festuca idahoensis","Idaho fescue","Upper"
"11390_21","C","POSA","Poa saltuensis","Oldpasture bluegrass","Upper"
"11390_21","C","STCO","Stachys coccinea","Scarlet hedgenettle","Upper"
"11390_22","A","PSSP6","Pseudoroegneria spicata","Bluebunch wheatgrass","Upper"
"11390_22","A","KOMA","Koeleria macrantha","Prairie junegrass","Upper"
"11390_22","A","POSE","Poa secunda","Sandberg bluegrass","Upper"
"11390_22","B","PSSP6","Pseudoroegneria spicata","Bluebunch wheatgrass","Upper"
"11390_22","B","POSE","Poa secunda","Sandberg bluegrass","Upper"
"11390_22","B","KOMA","Koeleria macrantha","Prairie junegrass","Upper"
"11390_22","C","PSSP6","Pseudoroegneria spicata","Bluebunch wheatgrass","Upper"
"11390_22","C","FEID","Festuca idahoensis","Idaho fescue","Upper"
"11390_22","C","POSA","Poa saltuensis","Oldpasture bluegrass","Upper"
"11390_22","C","STCO","Stachys coccinea","Scarlet hedgenettle","Upper"
"11390_29","A","FECA4","Festuca campestris","Rough fescue","Upper"
"11390_29","A","PSSP6","Pseudoroegneria spicata","Bluebunch wheatgrass","Upper"
"11390_29","A","ACNE9","Achnatherum nelsonii","Columbia needlegrass","Mid-Upper"
"11390_29","A","LEKI2","Leucopoa kingii","Spike fescue","Low-Mid"
"11390_29","B","FECA4","Festuca campestris","Rough fescue","Upper"
"11390_29","B","PSSP6","Pseudoroegneria spicata","Bluebunch wheatgrass","Upper"
"11390_29","B","FEID","Festuca idahoensis","Idaho fescue","Low-Mid"
"11390_29","B","LEKI2","Leucopoa kingii","Spike fescue","Low-Mid"
"11390_8_9","A","PSSP6","Pseudoroegneria spicata","Bluebunch wheatgrass","Middle"
"11390_8_9","A","POSA","Poa saltuensis","Oldpasture bluegrass","Middle"
"11390_8_9","A","EPILO","Epilobium","Willowherb","Middle"
"11390_8_9","A","FEID","Festuca idahoensis","Idaho fescue","Middle"
"11390_8_9","B","FEID","Festuca idahoensis","Idaho fescue","Middle"
"11390_8_9","B","LUPIN","Lupinus","Lupine","Middle"
"11390_8_9","B","PSSP6","Pseudoroegneria spicata","Bluebunch wheatgrass","Middle"
"11390_8_9","B","KOMA","Koeleria macrantha","Prairie junegrass","Middle"
"11390_8_9","C","SYAL","Symphoricarpos albus","Common snowberry","Upper"
"11390_8_9","C","ROSA","Rorippa sarmentosa","Longrunner","Upper"
"11390_8_9","C","CRDO2","Crataegus douglasii","Black hawthorn","Upper"
"11390_8_9","C","FEID","Festuca idahoensis","Idaho fescue","Lower"
"11400_10_19","A","FEVI","Festuca viridula","Greenleaf fescue","Upper"
"11400_10_19","A","FEID","Festuca idahoensis","Idaho fescue","Upper"
"11400_10_19","A","PSSP6","Pseudoroegneria spicata","Bluebunch wheatgrass","Upper"
"11400_10_19","A","BASA","Baccharis salicina","Great plains false willow","Upper"
"11400_10_19","B","FEVI","Festuca viridula","Greenleaf fescue","Upper"
"11400_10_19","B","FEID","Festuca idahoensis","Idaho fescue","Upper"
"11400_10_19","B","PSSP6","Pseudoroegneria spicata","Bluebunch wheatgrass","Upper"
"11400_10_19","B","BASA","Baccharis salicina","Great plains false willow","Upper"
"11400_20","A","FECA4","Festuca campestris","Rough fescue","Upper"
"11400_20","A","FEID","Festuca idahoensis","Idaho fescue","Upper"
"11400_20","A","ACOC3","Achnatherum occidentale","Western needlegrass","Upper"
"11400_20","A","BASA","Baccharis salicina","Great plains false willow","Upper"
"11400_20","B","FECA4","Festuca campestris","Rough fescue","Upper"
"11400_20","B","FEID","Festuca idahoensis","Idaho fescue","Upper"
"11400_20","B","ACOC3","Achnatherum occidentale","Western needlegrass","Upper"
"11400_20","B","BASA","Baccharis salicina","Great plains false willow","Upper"
"11400_21","A","FORBS","<NOT FOUND IN NRCS>","<NOT FOUND IN NRCS>","Upper"
"11400_21","A","FEID","Festuca idahoensis","Idaho fescue","Upper"
"11400_21","A","PSSP6","Pseudoroegneria spicata","Bluebunch wheatgrass","Upper"
"11400_21","A","ASTER","Aster","Aster","Upper"
"11400_21","B","FORBS","<NOT FOUND IN NRCS>","<NOT FOUND IN NRCS>","Upper"
"11400_21","B","FEID","Festuca idahoensis","Idaho fescue","Upper"
"11400_21","B","PSSP6","Pseudoroegneria spicata","Bluebunch wheatgrass","Upper"
"11400_21","B","ASTER","Aster","Aster","Upper"
"11400_29","A","PSSP6","Pseudoroegneria spicata","Bluebunch wheatgrass","Upper"
"11400_29","A","FEID","Festuca idahoensis","Idaho fescue","Upper"
"11400_29","A","ACOC3","Achnatherum occidentale","Western needlegrass","Upper"
"11400_29","A","BASA","Baccharis salicina","Great plains false willow","Upper"
"11400_29","B","PSSP6","Pseudoroegneria spicata","Bluebunch wheatgrass","Upper"
"11400_29","B","FEID","Festuca idahoensis","Idaho fescue","Upper"
"11400_29","B","ACOC3","Achnatherum occidentale","Western needlegrass","Upper"
"11400_29","B","BASA","Baccharis salicina","Great plains false willow","Upper"
"11400_9","A","FEVI","Festuca viridula","Greenleaf fescue","All"
"11400_9","A","LUPIN","Lupinus","Lupine","All"
"11400_9","A","JUPA","Juncus parryi","Parry's rush","All"
"11400_9","A","ACOCO","Achnatherum occidentale ssp. occidentale","Western needlegrass","All"
"11400_9","B","ABLAL","Abies lasiocarpa var. lasiocarpa","Subalpine fir","Middle"
"11400_9","B","PIAL","Pinus albicaulis","Whitebark pine","Upper"
"11400_9","B","FEVI","Festuca viridula","Greenleaf fescue","Lower"
"11400_9","B","ARAC2","Arenaria aculeate","Prickly sandwort","Lower"
"11410_20","A","PASM","Pascopyrum smithii","Western wheatgrass","Upper"
"11410_20","A","NAVI4","Nassella viridula","Green needlegrass","Upper"
"11410_20","A","HECO26","Hesperostipa comata","Needle and thread","Upper"
"11410_20","A","BOGR2","Bouteloua gracilis","Blue grama","Lower"
"11410_20","B","BOGR2","Bouteloua gracilis","Blue grama","Upper"
"11410_20","B","POSE","Poa secunda","Sandberg bluegrass","Upper"
"11410_20","B","ARFR","Arenaria franklinii","Franklin's sandwort","Upper"
"11410_20","B","DYPA","Dyssodia papposa","Fetid marigold","Upper"
"11410_20","C","NAVI4","Nassella viridula","Green needlegrass","Upper"
"11410_20","C","PASM","Pascopyrum smithii","Western wheatgrass","Upper"
"11410_20","C","SYOC","Symphoricarpos occidentalis","Western snowberry","Low-Mid"
"11410_20","C","ARTR2","Artemisia tridentata","Big sagebrush","Upper"
"11410_29_30","A","PASM","Pascopyrum smithii","Western wheatgrass","Upper"
"11410_29_30","A","HECO26","Hesperostipa comata","Needle and thread","Upper"
"11410_29_30","A","BOGR2","Bouteloua gracilis","Blue grama","Upper"
"11410_29_30","A","ARFR","Arenaria franklinii","Franklin's sandwort","Upper"
"11410_29_30","B","PASM","Pascopyrum smithii","Western wheatgrass","Upper"
"11410_29_30","B","NAVI4","Nassella viridula","Green needlegrass","Upper"
"11410_29_30","B","HECO26","Hesperostipa comata","Needle and thread","Upper"
"11410_29_30","B","BOGR2","Bouteloua gracilis","Blue grama","Upper"
"11410_31","A","BOGR2","Bouteloua gracilis","Blue grama","Upper"
"11410_31","A","PASM","Pascopyrum smithii","Western wheatgrass","Upper"
"11410_31","A","HECO26","Hesperostipa comata","Needle and thread","Upper"
"11410_31","B","PASM","Pascopyrum smithii","Western wheatgrass","Upper"
"11410_31","B","NAVI4","Nassella viridula","Green needlegrass","Upper"
"11410_31","B","HESP11","Hesperostipa spartea","Porcupinegrass","Upper"
"11410_31","B","BOGR2","Bouteloua gracilis","Blue grama","Upper"
"11410_31","C","PRVI","Prunus virginiana","Chokecherry","Upper"
"11410_31","C","SYOC","Symphoricarpos occidentalis","Western snowberry","Upper"
"11410_31","C","JUVI","Juniperus virginiana","Eastern redcedar","Upper"
"11410_31","C","PASM","Pascopyrum smithii","Western wheatgrass","Mid-Upper"
"11410_39","A","BOGR2","Bouteloua gracilis","Blue grama","Upper"
"11410_39","A","PASM","Pascopyrum smithii","Western wheatgrass","Upper"
"11410_39","A","HECO26","Hesperostipa comata","Needle-and-thread","Upper"
"11410_39","B","PASM","Pascopyrum smithii","Western wheatgrass","Upper"
"11410_39","B","NAVI4","Nassella viridula","Green needlegrass","Upper"
"11410_39","B","HESP11","Hesperostipa spartea","Porcupinegrass","Upper"
"11410_39","B","BOGR2","Bouteloua gracilis","Blue grama","Upper"
"11410_39","C","PRVI","Prunus virginiana","Chokecherry","Upper"
"11410_39","C","SYOC","Symphoricarpos occidentalis","Western snowberry","Upper"
"11410_39","C","JUVI","Juniperus virginiana","Eastern redcedar","Upper"
"11410_39","C","PASM","Pascopyrum smithii","Western wheatgrass","Mid-Upper"
"11410_40","A","BOGR2","Bouteloua gracilis","Blue grama","Upper"
"11410_40","A","PASM","Pascopyrum smithii","Western wheatgrass","Upper"
"11410_40","A","HECO26","Hesperostipa comata","Needle-and-thread","Upper"
"11410_40","B","PASM","Pascopyrum smithii","Western wheatgrass","Upper"
"11410_40","B","NAVI4","Nassella viridula","Green needlegrass","Upper"
"11410_40","B","HESP11","Hesperostipa spartea","Porcupinegrass","Upper"
"11410_40","B","BOGR2","Bouteloua gracilis","Blue grama","Upper"
"11410_40","C","PRVI","Prunus virginiana","Chokecherry","Upper"
"11410_40","C","SYOC","Symphoricarpos occidentalis","Western snowberry","Upper"
"11410_40","C","JUVI","Juniperus virginiana","Eastern red-cedar","Upper"
"11410_40","C","PASM","Pascopyrum smithii","Western wheatgrass","Mid-Upper"
"11420_8","A","PSSP4","Pseudelephantopus spicatus","Dog's-tongue","Upper"
"11420_8","A","FEID","Festuca idahoensis","Idaho fescue","Upper"
"11420_8","B","PSSP4","Pseudelephantopus spicatus","Dog's-tongue","Upper"
"11420_8","B","FEID","Festuca idahoensis","Idaho fescue","Upper"
"11420_8","C","PSSP4","Pseudelephantopus spicatus","Dog's-tongue","Low-Mid"
"11420_8","C","FEID","Festuca idahoensis","Idaho fescue","Low-Mid"
"11420_8","C","ROSA","Rorippa sarmentosa","Longrunner","Middle"
"11420_8","C","PRVI","Prunus virginiana","Chokecherry","Upper"
"11420_8","D","ROSA","Rorippa sarmentosa","Longrunner","Low-Mid"
"11420_8","D","PRVI","Prunus virginiana","Chokecherry","Upper"
"11420_8","D","AMAL2","Amelanchier alnifolia","Saskatoon serviceberry","Mid-Upper"
"11420_8","D","CRATA","Crataegus","Hawthorn","Upper"
"11420_9_10","A","PSSP4","Pseudelephantopus spicatus","Dog’s-tongue","Upper"
"11420_9_10","A","FEID","Festuca idahoensis","Idaho fescue","Upper"
"11420_9_10","B","PSSP4","Pseudelephantopus spicatus","Dog’s-tongue","Upper"
"11420_9_10","B","FEID","Festuca idahoensis","Idaho fescue","Upper"
"11430_9_19_21_28","A","SIAC","Silene acaulis","Moss campion","Upper"
"11430_9_19_21_28","A","TRNA2","Trifolium nanum","Dwarf clover","Upper"
"11430_9_19_21_28","A","FEBR","Festuca brachyphylla","Alpine fescue","Upper"
"11430_9_19_21_28","B","SIAC","Silene acaulis","Moss campion","Upper"
"11430_9_19_21_28","B","TRNA2","Trifolium nanum","Dwarf clover","Upper"
"11430_9_19_21_28","B","FEBR","Festuca brachyphylla","Alpine fescue","Upper"
"11440_12_16_19_28","A","CAREX","Carex","Sedge","Upper"
"11440_12_16_19_28","A","DECA18","Deschampsia caespitosa","Tufted hairgrass","Upper"
"11440_12_16_19_28","A","FEBR","Festuca brachyphylla","Alpine fescue","Upper"
"11440_12_16_19_28","B","CAREX","Carex","Sedge","Upper"
"11440_12_16_19_28","B","DECA18","Deschampsia caespitosa","Tufted hairgrass","Upper"
"11440_12_16_19_28","B","ARAR9","Artemisia arctica","Boreal sagebrush","Upper"
"11440_21_22","A","CAREX","Carex","Sedge","Upper"
"11440_21_22","A","DECA18","Deschampsia caespitosa","Tufted hairgrass","Upper"
"11440_21_22","A","FEBR","Festuca brachyphylla","Alpine fescue","Upper"
"11440_21_22","B","CAREX","Carex","Sedge","Upper"
"11440_21_22","B","DECA18","Deschampsia caespitosa","Tufted hairgrass","Upper"
"11440_21_22","B","ARAR9","Artemisia arctica","Boreal sagebrush","Upper"
"11450_13","A","ACLE","Acer leucoderme","Chalk maple","Upper"
"11450_13","A","BRCA5","Bromus carinatus","California brome","Upper"
"11450_13","A","AGUR","Agastache urticifolia","Nettleleaf giant hyssop","Upper"
"11450_13","A","ASTER","Aster","Aster","Upper"
"11450_13","B","ACLE","Acer leucoderme","Chalk maple","Upper"
"11450_13","B","BRCA5","Bromus carinatus","California brome","Upper"
"11450_13","B","AGUR","Agastache urticifolia","Nettleleaf giant hyssop","Upper"
"11450_13","B","ASTER","Aster","Aster","Upper"
"11450_13","C","ACLE","Acer leucoderme","Chalk maple","Middle"
"11450_13","C","BRCA5","Bromus carinatus","California brome","Middle"
"11450_13","C","POTR5","Populus tremuloides","Quaking aspen","Upper"
"11450_13","C","ARTR2","Artemisia tridentata","Big sagebrush","Upper"
"11450_16","A","ASTER","Aster","Aster","Upper"
"11450_16","A","APIAC","<NOT FOUND IN NRCS>","<NOT FOUND IN NRCS>","Upper"
"11450_16","A","BORAG","Borago","Borage","Upper"
"11450_16","A","SCROP","Scrophularia","Figwort","Upper"
"11450_16","B","ASTER","Aster","Aster","Upper"
"11450_16","B","APIAC","<NOT FOUND IN NRCS>","<NOT FOUND IN NRCS>","Upper"
"11450_16","B","BORAG","Borago","Borage","Upper"
"11450_16","B","SCROP","Scrophularia","Figwort","Upper"
"11450_16","C","ASTER","Aster","Aster","Middle"
"11450_16","C","APIAC","<NOT FOUND IN NRCS>","<NOT FOUND IN NRCS>","Middle"
"11450_16","C","BORAG","Borago","Borage","Middle"
"11450_16","C","SCROP","Scrophularia","Figwort","Middle"
"11450_17","A","ASTER","Aster","Aster","Upper"
"11450_17","A","APIAC","<NOT FOUND IN NRCS>","<NOT FOUND IN NRCS>","Upper"
"11450_17","A","BORAG","Borago","Borage","Upper"
"11450_17","A","SCROP","Scrophularia","Figwort","Upper"
"11450_17","B","ASTER","Aster","Aster","Upper"
"11450_17","B","APIAC","<NOT FOUND IN NRCS>","<NOT FOUND IN NRCS>","Upper"
"11450_17","B","BORAG","Borago","Borage","Upper"
"11450_17","B","SCROP","Scrophularia","Figwort","Upper"
"11450_17","C","ASTER","Aster","Aster","Middle"
"11450_17","C","APIAC","<NOT FOUND IN NRCS>","<NOT FOUND IN NRCS>","Middle"
"11450_17","C","BORAG","Borago","Borage","Middle"
"11450_17","C","SCROP","Scrophularia","Figwort","Middle"
"11450_20","A","ERIGE2","Erigeron","Fleabane","Upper"
"11450_20","A","LUPIN","Lupinus","Lupine","Upper"
"11450_20","A","DECA18","Deschampsia caespitosa","Tufted hairgrass","Upper"
"11450_20","B","ERIGE2","Erigeron","Fleabane","Upper"
"11450_20","B","LUPIN","Lupinus","Lupine","Upper"
"11450_20","B","DECA","Delphinium californicum","California larkspur","Upper"
"11450_20","C","ASTER","Aster","Aster","Middle"
"11450_20","C","LUPIN","Lupinus","Lupine","Middle"
"11450_20","C","ROWO","Rosa woodsii","Woods' rose","Middle"
"11450_20","C","RIBES","Ribes","Currant","Middle"
"11450_21","A","ERIGE2","Erigeron","Fleabane","Upper"
"11450_21","A","LUPIN","Lupinus","Lupine","Upper"
"11450_21","A","DELPH","Delphinium","Larkspur","Upper"
"11450_21","B","ERIGE2","Erigeron","Fleabane","Upper"
"11450_21","B","LUPIN","Lupinus","Lupine","Upper"
"11450_21","B","DELPH","Delphinium","Larkspur","Upper"
"11450_21","C","ASTER","Aster","Aster","Middle"
"11450_21","C","LUPIN","Lupinus","Lupine","Middle"
"11450_21","C","ROWO","Rosa woodsii","Woods' rose","Middle"
"11450_21","C","RIBES","Ribes","Currant","Middle"
"11450_22_24_28","A","ERIGE2","Erigeron","Fleabane","Upper"
"11450_22_24_28","A","LUPIN","Lupinus","Lupine","Upper"
"11450_22_24_28","A","DECA18","Deschampsia caespitosa","Tufted hairgrass","Upper"
"11450_22_24_28","B","ERIGE2","Erigeron","Fleabane","Upper"
"11450_22_24_28","B","LUPIN","Lupinus","Lupine","Upper"
"11450_22_24_28","B","DECA","Delphinium californicum","California larkspur","Upper"
"11450_22_24_28","C","ASTER","Aster","Aster","Middle"
"11450_22_24_28","C","LUPIN","Lupinus","Lupine","Middle"
"11450_22_24_28","C","ROWO","Rosa woodsii","Woods' rose","Middle"
"11450_22_24_28","C","RIBES","Ribes","Currant","Middle"
"11450_29","A","ERIGE2","Erigeron","Fleabane","Upper"
"11450_29","A","LUPIN","Lupinus","Lupine","Upper"
"11450_29","A","DECA18","Deschampsia caespitosa","Tufted hairgrass","Upper"
"11450_29","A","CAREX","Carex","Sedge","Upper"
"11450_29","B","ERIGE2","Erigeron","Fleabane","Upper"
"11450_29","B","LUPIN","Lupinus","Lupine","Upper"
"11450_29","B","DECA18","Deschampsia caespitosa","Tufted hairgrass","Upper"
"11450_29","B","CAREX","Carex","Sedge","Upper"
"11450_9_10_19","A","ERIGE2","Erigeron","Fleabane","Upper"
"11450_9_10_19","A","LUPIN","Lupinus","Lupine","Upper"
"11450_9_10_19","A","DECA18","Deschampsia caespitosa","Tufted hairgrass","Upper"
"11450_9_10_19","B","ERIGE2","Erigeron","Fleabane","Upper"
"11450_9_10_19","B","LUPIN","Lupinus","Lupine","Upper"
"11450_9_10_19","B","DECA","Delphinium californicum","California larkspur","Upper"
"11450_9_10_19","C","ASTER","Aster","Aster","Middle"
"11450_9_10_19","C","LUPIN","Lupinus","Lupine","Middle"
"11450_9_10_19","C","ROWO","Rosa woodsii","Woods' rose","Middle"
"11450_9_10_19","C","RIBES","Ribes","Currant","Middle"
"11460_15_16_23_24_25_28","A","FETH","Festuca thurberi","Thurber’s fescue","Upper"
"11460_15_16_23_24_25_28","A","FEAR2","Festuca arizonica","Arizona fescue","Upper"
"11460_15_16_23_24_25_28","A","ANPA","Anemone parviflora","Smallflowered anemone","Upper"
"11460_15_16_23_24_25_28","A","ERFO","Eragrostis fosbergii","Fosberg’s lovegrass","Upper"
"11460_15_16_23_24_25_28","B","FETH","Festuca thurberi","Thurber’s fescue","Upper"
"11460_15_16_23_24_25_28","B","DAPA2","Danthonia parryi","Parry’s oatgrass","Upper"
"11460_15_16_23_24_25_28","B","MUMO","Muhlenbergia montana","Mountain muhly","Upper"
"11460_15_16_23_24_25_28","B","FEAR2","Festuca arizonica","Arizona fescue","Upper"
"11460_15_16_23_24_25_28","C","FETH","Festuca thurberi","Thurber’s fescue","Upper"
"11460_15_16_23_24_25_28","C","FEAR2","Festuca arizonica","Arizona fescue","Upper"
"11460_15_16_23_24_25_28","C","DAPA2","Danthonia parryi","Parry’s oatgrass","Upper"
"11460_15_16_23_24_25_28","C","MUMO","Muhlenbergia montana","Mountain muhly","Upper"
"11460_26","A","FEAR2","Festuca arizonica","Arizona fescue","Lower"
"11460_26","A","BLTR","Blepharoneuron tricholepis","Pine dropseed","Lower"
"11460_27","A","FETH","Festuca thurberi","Thurber's fescue","Upper"
"11460_27","A","FEAR2","Festuca arizonica","Arizona fescue","Upper"
"11460_27","A","ANPA","Anemone parviflora","Smallflowered anemone","Upper"
"11460_27","A","ERFO","Eragrostis fosbergii","Fosberg's lovegrass","Upper"
"11460_27","B","FETH","Festuca thurberi","Thurber's fescue","Upper"
"11460_27","B","DAPA2","Danthonia parryi","Parry's oatgrass","Upper"
"11460_27","B","MUMO","Muhlenbergia montana","Mountain muhly","Upper"
"11460_27","B","FEAR2","Festuca arizonica","Arizona fescue","Upper"
"11470_27_33","A","ANGE","Andropogon gerardii","Big bluestem","Upper"
"11470_27_33","A","SCSC","Schizachyrium scoparium","Little bluestem","Upper"
"11470_27_33","A","PASM","Pascopyrum smithii","Western wheatgrass","Upper"
"11470_27_33","A","HECO26","Hesperostipa comata","Needle and thread","Upper"
"11470_27_33","B","ANGE","Andropogon gerardii","Big bluestem","Upper"
"11470_27_33","B","SCSC","Schizachyrium scoparium","Little bluestem","Upper"
"11470_27_33","B","PASM","Pascopyrum smithii","Western wheatgrass","Upper"
"11470_28","A","BOGR2","Bouteloua gracilis","Blue grama","All"
"11470_28","A","BUDA","Buchloe dactyloides","Buffalograss","All"
"11470_28","B","BOGR2","Bouteloua gracilis","Blue grama","Upper"
"11470_28","B","BUDA","Buchloe dactyloides","Buffalograss","Upper"
"11470_28","B","SCHIZ4","Schizachyrium","Little bluestem","Upper"
"11470_28","C","BOGR2","Bouteloua gracilis","Blue grama","Upper"
"11470_28","C","BUDA","Buchloe dactyloides","Buffalograss","Upper"
"11480_20_29_30","A","SPCR","Sporobolus cryptandrus","Sand dropseed","Upper"
"11480_20_29_30","A","HECO26","Hesperostipa comata","Needle and thread","Lower"
"11480_20_29_30","A","SCSC","Schizachyrium scoparium","Little bluestem","Upper"
"11480_20_29_30","A","CALO","Calamovilfa longifolia","Prairie sandreed","Upper"
"11480_20_29_30","B","CALO","Calamovilfa longifolia","Prairie sandreed","Upper"
"11480_20_29_30","B","SCSC","Schizachyrium scoparium","Little bluestem","Upper"
"11480_20_29_30","B","BOGR2","Bouteloua gracilis","Blue grama","Lower"
"11480_20_29_30","B","ARCA13","Artemisia cana","Silver sagebrush","Upper"
"11480_34_35","A","ANHA","Andropogon hallii","Sand bluestem","Upper"
"11480_34_35","A","CALO","Calamovilfa longifolia","Prairie sandreed","Upper"
"11480_34_35","A","PAVI2","Panicum virgatum","Switchgrass","Upper"
"11480_34_35","A","BOGR2","Bouteloua gracilis","Blue grama","Lower"
"11480_34_35","B","ANHA","Andropogon hallii","Sand bluestem","Upper"
"11480_34_35","B","CALO","Calamovilfa longifolia","Prairie sandreed","Upper"
"11480_34_35","B","PAVI2","Panicum virgatum","Switchgrass","Upper"
"11480_34_35","B","PRAN3","Prunus angustifolia Marshall","Chickasaw plum","Mid-Upper"
"11480_34_35","C","ARFI2","Artemisia filifolia","Sand sagebrush","Upper"
"11480_34_35","C","QUHA3","Quercus havardii","Harvard oak","Upper"
"11480_34_35","C","PRAN3","Prunus angustifolia","Chickasaw plum","Upper"
"11480_34_35","C","ANHA","Andropogon hallii","Sand bluestem","Upper"
"11480_34_35","C","BOGR2","Bouteloua gracilis","Blue grama","Upper"
"11490_25","A","BOGR2","Bouteloua gracilis","Blue grama","Upper"
"11490_25","A","BUDA","Buchloe dactyloides","Buffalograss","Upper"
"11490_25","A","PASM","Pascopyrum smithii","Western wheatgrass","Upper"
"11490_25","B","BOGR2","Bouteloua gracilis","Blue grama","Upper"
"11490_25","B","BUDA","Buchloe dactyloides","Buffalograss","Upper"
"11490_25","B","PASM","Pascopyrum smithii","Western wheatgrass","Upper"
"11490_25","C","BOGR2","Bouteloua gracilis","Blue grama","Upper"
"11490_25","C","YUEL","Yucca elata","Soaptree yucca","Upper"
"11490_25","C","ARFR4","Artemisia frigida","Prairie sagewort","Upper"
"11490_26","A","BOGR2","Bouteloua gracilis","Blue grama","Upper"
"11490_26","A","BUDA","Buchloe dactyloides","Buffalograss","Middle"
"11490_26","A","BOCU","Bouteloua curtipendula","Sideoats grama","Upper"
"11490_26","B","BOGR2","Bouteloua gracilis","Blue grama","Upper"
"11490_26","B","BUDA","Buchloe dactyloides","Buffalograss","Middle"
"11490_26","B","BOCU","Bouteloua curtipendula","Sideoats grama","Upper"
"11490_26","B","GUSA2","Gutierrezia sarothrae","Broom snakeweed","Upper"
"11490_26","C","GUSA2","Gutierrezia sarothrae","Broom snakeweed","Upper"
"11490_26","C","BUDA","Buchloe dactyloides","Buffalograss","Middle"
"11490_26","C","BOGR2","Bouteloua gracilis","Blue grama","Upper"
"11490_26","D","GUSA2","Gutierrezia sarothrae","Broom snakeweed","Upper"
"11490_27_38","A","BOGR2","Bouteloua gracilis","Blue grama","Upper"
"11490_27_38","A","BUDA","Buchloe dactyloides","Buffalograss","Upper"
"11490_27_38","A","ARIST","Aristida","Threeawn","Upper"
"11490_27_38","A","VUOC","Vulpia octoflora","Sixweeks fescue","Upper"
"11490_27_38","B","BOGR2","Bouteloua gracilis","Blue grama","Upper"
"11490_27_38","B","PASM","Pascopyrum smithii","Western wheatgrass","Upper"
"11490_27_38","B","BUDA","Buchloe dactyloides","Buffalograss","Upper"
"11490_27_38","B","STIPA","Stipa","Stipa","Upper"
"11490_27_38","C","BOGR2","Bouteloua gracilis","Blue grama","Upper"
"11490_27_38","C","HECOC8","Hesperostipa comata ssp. comata","Needle and thread","Upper"
"11490_27_38","C","PASM","Pascopyrum smithii","Western wheatgrass","Upper"
"11490_27_38","C","STIPA","Stipa","Stipa","Upper"
"11490_28","A","BOGR2","Bouteloua gracilis","Blue grama","All"
"11490_28","A","BUDA","Buchloe dactyloides","Buffalograss","All"
"11490_28","B","BOGR2","Bouteloua gracilis","Blue grama","Upper"
"11490_28","B","BUDA","Buchloe dactyloides","Buffalograss","Upper"
"11490_28","C","BOGR2","Bouteloua gracilis","Blue grama","Upper"
"11490_28","C","BUDA","Buchloe dactyloides","Buffalograss","Upper"
"11490_28","D","BOGR2","Bouteloua gracilis","Blue grama","Upper"
"11490_28","D","BUDA","Buchloe dactyloides","Buffalograss","Upper"
"11490_29","A","BOGR2","Bouteloua gracilis","Blue grama","Upper"
"11490_29","A","BUDA","Buchloe dactyloides","Buffalograss","Upper"
"11490_29","A","ARIST","Aristida","Threeawn","Upper"
"11490_29","A","VUOC","Vulpia octoflora","Sixweeks fescue","Upper"
"11490_29","B","BOGR2","Bouteloua gracilis","Blue grama","Upper"
"11490_29","B","PASM","Pascopyrum smithii","Western wheatgrass","Upper"
"11490_29","B","BUDA","Buchloe dactyloides","Buffalograss","Upper"
"11490_29","B","STIPA","Stipa","Stipa","Upper"
"11490_29","C","BOGR2","Bouteloua gracilis","Blue grama","Upper"
"11490_29","C","HECOC8","Hesperostipa comata ssp. comata","Needle and thread","Upper"
"11490_29","C","PASM","Pascopyrum smithii","Western wheatgrass","Upper"
"11490_29","C","STIPA","Stipa","Stipa","Upper"
"11490_31_33","A","BOGR2","Bouteloua gracilis","Blue grama","Upper"
"11490_31_33","A","BUDA","Buchloe dactyloides","Buffalograss","Upper"
"11490_31_33","A","ARIST","Aristida","Threeawn","Upper"
"11490_31_33","A","VUOC","Vulpia octoflora","Sixweeks fescue","Upper"
"11490_31_33","B","BOGR2","Bouteloua gracilis","Blue grama","Upper"
"11490_31_33","B","PASM","Pascopyrum smithii","Western wheatgrass","Upper"
"11490_31_33","B","BUDA","Buchloe dactyloides","Buffalograss","Upper"
"11490_31_33","B","STIPA","Stipa","Stipa","Upper"
"11490_31_33","C","BOGR2","Bouteloua gracilis","Blue grama","Upper"
"11490_31_33","C","HECOC8","Hesperostipa comata ssp. comata","Needle and thread","Upper"
"11490_31_33","C","PASM","Pascopyrum smithii","Western wheatgrass","Upper"
"11490_31_33","C","STIPA","Stipa","Stipa","Upper"
"11490_34_35","A","BOGR2","Bouteloua gracilis","Blue grama","Upper"
"11490_34_35","A","BUDA","Buchloe dactyloides","Buffalograss","Upper"
"11490_34_35","A","PASM","Pascopyrum smithii","Western wheatgrass","Upper"
"11490_34_35","A","CHVE2","Chloris verticillata","Tumble windmill grass","Upper"
"11490_34_35","B","BOGR2","Bouteloua gracilis","Blue grama","Upper"
"11490_34_35","B","BUDA","Buchloe dactyloides","Buffalograss","Upper"
"11490_34_35","B","BOCU","Bouteloua curtipendula","Sideoats grama","Upper"
"11490_34_35","B","SPCR","Sporobolus cryptandrus","Sand dropseed","Lower"
"11500_31_39_40","A","ANGE","Andropogon gerardii","Big bluestem","Upper"
"11500_31_39_40","A","SONU2","Sorghastrum nutans","Indiangrass","Upper"
"11500_31_39_40","A","PAVI2","Panicum virgatum","Switchgrass","Upper"
"11500_31_39_40","A","SPPE","Spartina pectinata","Prairie cordgrass","Upper"
"11500_31_39_40","B","ANGE","Andropogon gerardii","Big bluestem","Upper"
"11500_31_39_40","B","SONU2","Sorghastrum nutans","Indiangrass","Upper"
"11500_31_39_40","B","PAVI2","Panicum virgatum","Switchgrass","Upper"
"11500_31_39_40","B","SPPE","Spartina pectinata","Prairie cordgrass","Upper"
"11500_31_39_40","C","RHGL","Rhus glabra","Smooth sumac","Upper"
"11500_31_39_40","C","CORNU","Cornus","Dogwood","Upper"
"11500_31_39_40","C","ANGE","Andropogon gerardii","Big bluestem","Lower"
"11500_31_39_40","C","PAVI2","Panicum virgatum","Switchgrass","Lower"
"11500_38","A","ANGE","Andropogon gerardii","Big bluestem","Upper"
"11500_38","A","SONU2","Sorghastrum nutans","Indiangrass","Upper"
"11500_38","A","PAVI2","Panicum virgatum","Switchgrass","Upper"
"11500_38","A","SPPE","Spartina pectinata","Prairie cordgrass","Upper"
"11500_38","B","ANGE","Andropogon gerardii","Big bluestem","Upper"
"11500_38","B","SONU2","Sorghastrum nutans","Indiangrass","Upper"
"11500_38","B","PAVI2","Panicum virgatum","Switchgrass","Upper"
"11500_38","B","SPPE","Spartina pectinata","Prairie cordgrass","Upper"
"11500_38","C","RHGL","Rhus glabra","Smooth sumac","Upper"
"11500_38","C","CORNU","Cornus","Dogwood","Upper"
"11500_38","C","ANGE","Andropogon gerardii","Big bluestem","Lower"
"11500_38","C","PAVI2","Panicum virgatum","Switchgrass","Lower"
"11510_4_5","A","SAEX","Salix exigua","Narrowleaf willow","None"
"11510_4_5","A","POFR2","Populus fremontii","Fremont cottonwood","None"
"11510_4_5","A","SAGO","Salix gooddingii","Goodding's willow","None"
"11510_4_5","B","POFR2","Populus fremontii","Fremont cottonwood","Upper"
"11510_4_5","B","SAGO","Salix gooddingii","Goodding's willow","Upper"
"11510_4_5","B","JUHI","Juglans hindsii","Northern California walnut","Mid-Upper"
"11510_4_5","B","ACNE2","Acer negundo","Boxelder","Middle"
"11510_4_5","C","QULO","Quercus lobata","California white oak","Upper"
"11510_4_5","C","VICA5","Vitis californica","California wild grape","Upper"
"11510_4_5","C","ACNE2","Acer negundo","Boxelder","Middle"
"11520_2_3_7","A","SALIX","Salix","Willow","Upper"
"11520_2_3_7","A","ALNUS","Alnus","Alder","Upper"
"11520_2_3_7","A","POPUL","Populus","Cottonwood","Upper"
"11520_2_3_7","B","SALIX","Salix","Willow","Middle"
"11520_2_3_7","B","POPUL","Populus","Cottonwood","Upper"
"11520_2_3_7","B","ALNUS","Alnus","Alder","Upper"
"11520_2_3_7","C","POPUL","Populus","Cottonwood","Upper"
"11520_2_3_7","C","ALNUS","Alnus","Alder","Mid-Upper"
"11520_4_5","A","SAEX","Salix exigua","Narrowleaf willow","Upper"
"11520_4_5","A","SALA3","Salix laevigata","Red willow","Upper"
"11520_4_5","A","SALAL2","Salix lasiolepis var. lasiolepis","Arroyo willow","None"
"11520_4_5","A","ALNUS","Alnus","Alder","None"
"11520_4_5","B","SAEX","Salix exigua","Narrowleaf willow","Middle"
"11520_4_5","B","SALA3","Salix laevigate","Red willow","Upper"
"11520_4_5","B","SALUC","Salix lucida ssp. caudata","Greenleaf willow","Upper"
"11520_4_5","B","SALAL2","Salix lasiolepis var. lasiolepis","Arroyo willow","None"
"11520_4_5","C","POPUL","Populus","Cottonwood","Upper"
"11520_4_5","C","SALA3","Salix laevigate","Red willow","Mid-Upper"
"11520_4_5","C","SALUC","Salix lucida ssp. caudata","Greenleaf willow","None"
"11520_4_5","C","ALNUS","Alnus","Alder","None"
"11520_6","A","SALIX","Salix","Willow","Upper"
"11520_6","A","ALNUS","Alnus","Alder","Upper"
"11520_6","B","SALIX","Salix","Willow","Middle"
"11520_6","B","POPUL","Populus","Cottonwood","Upper"
"11520_6","B","ALNUS","Alnus","Alder","Upper"
"11520_6","C","POPUL","Populus","Cottonwood","Upper"
"11520_6","C","ALNUS","Alnus","Alder","Mid-Upper"
"11530_16_23_24_25_27","A","DISTI","Distichlis","Saltgrass","Lower"
"11530_16_23_24_25_27","A","LECI4","Leymus cinereus","Basin wildrye","Lower"
"11530_16_23_24_25_27","A","SPAI","Sporobolus airoides","Alkali sacaton","Lower"
"11530_16_23_24_25_27","A","SARCO","Sarcobatus","Greasewood","Upper"
"11530_16_23_24_25_27","B","SARCO","Sarcobatus","Greasewood","Upper"
"11530_16_23_24_25_27","B","DISTI","Distichlis","Saltgrass","Lower"
"11530_16_23_24_25_27","B","SPAI","Sporobolus airoides","Alkali sacaton","Lower"
"11530_16_23_24_25_27","B","LECI4","Leymus cinereus","Basin wildrye","Lower"
"11530_16_23_24_25_27","C","SARCO","Sarcobatus","Greasewood","Upper"
"11530_16_23_24_25_27","C","DISTI","Distichlis","Saltgrass","Lower"
"11530_16_23_24_25_27","C","SPAI","Sporobolus airoides","Alkali sacaton","Lower"
"11530_16_23_24_25_27","C","LECI4","Leymus cinereus","Basin wildrye","Lower"
"11530_20_22_29_30","A","DISTI","Distichlis","Saltgrass","Lower"
"11530_20_22_29_30","A","SPAI","Sporobolus airoides","Alkali sacaton","Lower"
"11530_20_22_29_30","B","SARCO","Sarcobatus","Greasewood","Upper"
"11530_20_22_29_30","B","DISTI","Distichlis","Saltgrass","Lower"
"11530_20_22_29_30","B","SPAI","Sporobolus airoides","Alkali sacaton","Lower"
"11530_28","A","DISTI","Distichlis","Saltgrass","Lower"
"11530_28","A","SPAI","Sporobolus airoides","Alkali sacaton","None"
"11530_28","A","SARCO","Sarcobatus","Greasewood","Lower"
"11530_28","B","SARCO","Sarcobatus","Greasewood","Upper"
"11530_28","B","DISTI","Distichlis","Saltgrass","Lower"
"11530_28","B","SPAI","Sporobolus airoides","Alkali sacaton","Lower"
"11530_28","C","SARCO","Sarcobatus","Greasewood","Upper"
"11530_28","C","DISTI","Distichlis","Saltgrass","Lower"
"11530_28","C","SPAI","Sporobolus airoides","Alkali sacaton","Lower"
"11530_6_10_12_13_17_18_19_21","A","ELEL5","Elymus elymoides","Bottlebrush squirreltail","Upper"
"11530_6_10_12_13_17_18_19_21","A","LECI4","Leymus cinereus","Basin wildrye","Lower"
"11530_6_10_12_13_17_18_19_21","A","SPAI","Sporobolus airoides","Alkali sacaton","Lower"
"11530_6_10_12_13_17_18_19_21","A","SAVE4","Sarcobatus vermiculatus","Greasewood","Middle"
"11530_6_10_12_13_17_18_19_21","B","SAVE4","Sarcobatus vermiculatus","Greasewood","Upper"
"11530_6_10_12_13_17_18_19_21","B","DISTI","Distichlis","Saltgrass","Lower"
"11530_6_10_12_13_17_18_19_21","B","SPAI","Sporobolus airoides","Alkali sacaton","Middle"
"11530_6_10_12_13_17_18_19_21","B","LECI4","Leymus cinereus","Basin wildrye","Upper"
"11530_7_8_9","A","ELEL5","Elymus elymoides","Bottlebrush squirreltail","Upper"
"11530_7_8_9","A","LECI4","Leymus cinereus","Basin wildrye","Lower"
"11530_7_8_9","A","SPAI","Sporobolus airoides","Alkali sacaton","Lower"
"11530_7_8_9","A","SAVE4","Sarcobatus vermiculatus","Greasewood","Middle"
"11530_7_8_9","B","SAVE4","Sarcobatus vermiculatus","Greasewood","Upper"
"11530_7_8_9","B","DISTI","Distichlis","Saltgrass","Lower"
"11530_7_8_9","B","SPAI","Sporobolus airoides","Alkali sacaton","Middle"
"11530_7_8_9","B","LECI4","Leymus cinereus","Basin wildrye","Upper"
"11530_7_8_9","C","SAVE4","Sarcobatus vermiculatus","Greasewood","Upper"
"11530_7_8_9","C","DISTI","Distichlis","Saltgrass","Lower"
"11530_7_8_9","C","SPAI","Sporobolus airoides","Alkali sacaton","Middle"
"11530_7_8_9","C","LECI4","Leymus cinereus","Basin wildrye","Upper"
"11540_1_7_8_9","A","POPUL","Populus","Cottonwood","Upper"
"11540_1_7_8_9","A","SALIX","Salix","Willow","Upper"
"11540_1_7_8_9","A","ALNUS","Alnus","Alder","Upper"
"11540_1_7_8_9","A","CAREX","Carex","Sedge","Lower"
"11540_1_7_8_9","B","POPUL","Populus","Cottonwood","Upper"
"11540_1_7_8_9","B","ALNUS","Alnus","Alder","Upper"
"11540_1_7_8_9","B","SALIX","Salix","Willow","Mid-Upper"
"11540_1_7_8_9","C","POPUL","Populus","Cottonwood","Upper"
"11540_1_7_8_9","C","ALNUS","Alnus","Alder","Mid-Upper"
"11540_1_7_8_9","C","SALIX","Salix","Willow","Mid-Upper"
"11540_10_19","A","POPUL","Populus","Cottonwood","Upper"
"11540_10_19","A","SALIX","Salix","Willow","Upper"
"11540_10_19","A","ALNUS","Alnus","Alder","Upper"
"11540_10_19","A","CAREX","Carex","Sedge","Lower"
"11540_10_19","B","POPUL","Populus","Cottonwood","Upper"
"11540_10_19","B","ALNUS","Alnus","Alder","Upper"
"11540_10_19","B","SALIX","Salix","Willow","Mid-Upper"
"11540_10_19","C","POPUL","Populus","Cottonwood","Upper"
"11540_10_19","C","ALNUS","Alnus","Alder","Mid-Upper"
"11540_10_19","C","SALIX","Salix","Willow","Mid-Upper"
"11540_13","A","POPUL","Populus","Cottonwood","Upper"
"11540_13","A","SALIX","Salix","Willow","Upper"
"11540_13","A","ROWO","Rosa woodsii","Woods' rose","Upper"
"11540_13","A","CAREX","Carex","Sedge","Lower"
"11540_13","B","POPUL","Populus","Cottonwood","Upper"
"11540_13","B","ROWO","Rosa woodsii","Woods' rose","Upper"
"11540_13","B","SALIX","Salix","Willow","Mid-Upper"
"11540_13","C","POPUL","Populus","Cottonwood","Upper"
"11540_13","C","ROWO","Rosa woodsii","Woods' rose","Mid-Upper"
"11540_13","C","SALIX","Salix","Willow","Mid-Upper"
"11540_18","A","POPUL","Populus","Cottonwood","Upper"
"11540_18","A","SALIX","Salix","Willow","Upper"
"11540_18","A","ALNUS","Alnus","Alder","Upper"
"11540_18","A","CAREX","Carex","Sedge","Lower"
"11540_18","B","POPUL","Populus","Cottonwood","Upper"
"11540_18","B","ALNUS","Alnus","Alder","Upper"
"11540_18","B","SALIX","Salix","Willow","Mid-Upper"
"11540_18","C","POPUL","Populus","Cottonwood","Upper"
"11540_18","C","ALNUS","Alnus","Alder","Mid-Upper"
"11540_18","C","SALIX","Salix","Willow","Mid-Upper"
"11540_6_12_16_17","A","POPUL","Populus","Cottonwood","Upper"
"11540_6_12_16_17","A","SALIX","Salix","Willow","Upper"
"11540_6_12_16_17","A","ALNUS","Alnus","Alder","Upper"
"11540_6_12_16_17","A","CAREX","Carex","Sedge","Lower"
"11540_6_12_16_17","B","POPUL","Populus","Cottonwood","Upper"
"11540_6_12_16_17","B","ALNUS","Alnus","Alder","Upper"
"11540_6_12_16_17","B","SALIX","Salix","Willow","Mid-Upper"
"11540_6_12_16_17","C","POPUL","Populus","Cottonwood","Upper"
"11540_6_12_16_17","C","ALNUS","Alnus","Alder","Mid-Upper"
"11540_6_12_16_17","C","SALIX","Salix","Willow","Mid-Upper"
"11550_13_14","A","SAGO","Salix gooddingii","Goodding’s willow","Upper"
"11550_13_14","A","POFR2","Populus fremontii","Fremont cottonwood","Upper"
"11550_13_14","A","BASA","Baccharis salicina","Great Plains false willow","Upper"
"11550_13_14","B","SAGO","Salix gooddingii","Goodding’s willow","Upper"
"11550_13_14","B","POFR2","Populus fremontii","Fremont cottonwood","Upper"
"11550_13_14","B","PROSO","Prosopis","Mesquite","Lower"
"11550_13_14","C","PROSO","Prosopis","Mesquite","Middle"
"11550_13_14","C","SAGO","Salix gooddingii","Goodding’s willow","Upper"
"11550_13_14","D","POFR2","Populus fremontii","Fremont cottonwood","Upper"
"11550_13_14","D","SAGO","Salix gooddingii","Goodding's willow","Upper"
"11550_13_14","D","PROSO","Prosopis","Mesquite","Middle"
"11550_13_14","E","PROSO","Prosopis","Mesquite","Upper"
"11550_15","A","SAGO","Salix gooddingii","Goodding’s willow","Upper"
"11550_15","A","POFR2","Populus fremontii","Fremont cottonwood","Upper"
"11550_15","A","BASA","Baccharis salicina","Great Plains false willow","Upper"
"11550_15","B","SAGO","Salix gooddingii","Goodding’s willow","Upper"
"11550_15","B","POFR2","Populus fremontii","Fremont cottonwood","Upper"
"11550_15","C","POFR2","Populus fremontii","Fremont cottonwood","Upper"
"11550_15","C","SAGO","Salix gooddingii","Goodding’s willow","Upper"
"11550_15","C","PROSO","Prosopis","Mesquite","Middle"
"11550_15","D","PROSO","Prosopis","Mesquite","Upper"
"11550_15","D","CEPA8","Celtis pallida","Spiny hackberry","Middle"
"11550_25","A","SPAI","Sporobolus airoides","Alkali sacaton","Lower"
"11550_25","A","PLMU3","Pleuraphis mutica","Tobosagrass","Lower"
"11550_25","A","PAOB","Panicum obtusum","Vine mesquite","Lower"
"11550_25","A","SPWR2","Sporobolus wrightii","Big sacaton","Middle"
"11550_25","B","SPAI","Sporobolus airoides","Alkali sacaton","Middle"
"11550_25","B","PLMU3","Pleuraphis mutica","Tobosagrass","Low-Mid"
"11550_25","B","PAOB","Panicum obtusum","Vine mesquite","Low-Mid"
"11550_25","B","SPWR2","Sporobolus wrightii","Big sacaton","Mid-Upper"
"11550_26_35","A","BASA4","Baccharis salicifolia","Mule's fat","Lower"
"11550_26_35","B","BASA4","Baccharis salicifolia","Mule's fat","Lower"
"11550_26_35","B","BRICK","Brickellia","Brickellbush","Lower"
"11550_26_35","B","JUMI","Juglans microcarpa","Little walnut","Low-Mid"
"11550_26_35","B","CHLI2","Chilopsis linearis","Desert willow","Lower"
"11550_26_35","C","PODE3","Populus deltoides","Eastern cottonwood","Upper"
"11550_26_35","C","SALIX","Salix","Willow","Mid-Upper"
"11550_4","A","SAGO","Salix gooddingii","Goodding’s willow","Upper"
"11550_4","A","POFR2","Populus fremontii","Fremont cottonwood","Upper"
"11550_4","A","BASA","Baccharis salicina","Great Plains false willow","Upper"
"11550_4","B","SAGO","Salix gooddingii","Goodding’s willow","Upper"
"11550_4","B","POFR2","Populus fremontii","Fremont cottonwood","Upper"
"11550_4","B","PROSO","Prosopis","Mesquite","Lower"
"11550_4","C","PROSO","Prosopis","Mesquite","Middle"
"11550_4","C","SAGO","Salix gooddingii","Goodding’s willow","Upper"
"11550_4","D","POFR2","Populus fremontii","Fremont cottonwood","Upper"
"11550_4","D","SAGO","Salix gooddingii","Goodding’s willow","Upper"
"11550_4","D","PROSO","Prosopis","Mesquite","Middle"
"11550_4","E","PROSO","Prosopis","Mesquite","Upper"
"11552_13_14_15","A","SAGO","Salix gooddingii","Goodding’s willow","Upper"
"11552_13_14_15","A","PROSO","Prosopis","Mesquite","Upper"
"11552_13_14_15","A","DISP","Distichlis spicata","Inland saltgrass","Lower"
"11552_13_14_15","A","SPAI","Sporobolus airoides","Alkali sacaton","Lower"
"11552_13_14_15","B","SAGO","Salix gooddingii","Goodding’s willow","Upper"
"11552_13_14_15","B","POFR2","Populus fremontii","Fremont cottonwood","Upper"
"11552_13_14_15","B","PROSO","Prosopis","Mesquite","Lower"
"11552_13_14_15","B","FRVE2","Fraxinus velutina","Velvet ash","Upper"
"11552_13_14_15","C","PROSO","Prosopis","Mesquite","Middle"
"11552_13_14_15","C","SAGO","Salix gooddingii","Goodding’s willow","Upper"
"11552_13_14_15","C","ACACI","Acacia","Acacia","Middle"
"11552_13_14_15","C","FRVE2","Fraxinus velutina","Velvet ash","Upper"
"11560_1_2_7","A","SALIX","Salix","Willow","Middle"
"11560_1_2_7","A","ALRU2","Alnus rubra","Red alder","Mid-Upper"
"11560_1_2_7","A","POBAT","Populus balsamifera ssp. trichocarpa","Black cottonwood","Upper"
"11560_1_2_7","B","ACMA3","Acer macrophyllum","Bigleaf maple","Upper"
"11560_1_2_7","B","ALRU2","Alnus rubra","Red alder","Mid-Upper"
"11560_1_2_7","B","POBAT","Populus balsamifera ssp. trichocarpa","Black cottonwood","Upper"
"11560_1_2_7","C","ACMA3","Acer macrophyllum","Bigleaf maple","Upper"
"11560_1_2_7","C","ALRU2","Alnus rubra","Red alder","Mid-Upper"
"11560_1_2_7","C","POBAT","Populus balsamifera ssp. trichocarpa","Black cottonwood","None"
"11560_1_2_7","D","THPL","Thuja plicata","Western red-cedar","Upper"
"11560_1_2_7","D","TSHE","Tsuga heterophylla","Western hemlock","Upper"
"11560_1_2_7","D","PISI","Picea sitchensis","Sitka spruce","Upper"
"11570_1_2","A","SALIX","Salix","Willow","Upper"
"11570_1_2","A","ALNUS","Alnus","Alder","Upper"
"11570_1_2","B","ALNUS","Alnus","Alder","Upper"
"11570_1_2","B","SALIX","Salix","Willow","Upper"
"11570_1_2","B","FRLA","Fraxinus latifolia","Oregon ash","Upper"
"11570_1_2","C","THPL","Thuja plicata","Western red-cedar","Upper"
"11570_1_2","C","PICO","Pinus contorta","Lodgepole pine","Upper"
"11570_1_2","C","TSHE","Tsuga heterophylla","Western hemlock","Upper"
"11570_1_2","C","PISI","Picea sitchensis","Sitka spruce","Upper"
"11581_1_2_7","A","ALRU2","Alnus rubra","Red alder","Upper"
"11581_1_2_7","A","SASI2","Salix sitchensis","Sitka willow","Upper"
"11581_1_2_7","A","RUSP","Rubus spectabilis","Salmonberry","Upper"
"11581_1_2_7","B","ALRU2","Alnus rubra","Red alder","Upper"
"11581_1_2_7","B","ACMA3","Acer macrophyllum","Bigleaf maple","Upper"
"11581_1_2_7","B","RUSP","Rubus spectabilis","Salmonberry","Lower"
"11581_1_2_7","B","ACCI","Acer circinatum","Vine maple","Lower"
"11581_1_2_7","C","ALRU2","Alnus rubra","Red alder","Middle"
"11581_1_2_7","C","ACMA3","Acer macrophyllum","Bigleaf maple","Mid-Upper"
"11581_1_2_7","C","PSME","Pseudotsuga menziesii","Douglas-fir","Upper"
"11582_1_2_7","A","ALRU2","Alnus rubra","Red alder","Upper"
"11582_1_2_7","A","SALIX","Salix","Willow","Upper"
"11582_1_2_7","A","ATFI","Athyrium filix-femina","Common ladyfern","Upper"
"11582_1_2_7","A","SYAL","Symphoricarpos albus","Common snowberry","Upper"
"11582_1_2_7","B","ALRU2","Alnus rubra","Red alder","Upper"
"11582_1_2_7","B","SALIX","Salix","Willow","Upper"
"11582_1_2_7","B","PIEN","Picea engelmannii","Engelmann spruce","Upper"
"11582_1_2_7","B","SYAL","Symphoricarpos albus","Common snowberry","Middle"
"11582_1_2_7","C","ALRU2","Alnus rubra","Red alder","Mid-Upper"
"11582_1_2_7","C","SALIX","Salix","Willow","Upper"
"11582_1_2_7","C","PIEN","Picea engelmannii","Engelmann spruce","Upper"
"11582_1_2_7","C","SYAL","Symphoricarpos albus","Common snowberry","Lower"
"11590_10_19","A","POPUL","Populus","Cottonwood","Upper"
"11590_10_19","A","SALIX","Salix","Willow","Upper"
"11590_10_19","A","ALNUS","Alnus","Alder","Upper"
"11590_10_19","A","CAREX","Carex","Sedge","Lower"
"11590_10_19","B","POPUL","Populus","Cottonwood","Upper"
"11590_10_19","B","SALIX","Salix","Willow","Mid-Upper"
"11590_10_19","C","POPUL","Populus","Cottonwood","Upper"
"11590_10_19","C","PINUS","Pinus","Pine","Upper"
"11590_10_19","C","SALIX","Salix","Willow","Mid-Upper"
"11590_12_17","A","POPUL","Populus","Cottonwood","Upper"
"11590_12_17","A","SALIX","Salix","Willow","Upper"
"11590_12_17","A","ALNUS","Alnus","Alder","Upper"
"11590_12_17","A","CAREX","Carex","Sedge","Lower"
"11590_12_17","B","POPUL","Populus","Cottonwood","Upper"
"11590_12_17","B","SALIX","Salix","Willow","Mid-Upper"
"11590_12_17","C","POPUL","Populus","Cottonwood","Upper"
"11590_12_17","C","PINUS","Pinus","Pine","Upper"
"11590_12_17","C","SALIX","Salix","Willow","Mid-Upper"
"11590_13","A","POPUL","Populus","Cottonwood","Upper"
"11590_13","A","SALIX","Salix","Willow","Upper"
"11590_13","A","CAREX","Carex","Sedge","Lower"
"11590_13","B","POPUL","Populus","Cottonwood","Upper"
"11590_13","B","SALIX","Salix","Willow","Mid-Upper"
"11590_13","C","POPUL","Populus","Cottonwood","Upper"
"11590_13","C","PINUS","Pinus","Pine","Upper"
"11590_13","C","SALIX","Salix","Willow","Mid-Upper"
"11590_15","A","POPUL","Populus","Cottonwood","Upper"
"11590_15","A","SALIX","Salix","Willow","Upper"
"11590_15","A","CAREX","Carex","Sedge","Lower"
"11590_15","B","POPUL","Populus","Cottonwood","Upper"
"11590_15","B","SALIX","Salix","Willow","Upper"
"11590_15","C","POPUL","Populus","Cottonwood","Upper"
"11590_15","C","PINUS","Pinus","Pine","Upper"
"11590_15","C","SALIX","Salix","Willow","Mid-Upper"
"11590_16_23_24_26","A","POPUL","Populus","Cottonwood","Upper"
"11590_16_23_24_26","A","SALIX","Salix","Willow","Upper"
"11590_16_23_24_26","A","CAREX","Carex","Sedge","Upper"
"11590_16_23_24_26","A","PICEA","Picea","Spruce","Upper"
"11590_16_23_24_26","B","POPUL","Populus","Cottonwood","Upper"
"11590_16_23_24_26","B","SALIX","Salix","Willow","Upper"
"11590_16_23_24_26","B","CAREX","Carex","Sedge","Upper"
"11590_16_23_24_26","B","PICEA","Picea","Spruce","Upper"
"11590_18","A","POPUL","Populus","Cottonwood","Upper"
"11590_18","A","SALIX","Salix","Willow","Upper"
"11590_18","A","ALNUS","Alnus","Alder","Upper"
"11590_18","A","CAREX","Carex","Sedge","Lower"
"11590_18","B","POPUL","Populus","Cottonwood","Upper"
"11590_18","B","SALIX","Salix","Willow","Mid-Upper"
"11590_18","C","POPUL","Populus","Cottonwood","Upper"
"11590_18","C","PINUS","Pinus","Pine","Upper"
"11590_18","C","SALIX","Salix","Willow","Mid-Upper"
"11590_20","A","POPUL","Populus","Cottonwood","Upper"
"11590_20","A","SALIX","Salix","Willow","Upper"
"11590_20","A","COSE16","Cornus sericea","Redosier dogwood","Middle"
"11590_20","A","CAREX","Carex","Sedge","Lower"
"11590_20","B","POPUL","Populus","Cottonwood","Upper"
"11590_20","B","SALIX","Salix","Willow","Mid-Upper"
"11590_20","B","COSE16","Cornus sericea","Redosier dogwood","Middle"
"11590_20","C","POPUL","Populus","Cottonwood","Upper"
"11590_20","C","PINUS","Pinus","Pine","Upper"
"11590_20","C","SALIX","Salix","Willow","Mid-Upper"
"11590_20","C","JUSC2","Juniperus scopulorum","Rocky mountain juniper","Mid-Upper"
"11590_21","A","POPUL","Populus","Cottonwood","Upper"
"11590_21","A","SALIX","Salix","Willow","Upper"
"11590_21","A","ALNUS","Alnus","Alder","Upper"
"11590_21","A","CAREX","Carex","Sedge","Lower"
"11590_21","B","POPUL","Populus","Cottonwood","Upper"
"11590_21","B","SALIX","Salix","Willow","Mid-Upper"
"11590_21","C","POPUL","Populus","Cottonwood","Upper"
"11590_21","C","PINUS","Pinus","Pine","Upper"
"11590_21","C","SALIX","Salix","Willow","Mid-Upper"
"11590_22","A","POPUL","Populus","Cottonwood","Upper"
"11590_22","A","SALIX","Salix","Willow","Upper"
"11590_22","A","CAREX","Carex","Sedge","Low-Mid"
"11590_22","A","CORNU","Cornus","Dogwood","Upper"
"11590_22","B","POPUL","Populus","Cottonwood","Upper"
"11590_22","B","SALIX","Salix","Willow","Upper"
"11590_22","B","CAREX","Carex","Sedge","Lower"
"11590_22","B","CORNU","Cornus","Dogwood","Upper"
"11590_25","A","POPUL","Populus","Cottonwood","Upper"
"11590_25","A","SALIX","Salix","Willow","Upper"
"11590_25","A","CAREX","Carex","Sedge","Upper"
"11590_25","A","PICEA","Picea","Spruce","Upper"
"11590_25","B","POPUL","Populus","Cottonwood","Upper"
"11590_25","B","SALIX","Salix","Willow","Upper"
"11590_25","B","CAREX","Carex","Sedge","Upper"
"11590_25","B","PICEA","Picea","Spruce","Upper"
"11590_27_33","A","POPUL","Populus","Cottonwood","Upper"
"11590_27_33","A","SALIX","Salix","Willow","Upper"
"11590_27_33","A","CAREX","Carex","Sedge","Upper"
"11590_27_33","A","PICEA","Picea","Spruce","Upper"
"11590_27_33","B","POPUL","Populus","Cottonwood","Upper"
"11590_27_33","B","SALIX","Salix","Willow","Upper"
"11590_27_33","B","CAREX","Carex","Sedge","Upper"
"11590_27_33","B","PICEA","Picea","Spruce","Upper"
"11590_28","A","POPUL","Populus","Cottonwood","Upper"
"11590_28","A","SALIX","Salix","Willow","Upper"
"11590_28","A","CAREX","Carex","Sedge","Upper"
"11590_28","A","PICEA","Picea","Spruce","Upper"
"11590_28","B","POPUL","Populus","Cottonwood","Upper"
"11590_28","B","SALIX","Salix","Willow","Upper"
"11590_28","B","CAREX","Carex","Sedge","Upper"
"11590_28","B","PICEA","Picea","Spruce","Upper"
"11590_29","A","POPUL","Populus","Cottonwood","Upper"
"11590_29","A","SALIX","Salix","Willow","Upper"
"11590_29","A","COSE16","Cornus sericea","Redosier dogwood","Middle"
"11590_29","A","CAREX","Carex","Sedge","Lower"
"11590_29","B","POPUL","Populus","Cottonwood","Upper"
"11590_29","B","SALIX","Salix","Willow","Mid-Upper"
"11590_29","B","COSE16","Cornus sericea","Redosier dogwood","Middle"
"11590_29","C","POPUL","Populus","Cottonwood","Upper"
"11590_29","C","PINUS","Pinus","Pine","Upper"
"11590_29","C","SALIX","Salix","Willow","Mid-Upper"
"11590_29","C","JUSC2","Juniperus scopulorum","Rocky Mountain juniper","Mid-Upper"
"11590_8_9","A","POPUL","Populus","Cottonwood","Upper"
"11590_8_9","A","SALIX","Salix","Willow","Upper"
"11590_8_9","A","ALNUS","Alnus","Alder","Upper"
"11590_8_9","A","CAREX","Carex","Sedge","Lower"
"11590_8_9","B","POPUL","Populus","Cottonwood","Upper"
"11590_8_9","B","SALIX","Salix","Willow","Mid-Upper"
"11590_8_9","C","POPUL","Populus","Cottonwood","Upper"
"11590_8_9","C","PINUS","Pinus","Pine","Upper"
"11590_8_9","C","SALIX","Salix","Willow","Mid-Upper"
"11600_10_19","A","SALIX","Salix","Willow","Upper"
"11600_10_19","A","CAREX","Carex","Sedge","Upper"
"11600_10_19","A","PICEA","Picea","Spruce","Upper"
"11600_10_19","B","SALIX","Salix","Willow","Upper"
"11600_10_19","B","CAREX","Carex","Sedge","Upper"
"11600_10_19","B","PICEA","Picea","Spruce","Upper"
"11600_12_17","A","POPUL","Populus","Cottonwood","Upper"
"11600_12_17","A","SALIX","Salix","Willow","Upper"
"11600_12_17","A","CAREX","Carex","Sedge","Upper"
"11600_12_17","A","PICEA","Picea","Spruce","Upper"
"11600_12_17","B","POPUL","Populus","Cottonwood","Upper"
"11600_12_17","B","SALIX","Salix","Willow","Upper"
"11600_12_17","B","CAREX","Carex","Sedge","Upper"
"11600_12_17","B","PICEA","Picea","Spruce","Upper"
"11600_15_28","A","POPUL","Populus","Cottonwood","Upper"
"11600_15_28","A","SALIX","Salix","Willow","Upper"
"11600_15_28","A","CAREX","Carex","Sedge","Upper"
"11600_15_28","A","PICEA","Picea","Spruce","Upper"
"11600_15_28","B","POPUL","Populus","Cottonwood","Upper"
"11600_15_28","B","SALIX","Salix","Willow","Upper"
"11600_15_28","B","CAREX","Carex","Sedge","Upper"
"11600_15_28","B","PICEA","Picea","Spruce","Upper"
"11600_16","A","POPUL","Populus","Cottonwood","Upper"
"11600_16","A","SALIX","Salix","Willow","Upper"
"11600_16","A","CAREX","Carex","Sedge","Upper"
"11600_16","A","PICEA","Picea","Spruce","Upper"
"11600_16","B","POPUL","Populus","Cottonwood","Upper"
"11600_16","B","SALIX","Salix","Willow","Upper"
"11600_16","B","CAREX","Carex","Sedge","Upper"
"11600_16","B","PICEA","Picea","Spruce","Upper"
"11600_18","A","POPUL","Populus","Cottonwood","Upper"
"11600_18","A","SALIX","Salix","Willow","Upper"
"11600_18","A","CAREX","Carex","Sedge","Upper"
"11600_18","A","PICEA","Picea","Spruce","Upper"
"11600_18","B","POPUL","Populus","Cottonwood","Upper"
"11600_18","B","SALIX","Salix","Willow","Mid-Upper"
"11600_18","B","CAREX","Carex","Sedge","Lower"
"11600_18","B","PICEA","Picea","Spruce","Mid-Upper"
"11600_18","C","PICEA","Picea","Spruce","Upper"
"11600_18","C","POTR5","Populus tremuloides","Quaking aspen","Mid-Upper"
"11600_20_29","A","SALIX","Salix","Willow","Upper"
"11600_20_29","A","CAREX","Carex","Sedge","Upper"
"11600_20_29","A","PSEUD7","Pseudotsuga","Douglas-fir","Middle"
"11600_20_29","A","POPUL","Populus","Cottonwood","Middle"
"11600_20_29","B","SALIX","Salix","Willow","Middle"
"11600_20_29","B","CAREX","Carex","Sedge","Middle"
"11600_20_29","B","PSEUD7","Pseudotsuga","Douglas-fir","Upper"
"11600_20_29","B","POPUL","Populus","Cottonwood","Upper"
"11600_21","A","SALIX","Salix","Willow","Upper"
"11600_21","A","CAREX","Carex","Sedge","Upper"
"11600_21","B","SALIX","Salix","Willow","Upper"
"11600_21","B","CAREX","Carex","Sedge","Upper"
"11600_23","A","POPUL","Populus","Cottonwood","Upper"
"11600_23","A","SALIX","Salix","Willow","Upper"
"11600_23","A","CAREX","Carex","Sedge","Upper"
"11600_23","A","PICEA","Picea","Spruce","Upper"
"11600_23","B","POPUL","Populus","Cottonwood","Upper"
"11600_23","B","SALIX","Salix","Willow","Upper"
"11600_23","B","CAREX","Carex","Sedge","Upper"
"11600_23","B","PICEA","Picea","Spruce","Upper"
"11600_8_9","A","SALIX","Salix","Willow","Upper"
"11600_8_9","A","CAREX","Carex","Sedge","Upper"
"11600_8_9","A","PICEA","Picea","Spruce","Upper"
"11600_8_9","B","SALIX","Salix","Willow","Upper"
"11600_8_9","B","CAREX","Carex","Sedge","Upper"
"11600_8_9","B","PICEA","Picea","Spruce","Upper"
"11610_21","A","PIEN","Picea engelmannii","Engelmann spruce","Mid-Upper"
"11610_21","A","PICO","Pinus contorta","Lodgepole pine","Mid-Upper"
"11610_21","B","PIEN","Picea engelmannii","Engelmann spruce","Upper"
"11610_21","B","PICO","Pinus contorta","Lodgepole pine","Upper"
"11610_21","C","PIEN","Picea engelmannii","Engelmann spruce","Upper"
"11610_9_10_19","A","PIEN","Picea engelmannii","Engelmann spruce","Mid-Upper"
"11610_9_10_19","B","PIEN","Picea engelmannii","Engelmann spruce","Upper"
"11610_9_10_19","C","PIEN","Picea engelmannii","Engelmann spruce","Upper"
"11620_20","A","PODE3","Populus deltoides","Eastern cottonwood","Upper"
"11620_20","A","SAEX","Salix exigua","Narrowleaf willow","Upper"
"11620_20","A","SALU2","Salix lutea","Yellow willow","Upper"
"11620_20","B","PODE3","Populus deltoides","Eastern cottonwood","Upper"
"11620_20","B","SAEX","Salix exigua","Narrowleaf willow","Middle"
"11620_20","B","SALU2","Salix lutea","Yellow willow","Middle"
"11620_20","B","SCPUL4","Schoenoplectus pungens","Common threesquare","Low-Mid"
"11620_20","C","PODE3","Populus deltoides","Eastern cottonwood","Upper"
"11620_20","C","SAAM2","Salix amygdaloides","Peachleaf willow","Mid-Upper"
"11620_20","C","SALU2","Salix lutea","Yellow willow","Middle"
"11620_20","C","GLLE3","Glycyrrhiza lepidota","American licorice","Low-Mid"
"11620_20","D","PODE3","Populus deltoides","Eastern cottonwood","Upper"
"11620_20","D","PASM","Pascopyrum smithii","Western wheatgrass","Low-Mid"
"11620_20","D","SYOC","Symphoricarpos occidentalis","Western snowberry","Middle"
"11620_20","E","ARCA13","Artemisia cana","Silver sagebrush","Upper"
"11620_20","E","SYOC","Symphoricarpos occidentalis","Western snowberry","Upper"
"11620_20","E","PASM","Pascopyrum smithii","Western wheatgrass","Middle"
"11620_22","A","PODE3","Populus deltoides","Eastern cottonwood","Upper"
"11620_22","A","SAEX","Salix exigua","Narrowleaf willow","Upper"
"11620_22","B","PODE3","Populus deltoides","Eastern cottonwood","Upper"
"11620_22","B","SAEX","Salix exigua","Narrowleaf willow","Middle"
"11620_22","C","PODE3","Populus deltoides","Eastern cottonwood","Upper"
"11620_22","D","PODE3","Populus deltoides","Eastern cottonwood","Upper"
"11620_22","D","RHTR","Rhus trilobata","Skunkbush sumac","Low-Mid"
"11620_22","D","ROSA","Rorippa sarmentosa","Longrunner","Low-Mid"
"11620_22","D","ERNA10","Ericameria nauseosa","Rubber rabbitbrush","Low-Mid"
"11620_22","E","SALIX","Salix","Willow","Middle"
"11620_27_33","A","PODE3","Populus deltoides","Eastern cottonwood","Lower"
"11620_27_33","A","SALIX","Salix","Willow","Lower"
"11620_27_33","A","Herbs","<NOT FOUND IN NRCS>","<NOT FOUND IN NRCS>","Upper"
"11620_27_33","B","PODE3","Populus deltoides","Eastern cottonwood","Upper"
"11620_27_33","B","SALIX","Salix","Willow","Mid-Upper"
"11620_27_33","B","Herbs","<NOT FOUND IN NRCS>","<NOT FOUND IN NRCS>","Lower"
"11620_27_33","C","PODE3","Populus deltoides","Eastern cottonwood","Upper"
"11620_27_33","C","SALIX","Salix","Willow","Middle"
"11620_27_33","C","Herbs","<NOT FOUND IN NRCS>","<NOT FOUND IN NRCS>","Lower"
"11620_29_30","A","PODE3","Populus deltoides","Eastern cottonwood","Upper"
"11620_29_30","A","SAEX","Salix exigua","Narrowleaf willow","Upper"
"11620_29_30","A","SALU2","Salix lutea","Yellow willow","Upper"
"11620_29_30","A","SCHOE6","Schoenoplectus","Bulrush","Low-Mid"
"11620_29_30","B","PODE3","Populus deltoides","Eastern cottonwood","Upper"
"11620_29_30","B","SAAM2","Salix amygdaloides","Peachleaf willow","Mid-Upper"
"11620_29_30","B","SALU2","Salix lutea","Yellow willow","Middle"
"11620_29_30","B","FRPE","Fraxinus pennsylvanica","Green ash","Low-Mid"
"11620_29_30","C","PODE3","Populus deltoides","Eastern cottonwood","Upper"
"11620_29_30","C","PASM","Pascopyrum smithii","Western wheatgrass","Low-Mid"
"11620_29_30","C","SYOC","Symphoricarpos occidentalis","Western snowberry","Middle"
"11620_29_30","C","FRPE","Fraxinus pennsylvanica","Green ash","Low-Mid"
"11620_29_30","D","FRPE","Fraxinus pennsylvanica","Green ash","Middle"
"11620_29_30","D","ACNE2","Acer negundo","Boxelder","Middle"
"11620_29_30","D","PODE3","Populus deltoides","Eastern cottonwood","Middle"
"11620_29_30","D","SYOC","Symphoricarpos occidentalis","Western snowberry","Upper"
"11620_29_30","E","ARCA13","Artemisia cana","Silver sagebrush","Upper"
"11620_29_30","E","SYOC","Symphoricarpos occidentalis","Western snowberry","Upper"
"11620_29_30","E","PASM","Pascopyrum smithii","Western wheatgrass","Middle"
"11620_31_39_40","A","PODE3","Populus deltoides","Eastern cottonwood","Upper"
"11620_31_39_40","A","SAEX","Salix exigua","Narrowleaf willow","Upper"
"11620_31_39_40","A","SALU2","Salix lutea","Yellow willow","Upper"
"11620_31_39_40","A","SCHOE6","Schoenoplectus","Bulrush","Low-Mid"
"11620_31_39_40","B","PODE3","Populus deltoides","Eastern cottonwood","Upper"
"11620_31_39_40","B","SAAM2","Salix amygdaloides","Peachleaf willow","Mid-Upper"
"11620_31_39_40","B","SALU2","Salix lutea","Yellow willow","Middle"
"11620_31_39_40","B","FRPE","Fraxinus pennsylvanica","Green ash","Low-Mid"
"11620_31_39_40","C","PODE3","Populus deltoides","Eastern cottonwood","Upper"
"11620_31_39_40","C","SYOC","Symphoricarpos occidentalis","Western snowberry","None"
"11620_31_39_40","C","FRPE","Fraxinus pennsylvanica","Green ash","Middle"
"11620_31_39_40","D","FRPE","Fraxinus pennsylvanica","Green ash","Middle"
"11620_31_39_40","D","ACNE2","Acer negundo","Boxelder","Middle"
"11620_31_39_40","D","PODE3","Populus deltoides","Eastern cottonwood","Upper"
"11620_31_39_40","D","SYOC","Symphoricarpos occidentalis","Western snowberry","Lower"
"11620_31_39_40","E","ARCA13","Artemisia cana","Silver sagebrush","Upper"
"11620_31_39_40","E","SYOC","Symphoricarpos occidentalis","Western snowberry","Upper"
"11620_31_39_40","E","PASM","Pascopyrum smithii","Western wheatgrass","Middle"
"11620_32_35","A","CAIL2","Carya illinoinensis","Pecan","Upper"
"11620_32_35","A","ULCR","Ulmus crassifolia","Cedar elm","Upper"
"11620_32_35","A","ILDE","Ilex decidua","Possumhaw","Middle"
"11620_32_35","A","CODR","Cornus drummondii","Roughleaf dogwood","Middle"
"11620_32_35","B","CAIL2","Carya illinoinensis","Pecan","Upper"
"11620_32_35","B","ULCR","Ulmus crassifolia","Cedar elm","Upper"
"11620_32_35","B","VEVI2","Verbascum virgatum","Wand mullein","Lower"
"11620_32_35","B","ELVI3","Elymus virginicus","Virginia wildrye","Lower"
"11620_34","A","PODE3","Populus deltoides","Eastern cottonwood","Lower"
"11620_34","A","SALIX","Salix","Willow","Lower"
"11620_34","A","ANDRO2","Andropogon","Bluestem","None"
"11620_34","B","PODE3","Populus deltoides","Eastern cottonwood","Upper"
"11620_34","B","SALIX","Salix","Willow","Mid-Upper"
"11620_34","C","PODE3","Populus deltoides","Eastern cottonwood","Upper"
"11620_34","C","SALIX","Salix","Willow","Middle"
"11620_38","A","PODE3","Populus deltoides","Eastern cottonwood","Upper"
"11620_38","A","SAEX","Salix exigua","Narrowleaf willow","Upper"
"11620_38","A","SALU2","Salix lutea","Yellow willow","Upper"
"11620_38","A","SCHOE6","Schoenoplectus","Bulrush","Low-Mid"
"11620_38","B","PODE3","Populus deltoides","Eastern cottonwood","Upper"
"11620_38","B","SAAM2","Salix amygdaloides","Peachleaf willow","Mid-Upper"
"11620_38","B","SALU2","Salix lutea","Yellow willow","Middle"
"11620_38","B","FRPE","Fraxinus pennsylvanica","Green ash","Low-Mid"
"11620_38","C","PODE3","Populus deltoids","Eastern cottonwood","Upper"
"11620_38","C","SYOC","Symphoricarpos occidentalis","Western snowberry","None"
"11620_38","C","FRPE","Fraxinus pennsylvanica","Green ash","Middle"
"11620_38","D","FRPE","Fraxinus pennsylvanica","Green ash","Middle"
"11620_38","D","ACNE2","Acer negundo","Boxelder","Middle"
"11620_38","D","PODE3","Populus deltoides","Eastern cottonwood","Upper"
"11620_38","D","SYOC","Symphoricarpos occidentalis","Western snowberry","Lower"
"11620_38","E","ARCA13","Artemisia cana","Silver sagebrush","Upper"
"11620_38","E","SYOC","Symphoricarpos occidentalis","Western snowberry","Upper"
"11620_38","E","PASM","Pascopyrum smithii","Western wheatgrass","Middle"
"11630_3_4_5","A","SCCO","Scirpus congdonii","Congdon’s bulrush","Upper"
"11630_3_4_5","A","LETR5","Leymus triticoides","Beardless wildrye","Upper"
"11630_3_4_5","A","TYPHA","Typha","Cattail","Upper"
"11630_3_4_5","A","ELOB2","Eleocharis obtusa","Blunt spikerush","Upper"
"11630_3_4_5","B","SCCO","Scirpus congdonii","Congdon’s bulrush","Upper"
"11630_3_4_5","B","LETR5","Leymus triticoides","Beardless wildrye","Upper"
"11630_3_4_5","B","ELOB2","Eleocharis obtusa","Blunt spikerush","Upper"
"11630_3_4_5","B","TYPHA","Typha","Cattail","Upper"
"11630_3_4_5","C","SCCO","Scirpus congdonii","Congdon’s bulrush","Upper"
"11630_3_4_5","C","LETR5","Leymus triticoides","Beardless wildrye","Upper"
"11630_3_4_5","C","TYPHA","Typha","Cattail","Upper"
"11630_3_4_5","C","ELOB2","Eleocharis obtusa","Blunt spikerush","Upper"
"11650_1_7_8","A","PIPO","Pinus ponderosa","Ponderosa pine","Upper"
"11650_1_7_8","A","ARTRV","Artemisia tridentata ssp. vaseyana","Mountain big sagebrush","Low-Mid"
"11650_1_7_8","B","PIPO","Pinus ponderosa","Ponderosa pine","Upper"
"11650_1_7_8","B","FEID","Festuca idahoensis","Idaho fescue","Lower"
"11650_1_7_8","B","PSSP6","Pseudoroegneria spicata","Bluebunch wheatgrass","Lower"
"11650_1_7_8","C","PIPO","Pinus ponderosa","Ponderosa pine","Upper"
"11650_1_7_8","C","ARTRV","Artemisia tridentata ssp. vaseyana","Mountain big sagebrush","Low-Mid"
"11650_9","A","PSME","Pseudotsuga menziesii","Douglas-fir","Upper"
"11650_9","A","FEID","Festuca idahoensis","Idaho fescue","Lower"
"11650_9","A","ARTRV","Artemisia tridentata ssp. vaseyana","Mountain big sagebrush","Lower"
"11650_9","A","PIFL","Pieris floribunda","Mountain fetterbush","Upper"
"11650_9","B","PSME","Pseudotsuga menziesii","Douglas-fir","Upper"
"11650_9","B","PIFL","Pieris floribunda","Mountain fetterbush","Upper"
"11650_9","C","PSME","Pseudotsuga menziesii","Douglas-fir","Upper"
"11650_9","C","FEID","Festuca idahoensis","Idaho fescue","Lower"
"11650_9","C","ARTRV","Artemisia tridentata ssp. vaseyana","Mountain big sagebrush","Lower"
"11650_9","C","PIFL","Pieris floribunda","Mountain fetterbush","Upper"
"11650_9","D","PSME","Pseudotsuga menziesii","Douglas-fir","Upper"
"11650_9","D","FEID","Festuca idahoensis","Idaho fescue","Lower"
"11650_9","D","ARTRV","Artemisia tridentata ssp. vaseyana","Mountain big sagebrush","Lower"
"11650_9","D","PIFL","Pieris floribunda","Mountain fetterbush","Upper"
"11660_21","A","PSME","Pseudotsuga menziesii","Douglas-fir","Upper"
"11660_21","A","PICO","Pinus contorta","Lodgepole pine","Upper"
"11660_21","A","SYAL","Symphoricarpos albus","Common snowberry","Lower"
"11660_21","A","CARU","Calamagrostis rubescens","Pinegrass","Lower"
"11660_21","B","PSME","Pseudotsuga menziesii","Douglas-fir","Upper"
"11660_21","B","PICO","Pinus contorta","Lodgepole pine","Upper"
"11660_21","B","SYAL","Symphoricarpos albus","Common snowberry","Lower"
"11660_21","B","CARU","Calamagrostis rubescens","Pinegrass","Lower"
"11660_21","C","PSME","Pseudotsuga menziesii","Douglas-fir","Upper"
"11660_21","C","PICO","Pinus contorta","Lodgepole pine","Upper"
"11660_21","C","SYAL","Symphoricarpos albus","Common snowberry","Lower"
"11660_21","C","CARU","Calamagrostis rubescens","Pinegrass","Lower"
"11660_21","D","PSME","Pseudotsuga menziesii","Douglas-fir","Upper"
"11660_21","D","PICO","Pinus contorta","Lodgepole pine","Upper"
"11660_21","D","SYAL","Symphoricarpos albus","Common snowberry","Lower"
"11660_21","D","CARU","Calamagrostis rubescens","Pinegrass","Lower"
"11660_21","E","PSME","Pseudotsuga menziesii","Douglas-fir","Upper"
"11660_21","E","PICO","Pinus contorta","Lodgepole pine","Upper"
"11660_21","E","SYAL","Symphoricarpos albus","Common snowberry","Lower"
"11660_21","E","CARU","Calamagrostis rubescens","Pinegrass","Lower"
"11660_22","A","PSME","Pseudotsuga menziesii","Douglas-fir","Upper"
"11660_22","A","POTR5","Populus tremuloides","Quaking aspen","Upper"
"11660_22","A","PHMA5","Physocarpus malvaceus","Mallow ninebark","Lower"
"11660_22","A","RIBES","Ribes","Currant","Lower"
"11660_22","B","PSME","Pseudotsuga menziesii","Douglas-fir","Upper"
"11660_22","B","POTR5","Populus tremuloides","Quaking aspen","Upper"
"11660_22","B","PHMA5","Physocarpus malvaceus","Mallow ninebark","Lower"
"11660_22","B","RIBES","Ribes","Currant","Lower"
"11660_22","C","PSME","Pseudotsuga menziesii","Douglas-fir","Upper"
"11660_22","C","POTR5","Populus tremuloides","Quaking aspen","Upper"
"11660_22","C","PHMA5","Physocarpus malvaceus","Mallow ninebark","Lower"
"11660_22","C","RIBES","Ribes","Currant","Lower"
"11660_22","D","PSME","Pseudotsuga menziesii","Douglas-fir","Upper"
"11660_22","D","POTR5","Populus tremuloides","Quaking aspen","Upper"
"11660_22","D","PHMA5","Physocarpus malvaceus","Mallow ninebark","Lower"
"11660_22","D","RIBES","Ribes","Currant","Lower"
"11660_22","E","PSME","Pseudotsuga menziesii","Douglas-fir","Upper"
"11660_22","E","POTR5","Populus tremuloides","Quaking aspen","Upper"
"11660_22","E","PHMA5","Physocarpus malvaceus","Mallow ninebark","Lower"
"11660_22","E","RIBES","Ribes","Currant","Lower"
"11660_29","A","PSMEG","Pseudotsuga menziesii var. glauca","Rocky Mountain Douglas-fir","Upper"
"11660_29","A","FEID","Festuca idahoensis","Idaho fescue","Lower"
"11660_29","A","ARTRV","Artemisia tridentata ssp. vaseyana","Mountain big sagebrush","Lower"
"11660_29","B","PSMEG","Pseudotsuga menziesii var. glauca","Rocky Mountain Douglas-fir","Upper"
"11660_29","C","PSMEG","Pseudotsuga menziesii var. glauca","Rocky Mountain Douglas-fir","Upper"
"11660_29","C","FEID","Festuca idahoensis","Idaho fescue","Lower"
"11660_29","C","ARTRV","Artemisia tridentata ssp. vaseyana","Mountain big sagebrush","Lower"
"11660_29","D","PSMEG","Pseudotsuga menziesii var. glauca","Rocky Mountain Douglas-fir","Upper"
"11660_29","D","FEID","Festuca idahoensis","Idaho fescue","Lower"
"11660_29","D","ARTRV","Artemisia tridentata ssp. vaseyana","Mountain big sagebrush","Lower"
"11660_29","E","PSMEG","Pseudotsuga menziesii var. glauca","Rocky Mountain Douglas-fir","Upper"
"11660_9_10_19","A","PSME","Pseudotsuga menziesii","Douglas-fir","Upper"
"11660_9_10_19","A","PICO","Pinus contorta","Lodgepole pine","Upper"
"11660_9_10_19","A","PIFL","Pieris floribunda","Mountain fetterbush","Upper"
"11660_9_10_19","A","CARU","Calamagrostis rubescens","Pinegrass","Lower"
"11660_9_10_19","B","PSME","Pseudotsuga menziesii","Douglas-fir","Upper"
"11660_9_10_19","B","PICO","Pinus contorta","Lodgepole pine","Upper"
"11660_9_10_19","B","PIFL","Pieris floribunda","Mountain fetterbush","Lower"
"11660_9_10_19","B","CARU","Calamagrostis rubescens","Pinegrass","Lower"
"11660_9_10_19","C","PSME","Pseudotsuga menziesii","Douglas-fir","Upper"
"11660_9_10_19","C","PICO","Pinus contorta","Lodgepole pine","Upper"
"11660_9_10_19","C","PIFL","Pieris floribunda","Mountain fetterbush","Upper"
"11660_9_10_19","C","CARU","Calamagrostis rubescens","Pinegrass","Lower"
"11660_9_10_19","D","PSME","Pseudotsuga menziesii","Douglas-fir","Upper"
"11660_9_10_19","D","PICO","Pinus contorta","Lodgepole pine","Upper"
"11660_9_10_19","D","PIFL","Pieris floribunda","Mountain fetterbush","Upper"
"11660_9_10_19","D","CARU","Calamagrostis rubescens","Pinegrass","Lower"
"11660_9_10_19","E","PSME","Pseudotsuga menziesii","Douglas-fir","Upper"
"11660_9_10_19","E","PICO","Pinus contorta","Lodgepole pine","Upper"
"11660_9_10_19","E","PIFL","Pieris floribunda","Mountain fetterbush","Upper"
"11660_9_10_19","E","CARU","Calamagrostis rubescens","Pinegrass","Lower"
"11662_19","A","PSME","Pseudotsuga menziesii","Douglas-fir","Upper"
"11662_19","A","FEID","Festuca idahoensis","Idaho fescue","Lower"
"11662_19","A","ARTRV","Artemisia tridentata ssp. vaseyana","Mountain big sagebrush","Lower"
"11662_19","A","PIFL","Pieris floribunda","Mountain fetterbush","Upper"
"11662_19","B","PSME","Pseudotsuga menziesii","Douglas-fir","Upper"
"11662_19","B","PIFL","Pieris floribunda","Mountain fetterbush","Upper"
"11662_19","C","PSME","Pseudotsuga menziesii","Douglas-fir","Upper"
"11662_19","C","FEID","Festuca idahoensis","Idaho fescue","Lower"
"11662_19","C","ARTRV","Artemisia tridentata ssp. vaseyana","Mountain big sagebrush","Lower"
"11662_19","C","PIFL","Pieris floribunda","Mountain fetterbush","Upper"
"11662_19","D","PSME","Pseudotsuga menziesii","Douglas-fir","Upper"
"11662_19","D","FEID","Festuca idahoensis","Idaho fescue","Lower"
"11662_19","D","ARTRV","Artemisia tridentata ssp. vaseyana","Mountain big sagebrush","Lower"
"11662_19","D","PIFL","Pieris floribunda","Mountain fetterbush","Upper"
"11670_1_7_9","A","PICO","Pinus contorta","Lodgepole pine","Upper"
"11670_1_7_9","B","PICO","Pinus contorta","Lodgepole pine","Upper"
"11670_1_7_9","B","PUTR2","Purshia tridentata","Antelope bitterbrush","Lower"
"11670_1_7_9","C","PICO","Pinus contorta","Lodgepole pine","Upper"
"11670_1_7_9","C","PUTR2","Purshia tridentata","Antelope bitterbrush","Lower"
"11670_1_7_9","C","LUPIN","Lupinus","Lupine","Lower"
"11670_1_7_9","C","RICE","Ribes cereum","Wax currant","Lower"
"11670_10_19","A","PICO","Pinus contorta","Lodgepole pine","Upper"
"11670_10_19","A","CAGE2","Carex geyeri","Geyer’s sedge","Low-Mid"
"11670_10_19","A","CARO5","Carex rossii","Ross’ sedge","Lower"
"11670_10_19","B","PICO","Pinus contorta","Lodgepole pine","None"
"11670_10_19","B","CAGE2","Carex geyeri","Geyer’s sedge","None"
"11670_10_19","B","CARO5","Carex rossii","Ross’ sedge","None"
"11670_10_19","C","PICO","Pinus contorta","Lodgepole pine","None"
"11670_10_19","C","CAGE2","Carex geyeri","Geyer’s sedge","None"
"11670_10_19","C","CARO5","Carex rossii","Ross’ sedge","None"
"11670_10_19","C","VASC","Vaccinium scoparium","Grouse whortleberry","None"
"11670_10_19","D","PICO","Pinus contorta","Lodgepole pine","None"
"11670_10_19","D","CAGE2","Carex geyeri","Geyer’s sedge","None"
"11670_10_19","D","CARO5","Carex rossii","Ross’ sedge","None"
"11670_10_19","D","VASC","Vaccinium scoparium","Grouse whortleberry","None"
"11670_21","A","PICO","Pinus contorta","Lodgepole pine","Upper"
"11670_21","A","CAGE2","Carex geyeri","Geyer's sedge","Lower"
"11670_21","A","CARO5","Carex rossii","Ross' sedge","Lower"
"11670_21","B","PICO","Pinus contorta","Lodgepole pine","Upper"
"11670_21","B","CAGE2","Carex geyeri","Geyer's sedge","Lower"
"11670_21","B","CARO5","Carex rossii","Ross' sedge","Lower"
"11670_21","B","VASC","Vaccinium scoparium","Grouse whortleberry","Lower"
"11670_21","C","PICO","Pinus contorta","Lodgepole pine","Upper"
"11670_21","C","CAGE2","Carex geyeri","Geyer's sedge","Lower"
"11670_21","C","CARO5","Carex rossii","Ross' sedge","Lower"
"11670_21","C","VASC","Vaccinium scoparium","Grouse whortleberry","Lower"
"11670_21","D","PICO","Pinus contorta","Lodgepole pine","Upper"
"11670_21","D","CAGE2","Carex geyeri","Geyer's sedge","Lower"
"11670_21","D","CARO5","Carex rossii","Ross' sedge","Lower"
"11670_21","D","VASC","Vaccinium scoparium","Grouse whortleberry","Lower"
"11700_2_3_7","A","CEPU","Ceanothus pumilus","Dwarf ceanothus","Upper"
"11700_2_3_7","A","FERO","Festuca roemeri","Roemer's fescue","Upper"
"11700_2_3_7","A","ACLE8","Achnatherum lemmonii","Lemmon's needlegrass","Upper"
"11700_2_3_7","A","DACA3","Danthonia californica","California oatgrass","Upper"
"11700_2_3_7","B","PIJE","Pinus jeffreyi","Jeffrey pine","Upper"
"11700_2_3_7","B","CEPU","Ceanothus pumilus","Dwarf ceanothus","Middle"
"11700_2_3_7","B","ARVI4","Arctostaphylos viscida","Sticky whiteleaf manzanita","Middle"
"11700_2_3_7","B","FERO","Festuca roemeri","Roemer's fescue","Lower"
"11700_2_3_7","C","PIJE","Pinus jeffreyi","Jeffrey pine","Upper"
"11700_2_3_7","C","CEPU","Ceanothus pumilus","Dwarf ceanothus","Middle"
"11700_2_3_7","C","DACA3","Danthonia californica","California oatgrass","Lower"
"11700_2_3_7","C","FERO","Festuca roemeri","Roemer's fescue","Lower"
"11710_1","A","FEVI","Festuca viridula","Greenleaf fescue","Upper"
"11710_1","A","FEID","Festuca idahoensis","Idaho fescue","Upper"
"11710_1","A","PSSP6","Pseudoroegneria spicata","Bluebunch wheatgrass","Upper"
"11710_1","A","XETE","Xerophyllum tenax","Common beargrass","Upper"
"11710_1","B","FEVI","Festuca viridula","Greenleaf fescue","Upper"
"11710_1","B","FEID","Festuca idahoensis","Idaho fescue","Upper"
"11710_1","B","PSSP6","Pseudoroegneria spicata","Bluebunch wheatgrass","Upper"
"11710_1","B","XETE","Xerophyllum tenax","Common beargrass","Upper"
"11710_7","A","FEVI","Festuca viridula","Greenleaf fescue","Upper"
"11710_7","A","FEID","Festuca idahoensis","Idaho fescue","Upper"
"11710_7","A","PSSP6","Pseudoroegneria spicata","Bluebunch wheatgrass","Upper"
"11710_7","A","XETE","Xerophyllum tenax","Common beargrass","Upper"
"11710_7","B","FEVI","Festuca viridula","Greenleaf fescue","Upper"
"11710_7","B","FEID","Festuca idahoensis","Idaho fescue","Upper"
"11710_7","B","PSSP6","Pseudoroegneria spicata","Bluebunch wheatgrass","Upper"
"11710_7","B","XETE","Xerophyllum tenax","Common beargrass","Upper"
"11720_7","A","PIMO","Pinus monophylla","Singleleaf pinyon","Upper"
"11720_7","A","PIPO","Pinus ponderosa","Ponderosa pine","Upper"
"11720_7","A","ABCO","Abies concolor","White fir","Upper"
"11720_7","B","PIMO","Pinus monophylla","Singleleaf pinyon","Upper"
"11720_7","B","ABCO","Abies concolor","White fir","Upper"
"11720_7","B","PIPO","Pinus ponderosa","Ponderosa pine","Upper"
"11720_7","C","PIMO","Pinus monophylla","Singleleaf pinyon","Upper"
"11720_7","C","PIPO","Pinus ponderosa","Ponderosa pine","Upper"
"11720_7","C","ABCO","Abies concolor","White fir","Upper"
"11720_7","D","PIMO","Pinus monophylla","Singleleaf pinyon","Mid-Upper"
"11720_7","D","ABCO","Abies concolor","White fir","Mid-Upper"
"11720_7","D","PIPO","Pinus ponderosa","Ponderosa pine","Upper"
"11720_7","E","ABCO","Abies concolor","White fir","Mid-Upper"
"11720_7","E","PIPO","Pinus ponderosa","Ponderosa pine","Upper"
"11730_1_7","A","PICO","Pinus contorta","Lodgepole pine","Mid-Upper"
"11730_1_7","A","PSME","Pseudotsuga menziesii","Douglas-fir","Upper"
"11730_1_7","A","ACCI","Acer circinatum","Vine maple","Middle"
"11730_1_7","A","VAME","Vaccinium membranaceum","Thinleaf huckleberry","Lower"
"11730_1_7","B","PSME","Pseudotsuga menziesii","Douglas-fir","Upper"
"11730_1_7","B","PICO","Pinus contorta","Lodgepole pine","Middle"
"11730_1_7","B","PIMO3","Pinus monticola","Western white pine","Mid-Upper"
"11730_1_7","B","ABLA","Abies lasiocarpa","Subalpine fir","Mid-Upper"
"11740_1_7","A","PSME","Pseudotsuga menziesii","Douglas-fir","Upper"
"11740_1_7","A","ABPR","Abies procera","Noble fir","Upper"
"11740_1_7","A","PIMO3","Pinus monticola","Western white pine","Upper"
"11740_1_7","A","ABAM","Abies amabilis","Pacific silver fir","Mid-Upper"
"11740_1_7","B","ABAM","Abies amabilis","Pacific silver fir","Upper"
"11740_1_7","B","PSME","Pseudotsuga menziesii","Douglas-fir","Upper"
"11740_1_7","B","PIMO3","Pinus monticola","Western white pine","Upper"
"11740_1_7","B","ABPR","Abies procera","Noble fir","Upper"
"11740_1_7","C","PSME","Pseudotsuga menziesii","Douglas-fir","Upper"
"11740_1_7","C","PIMO3","Pinus monticola","Western white pine","Upper"
"11740_1_7","C","ABAM","Abies amabilis","Pacific silver fir","Upper"
"11740_1_7","C","PICO","Pinus contorta","Lodgepole pine","Upper"
"11740_1_7","D","PSME","Pseudotsuga menziesii","Douglas-fir","Upper"
"11740_1_7","D","ABAM","Abies amabilis","Pacific silver fir","Upper"
"11740_1_7","D","TSHE","Tsuga heterophylla","Western hemlock","Upper"
"11740_1_7","E","ABAM","Abies amabilis","Pacific silver fir","Upper"
"11740_1_7","E","PSME","Pseudotsuga menziesii","Douglas-fir","Upper"
"11740_1_7","E","TSHE","Tsuga heterophylla","Western hemlock","Upper"
"11780_1_2_7","A","TSHE","Tsuga heterophylla","Western hemlock","Upper"
"11780_1_2_7","A","THPL","Thuja plicata","Western red cedar","Mid-Upper"
"11780_1_2_7","A","RUSP","Rubus spectabilis","Salmonberry","Low-Mid"
"11780_1_2_7","A","GASH","Gaultheria shallon","Salal","Low-Mid"
"11780_1_2_7","B","TSHE","Tsuga heterophylla","Western hemlock","Upper"
"11780_1_2_7","B","THPL","Thuja plicata","Western red cedar","Mid-Upper"
"11780_1_2_7","C","TSHE","Tsuga heterophylla","Western hemlock","Upper"
"11780_1_2_7","C","THPL","Thuja plicata","Western red cedar","Upper"
"11780_1_2_7","C","GASH","Gaultheria shallon","Salal","Low-Mid"
"11780_1_2_7","C","MEFE","Menziesia ferruginea","Rusty menziesia","Low-Mid"
"11790_31","A","PIPO","Pinus ponderosa","Ponderosa pine","Mid-Upper"
"11790_31","A","CALO","Calamovilfa longifolia","Prairie sandreed","Mid-Upper"
"11790_31","A","PASM","Pascopyrum smithii","Western wheatgrass","Mid-Upper"
"11790_31","B","PIPO","Pinus ponderosa","Ponderosa pine","Upper"
"11790_31","B","CALO","Calamovilfa longifolia","Prairie sandreed","Lower"
"11790_31","B","PASM","Pascopyrum smithii","Western wheatgrass","Lower"
"11790_31","C","PIPO","Pinus ponderosa","Ponderosa pine","Upper"
"11791_29_30","A","PRVI","Prunus virginiana","Chokecherry","Mid-Upper"
"11791_29_30","A","PIPO","Pinus ponderosa","Ponderosa pine","Middle"
"11791_29_30","A","QUMA2","Quercus  macrocarpa","bur oak","Mid-Upper"
"11791_29_30","B","PIPO","Pinus ponderosa","Ponderosa pine","Upper"
"11791_29_30","C","PIPO","Pinus ponderosa","Ponderosa pine","Upper"
"11791_29_30","C","PRVI","Prunus virginiana","Chokecherry","Middle"
"11791_29_30","C","QUMA2","Quercus  macrocarpa","bur oak","Mid-Upper"
"11791_29_30","D","PIPO","Pinus ponderosa","Ponderosa pine","Upper"
"11791_29_30","D","PRVI","Prunus virginiana","Chokecherry","Middle"
"11791_29_30","D","QUMA2","Quercus  macrocarpa","Bur oak","Mid-Upper"
"11791_29_30","E","PIPO","Pinus ponderosa","Ponderosa pine","Upper"
"11791_29_30","E","JUCO6","Juniperus communis","common juniper","Low-Mid"
"11792_29_30","A","NAVI4","Nassella viridula","Green needlegrass","Mid-Upper"
"11792_29_30","A","PASM","Pascopyrum smithii","Western wheatgrass","Mid-Upper"
"11792_29_30","A","PSSP6","Pseudoroegneria spicata","Bluebunch wheatgrass","Mid-Upper"
"11792_29_30","A","CAREX","Carex","Sedge","Low-Mid"
"11792_29_30","B","PIPO","Pinus ponderosa","Ponderosa pine","Upper"
"11792_29_30","C","PIPO","Pinus ponderosa","Ponderosa pine","Upper"
"11792_29_30","C","NAVI4","Nassella viridula","Green needlegrass","Lower"
"11792_29_30","C","PASM","Pascopyrum smithii","Western wheatgrass","Lower"
"11792_29_30","C","PSSP6","Pseudoroegneria spicata","Bluebunch wheatgrass","Lower"
"11792_29_30","D","PIPO","Pinus ponderosa","Ponderosa pine","Upper"
"11792_29_30","D","NAVI4","Nassella viridula","Green needlegrass","Lower"
"11792_29_30","D","PASM","Pascopyrum smithii","Western wheatgrass","Lower"
"11792_29_30","D","PSSP6","Pseudoroegneria spicata","Bluebunch wheatgrass","Lower"
"11792_29_30","E","PIPO","Pinus ponderosa","Ponderosa pine","Upper"
"13010_40","A","POTR5","Populus tremuloides","Quaking aspen","Upper"
"13010_40","A","BEPA","Betula papyrifera","Paper birch","Upper"
"13010_40","A","ABBA","Abies balsamea","Balsam fir","Lower"
"13010_40","B","POTR5","Populus tremuloides","Quaking aspen","Upper"
"13010_40","B","BEPA","Betula papyrifera","Paper birch","Upper"
"13010_40","B","ABBA","Abies balsamea","Balsam fir","Low-Mid"
"13010_40","C","POTR5","Populus tremuloides","Quaking aspen","Upper"
"13010_40","C","BEPA","Betula papyrifera","Paper birch","Upper"
"13010_40","C","ABBA","Abies balsamea","Balsam fir","Mid-Upper"
"13010_40","C","PIGL","Picea glauca","White spruce","Middle"
"13010_40","D","ABBA","Abies balsamea","Balsam fir","Upper"
"13010_40","D","PIGL","Picea glauca","White spruce","Upper"
"13010_40","D","PIMA","Picea mariana","Black spruce","Middle"
"13010_40","D","PIST","Pinus strobus","Eastern white pine","Upper"
"13020_40","A","POTR5","Populus tremuloides","Quaking aspen","Upper"
"13020_40","A","BEPA","Betula papyrifera","Paper birch","Upper"
"13020_40","A","POGR4","Populus grandidentata","Bigtooth aspen","None"
"13020_40","B","ACSA3","Acer saccharum","Sugar maple","Upper"
"13020_40","B","TIAM","Tilia americana","American basswood","Upper"
"13020_40","B","BEAL2","Betula alleghaniensis","Yellow birch","Upper"
"13020_40","B","BEPA","Betula papyrifera","Paper birch","Upper"
"13020_40","C","ACSA3","Acer saccharum","Sugar maple","Upper"
"13020_40","C","TIAM","Tilia americana","American basswood","Upper"
"13020_40","C","BEAL2","Betula alleghaniensis","Yellow birch","Upper"
"13020_40","D","ACSA3","Acer saccharum","Sugar maple","Upper"
"13020_40","D","TIAM","Tilia americana","American basswood","Upper"
"13020_40","D","BEAL2","Betula alleghaniensis","Yellow birch","Upper"
"13020_40","D","TSUGA","Tsuga","Hemlock","Upper"
"13020_40","E","POTR5","Populus tremuloides","Quaking aspen","Upper"
"13020_40","E","ACSA3","Acer saccharum","Sugar maple","Mid-Upper"
"13020_40","E","TIAM","Tilia americana","American basswood","Mid-Upper"
"13020_40","E","BEPA","Betula papyrifera","Paper birch","Upper"
"13020_63","A","POTR5","Populus tremuloides","Quaking aspen","Upper"
"13020_63","A","BEPA","Betula papyrifera","Paper birch","Upper"
"13020_63","B","ACSA3","Acer saccharum","Sugar maple","Upper"
"13020_63","B","TIAM","Tilia americana","American basswood","Upper"
"13020_63","B","BEAL2","Betula alleghaniensis","Yellow birch","Upper"
"13020_63","B","POTR5","Populus tremuloides","Quaking aspen","Upper"
"13020_63","C","ACSA3","Acer saccharum","Sugar maple","Upper"
"13020_63","C","TIAM","Tilia americana","American basswood","Upper"
"13020_63","C","BEAL2","Betula alleghaniensis","Yellow birch","Upper"
"13020_63","D","ACSA3","Acer saccharum","Sugar maple","Upper"
"13020_63","D","TIAM","Tilia americana","American basswood","Upper"
"13020_63","D","BEAL2","Betula alleghaniensis","Yellow birch","Upper"
"13020_63","D","TSUGA","Tsuga","Hemlock","Upper"
"13020_63","E","POTR5","Populus tremuloides","Quaking aspen","Upper"
"13020_63","E","ACSA3","Acer saccharum","Sugar maple","Mid-Upper"
"13020_63","E","TIAM","Tilia americana","American basswood","Mid-Upper"
"13020_63","E","BEPA","Betula papyrifera","Paper birch","Upper"
"13020_64","A","POTR5","Populus tremuloides","Quaking aspen","Upper"
"13020_64","A","BEPA","Betula papyrifera","Paper birch","Upper"
"13020_64","B","ACSA3","Acer saccharum","Sugar maple","Upper"
"13020_64","B","TIAM","Tilia americana","American basswood","Upper"
"13020_64","B","BEAL2","Betula alleghaniensis","Yellow birch","Upper"
"13020_64","B","POTR5","Populus tremuloides","Quaking aspen","Upper"
"13020_64","C","ACSA3","Acer saccharum","Sugar maple","Upper"
"13020_64","C","TIAM","Tilia americana","American basswood","Upper"
"13020_64","C","BEAL2","Betula alleghaniensis","Yellow birch","Upper"
"13020_64","D","ACSA3","Acer saccharum","Sugar maple","Upper"
"13020_64","D","TIAM","Tilia americana","American basswood","Upper"
"13020_64","D","BEAL2","Betula alleghaniensis","Yellow birch","Upper"
"13020_64","D","TSUGA","Tsuga","Hemlock","Upper"
"13020_64","E","POTR5","Populus tremuloides","Quaking aspen","Upper"
"13020_64","E","ACSA3","Acer saccharum","Sugar maple","Mid-Upper"
"13020_64","E","TIAM","Tilia americana","American basswood","Mid-Upper"
"13020_64","E","BEPA","Betula papyrifera","Paper birch","Upper"
"13020_65_66","A","POTR5","Populus tremuloides","Quaking aspen","Upper"
"13020_65_66","A","BEPA","Betula papyrifera","Paper birch","Upper"
"13020_65_66","B","ACSA3","Acer saccharum","Sugar maple","Upper"
"13020_65_66","B","BEPA","Betula papyrifera","Paper birch","Upper"
"13020_65_66","B","BEAL2","Betula alleghaniensis","Yellow birch","Upper"
"13020_65_66","B","FAGR","Fagus grandifolia","American beech","Upper"
"13020_65_66","C","ACSA3","Acer saccharum","Sugar maple","Upper"
"13020_65_66","C","FAGR","Fagus grandifolia","American beech","Upper"
"13020_65_66","C","BEAL2","Betula alleghaniensis","Yellow birch","Upper"
"13020_65_66","C","BELE","Betula lenta","Black birch","Upper"
"13020_65_66","D","ACSA3","Acer saccharum","Sugar maple","Upper"
"13020_65_66","D","QURU","Quercus rubra","Red oak","Upper"
"13020_65_66","D","TSCA","Tsuga canadensis","Eastern hemlock","Upper"
"13020_65_66","D","BEAL2","Betula alleghaniensis","Yellow birch","Upper"
"13020_65_66","D","FRAM2","Fraxinus Americana","White ash","Upper"
"13020_65_66","E","POTR5","Populus tremuloides","Quaking aspen","Upper"
"13020_65_66","E","ACSA3","Acer saccharum","Sugar maple","Mid-Upper"
"13020_65_66","E","FAGR","Fagus grandifolia","American beech","Upper"
"13020_65_66","E","BEPA","Betula papyrifera","Paper birch","Upper"
"13020_65_66","E","ACRU","Acer rubrum","Red maple",""
"13020_65_66","E","BEAL2","Betula alleghaniensis","Yellow birch",""
"13022_41_50_51","A","POTR5","Populus tremuloides","Quaking aspen","Upper"
"13022_41_50_51","A","BEPA","Betula papyrifera","Paper birch","Upper"
"13022_41_50_51","B","BEAL2","Betula alleghaniensis","Yellow birch","Upper"
"13022_41_50_51","B","ACSA3","Acer saccharum","Sugar maple","Middle"
"13022_41_50_51","B","PIST","Pinus strobus","Eastern white pine","Upper"
"13022_41_50_51","B","BEPA","Betula papyrifera","Paper birch","Upper"
"13022_41_50_51","B","TIAM","Tilia americana L.","American Basswood","Middle"
"13022_41_50_51","C","ACSA3","Acer saccharum","Sugar maple","Upper"
"13022_41_50_51","C","TSUGA","Tsuga","Hemlock","Low-Mid"
"13022_41_50_51","C","BEAL2","Betula alleghaniensis","Yellow birch","Upper"
"13022_41_50_51","C","PIST","Pinus strobus","Eastern white pine","Upper"
"13022_41_50_51","C","TIAM","Tilia americana L.","American Basswood","Upper"
"13022_41_50_51","D","ACSA3","Acer saccharum","Sugar maple","Upper"
"13022_41_50_51","D","TSUGA","Tsuga","Hemlock","Upper"
"13022_41_50_51","D","BEAL2","Betula alleghaniensis","Yellow birch","Upper"
"13022_41_50_51","D","PIST","Pinus strobus","Eastern white pine","Upper"
"13022_41_50_51","D","TIAM","Tilia americana L.","American Basswood","Middle"
"13022_41_50_51","E","POTR5","Populus tremuloides","Quaking aspen","Upper"
"13022_41_50_51","E","ACSA3","Acer saccharum","Sugar maple","Mid-Upper"
"13022_41_50_51","E","TIAM","Tilia americana","American basswood","Mid-Upper"
"13022_41_50_51","E","BEPA","Betula papyrifera","Paper birch","Upper"
"13023_51","A","POTR5","Populus tremuloides","Quaking aspen","Upper"
"13023_51","A","BEPA","Betula papyrifera","Paper birch","Upper"
"13023_51","B","ACSA3","Acer saccharum","Sugar maple","Upper"
"13023_51","B","TIAM","Tilia americana","American basswood","Upper"
"13023_51","B","BEAL2","Betula alleghaniensis","Yellow birch","Upper"
"13023_51","B","POTR5","Populus tremuloides","Quaking aspen","Upper"
"13023_51","C","ACSA3","Acer saccharum","Sugar maple","Upper"
"13023_51","C","TIAM","Tilia americana","American basswood","Upper"
"13023_51","C","BEAL2","Betula alleghaniensis","Yellow birch","Upper"
"13023_51","D","ACSA3","Acer saccharum","Sugar maple","Upper"
"13023_51","D","TIAM","Tilia americana","American basswood","Upper"
"13023_51","D","BEAL2","Betula alleghaniensis","Yellow birch","Upper"
"13023_51","D","TSUGA","Tsuga","Hemlock","Upper"
"13023_51","E","POTR5","Populus tremuloides","Quaking aspen","Upper"
"13023_51","E","ACSA3","Acer saccharum","Sugar maple","Mid-Upper"
"13023_51","E","TIAM","Tilia americana","American basswood","Mid-Upper"
"13023_51","E","BEPA","Betula papyrifera","Paper birch","Upper"
"13030_60","A","ANGE","Andropogon gerardii","Big bluestem","None"
"13030_60","A","SCHIZ4","Schizachyrium","Little bluestem","None"
"13030_60","A","SONU2","Sorghastrum nutans","Indiangrass","None"
"13030_60","B","QUAL","Quercus alba","White oak","Upper"
"13030_60","B","QURU","Quercus rubra","Northern red oak","Upper"
"13030_60","B","ANGE","Andropogon gerardii","Big bluestem","Low-Mid"
"13030_60","B","QUVE","Quercus velutina","Black oak","Upper"
"13030_60","C","QUAL","Quercus alba","White oak","Upper"
"13030_60","C","QURU","Quercus rubra","Northern red oak","Upper"
"13030_60","C","QUVE","Quercus velutina","Black oak","Upper"
"13030_60","C","QUCO2","Quercus coccinea","Scarlet oak","Upper"
"13030_60","D","QUAL","Quercus alba","White oak","Upper"
"13030_60","D","QURU","Quercus rubra","Northern red oak","Upper"
"13030_60","D","QUCO2","Quercus coccinea","Scarlet oak","Upper"
"13030_60","D","QUVE","Quercus velutina","Black oak","Upper"
"13030_60","E","ACRU","Acer rubrum","Red maple","Upper"
"13030_60","E","ACSA3","Acer saccharum","Sugar maple","Upper"
"13030_60","E","LIRIO","Liriodendron","Tuliptree","Upper"
"13030_60","E","FAGR","Fagus grandifolia","American beech","Upper"
"13030_61_63_64_65_66","A","ANGE","Andropogon gerardii","Big bluestem","Lower"
"13030_61_63_64_65_66","A","SCHIZ4","Schizachyrium","Little bluestem","Lower"
"13030_61_63_64_65_66","A","SONU2","Sorghastrum nutans","Indiangrass","Lower"
"13030_61_63_64_65_66","A","","Quercus spp","","Mid/Upper"
"13030_61_63_64_65_66","A","GAYLU","Gaylussacia Kunth","Huckleberry","Mid"
"13030_61_63_64_65_66","A","VACCI","Vaccinium spp","Blueberry","Lower"
"13030_61_63_64_65_66","B","QUAL","Quercus alba","White oak","Mid/Upper"
"13030_61_63_64_65_66","B","QURU","Quercus rubra","Northern red oak","Mid/Upper"
"13030_61_63_64_65_66","B","ANGE","Andropogon gerardii","Big bluestem","Low"
"13030_61_63_64_65_66","B","QUVE","Quercus velutina","Black oak","Mid/Upper"
"13030_61_63_64_65_66","B","PIST","Pinus strobus","Eastern White Pine","Upper"
"13030_61_63_64_65_66","B","GAYLU","Gaylussacia","Huckleberry","Mid"
"13030_61_63_64_65_66","B","VACCI","Vaccinium spp","Blueberry","Lower"
"13030_61_63_64_65_66","B","SCHIZ4","Schizachyrium","Little bluestem","Lower"
"13030_61_63_64_65_66","B","SONU2","Sorghastrum nutans","Indiangrass","Lower"
"13030_61_63_64_65_66","C","QUAL","Quercus alba","White oak","Upper"
"13030_61_63_64_65_66","C","QURU","Quercus rubra","Northern red oak","Upper"
"13030_61_63_64_65_66","C","QUVE","Quercus velutina","Black oak","Upper"
"13030_61_63_64_65_66","C","QUCO2","Quercus coccinea","Scarlet oak","Upper"
"13030_61_63_64_65_66","C","PIST","Pinus strobus","Eastern White Pine","Upper"
"13030_61_63_64_65_66","C","ANGE","Andropogon gerardii","Big bluestem","Low"
"13030_61_63_64_65_66","C","QUVE","Quercus velutina","Black oak","Mid/Upper"
"13030_61_63_64_65_66","C","PIST","Pinus strobus","Eastern White Pine","Upper"
"13030_61_63_64_65_66","C","GAYLU","Gaylussacia","Huckleberry","Mid"
"13030_61_63_64_65_66","C","VACCI","Vaccinium spp","Blueberry","Lower"
"13030_61_63_64_65_66","C","SCHIZ4","Schizachyrium","Little bluestem","Lower"
"13030_61_63_64_65_66","C","SONU2","Sorghastrum nutans","Indiangrass","Lower"
"13030_61_63_64_65_66","D","QUAL","Quercus alba","White oak","Upper"
"13030_61_63_64_65_66","D","QURU","Quercus rubra","Northern red oak","Upper"
"13030_61_63_64_65_66","D","QUCO2","Quercus coccinea","Scarlet oak","Upper"
"13030_61_63_64_65_66","D","QUVE","Quercus velutina","Black oak","Upper"
"13030_61_63_64_65_66","D","PIST","Pinus strobus","Eastern White Pine","Upper"
"13030_61_63_64_65_66","E","ACRU","Acer rubrum","Red maple","Upper"
"13030_61_63_64_65_66","E","ACSA3","Acer saccharum","Sugar maple","Upper"
"13030_61_63_64_65_66","E","LIRIO","Liriodendron","Tulip tree","Upper"
"13030_61_63_64_65_66","E","FAGR","Fagus grandifolia","American beech","Upper"
"13030_61_63_64_65_66","E","QURU","Quercus rubra","Northern red oak","Upper"
"13030_61_63_64_65_66","E","QUCO2","Quercus coccinea","Scarlet oak","Upper"
"13030_61_63_64_65_66","E","PIST","Pinus strobus","Eastern White Pine","Upper"
"13030_61_63_64_65_66","E","QUAL","Quercus alba","White oak","Upper"
"13030_62","A","ANGE","Andropogon gerardii","Big bluestem","Upper"
"13030_62","A","SCSC","Schizachyrium scoparium","Little bluestem","Upper"
"13030_62","A","CAREX","Carex","Sedge","Upper"
"13030_62","B","QUAL","Quercus alba","White oak","Upper"
"13030_62","B","QURU","Quercus rubra","Northern red oak","Upper"
"13030_62","B","CAREX","Carex","Sedge","Lower"
"13030_62","B","QUVE","Quercus velutina","Black oak","Upper"
"13030_62","C","QUAL","Quercus alba","White oak","Upper"
"13030_62","C","QURU","Quercus rubra","Northern red oak","Upper"
"13030_62","C","QUVE","Quercus velutina","Black oak","Upper"
"13030_62","C","ACER","Acer","Maple","Upper"
"13030_62","D","QUAL","Quercus alba","White oak","Upper"
"13030_62","D","QURU","Quercus rubra","Northern red oak","Upper"
"13030_62","D","ACER","Acer","Maple","Upper"
"13030_62","D","QUVE","Quercus velutina","Black oak","Upper"
"13030_62","E","ACRU","Acer rubrum","Red maple","Upper"
"13030_62","E","ACSA3","Acer saccharum","Sugar maple","Upper"
"13030_62","E","LITU","Liriodendron tulipifera","Tuliptree","Upper"
"13030_62","E","FAGR","Fagus grandifolia","American beech","Upper"
"13040_32_43_44_49","A","ACRU","Acer rubrum","Red maple","Upper"
"13040_32_43_44_49","A","QUAL","Quercus alba","White oak","Upper"
"13040_32_43_44_49","A","QURU","Quercus rubra","Northern red oak","Upper"
"13040_32_43_44_49","A","PRSE2","Prunus serotina","Black cherry","Upper"
"13040_32_43_44_49","A","SAAL5","Sassafras albidum","Sassafras","Mid"
"13040_32_43_44_49","B","ACRU","Acer rubrum","Red maple","lower"
"13040_32_43_44_49","B","ACSA3","Acer saccharum","Sugar maple","Upper"
"13040_32_43_44_49","B","QUAL","Quercus alba","White oak","Upper"
"13040_32_43_44_49","B","QURU","Quecus rubra","Northern red oak","Upper"
"13040_32_43_44_49","C","QUAL","Quercus alba","White oak","Upper"
"13040_32_43_44_49","C","QURU","Quercus rubra","Northern red oak","Upper"
"13040_32_43_44_49","C","ACRU","Acer rubrum","Red maple","Upper"
"13040_32_43_44_49","D","QUAL","Quercus alba","White oak","Upper"
"13040_32_43_44_49","D","QURU","Quercus rubra","Northern red oak","Upper"
"13040_32_43_44_49","D","OSVI","Ostrya virginiana","Hophornbeam","Mid"
"13040_32_43_44_49","D","CACA18","Carpinus caroliniana","American hornbeam","Mid"
"13040_32_43_44_49","E","QUAL","Quercus alba","White oak","Upper"
"13040_32_43_44_49","E","ACSA3","Acer saccharum","Sugar maple","Middle"
"13040_32_43_44_49","E","FAGR","Fagus grandifolia","American beech","Low-Mid"
"13040_32_43_44_49","E","COFL2","Cornus florida","Flowering dogwood","Low-Mid"
"13050_47_48","A","ANGE","Andropogon gerardii","Big bluestem","Lower"
"13050_47_48","A","SCHIZ4","Schizachyrium","Little bluestem","Lower"
"13050_47_48","A","SONU2","Sorghastrum nutans","Indiangrass","Lower"
"13050_47_48","A","QUAL","Quercus alba","White oak","Upper"
"13050_47_48","B","QUAL","Quercus alba","White oak","Upper"
"13050_47_48","B","DANTH","Danthonia","Oatgrass","Lower"
"13050_47_48","B","SCHIZ4","Schizachyrium","Little bluestem","Lower"
"13050_47_48","B","QUVE","Quercus velutina","Black oak","Upper"
"13050_47_48","C","QUAL","Quercus alba","White oak","Upper"
"13050_47_48","C","SCHIZ4","Schizachyrium","Little bluestem","Lower"
"13050_47_48","C","QUVE","Quercus velutina","Black oak","Upper"
"13050_47_48","C","DANTH","Danthonia","Oatgrass","Lower"
"13050_47_48","D","QUAL","Quercus alba","White oak","Upper"
"13050_47_48","D","QURU","Quercus rubra","Northern red oak","Upper"
"13050_47_48","D","QUCO2","Quercus coccinea","Scarlet oak","Upper"
"13050_47_48","D","QUVE","Quercus velutina","Black oak","Upper"
"13050_47_48","E","ACRU","Acer rubrum","Red maple","Upper"
"13050_47_48","E","ACSA3","Acer saccharum","Sugar maple","Upper"
"13050_47_48","E","LIRIO","Liriodendron","Tuliptree","Upper"
"13050_47_48","E","FAGR","Fagus grandifolia","American beech","Upper"
"13050_49","A","ANGE","Andropogon gerardii","Big bluestem","Upper"
"13050_49","A","SCSC","Schizachyrium scoparium","Little bluestem","Upper"
"13050_49","A","SONU2","Sorghastrum nutans","Indiangrass","Upper"
"13050_49","A","QUAL","Quercus alba","White oak","Middle"
"13050_49","B","QUAL","Quercus alba","White oak","Upper"
"13050_49","B","QUVE","Quercus velutina","Black oak","Low-Mid"
"13050_49","B","ANGE","Andropogon gerardii","Big bluestem","Upper"
"13050_49","B","CARYA","Carya","Hickory","Mid-Upper"
"13050_49","C","QUAL","Quercus alba","White oak","Upper"
"13050_49","C","CARYA","Carya","Hickory","Upper"
"13050_49","C","QUVE","Quercus velutina","Black oak","Upper"
"13050_49","C","QUCO2","Quercus coccinea","Scarlet oak","Upper"
"13050_49","D","QUAL","Quercus alba","White oak","Upper"
"13050_49","D","CARYA","Carya","Hickory","Upper"
"13050_49","D","QUCO2","Quercus coccinea","Scarlet oak","Upper"
"13050_49","D","QUVE","Quercus velutina","Black oak","Upper"
"13050_49","E","ACSA3","Acer saccharum","Sugar maple","Upper"
"13050_49","E","LITU","Liriodendron tulipifera","Tuliptree","Upper"
"13050_49","E","QURU","Quercus rubra","Northern red oak","Upper"
"13050_49","E","QUAL","Quercus alba","White oak","Upper"
"13050_53","A","ANGE","Andropogon gerardii","Big bluestem","Lower"
"13050_53","A","SCHIZ4","Schizachyrium","Little bluestem","Lower"
"13050_53","A","SONU2","Sorghastrum nutans","Indiangrass","Lower"
"13050_53","A","QUAL","Quercus alba","White oak","Upper"
"13050_53","B","QUAL","Quercus alba","White oak","Upper"
"13050_53","B","DANTH","Danthonia","Oatgrass","Lower"
"13050_53","B","SCHIZ4","Schizachyrium","Little bluestem","Lower"
"13050_53","B","QUVE","Quercus velutina","Black oak","Upper"
"13050_53","C","QUAL","Quercus alba","White oak","Upper"
"13050_53","C","SCHIZ4","Schizachyrium","Little bluestem","Lower"
"13050_53","C","QUVE","Quercus velutina","Black oak","Upper"
"13050_53","C","DANTH","Danthonia","Oatgrass","Lower"
"13050_53","D","QUAL","Quercus alba","White oak","Upper"
"13050_53","D","QURU","Quercus rubra","Northern red oak","Upper"
"13050_53","D","QUCO2","Quercus coccinea","Scarlet oak","Upper"
"13050_53","D","QUVE","Quercus velutina","Black oak","Upper"
"13050_53","E","ACRU","Acer rubrum","Red maple","Upper"
"13050_53","E","ACSA3","Acer saccharum","Sugar maple","Upper"
"13050_53","E","LIRIO","Liriodendron","Tuliptree","Upper"
"13050_53","E","FAGR","Fagus grandifolia","American beech","Upper"
"13060_47_48","A","QUAL","Quercus alba","White oak","Upper"
"13060_47_48","A","LIST2","Liquidambar styraciflua","Sweetgum","Upper"
"13060_47_48","A","QUFA","Quercus falcata","Southern red oak","Upper"
"13060_47_48","A","JUVIV","Juniperus virginiana var. virginiana","Eastern redcedar","Upper"
"13060_47_48","B","QUAL","Quercus alba","White oak","Upper"
"13060_47_48","B","LIST2","Liquidambar styraciflua","Sweetgum","Upper"
"13060_47_48","B","QUFA","Quercus falcata","Southern red oak","Upper"
"13060_47_48","B","JUVIV","Juniperus virginiana var. virginiana","Eastern redcedar","Upper"
"13060_47_48","C","QUAL","Quercus alba","White oak","Upper"
"13060_47_48","C","QUST","Quercus stellata","Post oak","Upper"
"13060_47_48","C","CAGL8","Carya glabra","Pignut hickory","Upper"
"13060_47_48","C","CAAL27","Carya alba","Mockernut hickory","Upper"
"13060_47_48","D","QUAL","Quercus alba","White oak","Upper"
"13060_47_48","D","QUST","Quercus stellata","Post oak","Upper"
"13060_47_48","D","CAAL27","Carya alba","Mockernut hickory","Upper"
"13060_47_48","D","CAGL8","Carya glabra","Pignut hickory","Upper"
"13060_47_48","E","QUAL","Quercus alba","White oak","Upper"
"13060_47_48","E","QUFA","Quercus falcata","Southern red oak","Upper"
"13060_47_48","E","QUPA5","Quercus pagoda","Cherrybark oak","Upper"
"13060_47_48","E","LIST2","Liquidambar styraciflua","Sweetgum","Upper"
"13070_46_47_48","A","QUAL","Quercus alba","White oak","Upper"
"13070_46_47_48","A","QUFA","Quercus falcata","Southern red oak","Upper"
"13070_46_47_48","A","LIST2","Liquidambar styraciflua","Sweetgum","Upper"
"13070_46_47_48","A","JUVIV","Juniperus virginiana var. virginiana","Eastern redcedar","Upper"
"13070_46_47_48","B","QUAL","Quercus alba","White oak","Upper"
"13070_46_47_48","B","QUFA","Quercus falcata","Southern red oak","Upper"
"13070_46_47_48","B","CAAL27","Carya alba","Mockernut hickory","Mid-Upper"
"13070_46_47_48","B","LIST2","Liquidambar styraciflua","Sweetgum","Mid-Upper"
"13070_46_47_48","C","QUAL","Quercus alba","White oak","Upper"
"13070_46_47_48","C","CAGL8","Carya glabra","Pignut hickory","Mid-Upper"
"13070_46_47_48","C","QUST","Quercus stellata","Post oak","Mid-Upper"
"13070_46_47_48","C","CAAL27","Carya alba","Mockernut hickory","Mid-Upper"
"13070_46_47_48","D","QUAL","Quercus alba","White oak","Upper"
"13070_46_47_48","D","CAGL8","Carya glabra","Pignut hickory","Mid-Upper"
"13070_46_47_48","D","QUST","Quercus stellata","Post oak","Mid-Upper"
"13070_46_47_48","D","CAAL27","Carya alba","Mockernut hickory","Mid-Upper"
"13070_46_47_48","E","QUAL","Quercus alba","White oak","Upper"
"13070_46_47_48","E","QUFA","Quercus falcata","Southern red oak","Upper"
"13070_46_47_48","E","CAAL27","Carya alba","Mockernut hickory","Low-Mid"
"13070_46_47_48","E","COFL2","Cornus florida","Flowering dogwood","Low-Mid"
"13080_32_35","A","QUST","Quercus stellata","Post oak","Upper"
"13080_32_35","A","QUMA3","Quercus marilandica","Blackjack oak","Mid-Upper"
"13080_32_35","A","SCHIZ4","Schizachyrium","Little bluestem","Lower"
"13080_32_35","A","ANGE","Andropogon gerardii","Big bluestem","None"
"13080_32_35","B","QUST","Quercus stellata","Post oak","Upper"
"13080_32_35","B","QUMA3","Quercus marilandica","Blackjack oak","Mid-Upper"
"13080_32_35","C","QUST","Quercus stellata","Post oak","Upper"
"13080_32_35","C","QUMA3","Quercus marilandica","Blackjack oak","Mid-Upper"
"13080_32_35","C","SCHIZ4","Schizachyrium","Little bluestem","None"
"13080_32_35","C","ANGE","Andropogon gerardii","Big bluestem","None"
"13080_32_35","D","QUST","Quercus stellata","Post oak","Upper"
"13080_32_35","D","QUMA3","Quercus marilandica","Blackjack oak","Mid-Upper"
"13080_32_35","D","SCHIZ4","Schizachyrium","Little bluestem","Lower"
"13080_32_35","D","ANGE","Andropogon gerardii","Big bluestem","Lower"
"13080_32_35","E","QUST","Quercus stellata","Post oak","Upper"
"13080_32_35","E","QUMA3","Quercus marilandica","Blackjack oak","Mid-Upper"
"13080_38_43_44","A","QUST","Quercus stellata","Post oak","Upper"
"13080_38_43_44","A","QUMA3","Quercus marilandica","Blackjack oak","Mid-Upper"
"13080_38_43_44","A","SCHIZ4","Schizachyrium","Little bluestem","Lower"
"13080_38_43_44","A","ANGE","Andropogon gerardii","Big bluestem","None"
"13080_38_43_44","B","QUST","Quercus stellata","Post oak","Upper"
"13080_38_43_44","B","QUMA3","Quercus marilandica","Blackjack oak","Mid-Upper"
"13080_38_43_44","C","QUST","Quercus stellata","Post oak","Upper"
"13080_38_43_44","C","QUMA3","Quercus marilandica","Blackjack oak","Mid-Upper"
"13080_38_43_44","C","SCHIZ4","Schizachyrium","Little bluestem","None"
"13080_38_43_44","C","ANGE","Andropogon gerardii","Big bluestem","None"
"13080_38_43_44","D","QUST","Quercus stellata","Post oak","Upper"
"13080_38_43_44","D","QUMA3","Quercus marilandica","Blackjack oak","Mid-Upper"
"13080_38_43_44","D","SCHIZ4","Schizachyrium","Little bluestem","Lower"
"13080_38_43_44","D","ANGE","Andropogon gerardii","Big bluestem","Lower"
"13080_38_43_44","E","QUST","Quercus stellata","Post oak","Upper"
"13080_38_43_44","E","QUMA3","Quercus marilandica","Blackjack oak","Mid-Upper"
"13090_53_57","A","RUAL","Rubus allegheniensis","Allegheny blackberry","Mid-Upper"
"13090_53_57","A","RUCA16","Rubus canadensis","Smooth blackberry","Mid-Upper"
"13090_53_57","A","PRPE2","Prunus pensylvanica","Pin cherry","Upper"
"13090_53_57","A","BEAL2","Betula alleghaniensis","Yellow birch","Upper"
"13090_53_57","B","ABFR","Abies fraseri","Fraser fir","Upper"
"13090_53_57","B","PIRU","Picea rubens","Red spruce","Upper"
"13090_53_57","B","FAGR","Fagus grandifolia","American beech","Upper"
"13090_53_57","B","BEAL2","Betula alleghaniensis","Yellow birch","Upper"
"13090_53_57","C","ABFR","Abies fraseri","Fraser fir","Upper"
"13090_53_57","C","PIRU","Picea rubens","Red spruce","Upper"
"13090_53_57","C","FAGR","Fagus grandifolia","American beech","Upper"
"13090_53_57","C","BEAL2","Betula alleghaniensis","Yellow birch","Upper"
"13090_53_57","D","QURU","Quercus rubra","Northern red oak","Upper"
"13090_53_57","D","BEAL2","Betula alleghaniensis","Yellow birch","Upper"
"13090_53_57","D","RUAL","Rubus allegheniensis","Allegheny blackberry","Low-Mid"
"13090_53_57","D","PRPE2","Prunus pensylvanica","Pin cherry","Upper"
"13090_53_57","E","BEAL2","Betula alleghaniensis","Yellow birch","Upper"
"13090_53_57","E","ABFR","Abies fraseri","Fraser fir","Upper"
"13090_53_57","E","PIRU","Picea rubens","Red spruce","Upper"
"13090_53_57","E","FAGR","Fagus grandifolia","American beech","Upper"
"13100_38_42_43","A","ANGE","Andropogon gerardii","Big bluestem","Upper"
"13100_38_42_43","A","SCHIZ4","Schizachyrium","Little bluestem","Upper"
"13100_38_42_43","A","SONU2","Sorghastrum nutans","Indiangrass","Upper"
"13100_38_42_43","A","POTR5","Populus tremuloides","Quaking aspen","None"
"13100_38_42_43","B","QUAL","Quercus alba","White oak","Upper"
"13100_38_42_43","B","QUVE","Quercus velutina","Black oak","Upper"
"13100_38_42_43","B","POTR5","Populus tremuloides","Quaking aspen","Lower"
"13100_38_42_43","B","SCHIZ4","Schizachyrium","Little bluestem","Lower"
"13100_38_42_43","C","QUAL","Quercus alba","White oak","Upper"
"13100_38_42_43","C","QUVE","Quercus velutina","Black oak","Upper"
"13100_38_42_43","C","POTR5","Populus tremuloides","Quaking aspen","Upper"
"13100_38_42_43","C","QUMA2","Quercus macrocarpa","Bur oak","Upper"
"13100_38_42_43","D","QUAL","Quercus alba","White oak","Upper"
"13100_38_42_43","D","QUVE","Quercus velutina","Black oak","Upper"
"13100_38_42_43","D","QURU","Quercus rubra","Northern red oak","Upper"
"13100_38_42_43","D","POTR5","Populus tremuloides","Quaking aspen","Upper"
"13100_38_42_43","E","ACRU","Acer rubrum","Red maple","Upper"
"13100_38_42_43","E","ACSA3","Acer saccharum","Sugar maple","Upper"
"13100_38_42_43","E","TIAM","Tilia americana","American basswood","Upper"
"13100_38_42_43","E","QUAL","Quercus alba","White oak","Upper"
"13100_39","A","ANGE","Andropogon gerardii","Big bluestem","Upper"
"13100_39","A","SCHIZ4","Schizachyrium","Little bluestem","Upper"
"13100_39","A","SONU2","Sorghastrum nutans","Indiangrass","Upper"
"13100_39","B","QUAL","Quercus alba","White oak","Upper"
"13100_39","B","QUVE","Quercus velutina","Black oak","Upper"
"13100_39","B","ANGE","Andropogon gerardii","Big bluestem","Lower"
"13100_39","B","SCHIZ4","Schizachyrium","Little bluestem","Lower"
"13100_39","C","QUAL","Quercus alba","White oak","Upper"
"13100_39","C","QUVE","Quercus velutina","Black oak","Upper"
"13100_39","C","SAAL5","Sassafras albidum","Sassafras","Upper"
"13100_39","C","QUMA2","Quercus macrocarpa","Bur oak","Upper"
"13100_39","D","QUAL","Quercus alba","White oak","Upper"
"13100_39","D","QUVE","Quercus velutina","Black oak","Upper"
"13100_39","D","QURU","Quercus rubra","Northern red oak","Upper"
"13100_39","D","CAGL8","Carya glabra","Pignut hickory","Upper"
"13100_39","E","ACRU","Acer rubrum","Red maple","Upper"
"13100_39","E","ACSA3","Acer saccharum","Sugar maple","Upper"
"13100_39","E","TIAM","Tilia americana","American basswood","Upper"
"13100_39","E","QUAL","Quercus alba","White oak","Upper"
"13100_41_62","A","ANGE","Andropogon gerardii","Big bluestem","Upper"
"13100_41_62","A","SCHIZ4","Schizachyrium","Little bluestem","Upper"
"13100_41_62","A","SONU2","Sorghastrum nutans","Indiangrass","Upper"
"13100_41_62","A","POTR5","Populus tremuloides","Quaking aspen","None"
"13100_41_62","B","QUAL","Quercus alba","White oak","Upper"
"13100_41_62","B","QUVE","Quercus velutina","Black oak","Upper"
"13100_41_62","B","POTR5","Populus tremuloides","Quaking aspen","Lower"
"13100_41_62","B","SCHIZ4","Schizachyrium","Little bluestem","Lower"
"13100_41_62","C","QUAL","Quercus alba","White oak","Upper"
"13100_41_62","C","QUVE","Quercus velutina","Black oak","Upper"
"13100_41_62","C","POTR5","Populus tremuloides","Quaking aspen","Upper"
"13100_41_62","C","QUMA2","Quercus macrocarpa","Bur oak","Upper"
"13100_41_62","D","QUAL","Quercus alba","White oak","Upper"
"13100_41_62","D","QUVE","Quercus velutina","Black oak","Upper"
"13100_41_62","D","QURU","Quercus rubra","Northern red oak","Upper"
"13100_41_62","D","POTR5","Populus tremuloides","Quaking aspen","Upper"
"13100_41_62","E","ACRU","Acer rubrum","Red maple","Upper"
"13100_41_62","E","ACSA3","Acer saccharum","Sugar maple","Upper"
"13100_41_62","E","TIAM","Tilia americana","American basswood","Upper"
"13100_41_62","E","QUAL","Quercus alba","White oak","Upper"
"13100_44_50","A","ANGE","Andropogon gerardii","Big bluestem","Upper"
"13100_44_50","A","SCHIZ4","Schizachyrium","Little bluestem","Upper"
"13100_44_50","A","SONU2","Sorghastrum nutans","Indiangrass","Upper"
"13100_44_50","B","QUAL","Quercus alba","White oak","Upper"
"13100_44_50","B","QUVE","Quercus velutina","Black oak","Upper"
"13100_44_50","B","ANGE","Andropogon gerardii","Big bluestem","Lower"
"13100_44_50","B","SCHIZ4","Schizachyrium","Little bluestem","Lower"
"13100_44_50","C","QUAL","Quercus alba","White oak","Upper"
"13100_44_50","C","QURU","Quercus rubra","Northern red oak","Upper"
"13100_44_50","C","QUVE","Quercus velutina","Black oak","Upper"
"13100_44_50","D","QUAL","Quercus alba","White oak","Upper"
"13100_44_50","D","QURU","Quercus rubra","Northern red oak","Upper"
"13100_44_50","D","PRSE2","Prunus serotina","Black cherry","Upper"
"13100_44_50","E","ACSA3","Acer saccharum","Sugar maple","Upper"
"13100_44_50","E","TIAM","Tilia americana","American basswood","Upper"
"13100_44_50","E","QUAL","Quercus alba","White oak","Upper"
"13100_44_50","E","ULRU","Ulmus rubra","Slippery elm","Upper"
"13100_47","A","ANGE","Andropogon gerardii","Big bluestem","Upper"
"13100_47","A","SCHIZ4","Schizachyrium","Little bluestem","Upper"
"13100_47","A","SONU2","Sorghastrum nutans","Indiangrass","Upper"
"13100_47","B","QUAL","Quercus alba","White oak","Upper"
"13100_47","B","QUVE","Quercus velutina","Black oak","Upper"
"13100_47","B","SAAL5","Sassafras albidum","Sassafras","Mid-Upper"
"13100_47","B","CAGL8","Carya glabra","Pignut hickory","Upper"
"13100_47","C","QUAL","Quercus alba","White oak","Upper"
"13100_47","C","QUVE","Quercus velutina","Black oak","Upper"
"13100_47","C","SAAL5","Sassafras albidum","Sassafras","Upper"
"13100_47","C","QUMA2","Quercus macrocarpa","Bur oak","Upper"
"13100_47","D","QUAL","Quercus alba","White oak","Upper"
"13100_47","D","QUVE","Quercus velutina","Black oak","Upper"
"13100_47","D","QURU","Quercus rubra","Northern red oak","Upper"
"13100_47","D","CAGL8","Carya glabra","Pignut hickory","Upper"
"13100_47","E","ACRU","Acer rubrum","Red maple","Upper"
"13100_47","E","ACSA3","Acer saccharum","Sugar maple","Upper"
"13100_47","E","TIAM","Tilia americana","American basswood","Upper"
"13100_47","E","QUAL","Quercus alba","White oak","Upper"
"13100_49","A","ANGE","Andropogon gerardii","Big bluestem","Upper"
"13100_49","A","SCHIZ4","Schizachyrium","Little bluestem","Upper"
"13100_49","A","SONU2","Sorghastrum nutans","Indiangrass","Upper"
"13100_49","A","POTR5","Populus tremuloides","Quaking aspen","None"
"13100_49","B","QUAL","Quercus alba","White oak","Upper"
"13100_49","B","QUVE","Quercus velutina","Black oak","Upper"
"13100_49","B","POTR5","Populus tremuloides","Quaking aspen","Lower"
"13100_49","B","SCHIZ4","Schizachyrium","Little bluestem","Lower"
"13100_49","C","QUAL","Quercus alba","White oak","Upper"
"13100_49","C","QUVE","Quercus velutina","Black oak","Upper"
"13100_49","C","POTR5","Populus tremuloides","Quaking aspen","Upper"
"13100_49","C","QUMA2","Quercus macrocarpa","Bur oak","Upper"
"13100_49","D","QUAL","Quercus alba","White oak","Upper"
"13100_49","D","QUVE","Quercus velutina","Black oak","Upper"
"13100_49","D","QURU","Quercus rubra","Northern red oak","Upper"
"13100_49","D","POTR5","Populus tremuloides","Quaking aspen","Upper"
"13100_49","E","ACRU","Acer rubrum","Red maple","Upper"
"13100_49","E","ACSA3","Acer saccharum","Sugar maple","Upper"
"13100_49","E","TIAM","Tilia americana","American basswood","Upper"
"13100_49","E","QUAL","Quercus alba","White oak","Upper"
"13100_51","A","ANGE","Andropogon gerardii","Big bluestem","Upper"
"13100_51","A","SCHIZ4","Schizachyrium","Little bluestem","Upper"
"13100_51","A","SONU2","Sorghastrum nutans","Indiangrass","Upper"
"13100_51","B","QUAL","Quercus alba","White oak","Upper"
"13100_51","B","QUVE","Quercus velutina","Black oak","Upper"
"13100_51","B","SAAL5","Sassafras albidum","Sassafras","Mid-Upper"
"13100_51","B","CAGL8","Carya glabra","Pignut hickory","Upper"
"13100_51","C","QUAL","Quercus alba","White oak","Upper"
"13100_51","C","QUVE","Quercus velutina","Black oak","Upper"
"13100_51","C","SAAL5","Sassafras albidum","Sassafras","Upper"
"13100_51","C","QUMA2","Quercus macrocarpa","Bur oak","Upper"
"13100_51","D","QUAL","Quercus alba","White oak","Upper"
"13100_51","D","QUVE","Quercus velutina","Black oak","Upper"
"13100_51","D","QURU","Quercus rubra","Northern red oak","Upper"
"13100_51","D","CAGL8","Carya glabra","Pignut hickory","Upper"
"13100_51","E","ACRU","Acer rubrum","Red maple","Upper"
"13100_51","E","ACSA3","Acer saccharum","Sugar maple","Upper"
"13100_51","E","TIAM","Tilia americana","American basswood","Upper"
"13100_51","E","QUAL","Quercus alba","White oak","Upper"
"13100_52","A","ANGE","Andropogon gerardii","Big bluestem","Upper"
"13100_52","A","SCHIZ4","Schizachyrium","Little bluestem","Upper"
"13100_52","A","SONU2","Sorghastrum nutans","Indiangrass","Upper"
"13100_52","A","POTR5","Populus tremuloides","Quaking aspen","None"
"13100_52","B","QUAL","Quercus alba","White oak","Upper"
"13100_52","B","QUVE","Quercus velutina","Black oak","Upper"
"13100_52","B","POTR5","Populus tremuloides","Quaking aspen","Lower"
"13100_52","B","SCHIZ4","Schizachyrium","Little bluestem","Lower"
"13100_52","C","QUAL","Quercus alba","White oak","Upper"
"13100_52","C","QUVE","Quercus velutina","Black oak","Upper"
"13100_52","C","POTR5","Populus tremuloides","Quaking aspen","Upper"
"13100_52","C","QUMA2","Quercus macrocarpa","Bur oak","Upper"
"13100_52","D","QUAL","Quercus alba","White oak","Upper"
"13100_52","D","QUVE","Quercus velutina","Black oak","Upper"
"13100_52","D","QURU","Quercus rubra","Northern red oak","Upper"
"13100_52","D","POTR5","Populus tremuloides","Quaking aspen","Upper"
"13100_52","E","ACRU","Acer rubrum","Red maple","Upper"
"13100_52","E","ACSA3","Acer saccharum","Sugar maple","Upper"
"13100_52","E","TIAM","Tilia americana","American basswood","Upper"
"13100_52","E","QUAL","Quercus alba","White oak","Upper"
"13110_39","A","ANGE","Andropogon gerardii","Big bluestem","Upper"
"13110_39","A","SCHIZ4","Schizachyrium","Little bluestem","Upper"
"13110_39","A","SONU2","Sorghastrum nutans","Indiangrass","Upper"
"13110_39","B","QUAL","Quercus alba","White oak","Upper"
"13110_39","B","QUVE","Quercus velutina","Black oak","Upper"
"13110_39","B","ANGE","Andropogon gerardii","Big bluestem","Lower"
"13110_39","B","SCHIZ4","Schizachyrium","Little bluestem","Lower"
"13110_39","C","QUAL","Quercus alba","White oak","Upper"
"13110_39","C","QUVE","Quercus velutina","Black oak","Upper"
"13110_39","C","QUEL","Quercus ellipsoidalis","Northern pin oak","Upper"
"13110_39","C","CAGL8","Carya glabra","Pignut hickory","Upper"
"13110_39","D","QUAL","Quercus alba","White oak","Upper"
"13110_39","D","QUVE","Quercus velutina","Black oak","Upper"
"13110_39","D","QUEL","Quercus ellipsoidalis","Northern pin oak","Upper"
"13110_39","D","CAGL8","Carya glabra","Pignut hickory","Upper"
"13110_39","E","ACRU","Acer rubrum","Red maple","Upper"
"13110_39","E","ACSA3","Acer saccharum","Sugar maple","Upper"
"13110_39","E","QURU","Quercus rubra","Northern red oak","Upper"
"13110_39","E","QUAL","Quercus alba","White oak","Upper"
"13110_42_43","A","ANGE","Andropogon gerardii","Big bluestem","Upper"
"13110_42_43","A","SCHIZ4","Schizachyrium","Little bluestem","Upper"
"13110_42_43","A","SONU2","Sorghastrum nutans","Indiangrass","Upper"
"13110_42_43","B","QUAL","Quercus alba","White oak","Upper"
"13110_42_43","B","QUVE","Quercus velutina","Black oak","Upper"
"13110_42_43","B","QUEL","Quercus ellipsoidalis","Northern pin oak","Mid-Upper"
"13110_42_43","B","CAGL8","Carya glabra","Pignut hickory","Upper"
"13110_42_43","C","QUAL","Quercus alba","White oak","Upper"
"13110_42_43","C","QUVE","Quercus velutina","Black oak","Upper"
"13110_42_43","C","QUEL","Quercus ellipsoidalis","Northern pin oak","Upper"
"13110_42_43","C","CAGL8","Carya glabra","Pignut hickory","Upper"
"13110_42_43","D","QUAL","Quercus alba","White oak","Upper"
"13110_42_43","D","QUVE","Quercus velutina","Black oak","Upper"
"13110_42_43","D","QUEL","Quercus ellipsoidalis","Northern pin oak","Upper"
"13110_42_43","D","CAGL8","Carya glabra","Pignut hickory","Upper"
"13110_42_43","E","ACRU","Acer rubrum","Red maple","Upper"
"13110_42_43","E","ACSA3","Acer saccharum","Sugar maple","Upper"
"13110_42_43","E","TIAM","Tilia americana","American basswood","Upper"
"13110_42_43","E","QUAL","Quercus alba","White oak","Upper"
"13110_44","A","ANGE","Andropogon gerardii","Big bluestem","Upper"
"13110_44","A","SCHIZ4","Schizachyrium","Little bluestem","Upper"
"13110_44","A","SONU2","Sorghastrum nutans","Indiangrass","Upper"
"13110_44","B","QUAL","Quercus alba","White oak","Upper"
"13110_44","B","QUVE","Quercus velutina","Black oak","Upper"
"13110_44","B","ANGE","Andropogon gerardii","Big bluestem","Lower"
"13110_44","B","SCHIZ4","Schizachyrium","Little bluestem","Lower"
"13110_44","C","QUAL","Quercus alba","White oak","Upper"
"13110_44","C","QUVE","Quercus velutina","Black oak","Upper"
"13110_44","C","QUEL","Quercus ellipsoidalis","Northern pin oak","Upper"
"13110_44","C","CAGL8","Carya glabra","Pignut hickory","Upper"
"13110_44","D","QUAL","Quercus alba","White oak","Upper"
"13110_44","D","QUVE","Quercus velutina","Black oak","Upper"
"13110_44","D","QUEL","Quercus ellipsoidalis","Northern pin oak","Upper"
"13110_44","D","CAGL8","Carya glabra","Pignut hickory","Upper"
"13110_44","E","ACRU","Acer rubrum","Red maple","Upper"
"13110_44","E","ACSA3","Acer saccharum","Sugar maple","Upper"
"13110_44","E","TIAM","Tilia americana","American basswood","Upper"
"13110_44","E","QUAL","Quercus alba","White oak","Upper"
"13110_49","A","ANGE","Andropogon gerardii","Big bluestem","Upper"
"13110_49","A","SCHIZ4","Schizachyrium","Little bluestem","Upper"
"13110_49","A","SONU2","Sorghastrum nutans","Indiangrass","Upper"
"13110_49","B","QUAL","Quercus alba","White oak","Upper"
"13110_49","B","QUVE","Quercus velutina","Black oak","Upper"
"13110_49","B","QUEL","Quercus ellipsoidalis","Northern pin oak","Mid-Upper"
"13110_49","B","CAGL8","Carya glabra","Pignut hickory","Upper"
"13110_49","C","QUAL","Quercus alba","White oak","Upper"
"13110_49","C","QUVE","Quercus velutina","Black oak","Upper"
"13110_49","C","QUEL","Quercus ellipsoidalis","Northern pin oak","Upper"
"13110_49","C","CAGL8","Carya glabra","Pignut hickory","Upper"
"13110_49","D","QUAL","Quercus alba","White oak","Upper"
"13110_49","D","QUVE","Quercus velutina","Black oak","Upper"
"13110_49","D","QUEL","Quercus ellipsoidalis","Northern pin oak","Upper"
"13110_49","D","CAGL8","Carya glabra","Pignut hickory","Upper"
"13110_49","E","ACRU","Acer rubrum","Red maple","Upper"
"13110_49","E","ACSA3","Acer saccharum","Sugar maple","Upper"
"13110_49","E","TIAM","Tilia americana","American basswood","Upper"
"13110_49","E","QUAL","Quercus alba","White oak","Upper"
"13110_50","A","ANGE","Andropogon gerardii","Big bluestem","Upper"
"13110_50","A","SCHIZ4","Schizachyrium","Little bluestem","Upper"
"13110_50","A","SONU2","Sorghastrum nutans","Indiangrass","Upper"
"13110_50","B","QUAL","Quercus alba","White oak","Upper"
"13110_50","B","QUVE","Quercus velutina","Black oak","Upper"
"13110_50","B","ANGE","Andropogon gerardii","Big bluestem","Lower"
"13110_50","B","SCHIZ4","Schizachyrium","Little bluestem","Lower"
"13110_50","C","QUAL","Quercus alba","White oak","Upper"
"13110_50","C","QUVE","Quercus velutina","Black oak","Upper"
"13110_50","C","QUEL","Quercus ellipsoidalis","Northern pin oak","Upper"
"13110_50","C","QUMA2","Quercus macrocarpa","Bur oak","Upper"
"13110_50","D","QUAL","Quercus alba","White oak","Upper"
"13110_50","D","QUVE","Quercus velutina","Black oak","Upper"
"13110_50","D","QUMA2","Quercus macrocarpa","Bur oak","Upper"
"13110_50","D","PRSE2","Prunus serotina","Black cherry","Upper"
"13110_50","E","QUAL","Quercus alba","White oak","Upper"
"13110_50","E","QUVE","Quercus velutina","Black oak","Upper"
"13110_50","E","PRSE2","Prunus serotina","Black cherry","Upper"
"13110_50","E","","Carya ovata","Shagbark hickory","Upper"
"13110_51","A","ANGE","Andropogon gerardii","Big bluestem","Upper"
"13110_51","A","SCHIZ4","Schizachyrium","Little bluestem","Upper"
"13110_51","A","SONU2","Sorghastrum nutans","Indiangrass","Upper"
"13110_51","B","QUAL","Quercus alba","White oak","Upper"
"13110_51","B","QUVE","Quercus velutina","Black oak","Upper"
"13110_51","B","QUEL","Quercus ellipsoidalis","Northern pin oak","Mid-Upper"
"13110_51","B","CAGL8","Carya glabra","Pignut hickory","Upper"
"13110_51","C","QUAL","Quercus alba","White oak","Upper"
"13110_51","C","QUVE","Quercus velutina","Black oak","Upper"
"13110_51","C","QUEL","Quercus ellipsoidalis","Northern pin oak","Upper"
"13110_51","C","CAGL8","Carya glabra","Pignut hickory","Upper"
"13110_51","D","QUAL","Quercus alba","White oak","Upper"
"13110_51","D","QUVE","Quercus velutina","Black oak","Upper"
"13110_51","D","QUEL","Quercus ellipsoidalis","Northern pin oak","Upper"
"13110_51","D","CAGL8","Carya glabra","Pignut hickory","Upper"
"13110_51","E","ACRU","Acer rubrum","Red maple","Upper"
"13110_51","E","ACSA3","Acer saccharum","Sugar maple","Upper"
"13110_51","E","TIAM","Tilia americana","American basswood","Upper"
"13110_51","E","QUAL","Quercus alba","White oak","Upper"
"13110_52","A","ANGE","Andropogon gerardii","Big bluestem","Upper"
"13110_52","A","SCHIZ4","Schizachyrium","Little bluestem","Upper"
"13110_52","A","SONU2","Sorghastrum nutans","Indiangrass","Upper"
"13110_52","B","QUAL","Quercus alba","White oak","Upper"
"13110_52","B","QUVE","Quercus velutina","Black oak","Upper"
"13110_52","B","QUEL","Quercus ellipsoidalis","Northern pin oak","Mid-Upper"
"13110_52","B","CAGL8","Carya glabra","Pignut hickory","Upper"
"13110_52","C","QUAL","Quercus alba","White oak","Upper"
"13110_52","C","QUVE","Quercus velutina","Black oak","Upper"
"13110_52","C","QUEL","Quercus ellipsoidalis","Northern pin oak","Upper"
"13110_52","C","CAGL8","Carya glabra","Pignut hickory","Upper"
"13110_52","D","QUAL","Quercus alba","White oak","Upper"
"13110_52","D","QUVE","Quercus velutina","Black oak","Upper"
"13110_52","D","QUEL","Quercus ellipsoidalis","Northern pin oak","Upper"
"13110_52","D","CAGL8","Carya glabra","Pignut hickory","Upper"
"13110_52","E","ACRU","Acer rubrum","Red maple","Upper"
"13110_52","E","ACSA3","Acer saccharum","Sugar maple","Upper"
"13110_52","E","TIAM","Tilia americana","American basswood","Upper"
"13110_52","E","QUAL","Quercus alba","White oak","Upper"
"13120_44","A","SCHIZ4","Schizachyrium","Little bluestem","Lower"
"13120_44","A","QUST","Quercus stellata","Post oak","Low-Mid"
"13120_44","A","QUMA3","Quercus marilandica","Blackjack oak","Low-Mid"
"13120_44","A","ANGE","Andropogon gerardii","Big bluestem","Lower"
"13120_44","B","QUST","Quercus stellata","Post oak","Low-Mid"
"13120_44","B","QUMA3","Quercus marilandica","Blackjack oak","Low-Mid"
"13120_44","B","SCHIZ4","Schizachyrium","Little bluestem","Lower"
"13120_44","B","HEHI2","Helianthus hirsutus","Hairy sunflower","Lower"
"13120_44","C","QUST","Quercus stellata","Post oak","All"
"13120_44","C","QUMA3","Quercus marilandica","Blackjack oak","All"
"13120_44","C","SCHIZ4","Schizachyrium","Little bluestem","Lower"
"13120_44","C","ANGE","Andropogon gerardii","Big bluestem","Lower"
"13120_44","D","QUST","Quercus stellata","Post oak","All"
"13120_44","D","QUMA","Quercus macnabiana","Quercus macnabiana","All"
"13120_44","D","SCHIZ4","Schizachyrium","Little bluestem","Lower"
"13120_44","D","VAAR","Vaccinium arboreum","Farkleberry","Lower"
"13120_44","E","QUST","Quercus stellata","Post oak","Upper"
"13120_44","E","QUVE","Quercus velutina","Black oak","Upper"
"13120_44","E","VAPA4","Vaccinium pallidum","Blue ridge blueberry","Lower"
"13130_47_50_51","A","POTR5","Populus tremuloides","Quaking aspen","Upper"
"13130_47_50_51","A","TIAM","Tilia americana","American basswood","Upper"
"13130_47_50_51","A","QURU","Quercus rubra","Northern red oak","Upper"
"13130_47_50_51","A","ACSA3","Acer saccharum","Sugar maple","Upper"
"13130_47_50_51","B","ACSA3","Acer saccharum","Sugar maple","Upper"
"13130_47_50_51","B","TIAM","Tilia americana","American basswood","Upper"
"13130_47_50_51","B","QURU","Quercus rubra","Northern red oak","Upper"
"13130_47_50_51","B","FAGR","Fagus grandifolia","American beech","Upper"
"13130_47_50_51","C","ACSA3","Acer saccharum","Sugar maple","Upper"
"13130_47_50_51","C","FAGR","Fagus grandifolia","American beech","Upper"
"13130_47_50_51","C","TIAM","Tilia americana","American basswood","Upper"
"13130_47_50_51","C","ULAM","Ulmus americana","American elm","Upper"
"13130_47_50_51","D","ACSA3","Acer saccharum","Sugar maple","Upper"
"13130_47_50_51","D","FAGR","Fagus grandifolia","American beech","Upper"
"13130_47_50_51","D","TIAM","Tilia americana","American basswood","Upper"
"13130_47_50_51","D","ULAM","Ulmus americana","American elm","Upper"
"13130_49_52_62","A","PRSE2","Prunus serotina","Black cherry","Upper"
"13130_49_52_62","A","TIAM","Tilia americana","American basswood","Upper"
"13130_49_52_62","A","QURU","Quercus rubra","Northern red oak","Upper"
"13130_49_52_62","A","ACSA3","Acer saccharum","Sugar maple","Upper"
"13130_49_52_62","B","ACSA3","Acer saccharum","Sugar maple","Upper"
"13130_49_52_62","B","TIAM","Tilia americana","American basswood","Upper"
"13130_49_52_62","B","QURU","Quercus rubra","Northern red oak","Upper"
"13130_49_52_62","B","FAGR","Fagus grandifolia","American beech","Upper"
"13130_49_52_62","C","ACSA3","Acer saccharum","Sugar maple","Upper"
"13130_49_52_62","C","FAGR","Fagus grandifolia","American beech","Upper"
"13130_49_52_62","C","TIAM","Tilia americana","American basswood","Upper"
"13130_49_52_62","C","FRAM2","Fraxinus americana","White ash","Upper"
"13130_49_52_62","D","ACSA3","Acer saccharum","Sugar maple","Upper"
"13130_49_52_62","D","FAGR","Fagus grandifolia","American beech","Upper"
"13130_49_52_62","D","TIAM","Tilia americana","American basswood","Upper"
"13130_49_52_62","D","FRAM2","Fraxinus americana","White ash","Upper"
"13140_38_39_40_41_42_43_44_50","A","POTR5","Populus tremuloides","Quaking aspen","Upper"
"13140_38_39_40_41_42_43_44_50","A","TILIA","Tilia","Basswood","Upper"
"13140_38_39_40_41_42_43_44_50","A","QURU","Quercus rubra","Northern red oak","Upper"
"13140_38_39_40_41_42_43_44_50","A","ACSA3","Acer saccharum","Sugar maple","Upper"
"13140_38_39_40_41_42_43_44_50","B","ACSA3","Acer saccharum","Sugar maple","Upper"
"13140_38_39_40_41_42_43_44_50","B","TILIA","Tilia","Basswood","Upper"
"13140_38_39_40_41_42_43_44_50","B","QURU","Quercus rubra","Northern red oak","Upper"
"13140_38_39_40_41_42_43_44_50","B","ULAM","Ulmus americana","American elm","Upper"
"13140_38_39_40_41_42_43_44_50","C","ACSA3","Acer saccharum","Sugar maple","Upper"
"13140_38_39_40_41_42_43_44_50","C","TILIA","Tilia","Basswood","Upper"
"13140_38_39_40_41_42_43_44_50","C","QURU","Quercus rubra","Northern red oak","Upper"
"13140_38_39_40_41_42_43_44_50","C","ULAM","Ulmus americana","American elm","Upper"
"13140_38_39_40_41_42_43_44_50","D","ACSA3","Acer saccharum","Sugar maple","Upper"
"13140_38_39_40_41_42_43_44_50","D","TILIA","Tilia","Basswood","Upper"
"13140_38_39_40_41_42_43_44_50","D","QURU","Quercus rubra","Northern red oak","Upper"
"13140_38_39_40_41_42_43_44_50","D","ULAM","Ulmus americana","American elm","Upper"
"13140_49","A","PRSE2","Prunus serotina","Black cherry","Upper"
"13140_49","A","TIAM","Tilia americana","American basswood","Upper"
"13140_49","A","QURU","Quercus rubra","Northern red oak","Upper"
"13140_49","A","ACSA3","Acer saccharum","Sugar maple","Upper"
"13140_49","B","ACSA3","Acer saccharum","Sugar maple","Upper"
"13140_49","B","TIAM","Tilia americana","American basswood","Upper"
"13140_49","B","QURU","Quercus rubra","Northern red oak","Upper"
"13140_49","B","CARYA","Carya","Hickory","Upper"
"13140_49","C","ACSA3","Acer saccharum","Sugar maple","Upper"
"13140_49","C","TIAM","Tilia americana","American basswood","Upper"
"13140_49","C","QURU","Quercus rubra","Northern red oak","Upper"
"13140_49","C","CARYA","Carya","Hickory","Upper"
"13140_49","D","ACSA3","Acer saccharum","Sugar maple","Upper"
"13140_49","D","TIAM","Tilia americana","American basswood","Upper"
"13140_49","D","QURU","Quercus rubra","Northern red oak","Upper"
"13140_49","D","CARYA","Carya","Hickory","Upper"
"13150_48_53_57_59_61","A","QUPR2","Quercus prinus","Chestnut oak","Upper"
"13150_48_53_57_59_61","A","QUAL","Quercus alba","White oak","Upper"
"13150_48_53_57_59_61","A","QUVE","Quercus velutina","Black oak","Upper"
"13150_48_53_57_59_61","A","CADE12","Castanea dentata","American chestnut","Mid-Upper"
"13150_48_53_57_59_61","B","QUPR2","Quercus prinus","Chestnut oak","Upper"
"13150_48_53_57_59_61","B","QURU","Quercus rubra","Northern red oak","Middle"
"13150_48_53_57_59_61","B","CADE12","Castanea dentata","American chestnut","Upper"
"13150_48_53_57_59_61","C","QUPR2","Quercus prinus","Chestnut oak","Upper"
"13150_48_53_57_59_61","C","QUAL","Quercus alba","White oak","Upper"
"13150_48_53_57_59_61","C","CADE12","Castanea dentata","American chestnut","Upper"
"13150_48_53_57_59_61","C","KALA","Kalmia latifolia","Mountain laurel","Lower"
"13150_48_53_57_59_61","D","QUPR2","Quercus prinus","Chestnut oak","Upper"
"13150_48_53_57_59_61","D","QUAL","Quercus alba","White oak","Upper"
"13150_48_53_57_59_61","D","CADE12","Castanea dentata","American chestnut","Upper"
"13150_48_53_57_59_61","D","KALA","Kalmia latifolia","Mountain laurel","Lower"
"13150_48_53_57_59_61","E","QUPR2","Quercus prinus","Chestnut oak","Upper"
"13150_48_53_57_59_61","E","CADE12","Castanea dentata","American chestnut","Upper"
"13150_48_53_57_59_61","E","PIST","Pinus strobus","Eastern white pine","Middle"
"13150_48_53_57_59_61","E","QURU","Quercus rubra","Northern red oak","Upper"
"13160_54_57_59_61","A","FAGR","Fagus grandifolia","American beech","Upper"
"13160_54_57_59_61","A","LITU","Liriodendron tulipifera","Tuliptree","Upper"
"13160_54_57_59_61","A","ACLE","Acer leucoderme","Chalk maple","Mid-Upper"
"13160_54_57_59_61","A","ACBA3","Acer barbatum","Southern sugar maple","Mid-Upper"
"13160_54_57_59_61","B","LITU","Liriodendron tulipifera","Tuliptree","Upper"
"13160_54_57_59_61","B","ACRU","Acer rubrum","Red maple","Upper"
"13160_54_57_59_61","B","ACLE","Acer leucoderme","Chalk maple","Mid-Upper"
"13160_54_57_59_61","B","ACBA3","Acer barbatum","Southern sugar maple","Mid-Upper"
"13160_54_57_59_61","C","QURU","Quercus rubra","Northern red oak","Upper"
"13160_54_57_59_61","C","QUAL","Quercus alba","White oak","Mid-Upper"
"13160_54_57_59_61","C","LITU","Liriodendron tulipifera","Tuliptree","Mid-Upper"
"13160_54_57_59_61","D","QUAL","Quercus alba","White oak","Upper"
"13160_54_57_59_61","D","QURU","Quercus rubra","Northern red oak","Upper"
"13160_54_57_59_61","D","LITU","Liriodendron tulipifera","Tuliptree","Upper"
"13160_54_57_59_61","E","LITU","Liriodendron tulipifera","Tuliptree","Upper"
"13160_54_57_59_61","E","ACRU","Acer rubrum","Red maple","Upper"
"13160_54_57_59_61","E","ACLE","Acer leucoderme","Chalk maple","Mid-Upper"
"13160_54_57_59_61","E","ACBA3","Acer barbatum","Southern sugar maple","Mid-Upper"
"13160_60","A","FAGR","Fagus grandifolia","American beech","Upper"
"13160_60","A","LITU","Liriodendron tulipifera","Tuliptree","Upper"
"13160_60","A","ACLE","Acer leucoderme","Chalk maple","Mid-Upper"
"13160_60","A","ACBA3","Acer barbatum","Southern sugar maple","Mid-Upper"
"13160_60","B","LITU","Liriodendron tulipifera","Tuliptree","Upper"
"13160_60","B","ACRU","Acer rubrum","Red maple","Upper"
"13160_60","B","ACLE","Acer leucoderme","Chalk maple","Mid-Upper"
"13160_60","B","ACBA3","Acer barbatum","Southern sugar maple","Mid-Upper"
"13160_60","C","QURU","Quercus rubra","Northern red oak","Upper"
"13160_60","C","QUAL","Quercus alba","White oak","Mid-Upper"
"13160_60","C","LITU","Liriodendron tulipifera","Tuliptree","Mid-Upper"
"13160_60","D","QUAL","Quercus alba","White oak","Upper"
"13160_60","D","QURU","Quercus rubra","Northern red oak","Upper"
"13160_60","D","LITU","Liriodendron tulipifera","Tuliptree","Upper"
"13160_60","E","LITU","Liriodendron tulipifera","Tuliptree","Upper"
"13160_60","E","ACRU","Acer rubrum","Red maple","Upper"
"13160_60","E","ACLE","Acer leucoderme","Chalk maple","Mid-Upper"
"13160_60","E","ACBA3","Acer barbatum","Southern sugar maple","Mid-Upper"
"13170_48_53","A","ANGE","Andropogon gerardii","Big bluestem","Upper"
"13170_48_53","A","SCHIZ4","Schizachyrium","Little bluestem","Upper"
"13170_48_53","A","SONU2","Sorghastrum nutans","Indiangrass","Upper"
"13170_48_53","A","QUAL","Quercus alba","White oak","Upper"
"13170_48_53","B","QUAL","Quercus alba","White oak","Upper"
"13170_48_53","B","QURU","Quercus rubra","Northern red oak","Upper"
"13170_48_53","B","ANGE","Andropogon gerardii","Big bluestem","Low-Mid"
"13170_48_53","B","QUVE","Quercus velutina","Black oak","Upper"
"13170_48_53","C","QUAL","Quercus alba","White oak","Upper"
"13170_48_53","C","QURU","Quercus rubra","Northern red oak","Upper"
"13170_48_53","C","QUVE","Quercus velutina","Black oak","Upper"
"13170_48_53","C","QUCO2","Quercus coccinea","Scarlet oak","Upper"
"13170_48_53","D","QUAL","Quercus alba","White oak","Upper"
"13170_48_53","D","QURU","Quercus rubra","Northern red oak","Upper"
"13170_48_53","D","QUCO2","Quercus coccinea","Scarlet oak","Upper"
"13170_48_53","D","QUVE","Quercus velutina","Black oak","Upper"
"13170_48_53","E","ACRU","Acer rubrum","Red maple","Upper"
"13170_48_53","E","ACSA3","Acer saccharum","Sugar maple","Upper"
"13170_48_53","E","LIRIO","Liriodendron","Tuliptree","Upper"
"13170_48_53","E","FAGR","Fagus grandifolia","American beech","Upper"
"13170_57_61","A","ANGE","Andropogon gerardii","Big bluestem","Upper"
"13170_57_61","A","SCHIZ4","Schizachyrium","Little bluestem","Upper"
"13170_57_61","A","SONU2","Sorghastrum nutans","Indiangrass","Upper"
"13170_57_61","A","QUAL","Quercus alba","White oak","Upper"
"13170_57_61","B","QUAL","Quercus alba","White oak","Upper"
"13170_57_61","B","QURU","Quercus rubra","Northern red oak","Upper"
"13170_57_61","B","ANGE","Andropogon gerardii","Big bluestem","Low-Mid"
"13170_57_61","B","QUVE","Quercus velutina","Black oak","Upper"
"13170_57_61","C","QUAL","Quercus alba","White oak","Upper"
"13170_57_61","C","QURU","Quercus rubra","Northern red oak","Upper"
"13170_57_61","C","QUVE","Quercus velutina","Black oak","Upper"
"13170_57_61","C","QUCO2","Quercus coccinea","Scarlet oak","Upper"
"13170_57_61","D","QUAL","Quercus alba","White oak","Upper"
"13170_57_61","D","QURU","Quercus rubra","Northern red oak","Upper"
"13170_57_61","D","QUCO2","Quercus coccinea","Scarlet oak","Upper"
"13170_57_61","D","QUVE","Quercus velutina","Black oak","Upper"
"13170_57_61","E","ACRU","Acer rubrum","Red maple","Upper"
"13170_57_61","E","ACSA3","Acer saccharum","Sugar maple","Upper"
"13170_57_61","E","LIRIO","Liriodendron","Tuliptree","Upper"
"13170_57_61","E","FAGR","Fagus grandifolia","American beech","Upper"
"13170_62","A","ANGE","Andropogon gerardii","Big bluestem","Upper"
"13170_62","A","SCSC","Schizachyrium scoparium","Little bluestem","Upper"
"13170_62","A","SONU2","Sorghastrum nutans","Indiangrass","Upper"
"13170_62","A","QUAL","Quercus alba","White oak","Middle"
"13170_62","B","QUAL","Quercus alba","White oak","Upper"
"13170_62","B","QURU","Quercus rubra","Northern red oak","Low-Mid"
"13170_62","B","ANGE","Andropogon gerardii","Big bluestem","Upper"
"13170_62","B","QUVE","Quercus velutina","Black oak","Mid-Upper"
"13170_62","C","QUAL","Quercus alba","White oak","Upper"
"13170_62","C","QURU","Quercus rubra","Northern red oak","Upper"
"13170_62","C","QUVE","Quercus velutina","Black oak","Upper"
"13170_62","C","QUCO2","Quercus coccinea","Scarlet oak","Upper"
"13170_62","D","QUAL","Quercus alba","White oak","Upper"
"13170_62","D","QURU","Quercus rubra","Northern red oak","Upper"
"13170_62","D","QUCO2","Quercus coccinea","Scarlet oak","Upper"
"13170_62","D","CAGL8","Carya glabra","Pignut hickory","Upper"
"13180_48_53","A","FAGR","Fagus grandifolia","American beech","Upper"
"13180_48_53","A","LITU","Liriodendron tulipifera","Tuliptree","Upper"
"13180_48_53","A","ACSA3","Acer saccharum","Sugar maple","Upper"
"13180_48_53","A","BEAL2","Betula alleghaniensis","Yellow birch","Upper"
"13180_48_53","B","LITU","Liriodendron tulipifera","Tuliptree","Upper"
"13180_48_53","B","BEAL2","Betula alleghaniensis","Yellow birch","Upper"
"13180_48_53","B","ACSA3","Acer saccharum","Sugar maple","Mid-Upper"
"13180_48_53","B","FAGR","Fagus grandifolia","American beech","Mid-Upper"
"13180_48_53","C","FAGR","Fagus grandifolia","American beech","Upper"
"13180_48_53","C","ACSA3","Acer saccharum","Sugar maple","Upper"
"13180_48_53","C","LITU","Liriodendron tulipifera","Tuliptree","Mid-Upper"
"13180_48_53","C","BEAL2","Betula alleghaniensis","Yellow birch","Middle"
"13180_48_53","D","FAGR","Fagus grandifolia","American beech","Upper"
"13180_48_53","D","ACSA3","Acer saccharum","Sugar maple","Upper"
"13180_48_53","D","LITU","Liriodendron tulipifera","Tuliptree","Upper"
"13180_48_53","D","BEAL2","Betula alleghaniensis","Yellow birch","Middle"
"13180_57_59_61","A","FAGR","Fagus grandifolia","American beech","Upper"
"13180_57_59_61","A","LITU","Liriodendron tulipifera","Tuliptree","Upper"
"13180_57_59_61","A","ACSA3","Acer saccharum","Sugar maple","Upper"
"13180_57_59_61","A","BEAL2","Betula alleghaniensis","Yellow birch","Upper"
"13180_57_59_61","B","LITU","Liriodendron tulipifera","Tuliptree","Upper"
"13180_57_59_61","B","BEAL2","Betula alleghaniensis","Yellow birch","Upper"
"13180_57_59_61","B","ACSA3","Acer saccharum","Sugar maple","Mid-Upper"
"13180_57_59_61","B","FAGR","Fagus grandifolia","American beech","Mid-Upper"
"13180_57_59_61","C","LITU","Liriodendron tulipifera","Tuliptree","Upper"
"13180_57_59_61","C","BEAL2","Betula alleghaniensis","Yellow birch","Upper"
"13180_57_59_61","C","ACSA3","Acer saccharum","Sugar maple","Mid-Upper"
"13180_57_59_61","C","FAGR","Fagus grandifolia","American beech","Mid-Upper"
"13180_57_59_61","D","FAGR","Fagus grandifolia","American beech","Upper"
"13180_57_59_61","D","ACSA3","Acer saccharum","Sugar maple","Upper"
"13180_57_59_61","D","LITU","Liriodendron tulipifera","Tuliptree","Mid-Upper"
"13180_57_59_61","D","BEAL2","Betula alleghaniensis","Yellow birch","Middle"
"13180_57_59_61","E","FAGR","Fagus grandifolia","American beech","Upper"
"13180_57_59_61","E","ACSA3","Acer saccharum","Sugar maple","Upper"
"13180_57_59_61","E","LITU","Liriodendron tulipifera","Tuliptree","Upper"
"13180_57_59_61","E","BEAL2","Betula alleghaniensis","Yellow birch","Middle"
"13200_48_57_61","A","QURU","Quercus rubra","Northern red oak","All"
"13200_48_57_61","A","QUPR2","Quercus prinus","Chestnut oak","All"
"13200_48_57_61","A","BETUL","Betula","Birch","All"
"13200_48_57_61","A","ACPE","Acer pensylvanicum","Striped maple","All"
"13200_48_57_61","B","QURU","Quercus rubra","Northern red oak","Upper"
"13200_48_57_61","B","QUPR2","Quercus prinus","Chestnut oak","Upper"
"13200_48_57_61","B","BETUL","Betula","Birch","Upper"
"13200_48_57_61","B","ACPE","Acer pensylvanicum","Striped maple","Middle"
"13200_48_57_61","C","QURU","Quercus rubra","Northern red oak","Upper"
"13200_48_57_61","C","QUPR2","Quercus prinus","Chestnut oak","Upper"
"13200_48_57_61","C","BETUL","Betula","Birch","Upper"
"13200_48_57_61","C","ACPE","Acer pensylvanicum","Striped maple","Middle"
"13200_48_57_61","D","QURU","Quercus rubra","Northern red oak","Upper"
"13200_48_57_61","D","QUPR2","Quercus prinus","Chestnut oak","Upper"
"13200_48_57_61","D","BETUL","Betula","Birch","Upper"
"13200_48_57_61","D","ACPE","Acer pensylvanicum","Striped maple","Middle"
"13200_48_57_61","E","QURU","Quercus rubra","Northern red oak","Upper"
"13200_48_57_61","E","QUPR2","Quercus prinus","Chestnut oak","Upper"
"13200_48_57_61","E","BETUL","Betula","Birch","Upper"
"13200_48_57_61","E","ACPE","Acer pensylvanicum","Striped maple","Middle"
"13210_47_48_53_57","A","FRAM2","Fraxinus americana","White ash","Upper"
"13210_47_48_53_57","A","LITU","Liriodendron tulipifera","Tuliptree","Upper"
"13210_47_48_53_57","A","ULAM","Ulmus americana","American elm","Upper"
"13210_47_48_53_57","A","ACRU","Acer rubrum","Red maple","Upper"
"13210_47_48_53_57","B","LITU","Liriodendron tulipifera","Tuliptree","Upper"
"13210_47_48_53_57","B","ACRU","Acer rubrum","Red maple","Upper"
"13210_47_48_53_57","B","QURU","Quercus rubra","Northern red oak","Lower"
"13210_47_48_53_57","B","FRAM2","Fraxinus americana","White ash","Lower"
"13210_47_48_53_57","C","FAGR","Fagus grandifolia","American beech","None"
"13210_47_48_53_57","C","ACSA3","Acer saccharum","Sugar maple","None"
"13210_47_48_53_57","C","LITU","Liriodendron tulipifera","Tuliptree","None"
"13210_47_48_53_57","C","QURU","Quercus rubra","Northern red oak","None"
"13210_47_48_53_57","D","ACSA3","Acer saccharum","Sugar maple","Upper"
"13210_47_48_53_57","D","LITU","Liriodendron tulipifera","Tuliptree","Upper"
"13210_47_48_53_57","D","FAGR","Fagus grandifolia","American beech","Upper"
"13210_47_48_53_57","D","QURU","Quercus rubra","Northern red oak","Upper"
"13210_49","A","FAGR","Fagus grandifolia","American beech","Upper"
"13210_49","A","LITU","Liriodendron tulipifera","Tuliptree","Upper"
"13210_49","A","ACSA3","Acer saccharum","Sugar maple","Upper"
"13210_49","A","QURU","Quercus rubra","Northern red oak","Upper"
"13210_49","B","LITU","Liriodendron tulipifera","Tuliptree","Upper"
"13210_49","B","QURU","Quercus rubra","Northern red oak","Upper"
"13210_49","B","ACSA3","Acer saccharum","Sugar maple","Mid-Upper"
"13210_49","B","FAGR","Fagus grandifolia","American beech","Mid-Upper"
"13210_49","C","FAGR","Fagus grandifolia","American beech","Upper"
"13210_49","C","ACSA3","Acer saccharum","Sugar maple","Upper"
"13210_49","C","LITU","Liriodendron tulipifera","Tuliptree","Upper"
"13210_49","C","QURU","Quercus rubra","Northern red oak","Middle"
"13210_61_63","A","FRAM2","Fraxinus americana","White ash","Upper"
"13210_61_63","A","LITU","Liriodendron tulipifera","Tuliptree","Upper"
"13210_61_63","A","ULAM","Ulmus americana","American elm","Upper"
"13210_61_63","A","BELE","Betula lenta","Sweet birch","Upper"
"13210_61_63","B","LITU","Liriodendron tulipifera","Tuliptree","Upper"
"13210_61_63","B","FRAM2","Fraxinus americana","White ash","Upper"
"13210_61_63","B","ACSA3","Acer saccharum","Sugar maple","Lower"
"13210_61_63","B","FAGR","Fagus grandifolia","American beech","Lower"
"13210_61_63","C","FAGR","Fagus grandifolia","American beech","Upper"
"13210_61_63","C","ACSA3","Acer saccharum","Sugar maple","Upper"
"13210_61_63","C","LITU","Liriodendron tulipifera","Tuliptree","Upper"
"13210_61_63","C","fram2","<NOT FOUND IN NRCS>","<NOT FOUND IN NRCS>","Upper"
"13210_61_63","D","FAGR","Fagus grandifolia","American beech","Upper"
"13210_61_63","D","ACSA3","Acer saccharum","Sugar maple","Upper"
"13210_61_63","D","LITU","Liriodendron tulipifera","Tuliptree","Upper"
"13210_61_63","D","QURU","Quercus rubra","Northern red oak","Upper"
"13210_61_63","E","ACSA3","Acer saccharum","Sugar maple","Upper"
"13210_61_63","E","LITU","Liriodendron tulipifera","Tuliptree","Upper"
"13210_61_63","E","FAGR","Fagus grandifolia","American beech","Upper"
"13210_61_63","E","QURU","Quercus rubra","Northern red oak","Upper"
"13210_62","A","FAGR","Fagus grandifolia","American beech","Upper"
"13210_62","A","LITU","Liriodendron tulipifera","Tuliptree","Upper"
"13210_62","A","ACSA3","Acer saccharum","Sugar maple","Upper"
"13210_62","A","CADE12","Castanea dentata","American chestnut","Upper"
"13210_62","B","LITU","Liriodendron tulipifera","Tuliptree","Upper"
"13210_62","B","BEAL2","Betula alleghaniensis","Yellow birch","Upper"
"13210_62","B","ACSA3","Acer saccharum","Sugar maple","Mid-Upper"
"13210_62","B","FAGR","Fagus grandifolia","American beech","Mid-Upper"
"13210_62","C","FAGR","Fagus grandifolia","American beech","Upper"
"13210_62","C","ACSA3","Acer saccharum","Sugar maple","Upper"
"13210_62","C","LITU","Liriodendron tulipifera","Tuliptree","Upper"
"13210_62","C","BEAL2","Betula alleghaniensis","Yellow birch","Middle"
"13220_45","A","LITU","Liriodendron tulipifera","Tuliptree","Upper"
"13220_45","A","ACBA3","Acer barbatum","Southern sugar maple","Upper"
"13220_45","A","FAGR","Fagus grandifolia","American beech","Upper"
"13220_45","A","QURU","Quercus rubra","Northern red oak","Upper"
"13220_45","B","LITU","Liriodendron tulipifera","Tuliptree","Upper"
"13220_45","B","ACBA3","Acer barbatum","Southern sugar maple","Upper"
"13220_45","B","FAGR","Fagus grandifolia","American beech","Upper"
"13220_45","B","QURU","Quercus rubra","Northern red oak","Upper"
"13220_45","C","LITU","Liriodendron tulipifera","Tuliptree","Upper"
"13220_45","C","FAGR","Fagus grandifolia","American beech","Upper"
"13220_45","C","ACBA3","Acer barbatum","Southern sugar maple","Upper"
"13220_45","C","QURU","Quercus rubra","Northern red oak","Upper"
"13220_45","D","FAGR","Fagus grandifolia","American beech","Upper"
"13220_45","D","LITU","Liriodendron tulipifera","Tuliptree","Upper"
"13220_45","D","ACBA3","Acer barbatum","Southern sugar maple","Upper"
"13220_45","D","QURU","Quercus rubra","Northern red oak","Middle"
"13230_32_36_37_44_45_98","A","QUERC","Quercus","Oak","Low-Mid"
"13230_32_36_37_44_45_98","A","CHSE2","Chasmanthium sessiliflorum","Longleaf woodoats","Lower"
"13230_32_36_37_44_45_98","B","QUAL","Quercus alba","White oak","Mid-Upper"
"13230_32_36_37_44_45_98","B","QURU","Quercus rubra","Northern red oak","Mid-Upper"
"13230_32_36_37_44_45_98","B","CACA18","Carpinus caroliniana","American hornbeam","Middle"
"13230_32_36_37_44_45_98","B","ILOP","Ilex opaca","American holly","Middle"
"13230_32_36_37_44_45_98","C","QUAL","Quercus alba","White oak","Upper"
"13230_32_36_37_44_45_98","C","QURU","Quercus rubra","Northern red oak","Upper"
"13230_32_36_37_44_45_98","C","CAAL27","Carya alba","Mockernut hickory","Middle"
"13230_32_36_37_44_45_98","C","CHSE2","Chasmanthium sessiliflorum","Longleaf woodoats","Lower"
"13230_32_36_37_44_45_98","D","QUAL","Quercus alba","White oak","Upper"
"13230_32_36_37_44_45_98","D","QURU","Quercus rubra","Northern red oak","Upper"
"13230_32_36_37_44_45_98","D","CAAL27","Carya alba","Mockernut hickory","Middle"
"13230_32_36_37_44_45_98","D","CHSE2","Chasmanthium sessiliflorum","Longleaf woodoats","Lower"
"13230_32_36_37_44_45_98","E","QUAL","Quercus alba","White oak","Upper"
"13230_32_36_37_44_45_98","E","QURU","Quercus rubra","Northern red oak","Upper"
"13230_32_36_37_44_45_98","E","FAGR","Fagus grandifolia","American beech","Upper"
"13240_60_65_66","A","SCSC","Schizachyrium scoparium","Little bluestem","Upper"
"13240_60_65_66","A","QUVE","Quercus velutina","Black oak","Upper"
"13240_60_65_66","A","QUAL","Quercus alba","White oak","Upper"
"13240_60_65_66","A","BEPO","Betula populifolia","Gray birch","Upper"
"13240_60_65_66","B","QUVE","Quercus velutina","Black oak","Upper"
"13240_60_65_66","B","QUAL","Quercus alba","White oak","Upper"
"13240_60_65_66","B","BEPO","Betula populifolia","Gray birch","Upper"
"13240_60_65_66","B","SCSC","Schizachyrium scoparium","Little bluestem","Lower"
"13240_60_65_66","C","SCSC","Schizachyrium scoparium","Little bluestem","Lower"
"13240_60_65_66","C","QUVE","Quercus velutina","Black oak","Upper"
"13240_60_65_66","C","QUAL","Quercus alba","White oak","Upper"
"13240_60_65_66","C","BEPO","Betula populifolia","Gray birch","Upper"
"13240_60_65_66","D","QUVE","Quercus velutina","Black oak","Upper"
"13240_60_65_66","D","QUAL","Quercus alba","White oak","Upper"
"13240_60_65_66","D","BEPO","Betula populifolia","Gray birch","Mid-Upper"
"13240_60_65_66","D","SCSC","Schizachyrium scoparium","Little bluestem","Lower"
"13240_60_65_66","E","QUVE","Quercus velutina","Black oak","Upper"
"13240_60_65_66","E","QUAL","Quercus alba","White oak","Upper"
"13240_60_65_66","E","BEPO","Betula populifolia","Gray birch","Middle"
"13240_60_65_66","E","VACO","Vaccinium corymbosum","Highbush blueberry","Lower"
"13250_46_47_48","A","LIST2","Liquidambar styraciflua","Sweetgum","Upper"
"13250_46_47_48","A","FAGR","Fagus grandifolia","American beech","Upper"
"13250_46_47_48","A","QUPA5","Quercus pagoda","Cherrybark oak","Upper"
"13250_46_47_48","A","LITU","Liriodendron tulipifera","Tuliptree","Upper"
"13250_46_47_48","B","LIST2","Liquidambar styraciflua","Sweetgum","Upper"
"13250_46_47_48","B","FAGR","Fagus grandifolia","American beech","Upper"
"13250_46_47_48","B","QUPA5","Quercus pagoda","Cherrybark oak","Upper"
"13250_46_47_48","B","LITU","Liriodendron tulipifera","Tuliptree","Upper"
"13250_46_47_48","C","LIST2","Liquidambar styraciflua","Sweetgum","Upper"
"13250_46_47_48","C","FAGR","Fagus grandifolia","American beech","Upper"
"13250_46_47_48","C","QUPA5","Quercus pagoda","Cherrybark oak","Upper"
"13250_46_47_48","C","LITU","Liriodendron tulipifera","Tuliptree","Upper"
"13250_46_47_48","D","QUAL","Quercus alba","White oak","Upper"
"13250_46_47_48","D","FAGR","Fagus grandifolia","American beech","Upper"
"13250_46_47_48","D","QUPA5","Quercus pagoda","Cherrybark oak","Upper"
"13250_46_47_48","D","LITU","Liriodendron tulipifera","Tuliptree","Upper"
"13250_46_47_48","E","QUAL","Quercus alba","White oak","Upper"
"13250_46_47_48","E","FAGR","Fagus grandifolia","American beech","Upper"
"13250_46_47_48","E","QUPA5","Quercus pagoda","Cherrybark oak","Upper"
"13250_46_47_48","E","LITU","Liriodendron tulipifera","Tuliptree","Upper"
"13260_47","A","QUFA","Quercus falcata","Southern red oak","Upper"
"13260_47","A","QUAL","Quercus alba","White oak","Mid-Upper"
"13260_47","A","QUST","Quercus stellata","Post oak","Upper"
"13260_47","A","LIST2","Liquidambar styraciflua","Sweetgum","Mid-Upper"
"13260_47","B","QUAL","Quercus alba","White oak","Upper"
"13260_47","B","QUFA","Quercus falcata","Southern red oak","Upper"
"13260_47","B","QUVE","Quercus velutina","Black oak","Mid-Upper"
"13260_47","B","LIST2","Liquidambar styraciflua","Sweetgum","Mid-Upper"
"13260_47","C","QUAL","Quercus alba","White oak","Upper"
"13260_47","C","QUST","Quercus stellata","Post oak","Upper"
"13260_47","C","CAOV2","Carya ovata","Shagbark hickory","Mid-Upper"
"13260_47","C","LIST2","Liquidambar styraciflua","Sweetgum","Mid-Upper"
"13260_47","D","QUAL","Quercus alba","White oak","Upper"
"13260_47","D","QUST","Quercus stellata","Post oak","Upper"
"13260_47","D","CAOV2","Carya ovata","Shagbark hickory","Upper"
"13260_47","D","QUPA5","Quercus pagoda","Cherrybark oak","Mid-Upper"
"13260_47","E","QUAL","Quercus alba","White oak","Upper"
"13260_47","E","QUST","Quercus stellata","Post oak","Upper"
"13260_47","E","QUFA","Quercus falcata","Southern red oak","Upper"
"13260_47","E","LIST2","Liquidambar styraciflua","Sweetgum","Mid-Upper"
"13260_49","A","SCSC","Schizachyrium scoparium","Little bluestem","Upper"
"13260_49","A","ANGE","Andropogon gerardii","Big bluestem","Upper"
"13260_49","A","QUERC","Quercus","Oak","Upper"
"13260_49","B","QUST","Quercus stellata","Post oak","Upper"
"13260_49","B","QUMA3","Quercus marilandica","Blackjack oak","Upper"
"13260_49","B","CARYA","Carya","Hickory","Mid-Upper"
"13260_49","C","QUST","Quercus stellata","Post oak","Upper"
"13260_49","C","QUERC","Quercus","Oak","Upper"
"13260_49","C","CARYA","Carya","Hickory","Upper"
"13260_49","C","DIVI5","Diospyros virginiana","Common persimmon","Mid-Upper"
"13260_49","D","QUST","Quercus stellata","Post oak","Upper"
"13260_49","D","QUERC","Quercus","Oak","Upper"
"13260_49","D","CARYA","Carya","Hickory","Upper"
"13260_49","D","DIVI5","Diospyros virginiana","Common persimmon","Mid-Upper"
"13270_45_46_47","A","QUAL","Quercus alba","White oak","Upper"
"13270_45_46_47","A","FAGR","Fagus grandifolia","American beech","Upper"
"13270_45_46_47","A","QUVE","Quercus velutina","Black oak","Upper"
"13270_45_46_47","A","LITU","Liriodendron tulipifera","Tuliptree","Upper"
"13270_45_46_47","B","QUAL","Quercus alba","White oak","Upper"
"13270_45_46_47","B","FAGR","Fagus grandifolia","American beech","Upper"
"13270_45_46_47","B","QUVE","Quercus velutina","Black oak","Upper"
"13270_45_46_47","B","LITU","Liriodendron tulipifera","Tuliptree","Upper"
"13270_45_46_47","C","QUAL","Quercus alba","White oak","Upper"
"13270_45_46_47","C","FAGR","Fagus grandifolia","American beech","Upper"
"13270_45_46_47","C","QUVE","Quercus velutina","Black oak","Upper"
"13270_45_46_47","C","LITU","Liriodendron tulipifera","Tuliptree","Upper"
"13270_45_46_47","D","QUAL","Quercus alba","White oak","Upper"
"13270_45_46_47","D","FAGR","Fagus grandifolia","American beech","Upper"
"13270_45_46_47","D","QUVE","Quercus velutina","Black oak","Upper"
"13270_45_46_47","D","LITU","Liriodendron tulipifera","Tuliptree","Upper"
"13270_45_46_47","E","FAGR","Fagus grandifolia","American beech","Upper"
"13270_45_46_47","E","QUAL","Quercus alba","White oak","Upper"
"13270_45_46_47","E","QUVE","Quercus velutina","Black oak","Upper"
"13270_45_46_47","E","LITU","Liriodendron tulipifera","Tuliptree","Upper"
"13280_46_99","A","QUMU","Quercus muehlenbergii","Chinkapin oak","All"
"13280_46_99","A","JUVIV","Juniperus virginiana var. virginiana","Eastern redcedar","All"
"13280_46_99","A","QUPA5","Quercus pagoda","Cherrybark oak","All"
"13280_46_99","A","QUSH","Quercus shumardii","Shumard's oak","All"
"13280_46_99","B","QUMU","Quercus muehlenbergii","Chinkapin oak","Mid-Upper"
"13280_46_99","B","JUVIV","Juniperus virginiana var. virginiana","Eastern redcedar","Low-Mid"
"13280_46_99","B","QUPA5","Quercus pagoda","Cherrybark oak","Mid-Upper"
"13280_46_99","B","QUSH","Quercus shumardii","Shumard's oak","Mid-Upper"
"13280_46_99","C","QUMU","Quercus muehlenbergii","Chinkapin oak","Mid-Upper"
"13280_46_99","C","QUST","Quercus stellata","Post oak","Mid-Upper"
"13280_46_99","C","CACA38","Carya carolinae-septentrionalis","Southern shagbark hickory","Mid-Upper"
"13280_46_99","C","OSVIV","Ostrya virginiana var. virginiana","Hophornbeam","Low-Mid"
"13280_46_99","D","QUMU","Quercus muehlenbergii","Chinkapin oak","Upper"
"13280_46_99","D","QUST","Quercus stellata","Post oak","Upper"
"13280_46_99","D","CACA38","Carya carolinae-septentrionalis","Southern shagbark hickory","Upper"
"13280_46_99","D","OSVIV","Ostrya virginiana var. virginiana","Hophornbeam","Mid-Upper"
"13280_46_99","E","QUPA5","Quercus pagoda","Cherrybark oak","Upper"
"13280_46_99","E","QUSH","Quercus shumardii","Shumard's oak","Upper"
"13280_46_99","E","ACBA3","Acer barbatum","Southern sugar maple","Mid-Upper"
"13280_46_99","E","FRAM2","Fraxinus americana","White ash","Mid-Upper"
"13290_45_46_99","A","QUPA5","Quercus pagoda","Cherrybark oak","Upper"
"13290_45_46_99","A","LIQUI","Liquidambar","Sweetgum","Upper"
"13290_45_46_99","A","FAGR","Fagus grandifolia","American beech","Upper"
"13290_45_46_99","A","MAGR4","Magnolia grandiflora","Southern magnolia","Upper"
"13290_45_46_99","B","QUPA5","Quercus pagoda","Cherrybark oak","Upper"
"13290_45_46_99","B","LIQUI","Liquidambar","Sweetgum","Upper"
"13290_45_46_99","B","FAGR","Fagus grandifolia","American beech","Upper"
"13290_45_46_99","B","MAGR4","Magnolia grandiflora","Southern magnolia","Upper"
"13290_45_46_99","C","QUPA5","Quercus pagoda","Cherrybark oak","Upper"
"13290_45_46_99","C","LIQUI","Liquidambar","Sweetgum","Upper"
"13290_45_46_99","C","FAGR","Fagus grandifolia","American beech","Upper"
"13290_45_46_99","C","MAGR4","Magnolia grandiflora","Southern magnolia","Upper"
"13290_45_46_99","D","QUPA5","Quercus pagoda","Cherrybark oak","Upper"
"13290_45_46_99","D","LIQUI","Liquidambar","Sweetgum","Upper"
"13290_45_46_99","D","FAGR","Fagus grandifolia","American beech","Upper"
"13290_45_46_99","D","MAGR4","Magnolia grandiflora","Southern magnolia","Upper"
"13290_45_46_99","E","QUPA5","Quercus pagoda","Cherrybark oak","Upper"
"13290_45_46_99","E","LIQUI","Liquidambar","Sweetgum","Upper"
"13290_45_46_99","E","FAGR","Fagus grandifolia","American beech","Upper"
"13290_45_46_99","E","MAGR4","Magnolia grandiflora","Southern magnolia","Upper"
"13300_46_48_54_55_56_99","A","QUAL","Quercus alba","White oak","Upper"
"13300_46_48_54_55_56_99","A","PIEC2","Pinus echinata","Shortleaf pine","Upper"
"13300_46_48_54_55_56_99","A","QUHE2","Quercus hemisphaerica","Quercus hemisphaerica","Upper"
"13300_46_48_54_55_56_99","A","QUST","Quercus stellata","Post oak","Upper"
"13300_46_48_54_55_56_99","B","QUAL","Quercus alba","White oak","Upper"
"13300_46_48_54_55_56_99","B","PIEC2","Pinus echinata","Shortleaf pine","All"
"13300_46_48_54_55_56_99","B","CAAL27","Carya alba","Mockernut hickory","Low-Mid"
"13300_46_48_54_55_56_99","B","COFL2","Cornus florida","Flowering dogwood","Lower"
"13300_46_48_54_55_56_99","C","QUAL","Quercus alba","White oak","Upper"
"13300_46_48_54_55_56_99","C","PIEC2","Pinus echinata","Shortleaf pine","Upper"
"13300_46_48_54_55_56_99","C","QUST","Quercus stellata","Post oak","Upper"
"13300_46_48_54_55_56_99","D","QUAL","Quercus alba","White oak","Upper"
"13300_46_48_54_55_56_99","D","PIEC2","Pinus echinata","Shortleaf pine","Upper"
"13300_46_48_54_55_56_99","D","QUST","Quercus stellata","Post oak","All"
"13300_46_48_54_55_56_99","E","QUAL","Quercus alba","White oak","Upper"
"13300_46_48_54_55_56_99","E","QUFA","Quercus falcata","Southern red oak","Upper"
"13300_46_48_54_55_56_99","E","CAAL27","Carya alba","Mockernut hickory","Low-Mid"
"13300_46_48_54_55_56_99","E","COFL2","Cornus florida","Flowering dogwood","Low-Mid"
"13310_39_40_41","A","CAST36","Calamagrostis stricta","Slimstem reedgrass","Lower"
"13310_39_40_41","A","CACA4","Calamagrostis canadensis","Bluejoint","Lower"
"13310_39_40_41","A","ORAS","Oryzopsis asperifolia","Roughleaf ricegrass","Lower"
"13310_39_40_41","A","CAPE6","Carex pensylvanica","Pennsylvania sedge","Lower"
"13310_39_40_41","B","COAM3","Corylus americana","American hazelnut","Low-Mid"
"13310_39_40_41","B","COCO6","Corylus cornuta","Beaked hazelnut","Low-Mid"
"13310_39_40_41","B","SABE2","Salix bebbiana","Bebb willow","Low-Mid"
"13310_39_40_41","B","POTR5","Populus tremuloides","Quaking aspen","Lower"
"13310_39_40_41","C","POTR5","Populus tremuloides","Quaking aspen","Upper"
"13310_39_40_41","C","QUMA2","Quercus macrocarpa","Bur oak","Upper"
"13310_39_40_41","C","PIBA2","Pinus banksiana","Jack pine","Upper"
"13330_56","A","METO3","Metopium toxiferum","Florida poisontree","Mid-Upper"
"13330_56","A","EUGEN","Eugenia","Stopper","Mid-Upper"
"13330_56","A","THRIN","Thrinax","Thatch palm","Mid-Upper"
"13330_56","A","RANDI","Randia","Indigoberry","Mid-Upper"
"13330_56","B","METO3","Metopium toxiferum","Florida poisontree","Upper"
"13330_56","B","BUSI","Bursera simaruba","Gumbo limbo","Mid-Upper"
"13330_56","B","THRIN","Thrinax","Thatch palm","Middle"
"13330_56","B","QUVI","Quercus virginiana","Live oak","Mid-Upper"
"13330_56","C","METO3","Metopium toxiferum","Florida poisontree","Mid-Upper"
"13330_56","C","QUVI","Quercus virginiana","Live oak","Mid-Upper"
"13330_56","C","EUGEN","Eugenia","Stopper","Lower"
"13330_56","C","RANDI","Randia","Indigoberry","Lower"
"13330_56","D","METO3","Metopium toxiferum","Florida poisontree","Mid-Upper"
"13330_56","D","QUVI","Quercus virginiana","Live oak","Mid-Upper"
"13330_56","D","EUGEN","Eugenia","Stopper","Lower"
"13330_56","D","SIDER2","Sideroxylon","Bully","Lower"
"13330_56","E","METO3","Metopium toxiferum","Florida poisontree","Mid-Upper"
"13330_56","E","BUSI","Bursera simaruba","Gumbo limbo","Mid-Upper"
"13330_56","E","SIDER2","Sideroxylon","Bully","Mid-Upper"
"13330_56","E","QUVI","Quercus virginiana","Live oak","Upper"
"13340_32_43_44","A","ACRU","Acer rubrum","Red maple","Upper"
"13340_32_43_44","A","FAGR","Fagus grandifolia","American beech","Upper"
"13340_32_43_44","A","QURU","Quercus rubra","Northern red oak","Upper"
"13340_32_43_44","A","PRSE2","Prunus serotina","Black cherry","Upper"
"13340_32_43_44","B","ACRU","Acer rubrum","Red maple","Mid-Upper"
"13340_32_43_44","B","ACSA3","Acer saccharum","Sugar maple","Upper"
"13340_32_43_44","B","QURU","Quercus rubra","Northern red oak","Upper"
"13340_32_43_44","B","FAGR","Fagus grandifolia","American beech","Mid-Upper"
"13340_32_43_44","C","QUAL","Quercus alba","White oak","Upper"
"13340_32_43_44","C","ACSA3","Acer saccharum","Sugar maple","Middle"
"13340_32_43_44","C","FAGR","Fagus grandifolia","American beech","Low-Mid"
"13340_32_43_44","C","MAAC","Magnolia acuminata","Cucumber-tree","Mid-Upper"
"13350_55_58_60","A","QUAL","Quercus alba","White oak","Upper"
"13350_55_58_60","A","PIEC2","Pinus echinata","Shortleaf pine","Upper"
"13350_55_58_60","A","QUHE2","Quercus hemisphaerica","Quercus hemisphaerica","Upper"
"13350_55_58_60","A","QUST","Quercus stellata","Post oak","Upper"
"13350_55_58_60","B","QUAL","Quercus alba","White oak","Upper"
"13350_55_58_60","B","PIEC2","Pinus echinata","Shortleaf pine","All"
"13350_55_58_60","B","CAAL27","Carya alba","Mockernut hickory","Low-Mid"
"13350_55_58_60","B","COFL2","Cornus florida","Flowering dogwood","Lower"
"13350_55_58_60","C","QUAL","Quercus alba","White oak","Mid-Upper"
"13350_55_58_60","C","PIEC2","Pinus echinata","Shortleaf pine","All"
"13350_55_58_60","C","QUST","Quercus stellata","Post oak","Mid-Upper"
"13350_55_58_60","C","CAAL27","Carya alba","Mockernut hickory","Mid-Upper"
"13350_55_58_60","D","QUAL","Quercus alba","White oak","Upper"
"13350_55_58_60","D","PIEC2","Pinus echinata","Shortleaf pine","Mid-Upper"
"13350_55_58_60","D","QUST","Quercus stellata","Post oak","Mid-Upper"
"13350_55_58_60","D","CAAL27","Carya alba","Mockernut hickory","Mid-Upper"
"13350_55_58_60","E","QUAL","Quercus alba","White oak","Upper"
"13350_55_58_60","E","QUFA","Quercus falcata","Southern red oak","Upper"
"13350_55_58_60","E","CAAL27","Carya alba","Mockernut hickory","Low-Mid"
"13350_55_58_60","E","COFL2","Cornus florida","Flowering dogwood","Low-Mid"
"13360_56","A","IPPE","Ipomoea pes-caprae","Bayhops","All"
"13360_56","A","CARO26","Canavalia rosea","Baybean","All"
"13360_56","A","IPIM","Ipomoea imperati","Beach morning-glory","All"
"13360_56","B","UNPA","Uniola paniculata","Seaoats","All"
"13360_56","B","SEPO2","Sesuvium portulacastrum","Shoreline seapurslane","All"
"13360_56","B","SCPL","Scaevola plumieri","Gullfeed","All"
"13360_56","B","IVIM","Iva imbricata","Seacoast marshelder","All"
"13360_56","C","MUCA2","Muhlenbergia capillaris","Hairawn muhly","All"
"13360_56","C","SPPA","Spartina patens","Saltmeadow cordgrass","All"
"13360_56","C","UNPA","Uniola paniculata","Seaoats","All"
"13360_56","C","BOHI2","Bouteloua hirsuta","Hairy grama","All"
"13360_56","D","SAPA","Sabal palmetto","Cabbage palmetto","All"
"13360_56","D","CHAL8","Chiococca alba","West indian milkberry","All"
"13360_56","D","COUV","Coccoloba uvifera","Seagrape","All"
"13360_56","D","PIPI3","Piscidia piscipula","Florida fishpoison tree","All"
"13360_56","E","QUVI","Quercus virginiana","Live oak","All"
"13360_56","E","SAPA","Sabal palmetto","Cabbage palmetto","All"
"13360_56","E","EUAX","Eugenia axillaris","White stopper","All"
"13370_56","A","IPPE","Ipomoea pes-caprae","Bayhops","All"
"13370_56","A","PAVA","Paspalum vaginatum","Seashore paspalum","All"
"13370_56","A","OKHY","Okenia hypogaea","Burrowing four o'clock","All"
"13370_56","A","CALA2","Cakile lanceolata","Coastal searocket","All"
"13370_56","B","UNPA","Uniola paniculata","Seaoats","All"
"13370_56","B","SEPO2","Sesuvium portulacastrum","Shoreline seapurslane","All"
"13370_56","B","PAAM2","Panicum amarum","Bitter panicgrass","All"
"13370_56","B","IVIM","Iva imbricata","Seacoast marshelder","All"
"13370_56","C","SERE2","Serenoa repens","Saw palmetto","All"
"13370_56","C","QUVI","Quercus virginiana","Live oak","All"
"13370_56","C","COUV","Coccoloba uvifera","Seagrape","All"
"13370_56","C","MYFR","Myrcianthes fragrans","Twinberry","All"
"13370_56","D","COUV","Coccoloba uvifera","Seagrape","All"
"13370_56","D","SAPA","Sabal palmetto","Cabbage palmetto","All"
"13370_56","D","EUFO3","Eugenia foetida","Boxleaf stopper","All"
"13370_56","E","QUVI","Quercus virginiana","Live oak","All"
"13370_56","E","SAPA","Sabal palmetto","Cabbage palmetto","All"
"13370_56","E","GUDI","Guapira discolor","Beeftree","All"
"13370_56","E","EXPA","Exothea paniculata","Butterbough","All"
"13380_36","A","QUFU","Quercus fusiformis","Plateau oak","Upper"
"13380_36","A","PEBO","Persea borbonia","Redbay","Upper"
"13380_36","A","QUHE2","Quercus hemisphaerica","Quercus hemisphaerica","Upper"
"13380_36","A","CAAM2","Callicarpa americana","American beautyberry","Lower"
"13380_36","B","QUFU","Quercus fusiformis","Plateau oak","Upper"
"13380_36","B","PEBO","Persea borbonia","Redbay","Upper"
"13380_36","B","QUHE2","Quercus hemisphaerica","Quercus hemisphaerica","Upper"
"13380_36","B","CAAM2","Callicarpa americana","American beautyberry","Lower"
"13390_36_37_98","A","SCHIZ4","Schizachyrium","Little bluestem","Middle"
"13390_36_37_98","A","CYDA","Cynodon dactylon","Bermudagrass","Lower"
"13390_36_37_98","A","LYBE","Lycium berlandieri","Berlandier's wolfberry","Upper"
"13390_36_37_98","A","PANO2","Paspalum notatum","Bahiagrass","None"
"13390_36_37_98","B","QUVI","Quercus virginiana","Live oak","Upper"
"13390_36_37_98","B","CELA","Celtis laevigata","Sugarberry","Upper"
"13390_36_37_98","B","CRVI2","Crataegus viridis","Green hawthorn","Mid-Upper"
"13390_36_37_98","B","MOCE2","Morella cerifera","Wax myrtle","Middle"
"13390_36_37_98","C","QUVI","Quercus virginiana","Live oak","Upper"
"13390_36_37_98","C","CELA","Celtis laevigata","Sugarberry","Upper"
"13390_36_37_98","C","ZACL","Zanthoxylum clava-herculis","Hercules' club","Mid-Upper"
"13390_36_37_98","C","ACFA","Acacia farnesiana","Sweet acacia","Low-Mid"
"13400_61","A","CAPE6","Carex pensylvanica","Pennsylvania sedge","Lower"
"13400_61","A","DASP2","Danthonia spicata","Poverty oatgrass","Lower"
"13400_61","A","SCHIZ4","Schizachyrium","Little bluestem","Lower"
"13400_61","A","ERAL5","Eriogonum allenii","Shalebarren buckwheat","Lower"
"13400_61","B","CAPE6","Carex pensylvanica","Pennsylvania sedge","Lower"
"13400_61","B","DASP2","Danthonia spicata","Poverty oatgrass","Lower"
"13400_61","B","JUVI","Juniperus virginiana","Eastern redcedar","Upper"
"13400_61","B","RHAR4","Rhus aromatica","Fragrant sumac","Upper"
"13400_61","C","QUPR2","Quercus prinus","Chestnut oak","Upper"
"13400_61","C","PIVI2","Pinus virginiana","Virginia pine","Upper"
"13400_61","C","JUVI","Juniperus virginiana","Eastern redcedar","Upper"
"13400_61","C","CAGL8","Carya glabra","Pignut hickory","Upper"
"13420_59","A","FRAM2","Fraxinus americana","White ash","Low-Mid"
"13420_59","A","ACLE","Acer leucoderme","Chalk maple","Low-Mid"
"13420_59","A","VIRA","Viburnum rafinesquianum","Downy arrowwood","Lower"
"13420_59","A","SCSC","Schizachyrium scoparium","Little bluestem","Lower"
"13420_59","B","QUST","Quercus stellata","Post oak","Low-Mid"
"13420_59","B","QUAL","Quercus alba","White oak","Upper"
"13420_59","B","ACLE","Acer leucoderme","Chalk maple","Low-Mid"
"13420_59","B","QUST","Quercus stellata","Post oak","Low-Mid"
"13420_59","C","QUST","Quercus stellata","Post oak","Upper"
"13420_59","C","QUAL","Quercus alba","White oak","Upper"
"13420_59","C","CARYA","Carya","Hickory","Low-Mid"
"13420_59","C","SCSC","Schizachyrium scoparium","Little bluestem","Lower"
"13420_59","D","QUST","Quercus stellata","Post oak","Low-Mid"
"13420_59","D","QUAL","Quercus alba","White oak","Upper"
"13420_59","D","CARYA","Carya","Hickory","Low-Mid"
"13420_59","D","SCSC","Schizachyrium scoparium","Little bluestem","Lower"
"13420_59","E","QUAL","Quercus alba","White oak","Upper"
"13420_59","E","CARYA","Carya","Hickory","Low-Mid"
"13420_59","E","QUVE","Quercus velutina","Black oak","Upper"
"13420_59","E","FRAM2","Fraxinus americana","White ash","Upper"
"13430_54_55","A","QUAL","Quercus alba","White oak","Upper"
"13430_54_55","A","FAGR","Fagus grandifolia","American beech","Upper"
"13430_54_55","A","QUPA5","Quercus pagoda","Cherrybark oak","Upper"
"13430_54_55","A","LITU","Liriodendron tulipifera","Tuliptree","Upper"
"13430_54_55","B","QUAL","Quercus alba","White oak","Upper"
"13430_54_55","B","FAGR","Fagus grandifolia","American beech","Upper"
"13430_54_55","B","QUPA5","Quercus pagoda","Cherrybark oak","Upper"
"13430_54_55","B","LITU","Liriodendron tulipifera","Tuliptree","Upper"
"13430_54_55","C","QUAL","Quercus alba","White oak","Upper"
"13430_54_55","C","FAGR","Fagus grandifolia","American beech","Upper"
"13430_54_55","C","QUPA5","Quercus pagoda","Cherrybark oak","Upper"
"13430_54_55","C","LITU","Liriodendron tulipifera","Tuliptree","Upper"
"13430_54_55","D","QUAL","Quercus alba","White oak","Upper"
"13430_54_55","D","FAGR","Fagus grandifolia","American beech","Upper"
"13430_54_55","D","QUPA5","Quercus pagoda","Cherrybark oak","Upper"
"13430_54_55","D","LITU","Liriodendron tulipifera","Tuliptree","Upper"
"13430_54_55","E","QUAL","Quercus alba","White oak","Upper"
"13430_54_55","E","FAGR","Fagus grandifolia","American beech","Upper"
"13430_54_55","E","QUPA5","Quercus pagoda","Cherrybark oak","Upper"
"13430_54_55","E","LITU","Liriodendron tulipifera","Tuliptree","Upper"
"13430_58_60","A","QUAL","Quercus alba","White oak","Upper"
"13430_58_60","A","FAGR","Fagus grandifolia","American beech","Upper"
"13430_58_60","A","QUPA5","Quercus pagoda","Cherrybark oak","Upper"
"13430_58_60","A","LITU","Liriodendron tulipifera","Tuliptree","Upper"
"13430_58_60","B","QUAL","Quercus alba","White oak","Upper"
"13430_58_60","B","FAGR","Fagus grandifolia","American beech","Upper"
"13430_58_60","B","QUPA5","Quercus pagoda","Cherrybark oak","Upper"
"13430_58_60","B","LITU","Liriodendron tulipifera","Tuliptree","Upper"
"13430_58_60","C","QUAL","Quercus alba","White oak","Upper"
"13430_58_60","C","FAGR","Fagus grandifolia","American beech","Upper"
"13430_58_60","C","QUPA5","Quercus pagoda","Cherrybark oak","Upper"
"13430_58_60","C","LITU","Liriodendron tulipifera","Tuliptree","Upper"
"13430_58_60","D","QUAL","Quercus alba","White oak","Upper"
"13430_58_60","D","FAGR","Fagus grandifolia","American beech","Upper"
"13430_58_60","D","QUPA5","Quercus pagoda","Cherrybark oak","Upper"
"13430_58_60","D","LITU","Liriodendron tulipifera","Tuliptree","Upper"
"13430_58_60","E","QUAL","Quercus alba","White oak","Upper"
"13430_58_60","E","FAGR","Fagus grandifolia","American beech","Upper"
"13430_58_60","E","QUPA5","Quercus pagoda","Cherrybark oak","Upper"
"13430_58_60","E","LITU","Liriodendron tulipifera","Tuliptree","Upper"
"13440_41","A","ABBA","Abies balsamea","Balsam fir","Upper"
"13440_41","A","PIGL","Picea glauca","White spruce","Upper"
"13440_41","B","PIBA2","Pinus banksiana","Jack pine","Upper"
"13440_41","B","PIMA","Picea mariana","Black spruce","Upper"
"13440_41","C","ABBA","Abies balsamea","Balsam fir","Upper"
"13440_41","C","PIGL","Picea glauca","White spruce","Upper"
"13440_41","D","PIBA2","Pinus banksiana","Jack pine","Upper"
"13440_41","D","PIMA","Picea mariana","Black spruce","Upper"
"13440_41","E","ABBA","Abies balsamea","Balsam fir","Upper"
"13440_41","E","PIGL","Picea glauca","White spruce","Upper"
"13440_66","A","ABBA","Abies balsamea","Balsam fir","Mid-Upper"
"13440_66","A","PIMA","Picea mariana","Black spruce","Mid-Upper"
"13440_66","A","BEPA","Betula papyrifera","Paper birch","Mid-Upper"
"13440_66","A","POTR5","Populus tremuloides","Quaking aspen","Mid-Upper"
"13440_66","B","ABBA","Abies balsamea","Balsam fir","Mid-Upper"
"13440_66","B","BEPA","Betula papyrifera","Paper birch","Mid-Upper"
"13440_66","B","PIMA","Picea mariana","Black spruce","Low-Mid"
"13440_66","C","BEPA","Betula papyrifera","Paper birch","Mid-Upper"
"13440_66","C","POTR5","Populus tremuloides","Quaking aspen","Mid-Upper"
"13440_66","C","ABBA","Abies balsamea","Balsam fir","Low-Mid"
"13440_66","C","PIMA","Picea mariana","Black spruce","Low-Mid"
"13440_66","D","ABBA","Abies balsamea","Balsam fir","All"
"13440_66","D","PIMA","Picea mariana","Black spruce","All"
"13440_66","D","BEPA","Betula papyrifera","Paper birch","Upper"
"13440_66","E","PIMA","Picea mariana","Black spruce","All"
"13440_66","E","ABBA","Abies balsamea","Balsam fir","Low-Mid"
"13441_51","A","CAPE6","Carex pensylvanica","Pennsylvania sedge","Lower"
"13441_51","A","SCSC","Schizachyrium scoparium","Little bluestem","Lower"
"13441_51","A","PIBA2","Pinus banksiana","Jack pine","Upper"
"13441_51","A","ANGE","Andropogon gerardii","Big bluestem","Lower"
"13441_51","B","PIBA2","Pinus banksiana","Jack pine","Upper"
"13441_51","C","CAPE6","Carex pensylvanica","Pennsylvania sedge","Lower"
"13441_51","C","PIBA2","Pinus banksiana","Jack pine","Upper"
"13441_51","C","ANGE","Andropogon gerardii","Big bluestem","Lower"
"13441_51","C","SCSC","Schizachyrium scoparium","Little bluestem","Lower"
"13441_51","D","PIBA2","Pinus banksiana","Jack pine","Upper"
"13441_51","D","QUEL","Quercus ellipsoidalis","Northern pin oak","Upper"
"13441_51","D","ANGE","Andropogon gerardii","Big bluestem","Lower"
"13441_51","D","PIRE","Pinus resinosa","Red pine","Upper"
"13442_51","A","POTR5","Populus tremuloides","Quaking aspen","Upper"
"13442_51","A","BEPA","Betula papyrifera","Paper birch","Upper"
"13442_51","B","POTR5","Populus tremuloides","Quaking aspen","Upper"
"13442_51","B","BEPA","Betula papyrifera","Paper birch","Upper"
"13442_51","B","ABBA","Abies balsamea","Balsam fir","Low-Mid"
"13442_51","B","PIGL","Picea glauca","White spruce","Low-Mid"
"13442_51","C","PIGL","Picea glauca","White spruce","Upper"
"13442_51","C","ABBA","Abies balsamea","Balsam fir","Upper"
"13442_51","C","PIMA","Picea mariana","Black spruce","Upper"
"13442_51","D","PIGL","Picea glauca","White spruce","All"
"13442_51","D","ABBA","Abies balsamea","Balsam fir","All"
"13442_51","D","PIMA","Picea mariana","Black spruce","All"
"13442_51","D","PIST","Pinus strobus","Eastern white pine","All"
"13460_54_55_58","A","PIPA2","Pinus palustris","Longleaf pine","Upper"
"13460_54_55_58","A","ARBE7","Aristida beyrichiana","Beyrich threeawn","Lower"
"13460_54_55_58","A","ARST5","Aristida stricta","Pineland threeawn","Lower"
"13460_54_55_58","A","SCSCS3","Schizachyrium scoparium var. stoloniferum","Creeping bluestem","LoWERw-Mid"
"13460_54_55_58","B","PIPA2","Pinus palustris","Longleaf pine","Upper"
"13460_54_55_58","B","QULA2","Quercus laevis","Turkey oak","Mid-Upper"
"13460_54_55_58","B","RHCO","Rhus copallinum","Flameleaf sumac","Low-Mid"
"13460_54_55_58","B","SAAL5","Sassafras albidum","Sassafras","Low-Mid"
"13460_54_55_58","C","PIPA2","Pinus palustris","Longleaf pine","Upper"
"13460_54_55_58","C","ARBE7","Aristida beyrichiana","Beyrich threeawn","Lower"
"13460_54_55_58","C","ARST5","Aristida stricta","Pineland threeawn","Lower"
"13460_54_55_58","C","SCSCS3","Schizachyrium scoparium var. stoloniferum","Creeping bluestem","Lower"
"13460_54_55_58","D","PIPA2","Pinus palustris","Longleaf pine","Upper"
"13460_54_55_58","D","ARBE7","Aristida beyrichiana","Beyrich threeawn","Lower"
"13460_54_55_58","D","ARST5","Aristida stricta","Pineland threeawn","Lower"
"13460_54_55_58","D","SCSCS3","Schizachyrium scoparium var. stoloniferum","Creeping bluestem","Lower"
"13460_54_55_58","E","PIPA2","Pinus palustris","Longleaf pine","Upper"
"13460_54_55_58","E","QULA2","Quercus laevis","Turkey oak","Mid-Upper"
"13460_54_55_58","E","QUIN","Quercus incana","Bluejack oak","Mid-Upper"
"13460_54_55_58","E","QUST","Quercus stellata","Post oak","Mid-Upper"
"13470_55_58_60","A","PIPA2","Pinus palustris","Longleaf pine","Upper"
"13470_55_58_60","A","ANVI2","Andropogon virginicus","Broomsedge bluestem","Lower"
"13470_55_58_60","A","SCSCS3","Schizachyrium scoparium var. stoloniferum","Creeping bluestem","Lower"
"13470_55_58_60","A","ARST5","Aristida stricta","Pineland threeawn","Lower"
"13470_55_58_60","B","PIPA2","Pinus palustris","Longleaf pine","Upper"
"13470_55_58_60","B","QULA2","Quercus laevis","Turkey oak","Mid-Upper"
"13470_55_58_60","B","RHCO","Rhus copallinum","Flameleaf sumac","Low-Mid"
"13470_55_58_60","B","SAAL5","Sassafras albidum","Sassafras","Low-Mid"
"13470_55_58_60","C","PIPA2","Pinus palustris","Longleaf pine","Upper"
"13470_55_58_60","C","ARST5","Aristida stricta","Pineland threeawn","Lower"
"13470_55_58_60","C","SCSCS3","Schizachyrium scoparium var. stoloniferum","Creeping bluestem","Lower"
"13470_55_58_60","D","PIPA2","Pinus palustris","Longleaf pine","Upper"
"13470_55_58_60","D","ARST5","Aristida stricta","Pineland threeawn","Lower"
"13470_55_58_60","D","SCSCS3","Schizachyrium scoparium var. stoloniferum","Creeping bluestem","Lower"
"13470_55_58_60","E","PIPA2","Pinus palustris","Longleaf pine","Upper"
"13470_55_58_60","E","QUFA","Quercus falcata","Southern red oak","Mid-Upper"
"13470_55_58_60","E","QUNI","Quercus nigra","Water oak","Mid-Upper"
"13470_55_58_60","E","QULA3","Quercus laurifolia","Laurel oak","Mid-Upper"
"13480_37_45_98","A","ANTE2","Andropogon ternarius","Splitbeard bluestem","Upper"
"13480_37_45_98","A","ANVI2","Andropogon virginicus","Broomsedge bluestem","Lower"
"13480_37_45_98","A","SCSCS3","Schizachyrium scoparium var. stoloniferum","Creeping bluestem","Lower"
"13480_37_45_98","B","PIPA2","Pinus palustris","Longleaf pine","Upper"
"13480_37_45_98","B","QUST","Quercus stellata","Post oak","Mid-Upper"
"13480_37_45_98","B","LIQUI","Liquidambar","Sweetgum","Low-Mid"
"13480_37_45_98","B","ILVO","Ilex vomitoria","Yaupon","Low-Mid"
"13480_37_45_98","C","PIPA2","Pinus palustris","Longleaf pine","Upper"
"13480_37_45_98","C","ANVI2","Andropogon virginicus","Broomsedge bluestem","Lower"
"13480_37_45_98","C","SCSCS3","Schizachyrium scoparium var. stoloniferum","Creeping bluestem","Lower"
"13480_37_45_98","D","PIPA2","Pinus palustris","Longleaf pine","Upper"
"13480_37_45_98","D","ANVI2","Andropogon virginicus","Broomsedge bluestem","Lower"
"13480_37_45_98","D","SCSCS3","Schizachyrium scoparium var. stoloniferum","Creeping bluestem","Lower"
"13480_37_45_98","E","PIPA2","Pinus palustris","Longleaf pine","Upper"
"13480_37_45_98","E","QUST","Quercus stellata","Post oak","Mid-Upper"
"13480_37_45_98","E","LIQUI","Liquidambar","Sweetgum","Upper"
"13480_37_45_98","E","PITA","Pinus taeda","Loblolly pine","Upper"
"13490_46_48_54_55_99","A","PIPA2","Pinus palustris","Longleaf pine","Upper"
"13490_46_48_54_55_99","A","ARBE7","Aristida beyrichiana","Beyrich threeawn","Lower"
"13490_46_48_54_55_99","A","SCSC","Schizachyrium scoparium","Little bluestem","Lower"
"13490_46_48_54_55_99","B","PIPA2","Pinus palustris","Longleaf pine","Upper"
"13490_46_48_54_55_99","B","QUERC","Quercus","Oak","Middle"
"13490_46_48_54_55_99","C","PIPA2","Pinus palustris","Longleaf pine","Upper"
"13490_46_48_54_55_99","C","ARBE7","Aristida beyrichiana","Beyrich threeawn","Lower"
"13490_46_48_54_55_99","C","SCSC","Schizachyrium scoparium","Little bluestem","Lower"
"13490_46_48_54_55_99","D","PIPA2","Pinus palustris","Longleaf pine","Upper"
"13490_46_48_54_55_99","D","ARBE7","Aristida beyrichiana","Beyrich threeawn","Lower"
"13490_46_48_54_55_99","D","SCSC","Schizachyrium scoparium","Little bluestem","Lower"
"13490_46_48_54_55_99","E","PIPA2","Pinus palustris","Longleaf pine","Upper"
"13490_46_48_54_55_99","E","QUERC","Quercus","Oak","All"
"13500_57","A","BEAL2","Betula alleghaniensis","Yellow birch","Upper"
"13500_57","A","PRPE2","Prunus pensylvanica","Pin cherry","Upper"
"13500_57","A","RUAL","Rubus allegheniensis","Allegheny blackberry","Mid-Upper"
"13500_57","A","ACSP2","Acer spicatum","Mountain maple","Mid-Upper"
"13500_57","B","BEAL2","Betula alleghaniensis","Yellow birch","Upper"
"13500_57","B","PIRU","Picea rubens","Red spruce","Mid-Upper"
"13500_57","B","ABFR","Abies fraseri","Fraser fir","Mid-Upper"
"13500_57","B","ABBA","Abies balsamea","Balsam fir","Mid-Upper"
"13500_57","C","BEAL2","Betula alleghaniensis","Yellow birch","Upper"
"13500_57","C","ABFR","Abies fraseri","Fraser fir","Mid-Upper"
"13500_57","C","PIRU","Picea rubens","Red spruce","Mid-Upper"
"13500_57","C","ABBA","Abies balsamea","Balsam fir","Mid-Upper"
"13500_57","D","BEAL2","Betula alleghaniensis","Yellow birch","Upper"
"13500_57","D","ABFR","Abies fraseri","Fraser fir","Mid-Upper"
"13500_57","D","PIRU","Picea rubens","Red spruce","Mid-Upper"
"13500_57","D","ABBA","Abies balsamea","Balsam fir","Mid-Upper"
"13500_57","E","BEAL2","Betula alleghaniensis","Yellow birch","Upper"
"13500_57","E","PIRU","Picea rubens","Red spruce","Upper"
"13500_57","E","ABFR","Abies fraseri","Fraser fir","All"
"13500_57","E","ABBA","Abies balsamea","Balsam fir","All"
"13500_61","A","BEAL2","Betula alleghaniensis","Yellow birch","Upper"
"13500_61","A","PRPE2","Prunus pensylvanica","Pin cherry","Upper"
"13500_61","A","RUAL","Rubus allegheniensis","Allegheny blackberry","Mid-Upper"
"13500_61","A","ACSP2","Acer spicatum","Mountain maple","Mid-Upper"
"13500_61","B","BEAL2","Betula alleghaniensis","Yellow birch","Upper"
"13500_61","B","PIRU","Picea rubens","Red spruce","Mid-Upper"
"13500_61","B","ABFR","Abies fraseri","Fraser fir","Mid-Upper"
"13500_61","B","ABBA","Abies balsamea","Balsam fir","Mid-Upper"
"13500_61","C","BEAL2","Betula alleghaniensis","Yellow birch","Upper"
"13500_61","C","ABFR","Abies fraseri","Fraser fir","Mid-Upper"
"13500_61","C","PIRU","Picea rubens","Red spruce","Mid-Upper"
"13500_61","C","ABBA","Abies balsamea","Balsam fir","Mid-Upper"
"13500_61","D","BEAL2","Betula alleghaniensis","Yellow birch","Upper"
"13500_61","D","PIRU","Picea rubens","Red spruce","Upper"
"13500_61","D","ABFR","Abies fraseri","Fraser fir","All"
"13500_61","D","ABBA","Abies balsamea","Balsam fir","All"
"13510_48_54_59","A","PIPA2","Pinus palustris","Longleaf pine","Lower"
"13510_48_54_59","A","QUERC","Quercus","Oak","Lower"
"13510_48_54_59","A","SCSC","Schizachyrium scoparium","Little bluestem","Lower"
"13510_48_54_59","B","PIPA2","Pinus palustris","Longleaf pine","Middle"
"13510_48_54_59","B","QUERC","Quercus","Oak","Middle"
"13510_48_54_59","B","KALA","Kalmia latifolia","Mountain laurel","Lower"
"13510_48_54_59","C","PIPA2","Pinus palustris","Longleaf pine","Middle"
"13510_48_54_59","C","SCSC","Schizachyrium scoparium","Little bluestem","Lower"
"13510_48_54_59","D","PIPA2","Pinus palustris","Longleaf pine","Upper"
"13510_48_54_59","D","SCSC","Schizachyrium scoparium","Little bluestem","Lower"
"13510_48_54_59","E","PIPA2","Pinus palustris","Longleaf pine","Upper"
"13510_48_54_59","E","QUERC","Quercus","Oak","All"
"13510_48_54_59","E","KALA","Kalmia latifolia","Mountain laurel","Lower"
"13520_53_54_57_59_60_61","A","PIRI","Pinus rigida","Pitch pine","Mid-Upper"
"13520_53_54_57_59_60_61","A","PIPU5","Pinus pungens","Table Mountain pine","Mid-Upper"
"13520_53_54_57_59_60_61","A","QUCO2","Quercus coccinea","Scarlet oak","Mid-Upper"
"13520_53_54_57_59_60_61","A","QUPR2","Quercus prinus","Chestnut oak","Mid-Upper"
"13520_53_54_57_59_60_61","B","PIRI","Pinus rigida","Pitch pine","Mid-Upper"
"13520_53_54_57_59_60_61","B","PIPU5","Pinus pungens","Table Mountain pine","Mid-Upper"
"13520_53_54_57_59_60_61","B","QUCO2","Quercus coccinea","Scarlet oak","Mid-Upper"
"13520_53_54_57_59_60_61","B","QUPR2","Quercus prinus","Chestnut oak","Mid-Upper"
"13520_53_54_57_59_60_61","C","PIRI","Pinus rigida","Pitch pine","Mid-Upper"
"13520_53_54_57_59_60_61","C","PIPU5","Pinus pungens","Table Mountain pine","Mid-Upper"
"13520_53_54_57_59_60_61","C","QUCO2","Quercus coccinea","Scarlet oak","Mid-Upper"
"13520_53_54_57_59_60_61","C","QUPR2","Quercus prinus","Chestnut oak","Mid-Upper"
"13520_53_54_57_59_60_61","D","PIRI","Pinus rigida","Pitch pine","Upper"
"13520_53_54_57_59_60_61","D","PIPU5","Pinus pungens","Table Mountain pine","Upper"
"13520_53_54_57_59_60_61","D","QUCO2","Quercus coccinea","Scarlet oak","Mid-Upper"
"13520_53_54_57_59_60_61","D","QUPR2","Quercus prinus","Chestnut oak","Mid-Upper"
"13520_53_54_57_59_60_61","E","PIRI","Pinus rigida","Pitch pine","Upper"
"13520_53_54_57_59_60_61","E","PIPU5","Pinus pungens","Table Mountain pine","Upper"
"13520_53_54_57_59_60_61","E","QUCO2","Quercus coccinea","Scarlet oak","Mid-Upper"
"13520_53_54_57_59_60_61","E","QUPR2","Quercus prinus","Chestnut oak","Mid-Upper"
"13530_46_48_53_54_57_59_60_61","A","PIVI2","Pinus virginiana","Virginia pine","Upper"
"13530_46_48_53_54_57_59_60_61","A","PIEC2","Pinus echinata","Shortleaf pine","Upper"
"13530_46_48_53_54_57_59_60_61","A","VACCI","Vaccinium","Blueberry","Upper"
"13530_46_48_53_54_57_59_60_61","B","PIVI2","Pinus virginiana","Virginia pine","Upper"
"13530_46_48_53_54_57_59_60_61","B","VACCI","Vaccinium","Blueberry","Upper"
"13530_46_48_53_54_57_59_60_61","C","PIEC2","Pinus echinata","Shortleaf pine","Upper"
"13530_46_48_53_54_57_59_60_61","C","PIVI2","Pinus virginiana","Virginia pine","Upper"
"13530_46_48_53_54_57_59_60_61","C","QUERC","Quercus","Oak","Low-Mid"
"13530_46_48_53_54_57_59_60_61","C","CARYA","Carya","Hickory","Low-Mid"
"13530_46_48_53_54_57_59_60_61","D","PIEC2","Pinus echinata","Shortleaf pine","Upper"
"13530_46_48_53_54_57_59_60_61","D","QUERC","Quercus","Oak","Mid-Upper"
"13530_46_48_53_54_57_59_60_61","D","CARYA","Carya","Hickory","Mid-Upper"
"13530_46_48_53_54_57_59_60_61","D","COFL2","Cornus florida","Flowering dogwood","Middle"
"13530_46_48_53_54_57_59_60_61","E","PIVI2","Pinus virginiana","Virginia pine","Upper"
"13530_46_48_53_54_57_59_60_61","E","VACCI","Vaccinium","Blueberry","Low-Mid"
"13530_47","A","PIEC2","Pinus echinata","Shortleaf pine","Upper"
"13530_47","A","DANTH","Danthonia","Oatgrass","Lower"
"13530_47","A","PIVI2","Pinus virginiana","Virginia pine","Low-Mid"
"13530_47","B","PIEC2","Pinus echinata","Shortleaf pine","Upper"
"13530_47","B","PIVI2","Pinus virginiana","Virginia pine","Low-Mid"
"13530_47","C","PIEC2","Pinus echinata","Shortleaf pine","Upper"
"13530_47","C","ANDRO2","Andropogon","Bluestem","Lower"
"13530_47","C","SCSC","Schizachyrium scoparium","Little bluestem","Lower"
"13530_47","C","DANTH","Danthonia","Oatgrass","Lower"
"13530_47","D","PIEC2","Pinus echinata","Shortleaf pine","Upper"
"13530_47","D","ANDRO2","Andropogon","Bluestem","Lower"
"13530_47","D","DANTH","Danthonia","Oatgrass","Lower"
"13530_47","D","SCHIZ4","Schizachyrium","Little bluestem","Lower"
"13530_47","E","PIEC2","Pinus echinata","Shortleaf pine","Upper"
"13540_64_66","A","QUPR","Quercus prinoides","Quercus prinoides","Lower"
"13540_64_66","A","QUIL","Quercus ilicifolia","Bear oak","Lower"
"13540_64_66","A","CAPE6","Carex pensylvanica","Pennsylvania sedge","Upper"
"13540_64_66","A","PTAQ","Pteridium aquilinum","Western brackenfern","Upper"
"13540_64_66","B","PIRI","Pinus rigida","Pitch pine","Upper"
"13540_64_66","B","QUIL","Quercus ilicifolia","Bear oak","Low-Mid"
"13540_64_66","B","QUPR","Quercus prinoides","Quercus prinoides","Low-Mid"
"13540_64_66","C","PIRI","Pinus rigida","Pitch pine","Upper"
"13540_64_66","C","QUIL","Quercus ilicifolia","Bear oak","Low-Mid"
"13540_64_66","C","GABA","Gaylussacia baccata","Black huckleberry","Low-Mid"
"13540_64_66","C","VAPA4","Vaccinium pallidum","Blue ridge blueberry","Low-Mid"
"13540_64_66","D","PIRI","Pinus rigida","Pitch pine","Upper"
"13540_64_66","D","QUIL","Quercus ilicifolia","Bear oak","Mid-Upper"
"13540_64_66","D","GABA","Gaylussacia baccata","Black huckleberry","Low-Mid"
"13540_64_66","D","VAPA4","Vaccinium pallidum","Blue ridge blueberry","Low-Mid"
"13540_64_66","E","VAPA4","Vaccinium pallidum","Blue ridge blueberry","Upper"
"13540_64_66","E","QUIL","Quercus ilicifolia","Bear oak","Mid-Upper"
"13540_64_66","E","GABA","Gaylussacia baccata","Black huckleberry","Low-Mid"
"13550_60_65","A","QUPR","Quercus prinoides","Quercus prinoides","Lower"
"13550_60_65","A","QUIL","Quercus ilicifolia","Bear oak","Lower"
"13550_60_65","A","CAPE6","Carex pensylvanica","Pennsylvania sedge","Upper"
"13550_60_65","A","PTAQ","Pteridium aquilinum","Western brackenfern","Upper"
"13550_60_65","B","PIRI","Pinus rigida","Pitch pine","Upper"
"13550_60_65","B","QUIL","Quercus ilicifolia","Bear oak","Low-Mid"
"13550_60_65","B","QUPR","Quercus prinoides","Quercus prinoides","Low-Mid"
"13550_60_65","C","PIRI","Pinus rigida","Pitch pine","Upper"
"13550_60_65","C","QUIL","Quercus ilicifolia","Bear oak","Low-Mid"
"13550_60_65","C","GABA","Gaylussacia baccata","Black huckleberry","Low-Mid"
"13550_60_65","C","VAPA4","Vaccinium pallidum","Blue ridge blueberry","Low-Mid"
"13550_60_65","D","PIRI","Pinus rigida","Pitch pine","Upper"
"13550_60_65","D","QUIL","Quercus ilicifolia","Bear oak","Mid-Upper"
"13550_60_65","D","GABA","Gaylussacia baccata","Black huckleberry","Low-Mid"
"13550_60_65","D","VAPA4","Vaccinium pallidum","Blue ridge blueberry","Low-Mid"
"13550_60_65","E","VAPA4","Vaccinium pallidum","Blue ridge blueberry","Upper"
"13550_60_65","E","QUIL","Quercus ilicifolia","Bear oak","Mid-Upper"
"13550_60_65","E","GABA","Gaylussacia baccata","Black huckleberry","Low-Mid"
"13560_55_56_99","A","PIPA2","Pinus palustris","Longleaf pine","All"
"13560_55_56_99","A","ARBE7","Aristida beyrichiana","Beyrich threeawn","All"
"13560_55_56_99","B","PIPA2","Pinus palustris","Longleaf pine","Upper"
"13560_55_56_99","B","QULA2","Quercus laevis","Turkey oak","Middle"
"13560_55_56_99","B","QUGE2","Quercus geminata","Sand live oak","Middle"
"13560_55_56_99","B","ARBE7","Aristida beyrichiana","Beyrich threeawn","Lower"
"13560_55_56_99","C","PIPA2","Pinus palustris","Longleaf pine","Upper"
"13560_55_56_99","C","QULA2","Quercus laevis","Turkey oak","Middle"
"13560_55_56_99","C","QUGE2","Quercus geminata","Sand live oak","Middle"
"13560_55_56_99","C","ARBE7","Aristida beyrichiana","Beyrich threeawn","Lower"
"13560_55_56_99","D","PIPA2","Pinus palustris","Longleaf pine","Upper"
"13560_55_56_99","D","QULA2","Quercus laevis","Turkey oak","Middle"
"13560_55_56_99","D","QUGE2","Quercus geminata","Sand live oak","Middle"
"13560_55_56_99","D","ARBE7","Aristida beyrichiana","Beyrich threeawn","Lower"
"13560_55_56_99","E","PIPA2","Pinus palustris","Longleaf pine","Upper"
"13560_55_56_99","E","QUGE2","Quercus geminata","Sand live oak","Middle"
"13560_55_56_99","E","QULA2","Quercus laevis","Turkey oak","Middle"
"13560_55_56_99","E","ARBE7","Aristida beyrichiana","Beyrich threeawn","Lower"
"13570_46_47_55_58_99","A","MAGR4","Magnolia grandiflora","Southern magnolia","Upper"
"13570_46_47_55_58_99","A","FAGR","Fagus grandifolia","American beech","Upper"
"13570_46_47_55_58_99","A","QUPA5","Quercus pagoda","Cherrybark oak","Upper"
"13570_46_47_55_58_99","A","LITU","Liriodendron tulipifera","Tuliptree","Upper"
"13570_46_47_55_58_99","B","MAGR4","Magnolia grandiflora","Southern magnolia","Upper"
"13570_46_47_55_58_99","B","FAGR","Fagus grandifolia","American beech","Upper"
"13570_46_47_55_58_99","B","QUPA5","Quercus pagoda","Cherrybark oak","Upper"
"13570_46_47_55_58_99","B","LITU","Liriodendron tulipifera","Tuliptree","Upper"
"13570_46_47_55_58_99","C","MAGR4","Magnolia grandiflora","Southern magnolia","Upper"
"13570_46_47_55_58_99","C","FAGR","Fagus grandifolia","American beech","Upper"
"13570_46_47_55_58_99","C","QUAL","Quercus alba","White oak","Upper"
"13570_46_47_55_58_99","C","LITU","Liriodendron tulipifera","Tuliptree","Upper"
"13570_46_47_55_58_99","D","MAGR4","Magnolia grandiflora","Southern magnolia","Upper"
"13570_46_47_55_58_99","D","FAGR","Fagus grandifolia","American beech","Upper"
"13570_46_47_55_58_99","D","QUAL","Quercus alba","White oak","Upper"
"13570_46_47_55_58_99","D","LITU","Liriodendron tulipifera","Tuliptree","Upper"
"13570_46_47_55_58_99","E","MAGR4","Magnolia grandiflora","Southern magnolia","Upper"
"13570_46_47_55_58_99","E","FAGR","Fagus grandifolia","American beech","Upper"
"13570_46_47_55_58_99","E","QUPA5","Quercus pagoda","Cherrybark oak","Upper"
"13570_46_47_55_58_99","E","LITU","Liriodendron tulipifera","Tuliptree","Upper"
"13580_35_36","A","PITA","Pinus taeda","Loblolly pine","All"
"13580_35_36","A","QUERC","Quercus","Oak","All"
"13580_35_36","A","ILVO","Ilex vomitoria","Yaupon","Middle"
"13580_35_36","A","CAAM2","Callicarpa americana","American beautyberry","Low-Mid"
"13580_35_36","B","PITA","Pinus taeda","Loblolly pine","All"
"13580_35_36","B","QUERC","Quercus","Oak","All"
"13580_35_36","B","ILVO","Ilex vomitoria","Yaupon","Middle"
"13580_35_36","C","PITA","Pinus taeda","Loblolly pine","Upper"
"13580_35_36","C","QUERC","Quercus","Oak","Upper"
"13580_35_36","C","ILVO","Ilex vomitoria","Yaupon","Low-Mid"
"13580_35_36","C","ANDRO2","Andropogon","Bluestem","Lower"
"13580_35_36","D","PITA","Pinus taeda","Loblolly pine","Upper"
"13580_35_36","D","QUERC","Quercus","Oak","Upper"
"13580_35_36","D","ILVO","Ilex vomitoria","Yaupon","Low-Mid"
"13580_35_36","D","ANDRO2","Andropogon","Bluestem","Lower"
"13580_35_36","E","PITA","Pinus taeda","Loblolly pine","Upper"
"13580_35_36","E","QUERC","Quercus","Oak","Upper"
"13580_35_36","E","ILVO","Ilex vomitoria","Yaupon","Middle"
"13600_56","A","ANTEC","Andropogon ternarius var. cabanisii","Splitbeard bluestem","Lower"
"13600_56","A","SCRH","Schizachyrium rhizomatum","Florida little bluestem","Lower"
"13600_56","A","GUSC","Guettarda scabra","Wild guave","Low-Mid"
"13600_56","A","SERE2","Serenoa repens","Saw palmetto","Low-Mid"
"13600_56","B","PIELD","Pinus elliottii var. densa","Florida slash pine","Upper"
"13600_56","B","SAPA","Sabal palmetto","Cabbage palmetto","Mid-Upper"
"13600_56","B","THRIN","Thrinax","Thatch palm","Middle"
"13600_56","B","SERE2","Serenoa repens","Saw palmetto","Middle"
"13600_56","C","PIELD","Pinus elliottii var. densa","Florida slash pine","Upper"
"13600_56","C","SERE2","Serenoa repens","Saw palmetto","Middle"
"13600_56","C","ANTEC","Andropogon ternarius var. cabanisii","Splitbeard bluestem","Lower"
"13600_56","C","SCRH","Schizachyrium rhizomatum","Florida little bluestem","Lower"
"13600_56","D","PIELD","Pinus elliottii var. densa","Florida slash pine","Upper"
"13600_56","D","SERE2","Serenoa repens","Saw palmetto","Middle"
"13600_56","D","ANTEC","Andropogon ternarius var. cabanisii","Splitbeard bluestem","Lower"
"13600_56","D","SCRH","Schizachyrium rhizomatum","Florida little bluestem","Lower"
"13600_56","E","PIELD","Pinus elliottii var. densa","Florida slash pine","Upper"
"13600_56","E","SAPA","Sabal palmetto","Cabbage palmetto","Mid-Upper"
"13600_56","E","LYLA3","Lysiloma latisiliquum","False tamarind","Mid-Upper"
"13600_56","E","QUVI","Quercus virginiana","Live oak","Mid-Upper"
"13610_58_60","A","MOCE2","Morella cerifera","Wax myrtle","Lower"
"13610_58_60","A","ILVO","Ilex vomitoria","Yaupon","Lower"
"13610_58_60","A","QUVI","Quercus virginiana","Live oak","Lower"
"13610_58_60","B","MOCE2","Morella cerifera","Wax myrtle","Low-Mid"
"13610_58_60","B","ILVO","Ilex vomitoria","Yaupon","Low-Mid"
"13610_58_60","B","QUVI","Quercus virginiana","Live oak","Upper"
"13610_58_60","C","MOCE2","Morella cerifera","Wax myrtle","Mid-Upper"
"13610_58_60","C","ILVO","Ilex vomitoria","Yaupon","Mid-Upper"
"13610_58_60","C","QUVI","Quercus virginiana","Live oak","Upper"
"13610_58_60","D","MOCE2","Morella cerifera","Wax myrtle","Mid-Upper"
"13610_58_60","D","ILVO","Ilex vomitoria","Yaupon","Mid-Upper"
"13610_58_60","D","QUVI","Quercus virginiana","Live oak","Upper"
"13610_58_60","E","MOCE2","Morella cerifera","Wax myrtle","Mid-Upper"
"13610_58_60","E","ILVO","Ilex vomitoria","Yaupon","Mid-Upper"
"13610_58_60","E","QUVI","Quercus virginiana","Live oak","Upper"
"13620_41_50","A","POTR5","Populus tremuloides","Quaking aspen","Lower"
"13620_41_50","A","BEPA","Betula papyrifera","Paper birch","Lower"
"13620_41_50","A","QURU","Quercus rubra","Northern red oak","Lower/mid"
"13620_41_50","A","PIST","Pinus strobus","Eastern white pine","Lower"
"13620_41_50","A","PIBA2","Pinus banksiana","Jack pine","Lower"
"13620_41_50","A","PIRE","Pinus resinosa","Red pine","Lower"
"13620_41_50","B","PIST","Pinus strobus","Eastern white pine","Upper"
"13620_41_50","B","PIRE","Pinus resinosa","Red pine","Upper"
"13620_41_50","B","QURU","Quercus rubra","Northern red oak","Lower"
"13620_41_50","B","PIBA2","Pinus banksiana","Jack pine","Upper"
"13620_41_50","B","POTR5","Populus tremuloides","Quaking aspen","Upper"
"13620_41_50","C","PIST","Pinus strobus","Eastern white pine","Upper"
"13620_41_50","C","PIRE","Pinus resinosa","Red pine","Upper"
"13620_41_50","C","QURU","Quercus rubra","Northern red oak","Lower"
"13620_41_50","C","PIST","Pinus strobus","Eastern white pine","Lower"
"13620_41_50","D","PIST","Pinus strobus","Eastern white pine","Upper"
"13620_41_50","D","PIRE","Pinus resinosa","Red pine","Upper"
"13620_41_50","D","QURU","Quercus rubra","Northern red oak","Under/mid"
"13620_41_50","D","PIST","Pinus strobus","Eastern white pine","Under"
"13620_41_50","D","VIAC","Viburnum acerifolium","Mapleleaf viburnum","Lower"
"13620_41_50","E","PIST","Pinus strobus","Eastern white pine","Upper"
"13620_41_50","E","PIRE","Pinus resinosa","Red pine","Upper"
"13620_41_50","E","QURU","Quercus rubra","Northern red oak","Under/mid"
"13620_41_50","E","PIRE","Pinus resinosa","Red pine","Under"
"13620_41_50","E","PIST","Pinus strobus","Eastern white pine","Under"
"13620_41_50","E","VIAC","Viburnum acerifolium","Mapleleaf viburnum","Lower"
"13620_51_63_64_65_66","A","PIRE","Pinus resinosa","Red pine","Upper"
"13620_51_63_64_65_66","A","PIST","Pinus strobus","Eastern white pine","Upper"
"13620_51_63_64_65_66","A","PIBA2","Pinus banksiana","Jack pine","Low-Mid"
"13620_51_63_64_65_66","A","POTR5","Populus tremuloides","Quaking aspen","Mid-Upper"
"13620_51_63_64_65_66","A","BEPA","Betula papyrifera","Paper birch","Mid-Upper"
"13620_51_63_64_65_66","A","POGR4","Populus grandidentata","Bigtooth aspen","Mid-Upper"
"13620_51_63_64_65_66","B","PIRE","Pinus resinosa","Red pine","Upper"
"13620_51_63_64_65_66","B","PIBA2","Pinus banksiana","Jack pine","Upper"
"13620_51_63_64_65_66","B","POTR5","Populus tremuloides","Quaking aspen","Mid-Upper"
"13620_51_63_64_65_66","B","BEPA","Betula papyrifera","Paper birch","Mid-Upper"
"13620_51_63_64_65_66","C","PIRE","Pinus resinosa","Red pine","Upper"
"13620_51_63_64_65_66","C","PIST","Pinus strobus","Eastern white pine","Upper"
"13620_51_63_64_65_66","C","PIBA2","Pinus banksiana","Jack pine","Upper"
"13620_51_63_64_65_66","D","PIRE","Pinus resinosa","Red pine","Upper"
"13620_51_63_64_65_66","D","PIST","Pinus strobus","Eastern white pine","Upper"
"13620_51_63_64_65_66","D","","Vaccinium spp.","","Lower"
"13620_51_63_64_65_66","D","COCO6","Corylus cornuta Marshall","Beaked hazelnut",""
"13622_41_50","A","PIRE","Pinus resinosa","Red pine","Upper"
"13622_41_50","A","PIST","Pinus strobus","Eastern white pine","Upper"
"13622_41_50","A","PIBA2","Pinus banksiana","Jack pine","Upper"
"13622_41_50","A","BEPA","Betula papyrifera","Paper birch","Upper"
"13622_41_50","B","PIRE","Pinus resinosa","Red pine","Upper"
"13622_41_50","B","PIST","Pinus strobus","Eastern white pine","Upper"
"13622_41_50","B","BEPA","Betula papyrifera","Paper birch","Mid-Upper"
"13622_41_50","B","ABBA","Abies balsamea","Balsam fir","Low-Mid"
"13622_41_50","C","PIRE","Pinus resinosa","Red pine","Upper"
"13622_41_50","C","PIST","Pinus strobus","Eastern white pine","Upper"
"13622_41_50","C","ABBA","Abies balsamea","Balsam fir","Mid-Upper"
"13622_41_50","D","PIRE","Pinus resinosa","Red pine","Upper"
"13622_41_50","D","PIST","Pinus strobus","Eastern white pine","Upper"
"13622_41_50","D","ABBA","Abies balsamea","Balsam fir","Mid-Upper"
"13622_41_50","D","BEPA","Betula papyrifera","Paper birch","Middle"
"13622_41_50","E","PIRE","Pinus resinosa","Red pine","Upper"
"13622_41_50","E","PIST","Pinus strobus","Eastern white pine","Upper"
"13622_41_50","E","ABBA","Abies balsamea","Balsam fir","Mid-Upper"
"13630_47_53","A","SCHIZ4","Schizachyrium","Little bluestem","Lower"
"13630_47_53","A","QUST","Quercus stellata","Post oak","Low-Mid"
"13630_47_53","A","QUMA3","Quercus marilandica","Blackjack oak","Low-Mid"
"13630_47_53","A","ANGE","Andropogon gerardii","Big bluestem","Lower"
"13630_47_53","B","QUST","Quercus stellata","Post oak","Low-Mid"
"13630_47_53","B","QUMA3","Quercus marilandica","Blackjack oak","Low-Mid"
"13630_47_53","B","SCHIZ4","Schizachyrium","Little bluestem","Lower"
"13630_47_53","B","HEHI2","Helianthus hirsutus","Hairy sunflower","Lower"
"13630_47_53","C","QUST","Quercus stellata","Post oak","All"
"13630_47_53","C","QUMA3","Quercus marilandica","Blackjack oak","All"
"13630_47_53","C","SCHIZ4","Schizachyrium","Little bluestem","Lower"
"13630_47_53","C","ANGE","Andropogon gerardii","Big bluestem","Lower"
"13630_47_53","D","QUST","Quercus stellata","Post oak","All"
"13630_47_53","D","QUMA3","Quercus marilandica","Blackjack oak","All"
"13630_47_53","D","SCHIZ4","Schizachyrium","Little bluestem","Lower"
"13630_47_53","D","VAAR","Vaccinium arboreum","Farkleberry","Lower"
"13630_47_53","E","QUST","Quercus stellata","Post oak","Upper"
"13630_47_53","E","QUVE","Quercus velutina","Black oak","Upper"
"13630_47_53","E","VAPA4","Vaccinium pallidum","Blue ridge blueberry","Lower"
"13640_32_44_49","A","SCHIZ4","Schizachyrium scoparium","Little bluestem","Lower"
"13640_32_44_49","A","QUST","Quercus stellata","Post oak","Low-Mid"
"13640_32_44_49","A","QUMA3","Quercus marilandica","Blackjack oak","Low-Mid"
"13640_32_44_49","A","ANGE","Andropogon gerardii","Big bluestem","Lower"
"13640_32_44_49","B","QUST","Quercus stellate","Post oak","Low-Mid"
"13640_32_44_49","B","QUMA3","Quercus marilandica","Blackjack oak","Low-Mid"
"13640_32_44_49","B","SCHIZ4","Schizachyrium scoparium","Little bluestem","Lower"
"13640_32_44_49","B","HEHI2","Helianthus hirsutus","Hairy sunflower","Lower"
"13640_32_44_49","C","QUST","Quercus stellata","Post oak","All"
"13640_32_44_49","C","QUMA3","Quercus marilandica","Blackjack oak","All"
"13640_32_44_49","C","SCHIZ4","Schizachyrium scoparium","Little bluestem","Lower"
"13640_32_44_49","C","ANGE","Andropogon gerardii","Big bluestem","Lower"
"13640_32_44_49","D","QUST","Quercus stellate","Post oak","All"
"13640_32_44_49","D","QUMA","Quercus macnabiana","Quercus macnabiana","All"
"13640_32_44_49","D","SCHIZ4","Schizachyrium","Little bluestem","Lower"
"13640_32_44_49","D","VAAR","Vaccinium arboreum","Farkleberry","Lower"
"13640_32_44_49","E","QUST","Quercus stellate","Post oak","Upper"
"13640_32_44_49","E","QUVE","Quercus velutina","Black oak","Upper"
"13640_32_44_49","E","VAPA4","Vaccinium pallidum","Blue ridge blueberry","Lower"
"13651_40_41_50","A","BEPA","Betula papyrifera","Paper birch","Upper"
"13651_40_41_50","A","POTR5","Populus tremuloides","Quaking aspen","Upper"
"13651_40_41_50","B","ABBA","Abies balsamea","Balsam fir","Upper"
"13651_40_41_50","B","PIGL","Picea glauca","White spruce","Upper"
"13651_40_41_50","B","THOC2","Thuja occidentalis","Arborvitae","Upper"
"13651_40_41_50","C","BEPA","Betula papyrifera","Paper birch","Upper"
"13651_40_41_50","C","POTR5","Populus tremuloides","Quaking aspen","Upper"
"13651_40_41_50","C","ABBA","Abies balsamea","Balsam fir","Low-Mid"
"13651_40_41_50","C","PIGL","Picea glauca","White spruce","Low-Mid"
"13651_40_41_50","D","THOC2","Thuja occidentalis","Arborvitae","Upper"
"13651_40_41_50","D","PIGL","Picea glauca","White spruce","Upper"
"13651_40_41_50","D","ABBA","Abies balsamea","Balsam fir","Upper"
"13651_40_41_50","D","PIST","Pinus strobus","Eastern white pine","None"
"13651_51","A","BEPA","Betula papyrifera","Paper birch","Upper"
"13651_51","A","POTR5","Populus tremuloides","Quaking aspen","Upper"
"13651_51","B","ABBA","Abies balsamea","Balsam fir","Upper"
"13651_51","B","PIGL","Picea glauca","White spruce","Upper"
"13651_51","B","THOC2","Thuja occidentalis","Arborvitae","Upper"
"13651_51","C","BEPA","Betula papyrifera","Paper birch","Upper"
"13651_51","C","POTR5","Populus tremuloides","Quaking aspen","Upper"
"13651_51","C","ABBA","Abies balsamea","Balsam fir","Low-Mid"
"13651_51","C","PIGL","Picea glauca","White spruce","Low-Mid"
"13651_51","D","THOC2","Thuja occidentalis","Arborvitae","Upper"
"13651_51","D","PIGL","Picea glauca","White spruce","Upper"
"13651_51","D","ABBA","Abies balsamea","Balsam fir","Upper"
"13651_51","D","PIST","Pinus strobus","Eastern white pine","None"
"13652_41","A","BEPA","Betula papyrifera","Paper birch","Upper"
"13652_41","A","POTR5","Populus tremuloides","Quaking aspen","Upper"
"13652_41","B","ABBA","Abies balsamea","Balsam fir","Upper"
"13652_41","B","PIGL","Picea glauca","White spruce","Upper"
"13652_41","B","THOC2","Thuja occidentalis","Arborvitae","Upper"
"13652_41","C","BEPA","Betula papyrifera","Paper birch","Upper"
"13652_41","C","POTR5","Populus tremuloides","Quaking aspen","Upper"
"13652_41","C","ABBA","Abies balsamea","Balsam fir","Low-Mid"
"13652_41","C","PIGL","Picea glauca","White spruce","Low-Mid"
"13652_41","D","THOC2","Thuja occidentalis","Arborvitae","Upper"
"13652_41","D","PIGL","Picea glauca","White spruce","Upper"
"13652_41","D","ABBA","Abies balsamea","Balsam fir","Upper"
"13652_51","A","BEPA","Betula papyrifera","Paper birch","Upper"
"13652_51","A","POTR5","Populus tremuloides","Quaking aspen","Upper"
"13652_51","B","ABBA","Abies balsamea","Balsam fir","Upper"
"13652_51","B","PIGL","Picea glauca","White spruce","Upper"
"13652_51","B","THOC2","Thuja occidentalis","Arborvitae","Upper"
"13652_51","C","BEPA","Betula papyrifera","Paper birch","Upper"
"13652_51","C","POTR5","Populus tremuloides","Quaking aspen","Upper"
"13652_51","C","ABBA","Abies balsamea","Balsam fir","Low-Mid"
"13652_51","C","PIGL","Picea glauca","White spruce","Low-Mid"
"13652_51","D","THOC2","Thuja occidentalis","Arborvitae","Upper"
"13652_51","D","PIGL","Picea glauca","White spruce","Upper"
"13652_51","D","ABBA","Abies balsamea","Balsam fir","Upper"
"13653_41","A","POTR5","Populus tremuloides","Quaking aspen","Upper"
"13653_41","A","BEPA","Betula papyrifera","Paper birch","Upper"
"13653_41","A","ABBA","Abies balsamea","Balsam fir","Lower"
"13653_41","B","POTR5","Populus tremuloides","Quaking aspen","Upper"
"13653_41","B","BEPA","Betula papyrifera","Paper birch","Upper"
"13653_41","B","ABBA","Abies balsamea","Balsam fir","Low-Mid"
"13653_41","C","POTR5","Populus tremuloides","Quaking aspen","Upper"
"13653_41","C","BEPA","Betula papyrifera","Paper birch","Upper"
"13653_41","C","ABBA","Abies balsamea","Balsam fir","Mid-Upper"
"13653_41","C","PIGL","Picea glauca","White spruce","Middle"
"13653_41","D","ABBA","Abies balsamea","Balsam fir","Upper"
"13653_41","D","PIGL","Picea glauca","White spruce","Upper"
"13653_41","D","BEPA","Betula papyrifera","Paper birch","Mid-Upper"
"13653_41","D","PIST","Pinus strobus","Eastern white pine","Upper"
"13653_41","E","ABBA","Abies balsamea","Balsam fir","Upper"
"13653_41","E","PIGL","Picea glauca","White spruce","Upper"
"13653_41","E","THOC","Thalictrum occidentale","Western meadow-rue","Mid-Upper"
"13653_41","E","PIMA","Picea mariana","Black spruce","Mid-Upper"
"13660_50","A","BEPA","Betula papyrifera","Paper birch","Upper"
"13660_50","A","POTR5","Populus tremuloides","Quaking aspen","Upper"
"13660_50","B","QURU","Quercus rubra","Northern red oak","Upper"
"13660_50","B","BEPA","Betula papyrifera","Paper birch","Upper"
"13660_50","B","POTR5","Populus tremuloides","Quaking aspen","Upper"
"13660_50","B","ACRU","Acer rubrum","Red maple","Upper"
"13660_50","C","PIST","Pinus strobus","Eastern white pine","Upper"
"13660_50","C","PIRE","Pinus resinosa","Red pine","Upper"
"13660_50","D","PIST","Pinus strobus","Eastern white pine","Upper"
"13660_50","D","TSCA","Tsuga canadensis","Eastern hemlock","Upper"
"13660_51_63_64_65_66","A","BEPA","Betula papyrifera","Paper birch","Upper"
"13660_51_63_64_65_66","A","POTR5","Populus tremuloides","Quaking aspen","Upper"
"13660_51_63_64_65_66","B","QURU","Quercus rubra","Northern red oak","Upper"
"13660_51_63_64_65_66","B","BEPA","Betula papyrifera","Paper birch","Upper"
"13660_51_63_64_65_66","B","POTR5","Populus tremuloides","Quaking aspen","Upper"
"13660_51_63_64_65_66","B","ACRU","Acer rubrum","Red maple","Upper"
"13660_51_63_64_65_66","B","POGR4","Populus  Grandidentata","Bigtooth aspen","Upper"
"13660_51_63_64_65_66","C","PIST","Pinus strobus","Eastern white pine","Upper"
"13660_51_63_64_65_66","C","PIRE","Pinus resinosa","Red pine","Upper"
"13660_51_63_64_65_66","C","TSCA","Tsuga canadensis","Eastern hemlock","Upper"
"13660_51_63_64_65_66","C","BEAL2","Betula alleghaniensis","Yellow birch","Upper"
"13660_51_63_64_65_66","D","PIST","Pinus strobus","Eastern white pine","Upper"
"13660_51_63_64_65_66","D","TSCA","Tsuga canadensis","Eastern hemlock","Upper"
"13660_51_63_64_65_66","D","BEAL2","Betula alleghaniensis","Yellow birch","Mid-Upper"
"13670_32_44","A","QUERC","Quercus","Oak","Upper"
"13670_32_44","A","CARYA","Carya","Hickory","Upper"
"13670_32_44","A","PIEC2","Pinus echinata","Shortleaf pine","Upper"
"13670_32_44","A","ANDRO2","Andropogon","Bluestem","Lower"
"13670_32_44","B","QUERC","Quercus","Oak","Upper"
"13670_32_44","B","CARYA","Carya","Hickory","Upper"
"13670_32_44","B","PIEC2","Pinus echinata","Shortleaf pine","Upper"
"13670_32_44","C","QUERC","Quercus","Oak","Mid-Upper"
"13670_32_44","C","CARYA","Carya","Hickory","Mid-Upper"
"13670_32_44","C","PIEC2","Pinus echinate","Shortleaf pine","Mid-Upper"
"13670_32_44","C","ANDRO2","Andropogon","Bluestem","Lower"
"13670_32_44","D","QUERC","Quercus","Oak","Upper"
"13670_32_44","D","CARYA","Carya","Hickory","Upper"
"13670_32_44","D","PIEC2","Pinus echinata","Shortleaf pine","Upper"
"13670_32_44","D","ANDRO2","Andropogon","Bluestem","Lower"
"13670_32_44","E","QUERC","Quercus","Oak","Upper"
"13670_32_44","E","CARYA","Carya","Hickory","Upper"
"13670_32_44","E","PIEC2","Pinus echinata","Shortleaf pine","Upper"
"13670_32_44","E","ANDRO2","Andropogon","Bluestem","None"
"13680_46_48_54_57_59_60_61","A","PIEC2","Pinus echinata","Shortleaf pine","Upper"
"13680_46_48_54_57_59_60_61","A","QUAL","Quercus alba","White oak","Upper"
"13680_46_48_54_57_59_60_61","A","VAAR","Vaccinium arboreum","Farkleberry","Low-Mid"
"13680_46_48_54_57_59_60_61","A","SCSC","Schizachyrium scoparium","Little bluestem","Lower"
"13680_46_48_54_57_59_60_61","B","PIEC2","Pinus echinata","Shortleaf pine","Upper"
"13680_46_48_54_57_59_60_61","B","QUAL","Quercus alba","White oak","Upper"
"13680_46_48_54_57_59_60_61","B","LITU","Liriodendron tulipifera","Tuliptree","Upper"
"13680_46_48_54_57_59_60_61","B","COFL2","Cornus florida","Flowering dogwood","Low-Mid"
"13680_46_48_54_57_59_60_61","C","PIEC2","Pinus echinata","Shortleaf pine","Upper"
"13680_46_48_54_57_59_60_61","C","QUST","Quercus stellata","Post oak","Upper"
"13680_46_48_54_57_59_60_61","C","VAAR","Vaccinium arboreum","Farkleberry","Low-Mid"
"13680_46_48_54_57_59_60_61","C","SCSC","Schizachyrium scoparium","Little bluestem","Lower"
"13680_46_48_54_57_59_60_61","D","PIEC2","Pinus echinata","Shortleaf pine","Upper"
"13680_46_48_54_57_59_60_61","D","QUST","Quercus stellata","Post oak","Upper"
"13680_46_48_54_57_59_60_61","D","VAAR","Vaccinium arboreum","Farkleberry","Lower"
"13680_46_48_54_57_59_60_61","D","SCSC","Schizachyrium scoparium","Little bluestem","Lower"
"13680_46_48_54_57_59_60_61","E","CAAL27","Carya alba","Mockernut hickory","Upper"
"13680_46_48_54_57_59_60_61","E","QURU","Quercus rubra","Northern red oak","Upper"
"13680_46_48_54_57_59_60_61","E","LITU","Liriodendron tulipifera","Tuliptree","Upper"
"13680_46_48_54_57_59_60_61","E","QUAL","Quercus alba","White oak","Upper"
"13690_60_61_63_64_65_66","A","QUPR2","Quercus prinus","Chestnut oak","Upper"
"13690_60_61_63_64_65_66","A","QUAL","Quercus alba","White oak","Upper"
"13690_60_61_63_64_65_66","A","QUVE","Quercus velutina","Black oak","Upper"
"13690_60_61_63_64_65_66","A","CADE12","Castanea dentata","American chestnut","Upper"
"13690_60_61_63_64_65_66","B","QUPR2","Quercus prinus","Chestnut oak","Upper"
"13690_60_61_63_64_65_66","B","QURU","Quercus rubra","Northern red oak","Middle"
"13690_60_61_63_64_65_66","B","CADE12","Castanea dentata","American chestnut","Upper"
"13690_60_61_63_64_65_66","C","QUPR2","Quercus prinus","Chestnut oak","Upper"
"13690_60_61_63_64_65_66","C","QURU","Quercus rubra","Red oak","Upper"
"13690_60_61_63_64_65_66","C","QUAL","Quercus alba","White oak","Upper"
"13690_60_61_63_64_65_66","C","CADE12","Castanea dentata","American chestnut","Upper"
"13690_60_61_63_64_65_66","C","KALA","Kalmia latifolia","Mountain laurel","Lower"
"13690_60_61_63_64_65_66","C","PIVI2","Pinus virginiana","Virginia pine","Upper"
"13690_60_61_63_64_65_66","D","QUPR2","Quercus prinus","Chestnut oak","Upper"
"13690_60_61_63_64_65_66","D","QUAL","Quercus alba","White oak","Upper"
"13690_60_61_63_64_65_66","D","QURU","Quercus rubra","Red oak","Upper"
"13690_60_61_63_64_65_66","D","CADE12","Castanea dentata","American chestnut","Upper"
"13690_60_61_63_64_65_66","D","KALA","Kalmia latifolia","Mountain laurel","Lower"
"13690_60_61_63_64_65_66","D","PIVI2","Pinus virginiana","Virginia pine","Upper"
"13690_60_61_63_64_65_66","E","QUPR2","Quercus prinus","Chestnut oak","Upper"
"13690_60_61_63_64_65_66","E","CADE12","Castanea dentata","American chestnut","Upper"
"13690_60_61_63_64_65_66","E","PIST","Pinus strobus","Eastern white pine","Middle"
"13690_60_61_63_64_65_66","E","QURU","Quercus rubra","Northern red oak","Upper"
"13690_60_61_63_64_65_66","E","QUVE","Quercus velutina","Black oak","Upper"
"13700_53_61_62","A","ACRU","Acer rubrum","Red maple","Mid-Upper"
"13700_53_61_62","A","LITU","Liriodendron tulipifera","Tuliptree","Upper"
"13700_53_61_62","A","FAGR","Fagus grandifolia","American beech","Mid-Upper"
"13700_53_61_62","A","TSCA","Tsuga canadensis","Eastern hemlock","Low-Mid"
"13700_53_61_62","B","TSCA","Tsuga canadensis","Eastern hemlock","All"
"13700_53_61_62","B","FAGR","Fagus grandifolia","American beech","All"
"13700_53_61_62","B","ACSA3","Acer saccharum","Sugar maple","All"
"13700_53_61_62","B","ACRU","Acer rubrum","Red maple","All"
"13700_53_61_62","C","LITU","Liriodendron tulipifera","Tuliptree","All"
"13700_53_61_62","C","BEAL2","Betula alleghaniensis","Yellow birch","All"
"13700_53_61_62","C","FAGR","Fagus grandifolia","American beech","All"
"13700_53_61_62","C","TSCA","Tsuga canadensis","Eastern hemlock","Upper"
"13700_53_61_62","D","TSCA","Tsuga canadensis","Eastern hemlock","All"
"13700_53_61_62","D","FAGR","Fagus grandifolia","American beech","All"
"13700_53_61_62","D","ACSA3","Acer saccharum","Sugar maple","All"
"13700_53_61_62","D","LITU","Liriodendron tulipifera","Tuliptree","Upper"
"13700_60_63_64_65_66","A","ACRU","Acer rubrum","Red maple","Mid-Upper"
"13700_60_63_64_65_66","A","LITU","Liriodendron tulipifera","Tuliptree","Upper"
"13700_60_63_64_65_66","A","FAGR","Fagus grandifolia","American beech","Mid-Upper"
"13700_60_63_64_65_66","A","TSCA","Tsuga canadensis","Eastern hemlock","Low-Mid"
"13700_60_63_64_65_66","B","TSCA","Tsuga canadensis","Eastern hemlock","All"
"13700_60_63_64_65_66","B","FAGR","Fagus grandifolia","American beech","All"
"13700_60_63_64_65_66","B","ACSA3","Acer saccharum","Sugar maple","All"
"13700_60_63_64_65_66","B","ACRU","Acer rubrum","Red maple","Lower"
"13700_60_63_64_65_66","C","LITU","Liriodendron tulipifera","Tuliptree","All"
"13700_60_63_64_65_66","C","BEAL2","Betula alleghaniensis","Yellow birch","All"
"13700_60_63_64_65_66","C","FAGR","Fagus grandifolia","American beech","All"
"13700_60_63_64_65_66","C","TSCA","Tsuga canadensis","Eastern hemlock","Upper"
"13700_60_63_64_65_66","D","TSCA","Tsuga canadensis","Eastern hemlock","All"
"13700_60_63_64_65_66","D","FAGR","Fagus grandifolia","American beech","All"
"13700_60_63_64_65_66","D","ACSA3","Acer saccharum","Sugar maple","All"
"13700_60_63_64_65_66","D","LITU","Liriodendron tulipifera","Tuliptree","Upper"
"13710_32_36_37_45_98","A","PIEC2","Pinus echinata","Shortleaf pine","All"
"13710_32_36_37_45_98","A","PITA","Pinus taeda","Loblolly pine","All"
"13710_32_36_37_45_98","A","QUERC","Quercus","Oak","Middle"
"13710_32_36_37_45_98","A","ANDRO2","Andropogon","Bluestem","Lower"
"13710_32_36_37_45_98","B","PIEC2","Pinus echinata","Shortleaf pine","All"
"13710_32_36_37_45_98","B","PITA","Pinus taeda","Loblolly pine","All"
"13710_32_36_37_45_98","B","QUERC","Quercus","Oak","Middle"
"13710_32_36_37_45_98","C","PIEC2","Pinus echinate","Shortleaf pine","Upper"
"13710_32_36_37_45_98","C","PITA","Pinus taeda","Loblolly pine","Upper"
"13710_32_36_37_45_98","C","QUERC","Quercus","Oak","Mid-Upper"
"13710_32_36_37_45_98","C","ANDRO2","Andropogon","Bluestem","Lower"
"13710_32_36_37_45_98","D","PIEC2","Pinus echinata","Shortleaf pine","Upper"
"13710_32_36_37_45_98","D","PITA","Pinus taeda","Loblolly pine","Upper"
"13710_32_36_37_45_98","D","QUERC","Quercus","Oak","Upper"
"13710_32_36_37_45_98","D","ANDRO2","Andropogon","Bluestem","Lower"
"13710_32_36_37_45_98","E","PITA","Pinus taeda","Loblolly pine","Upper"
"13710_32_36_37_45_98","E","QUAL","Quercus alba","White oak","Upper"
"13710_32_36_37_45_98","E","CORNU","Cornus","Dogwood","Middle"
"13710_32_36_37_45_98","E","CAREX","Carex","Sedge","Lower"
"13710_44","A","PIEC2","Pinus echinata","Shortleaf pine","Upper"
"13710_44","A","PITA","Pinus taeda","Loblolly pine","Upper"
"13710_44","A","QUERC","Quercus","Oak","Middle"
"13710_44","A","ANDRO2","Andropogon","Bluestem","Lower"
"13710_44","B","PIEC2","Pinus echinata","Shortleaf pine","Upper"
"13710_44","B","PITA","Pinus taeda","Loblolly pine","Upper"
"13710_44","B","QUERC","Quercus","Oak","Middle"
"13710_44","C","PIEC2","Pinus echinata","Shortleaf pine","Upper"
"13710_44","C","PITA","Pinus taeda","Loblolly pine","Upper"
"13710_44","C","QUERC","Quercus","Oak","Mid-Upper"
"13710_44","C","ANDRO2","Andropogon","Bluestem","Lower"
"13710_44","D","PIEC2","Pinus echinata","Shortleaf pine","Upper"
"13710_44","D","PITA","Pinus taeda","Loblolly pine","Upper"
"13710_44","D","QUERC","Quercus","Oak","Upper"
"13710_44","D","ANDRO2","Andropogon","Bluestem","Lower"
"13710_44","E","PITA","Pinus taeda","Loblolly pine","Upper"
"13710_44","E","PIEC2","Pinus echinata","Shortleaf pine","Upper"
"13710_44","E","QUAL","Quercus alba","White oak","Middle"
"13710_44","E","CORNU","Cornus","Dogwood","Lower"
"13720_46_99","A","PIEC2","Pinus echinata","Shortleaf pine","Upper"
"13720_46_99","A","QUAL","Quercus alba","White oak","Upper"
"13720_46_99","A","VAAR","Vaccinium arboreum","Farkleberry","Low-Mid"
"13720_46_99","A","SCSC","Schizachyrium scoparium","Little bluestem","Lower"
"13720_46_99","B","PIEC2","Pinus echinata","Shortleaf pine","Upper"
"13720_46_99","B","PITA","Pinus taeda","Loblolly pine","Upper"
"13720_46_99","B","LITU","Liriodendron tulipifera","Tuliptree","Upper"
"13720_46_99","B","ACER","Acer","Maple","Mid-Upper"
"13720_46_99","C","PIEC2","Pinus echinata","Shortleaf pine","Upper"
"13720_46_99","C","QUAL","Quercus alba","White oak","Upper"
"13720_46_99","C","VAAR","Vaccinium arboreum","Farkleberry","Low-Mid"
"13720_46_99","C","SCSC","Schizachyrium scoparium","Little bluestem","Lower"
"13720_46_99","D","PIEC2","Pinus echinata","Shortleaf pine","Upper"
"13720_46_99","D","QUAL","Quercus alba","White oak","Upper"
"13720_46_99","D","VAAR","Vaccinium arboreum","Farkleberry","Low-Mid"
"13720_46_99","D","SCSC","Schizachyrium scoparium","Little bluestem","Lower"
"13720_46_99","E","PIEC2","Pinus echinata","Shortleaf pine","Upper"
"13720_46_99","E","PITA","Pinus taeda","Loblolly pine","Upper"
"13720_46_99","E","LITU","Liriodendron tulipifera","Tuliptree","Upper"
"13720_46_99","E","ACER","Acer","Maple","Mid-Upper"
"13730_63_64","A","POTR5","Populus tremuloides","Quaking aspen","Upper"
"13730_63_64","A","BEPA","Betula papyrifera","Paper birch","Upper"
"13730_63_64","A","ABBA","Abies balsamea","Balsam fir","Low-Mid"
"13730_63_64","A","PIRU","Picea rubens","Red spruce","Low-Mid"
"13730_63_64","B","POTR5","Populus tremuloides","Quaking aspen","Upper"
"13730_63_64","B","BEPA","Betula papyrifera","Paper birch","Upper"
"13730_63_64","B","ABBA","Abies balsamea","Balsam fir","Low-Mid"
"13730_63_64","B","PIRU","Picea rubens","Red spruce","Low-Mid"
"13730_63_64","C","POTR5","Populus tremuloides","Quaking aspen","Upper"
"13730_63_64","C","BEPA","Betula papyrifera","Paper birch","Upper"
"13730_63_64","D","BEPA","Betula papyrifera","Paper birch","All"
"13730_63_64","D","ABBA","Abies balsamea","Balsam fir","All"
"13730_63_64","D","POTR5","Populus tremuloides","Quaking aspen","All"
"13730_63_64","D","PIRU","Picea rubens","Red spruce","All"
"13730_63_64","E","PIRU","Picea rubens","Red spruce","Mid-Upper"
"13730_63_64","E","ABBA","Abies balsamea","Balsam fir","Mid-Upper"
"13730_63_64","E","BEAL2","Betula alleghaniensis","Yellow birch","Mid-Upper"
"13730_65_66","A","POPUL","Populus","Cottonwood","Upper"
"13730_65_66","A","BEPA","Betula papyrifera","Paper birch","Upper"
"13730_65_66","A","ABBA","Abies balsamea","Balsam fir","Low-Mid"
"13730_65_66","A","PIRU","Picea rubens","Red spruce","Low-Mid"
"13730_65_66","B","POPUL","Populus","Cottonwood","Upper"
"13730_65_66","B","BEPA","Betula papyrifera","Paper birch","Upper"
"13730_65_66","B","ABBA","Abies balsamea","Balsam fir","Low-Mid"
"13730_65_66","B","PIRU","Picea rubens","Red spruce","Low-Mid"
"13730_65_66","C","POTR5","Populus tremuloides","Quaking aspen","Upper"
"13730_65_66","C","BEPA","Betula papyrifera","Paper birch","Upper"
"13730_65_66","C","POGR4","Populus grandidentata","Bigtooth aspen","Upper"
"13730_65_66","D","BEPA","Betula papyrifera","Paper birch","All"
"13730_65_66","D","ABBA","Abies balsamea","Balsam fir","All"
"13730_65_66","D","POTR5","Populus tremuloides","Quaking aspen","All"
"13730_65_66","D","PIRU","Picea rubens","Red spruce","All"
"13730_65_66","D","BEAL2","Betula alleghaniensis","Yellow birch","All"
"13730_65_66","E","PIRU","Picea rubens","Red spruce","Mid-Upper"
"13730_65_66","E","ABBA","Abies balsamea","Balsam fir","Mid-Upper"
"13730_65_66","E","BEAL2","Betula alleghaniensis","Yellow birch","Mid-Upper"
"13740_64_65_66","A","POTR5","Populus tremuloides","Quaking aspen","Upper"
"13740_64_65_66","A","BEPAC2","Betula papyrifera var. cordifolia","Mountain paper birch","Upper"
"13740_64_65_66","A","BEPA","Betula papyrifera","Paper birch","Upper"
"13740_64_65_66","A","ABBA","Abies balsamea","Balsam fir","Low-Mid"
"13740_64_65_66","B","POTR5","Populus tremuloides","Quaking aspen","Upper"
"13740_64_65_66","B","BEPAC2","Betula papyrifera var. cordifolia","Mountain paper birch","Upper"
"13740_64_65_66","B","ABBA","Abies balsamea","Balsam fir","Low-Mid"
"13740_64_65_66","B","PIRU","Picea rubens","Red spruce","Low-Mid"
"13740_64_65_66","C","BEPAC2","Betula papyrifera var. cordifolia","Mountain paper birch","Upper"
"13740_64_65_66","C","POTR5","Populus tremuloides","Quaking aspen","Upper"
"13740_64_65_66","C","ABBA","Abies balsamea","Balsam fir","Low-Mid"
"13740_64_65_66","C","PIRU","Picea rubens","Red spruce","Low-Mid"
"13740_64_65_66","D","PIRU","Picea rubens","Red spruce","Mid-Upper"
"13740_64_65_66","D","ABBA","Abies balsamea","Balsam fir","Mid-Upper"
"13740_64_65_66","D","BEPAC2","Betula papyrifera var. cordifolia","Mountain paper birch","Upper"
"13740_64_65_66","D","BEAL2","Betula alleghaniensis","Yellow birch","Mid-Upper"
"13740_64_65_66","E","PIRU","Picea rubens","Red spruce","Mid-Upper"
"13740_64_65_66","E","ABBA","Abies balsamea","Balsam fir","Mid-Upper"
"13740_64_65_66","E","BEAL2","Betula alleghaniensis","Yellow birch","Mid-Upper"
"13750_60","A","ANGE","Andropogon gerardii","Big bluestem","Middle"
"13750_60","A","SCSC","Schizachyrium scoparium","Little bluestem","Middle"
"13750_60","A","SONU2","Sorghastrum nutans","Indiangrass","Middle"
"13750_60","A","PIRI","Pinus rigida","Pitch pine","Upper"
"13750_60","B","PIRI","Pinus rigida","Pitch pine","Upper"
"13750_60","B","QUST","Quercus stellata","Post oak","Low-Mid"
"13750_60","B","QUMA3","Quercus marilandica","Blackjack oak","Low-Mid"
"13750_60","C","PIRI","Pinus rigida","Pitch pine","Upper"
"13750_60","C","SCSC","Schizachyrium scoparium","Little bluestem","Low-Mid"
"13750_60","C","ANGE","Andropogon gerardii","Big bluestem","Low-Mid"
"13750_60","D","PIRI","Pinus rigida","Pitch pine","Mid-Upper"
"13750_60","D","QUST","Quercus stellata","Post oak","Middle"
"13750_60","D","QUMA3","Quercus marilandica","Blackjack oak","Middle"
"13750_60","D","PRSE2","Prunus serotina","Black cherry","Middle"
"13750_60","E","QUAL","Quercus alba","White oak","Mid-Upper"
"13750_60","E","QUVE","Quercus velutina","Black oak","Mid-Upper"
"13750_60","E","ACRU","Acer rubrum","Red maple","Middle"
"13750_60","E","PRSE2","Prunus serotina","Black cherry","Middle"
"13760_48_53_57_61","A","QUAL","Quercus alba","White oak","Upper"
"13760_48_53_57_61","A","QUST","Quercus stellata","Post oak","Upper"
"13760_48_53_57_61","A","JUVI","Juniperus virginiana","Eastern redcedar","Middle"
"13760_48_53_57_61","A","SCSC","Schizachyrium scoparium","Little bluestem","Lower"
"13760_48_53_57_61","B","JUVI","Juniperus virginiana","Eastern redcedar","Mid-Upper"
"13760_48_53_57_61","B","ACSA3","Acer saccharum","Sugar maple","Upper"
"13760_48_53_57_61","B","QUAL","Quercus alba","White oak","Mid-Upper"
"13760_48_53_57_61","B","LITU","Liriodendron tulipifera","Tuliptree","Upper"
"13760_48_53_57_61","C","QUST","Quercus stellata","Post oak","Upper"
"13760_48_53_57_61","C","QUAL","Quercus alba","White oak","Upper"
"13760_48_53_57_61","C","SCSC","Schizachyrium scoparium","Little bluestem","Lower"
"13760_48_53_57_61","C","DASP2","Danthonia spicata","Poverty oatgrass","Lower"
"13760_48_53_57_61","D","QUST","Quercus stellata","Post oak","Upper"
"13760_48_53_57_61","D","QUAL","Quercus alba","White oak","Upper"
"13760_48_53_57_61","D","SCSC","Schizachyrium scoparium","Little bluestem","Lower"
"13760_48_53_57_61","D","DASP2","Danthonia spicata","Poverty oatgrass","Lower"
"13760_48_53_57_61","E","QUAL","Quercus alba","White oak","Upper"
"13760_48_53_57_61","E","ACSA3","Acer saccharum","Sugar maple","Upper"
"13760_48_53_57_61","E","JUVI","Juniperus virginiana","Eastern redcedar","Mid-Upper"
"13760_48_53_57_61","E","VIBUR","Viburnum","Viburnum","Lower"
"13770_60_61_63_64_65_66","A","PINUS","Pinus","Pine","Lower"
"13770_60_61_63_64_65_66","A","QUERC","Quercus","Oak","Lower"
"13770_60_61_63_64_65_66","A","GABA","Gaylussacia baccata","Black huckleberry","Lower"
"13770_60_61_63_64_65_66","B","PINUS","Pinus","Pine","Upper"
"13770_60_61_63_64_65_66","B","QUERC","Quercus","Oak","Low-Mid"
"13770_60_61_63_64_65_66","B","QUIL","Quercus ilicifolia","Bear oak","Lower"
"13770_60_61_63_64_65_66","B","GABA","Gaylussacia baccata","Black huckleberry","Lower"
"13770_60_61_63_64_65_66","C","PINUS","Pinus","Pine","Upper"
"13770_60_61_63_64_65_66","C","QUERC","Quercus","Oak","Mid-Upper"
"13770_60_61_63_64_65_66","C","NYSY","Nyssa sylvatica","Blackgum","Low-Mid"
"13770_60_61_63_64_65_66","C","BELE","Betula lenta","Sweet birch","Low-Mid"
"13770_60_61_63_64_65_66","D","PINUS","Pinus","Pine","Upper"
"13770_60_61_63_64_65_66","D","QUIL","Quercus ilicifolia","Bear oak","Lower"
"13770_60_61_63_64_65_66","D","GABA","Gaylussacia baccata","Black huckleberry","Lower"
"13780_37_44","A","QUST","Quercus stellata","Post oak","Upper"
"13780_37_44","A","QUIN","Quercus incana","Bluejack oak","Upper"
"13780_37_44","A","PIEC2","Pinus echinata","Shortleaf pine","Upper"
"13780_37_44","A","SCSC","Schizachyrium scoparium","Little bluestem","Lower"
"13780_37_44","B","QUST","Quercus stellata","Post oak","Upper"
"13780_37_44","B","QUIN","Quercus incana","Bluejack oak","Upper"
"13780_37_44","B","PIEC2","Pinus echinata","Shortleaf pine","Upper"
"13780_37_44","B","VACCI","Vaccinium","Blueberry","Low-Mid"
"13780_37_44","C","QUST","Quercus stellata","Post oak","Upper"
"13780_37_44","C","QUIN","Quercus incana","Bluejack oak","Upper"
"13780_37_44","C","PIEC2","Pinus echinata","Shortleaf pine","Upper"
"13780_37_44","C","SCSC","Schizachyrium scoparium","Little bluestem","Lower"
"13780_37_44","D","QUST","Quercus stellata","Post oak","Upper"
"13780_37_44","D","QUIN","Quercus incana","Bluejack oak","Upper"
"13780_37_44","D","PIEC2","Pinus echinata","Shortleaf pine","Upper"
"13780_37_44","D","SCSC","Schizachyrium scoparium","Little bluestem","Lower"
"13780_37_44","E","QUST","Quercus stellata","Post oak","Upper"
"13780_37_44","E","QUIN","Quercus incana","Bluejack oak","Upper"
"13780_37_44","E","PIEC2","Pinus echinata","Shortleaf pine","Upper"
"13790_60_65","A","UNPA","Uniola paniculata","Seaoats","Upper"
"13790_60_65","A","SPPA","Spartina patens","Saltmeadow cordgrass","Upper"
"13790_60_65","A","PAAM2","Panicum amarum","Bitter panicgrass","Upper"
"13790_60_65","A","IVIM","Iva imbricata","Seacoast marshelder","Middle"
"13790_60_65","B","QUVI","Quercus virginiana","Live oak","Upper"
"13790_60_65","B","QULA3","Quercus laurifolia","Laurel oak","Mid-Upper"
"13790_60_65","B","PITA","Pinus taeda","Loblolly pine","Upper"
"13790_60_65","B","PIEL","Pinus elliottii","Slash pine","Upper"
"13790_60_65","C","JUVI","Juniperus virginiana","Eastern redcedar","Upper"
"13790_60_65","C","QUVI","Quercus virginiana","Live oak","Upper"
"13790_60_65","C","IVFR","Iva frutescens","Jesuit's bark","Upper"
"13790_60_65","D","QUVI","Quercus virginiana","Live oak","Upper"
"13790_60_65","D","QULA3","Quercus laurifolia","Laurel oak","Mid-Upper"
"13790_60_65","D","PITA","Pinus taeda","Loblolly pine","Upper"
"13790_60_65","D","CHLA","Chamaecyparis lawsoniana","Port orford cedar","None"
"13790_60_65","E","QUVI","Quercus virginiana","Live oak","Upper"
"13790_60_65","E","QULA3","Quercus laurifolia","Laurel oak","Mid-Upper"
"13790_60_65","E","SMRO","Smilax rotundifolia","Roundleaf greenbrier","Lower"
"13800_55_99","A","QUMY","Quercus myrtifolia","Myrtle oak","Low-Mid"
"13800_55_99","A","PIEL","Pinus elliottii","Slash pine","Low-Mid"
"13800_55_99","A","SERE2","Serenoa repens","Saw palmetto","Low-Mid"
"13800_55_99","A","ARBE7","Aristida beyrichiana","Beyrich threeawn","Lower"
"13800_55_99","B","QUMY","Quercus myrtifolia","Myrtle oak","Upper"
"13800_55_99","B","QUGE2","Quercus geminata","Sand live oak","Upper"
"13800_55_99","B","CEER3","Ceratiola ericoides","Sand heath","Upper"
"13800_55_99","B","SERE2","Serenoa repens","Saw palmetto","Upper"
"13800_55_99","C","PIEL","Pinus elliottii","Slash pine","Upper"
"13800_55_99","C","SERE2","Serenoa repens","Saw palmetto","Low-Mid"
"13800_55_99","C","ARBE7","Aristida beyrichiana","Beyrich threeawn","Lower"
"13800_55_99","C","ILGL","Ilex glabra","Inkberry","Low-Mid"
"13800_55_99","D","PIEL","Pinus elliottii","Slash pine","Upper"
"13800_55_99","D","SERE2","Serenoa repens","Saw palmetto","Low-Mid"
"13800_55_99","D","ARBE7","Aristida beyrichiana","Beyrich threeawn","Lower"
"13800_55_99","D","ILGL","Ilex glabra","Inkberry","Low-Mid"
"13800_55_99","E","QUGE2","Quercus geminata","Sand live oak","Upper"
"13800_55_99","E","CAGL8","Carya glabra","Pignut hickory","Upper"
"13800_55_99","E","SERE2","Serenoa repens","Saw palmetto","Low-Mid"
"13800_55_99","E","ILVO","Ilex vomitoria","Yaupon","Low-Mid"
"13810_45","A","QUERC","Quercus","Oak","Upper"
"13810_45","A","LIST2","Liquidambar styraciflua","Sweetgum","Upper"
"13810_45","A","ARIST","Aristida","Threeawn","Lower"
"13810_45","A","ANDRO2","Andropogon","Bluestem","Lower"
"13810_45","B","QUERC","Quercus","Oak","Upper"
"13810_45","B","CARYA","Carya","Hickory","Upper"
"13810_45","B","SAAL5","Sassafras albidum","Sassafras","Upper"
"13810_45","C","QUERC","Quercus","Oak","Upper"
"13810_45","C","SAAL5","Sassafras albidum","Sassafras","Upper"
"13810_45","C","ARIST","Aristida","Threeawn","Lower"
"13810_45","C","ANDRO2","Andropogon","Bluestem","All"
"13810_45","D","QUERC","Quercus","Oak","None"
"13810_45","D","SAAL5","Sassafras albidum","Sassafras","None"
"13810_45","D","ARIST","Aristida","Threeawn","None"
"13810_45","D","ANDRO2","Andropogon","Bluestem","None"
"13810_45","E","QUERC","Quercus","Oak","Upper"
"13810_45","E","CARYA","Carya","Hickory","Upper"
"13810_45","E","SAAL5","Sassafras albidum","Sassafras","Upper"
"13810_45","E","ARIST","Aristida","Threeawn","None"
"13820_55_58","A","PIPA2","Pinus palustris","Longleaf pine","Upper"
"13820_55_58","A","PIEL","Pinus elliottii","Slash pine","Upper"
"13820_55_58","A","QUVI","Quercus virginiana","Live oak","Lower"
"13820_55_58","A","QUGE2","Quercus geminata","Sand live oak","Lower"
"13820_55_58","B","PIPA2","Pinus palustris","Longleaf pine","Upper"
"13820_55_58","B","PIEL","Pinus elliottii","Slash pine","Upper"
"13820_55_58","B","QUVI","Quercus virginiana","Live oak","Low-Mid"
"13820_55_58","B","QUGE2","Quercus geminata","Sand live oak","Low-Mid"
"13820_55_58","C","PIPA2","Pinus palustris","Longleaf pine","Upper"
"13820_55_58","C","PIEL","Pinus elliottii","Slash pine","Upper"
"13820_55_58","C","QUVI","Quercus virginiana","Live oak","Lower"
"13820_55_58","C","QUGE2","Quercus geminata","Sand live oak","Lower"
"13820_55_58","D","QUVI","Quercus virginiana","Live oak","Low-Mid"
"13820_55_58","D","QUGE2","Quercus geminata","Sand live oak","Low-Mid"
"13820_55_58","D","QUCH","Quercus chapmanii","Chapman oak","Low-Mid"
"13820_55_58","D","QUHE2","Quercus hemisphaerica","Quercus hemisphaerica","Low-Mid"
"13820_55_58","E","QUVI","Quercus virginiana","Live oak","Mid-Upper"
"13820_55_58","E","QUGE2","Quercus geminata","Sand live oak","Mid-Upper"
"13820_55_58","E","QUCH","Quercus chapmanii","Chapman oak","Mid-Upper"
"13820_55_58","E","QUHE2","Quercus hemisphaerica","Quercus hemisphaerica","Mid-Upper"
"13830_32_35_36","A","SCSC","Schizachyrium scoparium","Little bluestem","Upper"
"13830_32_35_36","A","NALE3","Nassella leucotricha","Texas tussockgrass","Upper"
"13830_32_35_36","A","BOCU","Bouteloua curtipendula","Sideoats grama","Upper"
"13830_32_35_36","A","HIBE","Hilaria belangeri","Curly-mesquite","Upper"
"13830_32_35_36","B","QUSIB","Quercus sinuata var. breviloba","Bastard oak","Upper"
"13830_32_35_36","B","DITE3","Diospyros texana","Texas persimmon","Upper"
"13830_32_35_36","B","RHVI3","Rhus virens","Evergreen sumac","Upper"
"13830_32_35_36","B","SCSC","Schizachyrium scoparium","Little bluestem","Lower"
"13830_32_35_36","C","QUFU","Quercus fusiformis","Plateau oak","Upper"
"13830_32_35_36","C","QUSIB","Quercus sinuata var. breviloba","Bastard oak","Middle"
"13830_32_35_36","C","SCSC","Schizachyrium scoparium","Little bluestem","Lower"
"13830_32_35_36","C","NALE3","Nassella leucotricha","Texas tussockgrass","Lower"
"13830_32_35_36","D","QUFU","Quercus fusiformis","Plateau oak","Upper"
"13830_32_35_36","D","QUBU2","Quercus laceyi","Lacey oak","Upper"
"13830_32_35_36","D","SCSC","Schizachyrium scoparium","Little bluestem","Upper"
"13830_32_35_36","E","QUFU","Quercus fusiformis","Plateau oak","Upper"
"13830_32_35_36","E","QUSIB","Quercus sinuata var. breviloba","Bastard oak","Upper"
"13830_32_35_36","E","JUAS","Juniperus ashei","Ashe's juniper","Upper"
"13840_98","A","QUMY","Quercus myrtifolia","Myrtle oak","Low-Mid"
"13840_98","A","PIEL","Pinus elliottii","Slash pine","Low-Mid"
"13840_98","A","SERE2","Serenoa repens","Saw palmetto","Low-Mid"
"13840_98","A","ARBE7","Aristida beyrichiana","Beyrich threeawn","Lower"
"13840_98","B","QUMY","Quercus myrtifolia","Myrtle oak","Upper"
"13840_98","B","QUGE2","Quercus geminata","Sand live oak","Upper"
"13840_98","B","CEER3","Ceratiola ericoides","Sand heath","Upper"
"13840_98","B","SERE2","Serenoa repens","Saw palmetto","Upper"
"13840_98","C","PIEL","Pinus elliottii","Slash pine","Upper"
"13840_98","C","SERE2","Serenoa repens","Saw palmetto","Low-Mid"
"13840_98","C","ARBE7","Aristida beyrichiana","Beyrich threeawn","Lower"
"13840_98","C","ILGL","Ilex glabra","Inkberry","Low-Mid"
"13840_98","D","PIEL","Pinus elliottii","Slash pine","Upper"
"13840_98","D","SERE2","Serenoa repens","Saw palmetto","Low-Mid"
"13840_98","D","ARBE7","Aristida beyrichiana","Beyrich threeawn","Lower"
"13840_98","D","ILGL","Ilex glabra","Inkberry","Low-Mid"
"13840_98","E","QUGE2","Quercus geminata","Sand live oak","Upper"
"13840_98","E","CAGL8","Carya glabra","Pignut hickory","Upper"
"13840_98","E","SERE2","Serenoa repens","Saw palmetto","Low-Mid"
"13840_98","E","ILVO","Ilex vomitoria","Yaupon","Low-Mid"
"13850_20","A","CASP7","Carex sprengelii","Sprengel's sedge","Lower"
"13850_20","A","SYOC","Symphoricarpos occidentalis","Western snowberry","Upper"
"13850_20","A","PRVI","Prunus virginiana","Chokecherry","Upper"
"13850_20","B","PRVI","Prunus virginiana","Chokecherry","Mid-Upper"
"13850_20","B","SYOC","Symphoricarpos occidentalis","Western snowberry","Low-Mid"
"13850_20","B","CASP7","Carex sprengelii","Sprengel's sedge","Low-Mid"
"13850_20","B","FRPE","Fraxinus pennsylvanica","Green ash","Lower"
"13850_20","C","FRPE","Fraxinus pennsylvanica","Green ash","Upper"
"13850_20","C","PRVI","Prunus virginiana","Chokecherry","Mid-Upper"
"13850_20","C","SYOC","Symphoricarpos occidentalis","Western snowberry","Middle"
"13850_20","C","CASP7","Carex sprengelii","Sprengel's sedge","Lower"
"13850_29_30","A","CASP7","Carex sprengelii","Sprengel's sedge","Lower"
"13850_29_30","A","SYOC","Symphoricarpos occidentalis","Western snowberry","Upper"
"13850_29_30","A","PRVI","Prunus virginiana","Chokecherry","Upper"
"13850_29_30","B","PRVI","Prunus virginiana","Chokecherry","Mid-Upper"
"13850_29_30","B","SYOC","Symphoricarpos occidentalis","Western snowberry","Low-Mid"
"13850_29_30","B","FRPE","Fraxinus pennsylvanica","Green ash","Lower"
"13850_29_30","B","CASP7","Carex sprengelii","Sprengel's sedge","Low-Mid"
"13850_29_30","C","FRPE","Fraxinus pennsylvanica","Green ash","Upper"
"13850_29_30","C","PRVI","Prunus virginiana","Chokecherry","Mid-Upper"
"13850_29_30","C","SYOC","Symphoricarpos occidentalis","Western snowberry","Middle"
"13850_29_30","C","CASP7","Carex sprengelii","Sprengel's sedge","Lower"
"13850_31_39_40_42","A","CASP7","Carex sprengelii","Sprengel's sedge","Lower"
"13850_31_39_40_42","A","SYOC","Symphoricarpos occidentalis","Western snowberry","Upper"
"13850_31_39_40_42","A","PRVI","Prunus virginiana","Chokecherry","Upper"
"13850_31_39_40_42","B","PRVI","Prunus virginiana","Chokecherry","Mid-Upper"
"13850_31_39_40_42","B","SYOC","Symphoricarpos occidentalis","Western snowberry","Low-Mid"
"13850_31_39_40_42","B","FRPE","Fraxinus pennsylvanica","Green ash","Lower"
"13850_31_39_40_42","B","CASP7","Carex sprengelii","Sprengel's sedge","Low-Mid"
"13850_31_39_40_42","C","FRPE","Fraxinus pennsylvanica","Green ash","Upper"
"13850_31_39_40_42","C","PRVI","Prunus virginiana","Chokecherry","Mid-Upper"
"13850_31_39_40_42","C","SYOC","Symphoricarpos occidentalis","Western snowberry","Middle"
"13850_31_39_40_42","C","CASP7","Carex sprengelii","Sprengel's sedge","Lower"
"13860_66","A","DILA","Diapensia lapponica","Pincushion plant","lower"
"13860_66","A","CABI5","Carex bigelowii","Bigelow’s sedge","lower"
"13860_66","B","VAUL","Vaccinium uliginosum","Bog blueberry",""
"13860_66","B","PHCA10","Phyllodoce caerulea","Blue mountainheath",""
"13870_55_56","A","QUMY","Quercus myrtifolia","Myrtle oak","Low-Mid"
"13870_55_56","A","QUGE2","Quercus geminata","Sand live oak","Low-Mid"
"13870_55_56","A","SAET","Sabal etonia","Scrub palmetto","Low-Mid"
"13870_55_56","A","PICL","Pinus clausa","Sand pine","Lower"
"13870_55_56","B","PICL","Pinus clausa","Sand pine","Mid-Upper"
"13870_55_56","B","QUMY","Quercus myrtifolia","Myrtle oak","Middle"
"13870_55_56","B","QUGE2","Quercus geminata","Sand live oak","Middle"
"13870_55_56","B","SAET","Sabal etonia","Scrub palmetto","Low-Mid"
"13870_55_56","C","PICL","Pinus clausa","Sand pine","Mid-Upper"
"13870_55_56","C","QUMY","Quercus myrtifolia","Myrtle oak","Middle"
"13870_55_56","C","QUGE2","Quercus geminata","Sand live oak","Middle"
"13870_55_56","C","SAET","Sabal etonia","Scrub palmetto","Lower"
"13870_55_56","D","PICL","Pinus clausa","Sand pine","Upper"
"13870_55_56","D","QUMY","Quercus myrtifolia","Myrtle oak","Mid-Upper"
"13870_55_56","D","QUGE2","Quercus geminata","Sand live oak","Mid-Upper"
"13870_55_56","D","SAET","Sabal etonia","Scrub palmetto","Lower"
"13870_55_56","E","PICL","Pinus clausa","Sand pine","Upper"
"13870_55_56","E","QUMY","Quercus myrtifolia","Myrtle oak","Mid-Upper"
"13870_55_56","E","QUCH","Quercus chapmanii","Chapman oak","Mid-Upper"
"13870_55_56","E","QUGE2","Quercus geminata","Sand live oak","Mid-Upper"
"13900_35_36","A","CHPL2","Chloris pluriflora","Multiflower false rhodes grass","Upper"
"13900_35_36","A","BOBA3","Bothriochloa barbinodis","Cane bluestem","Upper"
"13900_35_36","A","HIBE","Hilaria belangeri","Curly-mesquite","Upper"
"13900_35_36","B","PRGL2","Prosopis glandulosa","Honey mesquite","Upper"
"13900_35_36","B","ZAFA","Zanthoxylum fagara","Lime pricklyash","Upper"
"13900_35_36","B","CEPA8","Celtis pallida","Spiny hackberry","Upper"
"13900_35_36","B","ZIOB","Ziziphus obtusifolia","Lotebush","Upper"
"13900_35_36","C","PRGL2","Prosopis glandulosa","Honey mesquite","Upper"
"13900_35_36","C","ZAFA","Zanthoxylum fagara","Lime pricklyash","Middle"
"13900_35_36","C","CEPA8","Celtis pallida","Spiny hackberry","Middle"
"13900_35_36","C","ZIOB","Ziziphus obtusifolia","Lotebush","Middle"
"13920_35","A","LEFR3","Leucophyllum frutescens","Texas barometer bush","Low-Mid"
"13920_35","A","ACBE","Acacia berlandieri","Guajillo","Low-Mid"
"13920_35","A","JADI","Jatropha dioica","Leatherstem","Low-Mid"
"13920_36","A","LEFR3","Leucophyllum frutescens","Texas barometer bush","Upper"
"13920_36","A","ACBE","Acacia berlandieri","Guajillo","Upper"
"13920_36","A","PRGL2","Prosopis glandulosa","Honey mesquite","Upper"
"13920_36","A","ACRI","Acacia rigidula","Blackbrush acacia","Upper"
"13930_26_34","A","RHVI","Rhexia virginica","Handsome harry","Upper"
"13930_26_34","A","QUVA5","Quercus vaseyana","Sandpaper oak","Upper"
"13930_26_34","A","QUMO","Quercus mohriana","Mohr oak","Upper"
"13930_26_34","A","BOCU","Bouteloua curtipendula","Sideoats grama","Lower"
"13930_26_34","B","QULA","Quercus laceyi","Lacey oak","Upper"
"13930_26_34","B","QUMO","Quercus mohriana","Mohr oak","Upper"
"13930_26_34","B","JUAS","Juniperus ashei","Ashe's juniper","Upper"
"13930_26_34","B","JUPI","Juniperus pinchotii","Pinchot's juniper","Upper"
"13930_26_34","C","JUAS","Juniperus ashei","Ashe's juniper","All"
"13930_26_34","C","JUPI","Juniperus pinchotii","Pinchot's juniper","All"
"13930_26_34","C","QULA","Quercus laceyi","Lacey oak","All"
"13930_26_34","C","QUMO","Quercus mohriana","Mohr oak","All"
"13930_32_35","A","RHVI3","Rhus virens","Evergreen sumac","Upper"
"13930_32_35","A","QUVA5","Quercus vaseyana","Sandpaper oak","Upper"
"13930_32_35","A","QUSIB","Quercus sinuata var. breviloba","Bastard oak","Upper"
"13930_32_35","A","BOCU","Bouteloua curtipendula","Sideoats grama","Lower"
"13930_32_35","B","QUVA5","Quercus vaseyana","Sandpaper oak","Upper"
"13930_32_35","B","QUSIB","Quercus sinuata var. breviloba","Bastard oak","Upper"
"13930_32_35","B","JUAS","Juniperus ashei","Ashe's juniper","Upper"
"13930_32_35","B","JUPI","Juniperus pinchotii","Pinchot's juniper","Upper"
"13930_32_35","C","JUAS","Juniperus ashei","Ashe's juniper","All"
"13930_32_35","C","JUPI","Juniperus pinchotii","Pinchot's juniper","All"
"13930_32_35","C","QUSIB","Quercus sinuata var. breviloba","Bastard oak","All"
"13930_32_35","C","QUVA5","Quercus vaseyana","Sandpaper oak","All"
"13940_39_40_41","A","ANGE","Andropogon gerardii","Big bluestem","Low-Mid"
"13940_39_40_41","A","SCHIZ4","Schizachyrium","Little bluestem","Low-Mid"
"13940_39_40_41","A","QUMA2","Quercus macrocarpa","Bur oak","Upper"
"13940_39_40_41","A","POTR5","Populus tremuloides","Quaking aspen","Upper"
"13940_39_40_41","B","QUAL","Quercus alba","White oak","Upper"
"13940_39_40_41","B","QUMA2","Quercus macrocarpa","Bur oak","Upper"
"13940_39_40_41","B","ANGE","Andropogon gerardii","Big bluestem","Lower"
"13940_39_40_41","B","CORYL","Corylus","Hazelnut","Middle"
"13940_39_40_41","C","QUAL","Quercus alba","White oak","Upper"
"13940_39_40_41","C","QUMA2","Quercus macrocarpa","Bur oak","Upper"
"13940_39_40_41","C","QUVE","Quercus velutina","Black oak","Lower"
"13940_39_40_41","D","QUAL","Quercus alba","White oak","Upper"
"13940_39_40_41","D","QUMA2","Quercus macrocarpa","Bur oak","Upper"
"13940_39_40_41","D","CAOV2","Carya ovata","Shagbark hickory","Upper"
"13940_39_40_41","D","PRSE2","Prunus serotina","Black cherry","Low-Mid"
"13940_42","A","ANGE","Andropogon gerardii","Big bluestem","Low-Mid"
"13940_42","A","SCHIZ4","Schizachyrium","Little bluestem","Low-Mid"
"13940_42","A","QUMA2","Quercus macrocarpa","Bur oak","Upper"
"13940_42","A","POTR5","Populus tremuloides","Quaking aspen","Upper"
"13940_42","B","QUAL","Quercus alba","White oak","Upper"
"13940_42","B","QUMA2","Quercus macrocarpa","Bur oak","Upper"
"13940_42","B","ANGE","Andropogon gerardii","Big bluestem","Lower"
"13940_42","B","CORYL","Corylus","Hazelnut","Middle"
"13940_42","C","QUAL","Quercus alba","White oak","Upper"
"13940_42","C","QUMA2","Quercus macrocarpa","Bur oak","Upper"
"13940_42","C","QUVE","Quercus velutina","Black oak","Lower"
"13940_42","D","QUAL","Quercus alba","White oak","Upper"
"13940_42","D","QUMA2","Quercus macrocarpa","Bur oak","Upper"
"13940_42","D","CAOV2","Carya ovata","Shagbark hickory","Upper"
"13940_42","D","PRSE2","Prunus serotina","Black cherry","Low-Mid"
"13940_44_49","A","ANGE","Andropogon gerardii","Big bluestem","Low-Mid"
"13940_44_49","A","SCHIZ4","Schizachyrium","Little bluestem","Low-Mid"
"13940_44_49","A","QUMA2","Quercus macrocarpa","Bur oak","Upper"
"13940_44_49","A","POTR5","Populus tremuloides","Quaking aspen","Upper"
"13940_44_49","B","QUAL","Quercus alba","White oak","Upper"
"13940_44_49","B","QUMA2","Quercus macrocarpa","Bur oak","Upper"
"13940_44_49","B","ANGE","Andropogon gerardii","Big bluestem","Lower"
"13940_44_49","B","CORYL","Corylus","Hazelnut","Middle"
"13940_44_49","C","QUAL","Quercus alba","White oak","Upper"
"13940_44_49","C","QUMA2","Quercus macrocarpa","Bur oak","Upper"
"13940_44_49","C","QUVE","Quercus velutina","Black oak","Lower"
"13940_44_49","D","QUAL","Quercus alba","White oak","Upper"
"13940_44_49","D","QUMA2","Quercus macrocarpa","Bur oak","Upper"
"13940_44_49","D","CAOV2","Carya ovata","Shagbark hickory","Upper"
"13940_44_49","D","PRSE2","Prunus serotina","Black cherry","Low-Mid"
"13940_50_51","A","ANGE","Andropogon gerardii","Big bluestem","Upper"
"13940_50_51","A","SCHIZ4","Schizachyrium","Little bluestem","Upper"
"13940_50_51","A","QUMA2","Quercus macrocarpa","Bur oak","Upper"
"13940_50_51","B","QUAL","Quercus alba","White oak","Upper"
"13940_50_51","B","QUMA2","Quercus macrocarpa","Bur oak","Upper"
"13940_50_51","B","ANGE","Andropogon gerardii","Big bluestem","Lower"
"13940_50_51","B","CORYL","Corylus","Hazelnut","Middle"
"13940_50_51","C","QUAL","Quercus alba","White oak","Upper"
"13940_50_51","C","QUMA2","Quercus macrocarpa","Bur oak","Upper"
"13940_50_51","C","ANGE","Andropogon gerardii","Big bluestem","Lower"
"13940_50_51","C","CORYL","Corylus","Hazelnut","Low-Mid"
"13940_50_51","D","QUAL","Quercus alba","White oak","Upper"
"13940_50_51","D","QUMA2","Quercus macrocarpa","Bur oak","Upper"
"13940_50_51","D","QUVE","Quercus velutina","Black oak","Upper"
"13940_50_51","E","QUAL","Quercus alba","White oak","Upper"
"13940_50_51","E","QUMA2","Quercus macrocarpa","Bur oak","Upper"
"13940_50_51","E","CAOV2","Carya ovata","Shagbark hickory","Upper"
"13940_50_51","E","PRSE2","Prunus serotina","Black cherry","Upper"
"13940_52","A","ANGE","Andropogon gerardii","Big bluestem","Low-Mid"
"13940_52","A","SCHIZ4","Schizachyrium","Little bluestem","Low-Mid"
"13940_52","A","QUMA2","Quercus macrocarpa","Bur oak","Upper"
"13940_52","A","POTR5","Populus tremuloides","Quaking aspen","Upper"
"13940_52","B","QUAL","Quercus alba","White oak","Upper"
"13940_52","B","QUMA2","Quercus macrocarpa","Bur oak","Upper"
"13940_52","B","ANGE","Andropogon gerardii","Big bluestem","Lower"
"13940_52","B","CORYL","Corylus","Hazelnut","Middle"
"13940_52","C","QUAL","Quercus alba","White oak","Upper"
"13940_52","C","QUMA2","Quercus macrocarpa","Bur oak","Upper"
"13940_52","C","QUVE","Quercus velutina","Black oak","Lower"
"13940_52","D","QUAL","Quercus alba","White oak","Upper"
"13940_52","D","QUMA2","Quercus macrocarpa","Bur oak","Upper"
"13940_52","D","CAOV2","Carya ovata","Shagbark hickory","Upper"
"13940_52","D","PRSE2","Prunus serotine","Black cherry","Low-Mid"
"13950_41_42_43_49_52","A","ANGE","Andropogon gerardii","Big bluestem","Lower"
"13950_41_42_43_49_52","A","SCHIZ4","Schizachyrium","Little bluestem","Lower"
"13950_41_42_43_49_52","A","POTR5","Populus tremuloides","Quaking aspen","Low-Mid"
"13950_41_42_43_49_52","A","QUVE","Quercus velutina","Black oak","Upper"
"13950_41_42_43_49_52","B","QUVE","Quercus velutina","Black oak","Upper"
"13950_41_42_43_49_52","B","QUAL","Quercus alba","White oak","Low-Mid"
"13950_41_42_43_49_52","B","ANGE","Andropogon gerardii","Big bluestem","Lower"
"13950_41_42_43_49_52","B","SCHIZ4","Schizachyrium","Little bluestem","Lower"
"13950_41_42_43_49_52","C","QUAL","Quercus alba","White oak","Upper"
"13950_41_42_43_49_52","C","QUVE","Quercus velutina","Black oak","Upper"
"13950_41_42_43_49_52","C","QUEL","Quercus ellipsoidalis","Northern pin oak","Low-Mid"
"13950_41_42_43_49_52","C","COAM3","Corylus americana","American hazelnut","Lower"
"13950_41_42_43_49_52","D","QUAL","Quercus alba","White oak","Upper"
"13950_41_42_43_49_52","D","QUVE","Quercus velutina","Black oak","Upper"
"13950_41_42_43_49_52","D","QUEL","Quercus ellipsoidalis","Northern pin oak","Upper"
"13950_41_42_43_49_52","D","COAM3","Corylus americana","American hazelnut","Middle"
"13950_50","A","ANGE","Andropogon gerardii","Big bluestem","Lower"
"13950_50","A","SCHIZ4","Schizachyrium","Little bluestem","Lower"
"13950_50","A","GABA","Gaylussacia baccata","Black huckleberry","Low-Mid"
"13950_50","A","QUVE","Quercus velutina","Black oak","Upper"
"13950_50","B","QUVE","Quercus velutina","Black oak","Upper"
"13950_50","B","GABA","Gaylussacia baccata","Black huckleberry","Low-Mid"
"13950_50","B","ANGE","Andropogon gerardii","Big bluestem","Lower"
"13950_50","B","SCHIZ4","Schizachyrium","Little bluestem","Lower"
"13950_50","C","QUVE","Quercus velutina","Black oak","Upper"
"13950_50","C","QUAL","Quercus alba","White oak","Upper"
"13950_50","C","ANGE","Andropogon gerardii","Big bluestem","Low-Mid"
"13950_50","C","SCHIZ4","Schizachyrium","Little bluestem","Lower"
"13950_50","D","QUAL","Quercus alba","White oak","Upper"
"13950_50","D","QUVE","Quercus velutina","Black oak","Upper"
"13950_50","D","QUEL","Quercus ellipsoidalis","Northern pin oak","Upper"
"13950_50","D","COAM3","Corylus americana","American hazelnut","Middle"
"13950_50","E","QUAL","Quercus alba","White oak","Upper"
"13950_50","E","QUVE","Quercus velutina","Black oak","Upper"
"13950_50","E","QUEL","Quercus ellipsoidalis","Northern pin oak","Upper"
"13950_50","E","COAM3","Corylus americana","American hazelnut","Middle"
"13950_51","A","ANGE","Andropogon gerardii","Big bluestem","Lower"
"13950_51","A","SCHIZ4","Schizachyrium","Little bluestem","Lower"
"13950_51","A","GABA","Gaylussacia baccata","Black huckleberry","Low-Mid"
"13950_51","A","QUVE","Quercus velutina","Black oak","Upper"
"13950_51","B","QUVE","Quercus velutina","Black oak","Upper"
"13950_51","B","GABA","Gaylussacia baccata","Black huckleberry","Low-Mid"
"13950_51","B","ANGE","Andropogon gerardii","Big bluestem","Lower"
"13950_51","B","SCHIZ4","Schizachyrium","Little bluestem","Lower"
"13950_51","C","QUVE","Quercus velutina","Black oak","Upper"
"13950_51","C","QUAL","Quercus alba","White oak","Upper"
"13950_51","C","ANGE","Andropogon gerardii","Big bluestem","Low-Mid"
"13950_51","C","SCHIZ4","Schizachyrium","Little bluestem","Lower"
"13950_51","D","QUAL","Quercus alba","White oak","Upper"
"13950_51","D","QUVE","Quercus velutina","Black oak","Upper"
"13950_51","D","QUEL","Quercus ellipsoidalis","Northern pin oak","Upper"
"13950_51","D","COAM3","Corylus americana","American hazelnut","Middle"
"13950_51","E","QUAL","Quercus alba","White oak","Upper"
"13950_51","E","QUVE","Quercus velutina","Black oak","Upper"
"13950_51","E","QUEL","Quercus ellipsoidalis","Northern pin oak","Upper"
"13950_51","E","COAM3","Corylus americana","American hazelnut","Middle"
"13970_48","A","SCSC","Schizachyrium scoparium","Little bluestem","Lower"
"13970_48","A","SPVA","Sporobolus vaginiflorus","Poverty dropseed","Lower"
"13970_48","A","BOCU","Bouteloua curtipendula","Sideoats grama","Lower"
"13970_48","A","DAGA","Dalea gattingeri","Purpletassels","Lower"
"13970_48","B","JUVI","Juniperus virginiana","Eastern redcedar","Upper"
"13970_48","B","SCSC","Schizachyrium scoparium","Little bluestem","Lower"
"13970_48","B","FOLI","Forestiera ligustrina","Upland swampprivet","Low-Mid"
"13970_48","B","QUST","Quercus stellata","Post oak","Upper"
"13970_48","C","SCSC","Schizachyrium scoparium","Little bluestem","Lower"
"13970_48","C","ANGE","Andropogon gerardii","Big bluestem","Lower"
"13970_48","C","SITE","Silphium terebinthinaceum","Silphium terebinthinaceum","Lower"
"13970_48","C","QUMU","Quercus muehlenbergii","Chinkapin oak","All"
"13970_48","D","QUMU","Quercus muehlenbergii","Chinkapin oak","Mid-Upper"
"13970_48","D","QUST","Quercus stellata","Post oak","Mid-Upper"
"13970_48","D","SCSC","Schizachyrium scoparium","Little bluestem","Lower"
"13970_48","D","SPVA","Sporobolus vaginiflorus","Poverty dropseed","Lower"
"13970_48","E","JUVI","Juniperus virginiana","Eastern redcedar","All"
"13970_48","E","QUST","Quercus stellata","Post oak","Mid-Upper"
"13970_48","E","QUMU","Quercus muehlenbergii","Chinkapin oak","Mid-Upper"
"13970_48","E","FOLI","Forestiera ligustrina","Upland swampprivet","Low-Mid"
"14000_60_61","A","SCSC","Schizachyrium scoparium","Little bluestem","Lower"
"14000_60_61","A","ANGE","Andropogon gerardii","Big bluestem","Lower"
"14000_60_61","A","PAVI2","Panicum virgatum","Switchgrass","Lower"
"14000_60_61","B","SCSC","Schizachyrium scoparium","Little bluestem","Lower"
"14000_60_61","B","ANGE","Andropogon gerardii","Big bluestem","Lower"
"14000_60_61","B","JUVI","Juniperus virginiana","Eastern redcedar","Upper"
"14000_60_61","B","CECA4","Cercis canadensis","Eastern redbud","Mid-Upper"
"14000_60_61","C","JUVI","Juniperus virginiana","Eastern redcedar","Upper"
"14000_60_61","C","CECA4","Cercis canadensis","Eastern redbud","Mid-Upper"
"14000_60_61","C","COFL2","Cornus florida","Flowering dogwood","Middle"
"14000_60_61","C","RHAR4","Rhus aromatica","Fragrant sumac","Low-Mid"
"14000_60_61","D","QUMU","Quercus muehlenbergii","Chinkapin oak","Upper"
"14000_60_61","D","QUPR2","Quercus prinus","Chestnut oak","Upper"
"14000_60_61","D","JUVI","Juniperus virginiana","Eastern redcedar","Mid-Upper"
"14000_60_61","D","ACSA3","Acer saccharum","Sugar maple","Upper"
"14000_63","A","SCSC","Schizachyrium scoparium","Little bluestem","Lower"
"14000_63","A","ANGE","Andropogon gerardii","Big bluestem","Lower"
"14000_63","A","PAVI2","Panicum virgatum","Switchgrass","Lower"
"14000_63","B","SCSC","Schizachyrium scoparium","Little bluestem","Lower"
"14000_63","B","ANGE","Andropogon gerardii","Big bluestem","Lower"
"14000_63","B","JUVI","Juniperus virginiana","Eastern redcedar","Upper"
"14000_63","B","CECA4","Cercis canadensis","Eastern redbud","Mid-Upper"
"14000_63","C","JUVI","Juniperus virginiana","Eastern redcedar","Upper"
"14000_63","C","CECA4","Cercis canadensis","Eastern redbud","Mid-Upper"
"14000_63","C","COFL2","Cornus florida","Flowering dogwood","Middle"
"14000_63","C","RHAR4","Rhus aromatica","Fragrant sumac","Low-Mid"
"14000_63","D","QUMU","Quercus muehlenbergii","Chinkapin oak","Upper"
"14000_63","D","QUPR2","Quercus prinus","Chestnut oak","Upper"
"14000_63","D","JUVI","Juniperus virginiana","Eastern redcedar","Mid-Upper"
"14000_63","D","ACSA3","Acer saccharum","Sugar maple","Upper"
"14000_64","A","SCSC","Schizachyrium scoparium","Little bluestem","Lower"
"14000_64","A","ANGE","Andropogon gerardii","Big bluestem","Lower"
"14000_64","A","PAVI2","Panicum virgatum","Switchgrass","Lower"
"14000_64","B","SCSC","Schizachyrium scoparium","Little bluestem","Lower"
"14000_64","B","ANGE","Andropogon gerardii","Big bluestem","Lower"
"14000_64","B","JUVI","Juniperus virginiana","Eastern redcedar","Upper"
"14000_64","B","CECA4","Cercis canadensis","Eastern redbud","Mid-Upper"
"14000_64","C","JUVI","Juniperus virginiana","Eastern redcedar","Upper"
"14000_64","C","CECA4","Cercis canadensis","Eastern redbud","Mid-Upper"
"14000_64","C","COFL2","Cornus florida","Flowering dogwood","Middle"
"14000_64","C","RHAR4","Rhus aromatica","Fragrant sumac","Low-Mid"
"14000_64","D","QUMU","Quercus muehlenbergii","Chinkapin oak","Upper"
"14000_64","D","QUPR2","Quercus prinus","Chestnut oak","Upper"
"14000_64","D","JUVI","Juniperus virginiana","Eastern redcedar","Mid-Upper"
"14000_64","D","ACSA3","Acer saccharum","Sugar maple","Upper"
"14010_43_44_47_48_53","A","SCSC","Schizachyrium scoparium","Little bluestem","Lower"
"14010_43_44_47_48_53","A","ANGE","Andropogon gerardii","Big bluestem","Lower"
"14010_43_44_47_48_53","A","SITE","Silphium terebinthinaceum","Silphium terebinthinaceum","Lower"
"14010_43_44_47_48_53","A","QUMU","Quercus muehlenbergii","Chinkapin oak","All"
"14010_43_44_47_48_53","B","JUVI","Juniperus virginiana","Eastern redcedar","Middle"
"14010_43_44_47_48_53","B","JUAS","Juniperus ashei","Ashe's juniper","Middle"
"14010_43_44_47_48_53","B","ANGE","Andropogon gerardii","Big bluestem","Lower"
"14010_43_44_47_48_53","B","QUMU","Quercus muehlenbergii","Chinkapin oak","All"
"14010_43_44_47_48_53","C","SCSC","Schizachyrium scoparium","Little bluestem","Lower"
"14010_43_44_47_48_53","C","ANGE","Andropogon gerardii","Big bluestem","Lower"
"14010_43_44_47_48_53","C","SITE","Silphium terebinthinaceum","Silphium terebinthinaceum","Lower"
"14010_43_44_47_48_53","C","QUMU","Quercus muehlenbergii","Chinkapin oak","All"
"14010_43_44_47_48_53","D","SCSC","Schizachyrium scoparium","Little bluestem","Lower"
"14010_43_44_47_48_53","D","ANGE","Andropogon gerardii","Big bluestem","Lower"
"14010_43_44_47_48_53","D","SITE","Silphium terebinthinaceum","Silphium terebinthinaceum","Lower"
"14010_43_44_47_48_53","D","QUMU","Quercus muehlenbergii","Chinkapin oak","All"
"14010_43_44_47_48_53","E","JUVI","Juniperus virginiana","Eastern redcedar","All"
"14010_43_44_47_48_53","E","JUAS","Juniperus ashei","Ashe's juniper","Middle"
"14010_43_44_47_48_53","E","QUMU","Quercus muehlenbergii","Chinkapin oak","All"
"14010_49","A","SCSC","Schizachyrium scoparium","Little bluestem","Lower"
"14010_49","A","SONU2","Sorghastrum nutans","Indiangrass","Lower"
"14010_49","A","SITE","Silphium terebinthinaceum","Silphium terebinthinaceum","Lower"
"14010_49","A","QUMU","Quercus muehlenbergii","Chinkapin oak","All"
"14010_49","B","JUVI","Juniperus virginiana","Eastern redcedar","Middle"
"14010_49","B","QUMU","Quercus muehlenbergii","Chinkapin oak","None"
"14010_49","C","SCSC","Schizachyrium scoparium","Little bluestem","Lower"
"14010_49","C","SONU2","Sorghastrum nutans","Indiangrass","Lower"
"14010_49","C","SITE","Silphium terebinthinaceum","Silphium terebinthinaceum","Lower"
"14010_49","C","QUMU","Quercus muehlenbergii","Chinkapin oak","All"
"14010_49","D","SCSC","Schizachyrium scoparium","Little bluestem","Lower"
"14010_49","D","SONU2","Sorghastrum nutans","Indiangrass","Lower"
"14010_49","D","SITE","Silphium terebinthinaceum","Silphium terebinthinaceum","Lower"
"14010_49","D","QUMU","Quercus muehlenbergii","Chinkapin oak","All"
"14010_49","E","JUVI","Juniperus virginiana","Eastern redcedar","All"
"14010_49","E","QUMU","Quercus muehlenbergii","Chinkapin oak","None"
"14071_41_50_51","A","SCHIZ4","Schizachyrium","Little bluestem","Lower"
"14071_41_50_51","A","CAPE6","Carex pensylvanica","Pennsylvania sedge","Lower"
"14071_41_50_51","A","ANGE","Andropogon gerardii","Big bluestem","Lower"
"14071_41_50_51","B","PIBA2","Pinus banksiana","Jack pine","Low-Mid"
"14071_41_50_51","B","QUEL","Quercus ellipsoidalis","Northern pin oak","Low-Mid"
"14071_41_50_51","B","QUAL","Quercus alba","White oak","Low-Mid"
"14071_41_50_51","B","PIRE","Pinus resinosa","Red pine","Low-Mid"
"14071_41_50_51","C","QUEL","Quercus ellipsoidalis","Northern pin oak","Upper"
"14071_41_50_51","C","PIBA2","Pinus banksiana","Jack pine","Upper"
"14071_41_50_51","C","PIRE","Pinus resinosa","Red pine","Upper"
"14071_41_50_51","C","SCHIZ4","Schizachyrium","Little bluestem","Lower"
"14071_41_50_51","D","PIBA2","Pinus banksiana","Jack pine","Upper"
"14071_41_50_51","D","QUEL","Quercus ellipsoidalis","Northern pin oak","Upper"
"14071_41_50_51","D","PIRE","Pinus resinosa","Red pine","Upper"
"14071_41_50_51","D","SCHIZ4","Schizachyrium","Little bluestem","Lower"
"14071_41_50_51","E","PiBA2","<NOT FOUND IN NRCS>","<NOT FOUND IN NRCS>","Upper"
"14071_41_50_51","E","PIRE","Pinus resinosa","Red pine","Upper"
"14071_41_50_51","E","QUEL","Quercus ellipsoidalis","Northern pin oak","Upper"
"14071_41_50_51","E","QUVE","Quercus velutina","Black oak","Upper"
"14072_41_50_51","A","CAPE6","Carex pensylvanica","Pennsylvania sedge","Lower"
"14072_41_50_51","A","SCSC","Schizachyrium scoparium","Little bluestem","Lower"
"14072_41_50_51","A","PIBA2","Pinus banksiana","Jack pine","Lower"
"14072_41_50_51","A","VAAN","Vaccinium angustifolium","Lowbush blueberry","Lower"
"14072_41_50_51","B","PIBA2","Pinus banksiana","Jack pine","Low-Mid"
"14072_41_50_51","B","PIRE","Pinus resinosa","Red pine","Low-Mid"
"14072_41_50_51","B","QUEL","Quercus ellipsoidalis","Northern pin oak","Low-Mid"
"14072_41_50_51","B","CAPE6","Carex pensylvanica","Pennsylvania sedge","Lower"
"14072_41_50_51","C","CAPE6","Carex pensylvanica","Pennsylvania sedge","Lower"
"14072_41_50_51","C","PIBA2","Pinus banksiana","Jack pine","Upper"
"14072_41_50_51","C","VAAN","Vaccinium angustifolium","Lowbush blueberry","Lower"
"14072_41_50_51","C","QUEL","Quercus ellipsoidalis","Northern pin oak","Middle"
"14072_41_50_51","D","PIBA2","Pinus banksiana","Jack pine","Upper"
"14072_41_50_51","D","QUEL","Quercus ellipsoidalis","Northern pin oak","Mid-Upper"
"14072_41_50_51","D","GAPR2","Gaultheria procumbens","Eastern teaberry","Lower"
"14072_41_50_51","D","PIRE","Pinus resinosa","Red pine","Upper"
"14080_48","A","SCSC","Schizachyrium scoparium","Little bluestem","Lower"
"14080_48","A","ANGE","Andropogon gerardii","Big bluestem","Lower"
"14080_48","A","QUMU","Quercus muehlenbergii","Chinkapin oak","All"
"14080_48","A","JUVI","Juniperus virginiana","Eastern redcedar","All"
"14080_48","B","JUVI","Juniperus virginiana","Eastern redcedar","All"
"14080_48","B","LEPH11","Leptopus phyllanthoides","Missouri maidenbush","Low-Mid"
"14080_48","B","CRAL3","Croton alabamensis","Alabama croton","Low-Mid"
"14080_48","B","QUMU","Quercus muehlenbergii","Chinkapin oak","All"
"14080_48","C","SCSC","Schizachyrium scoparium","Little bluestem","Lower"
"14080_48","C","ANGE","Andropogon gerardii","Big bluestem","Lower"
"14080_48","C","QUMU","Quercus muehlenbergii","Chinkapin oak","Mid-Upper"
"14080_48","C","SAMI8","Sabal minor","Dwarf palmetto","Low-Mid"
"14080_48","D","SCSC","Schizachyrium scoparium","Little bluestem","Lower"
"14080_48","D","ANGE","Andropogon gerardii","Big bluestem","Lower"
"14080_48","D","QUMU","Quercus muehlenbergii","Chinkapin oak","Upper"
"14080_48","D","SAMI8","Sabal minor","Dwarf palmetto","Low-Mid"
"14080_48","E","JUVI","Juniperus virginiana","Eastern redcedar","All"
"14080_48","E","QUMU","Quercus muehlenbergii","Chinkapin oak","All"
"14080_48","E","SAMI8","Sabal minor","Dwarf palmetto","Low-Mid"
"14080_48","E","LEPH11","Leptopus phyllanthoides","Missouri maidenbush","Low-Mid"
"14090_50_64","A","JUCO6","Juniperus communis","Common juniper","Low-Mid"
"14090_50_64","A","SCHIZ4","Schizachyrium","Little bluestem","Lower"
"14090_50_64","A","DASP2","Danthonia spicata","Poverty oatgrass","Lower"
"14090_50_64","A","ELCO2","Eleocharis compressa","Flatstem spikerush","Lower"
"14090_50_64","B","PIGL","Picea glauca","White spruce","Upper"
"14090_50_64","B","BEPA","Betula papyrifera","Paper birch","Upper"
"14090_50_64","B","THOC2","Thuja occidentalis","Arborvitae","Upper"
"14090_50_64","B","ABBA","Abies balsamea","Balsam fir","Upper"
"14090_50_64","C","THOC2","Thuja occidentalis","Arborvitae","Upper"
"14090_50_64","C","BEPA","Betula papyrifera","Paper birch","Upper"
"14090_50_64","C","PIGL","Picea glauca","White spruce","Upper"
"14090_50_64","C","ABBA","Abies balsamea","Balsam fir","Upper"
"14100_35","A","SCSC","Schizachyrium scoparium","Little bluestem","Upper"
"14100_35","A","BOCU","Bouteloua curtipendula","Sideoats grama","Upper"
"14100_35","A","NALE3","Nassella leucotricha","Texas tussockgrass","Upper"
"14100_35","B","QUFU","Quercus fusiformis","Plateau oak","Upper"
"14100_35","B","QUST","Quercus stellata","Post oak","Upper"
"14100_35","B","SCSC","Schizachyrium scoparium","Little bluestem","Lower"
"14100_35","C","QUFU","Quercus fusiformis","Plateau oak","Upper"
"14100_35","C","QUST","Quercus stellata","Post oak","Upper"
"14100_35","C","SCSC","Schizachyrium scoparium","Little bluestem","Lower"
"14110_49_51_52","A","TYLA","Typha latifolia","Broadleaf cattail","Low-Mid"
"14110_49_51_52","A","CAREX","Carex","Sedge","Lower"
"14110_49_51_52","A","SPPE","Spartina pectinata","Prairie cordgrass","Low-Mid"
"14110_49_51_52","A","CACA4","Calamagrostis canadensis","Bluejoint","Low-Mid"
"14110_49_51_52","B","SCHIZ4","Schizachyrium","Little bluestem","Low-Mid"
"14110_49_51_52","B","SONU2","Sorghastrum nutans","Indiangrass","Low-Mid"
"14110_49_51_52","B","PYVI","Pycnanthemum virginianum","Virginia mountainmint","Lower"
"14110_49_51_52","B","LISP","Liatris spicata","Dense blazing star","Lower"
"14110_49_51_52","C","QUBI","Quercus bicolor","Swamp white oak","Low-Mid"
"14110_49_51_52","C","QUPA2","Quercus palustris","Pin oak","Low-Mid"
"14110_49_51_52","C","ULAM","Ulmus americana","American elm","Lower"
"14110_49_51_52","C","FRQU","Fraxinus quadrangulata","Blue ash","Lower"
"14120_39_40_41_42_43_50_51","A","SCSC","Schizachyrium scoparium","Little bluestem","Upper"
"14120_39_40_41_42_43_50_51","A","SONU2","Sorghastrum nutans","Indiangrass","Upper"
"14120_39_40_41_42_43_50_51","A","BOCU","Bouteloua curtipendula","Sideoats grama","Upper"
"14120_39_40_41_42_43_50_51","A","HESP11","Hesperostipa spartea","Porcupinegrass","Upper"
"14120_39_40_41_42_43_50_51","B","BOCU","Bouteloua curtipendula","Sideoats grama","Low-Mid"
"14120_39_40_41_42_43_50_51","B","SCSC","Schizachyrium scoparium","Little bluestem","Middle"
"14120_39_40_41_42_43_50_51","B","COAM3","Corylus americana","American hazelnut","Upper"
"14120_39_40_41_42_43_50_51","B","CORA6","Cornus racemosa","Gray dogwood","Upper"
"14120_39_40_41_42_43_50_51","C","BOCU","Bouteloua curtipendula","Sideoats grama","Lower"
"14120_39_40_41_42_43_50_51","C","COAM3","Corylus americana","American hazelnut","Middle"
"14120_39_40_41_42_43_50_51","C","QUERC","Quercus","Oak","Upper"
"14120_39_40_41_42_43_50_51","C","SCSC","Schizachyrium scoparium","Little bluestem","Low-Mid"
"14120_49","A","SCSC","Schizachyrium scoparium","Little bluestem","Upper"
"14120_49","A","SONU2","Sorghastrum nutans","Indiangrass","Upper"
"14120_49","A","BOCU","Bouteloua curtipendula","Sideoats grama","Upper"
"14120_49","A","HESP11","Hesperostipa spartea","Porcupinegrass","Upper"
"14120_49","B","BOCU","Bouteloua curtipendula","Sideoats grama","Low-Mid"
"14120_49","B","SCSC","Schizachyrium scoparium","Little bluestem","Middle"
"14120_49","B","COAM3","Corylus americana","American hazelnut","Upper"
"14120_49","B","CORA6","Cornus racemosa","Gray dogwood","Upper"
"14120_49","C","BOCU","Bouteloua curtipendula","Sideoats grama","Lower"
"14120_49","C","COAM3","Corylus americana","American hazelnut","Middle"
"14120_49","C","QUERC","Quercus","Oak","Upper"
"14120_49","C","SCSC","Schizachyrium scoparium","Little bluestem","Low-Mid"
"14120_52","A","SCSC","Schizachyrium scoparium","Little bluestem","Upper"
"14120_52","A","SONU2","Sorghastrum nutans","Indiangrass","Upper"
"14120_52","A","BOCU","Bouteloua curtipendula","Sideoats grama","Upper"
"14120_52","A","HESP11","Hesperostipa spartea","Porcupinegrass","Upper"
"14120_52","B","BOCU","Bouteloua curtipendula","Sideoats grama","Low-Mid"
"14120_52","B","SCSC","Schizachyrium scoparium","Little bluestem","Middle"
"14120_52","B","COAM3","Corylus americana","American hazelnut","Upper"
"14120_52","B","CORA6","Cornus racemosa","Gray dogwood","Upper"
"14120_52","C","BOCU","Bouteloua curtipendula","Sideoats grama","Lower"
"14120_52","C","COAM3","Corylus americana","American hazelnut","Middle"
"14120_52","C","QUERC","Quercus","Oak","Upper"
"14120_52","C","SCSC","Schizachyrium scoparium","Little bluestem","Low-Mid"
"14130_47","A","ELVI3","Elymus virginicus","Virginia wildrye","Upper"
"14130_47","A","ARGI","Arundinaria gigantea","Giant cane","Upper"
"14130_47","A","TRST4","Trifolium stoloniferum","Running buffalo clover","Upper"
"14130_47","B","ROPS","Robinia pseudoacacia","Black locust","Upper"
"14130_47","B","JUVI","Juniperus virginiana","Eastern redcedar","Middle"
"14130_47","B","CELA","Celtis laevigata","Sugarberry","Upper"
"14130_47","B","SYOR","Symphoricarpos orbiculatus","Coralberry","Low-Mid"
"14130_47","C","ARGI","Arundinaria gigantea","Giant cane","Low-Mid"
"14130_47","C","QUMA2","Quercus macrocarpa","Bur oak","Upper"
"14130_47","C","ELVI3","Elymus virginicus","Virginia wildrye","Lower"
"14130_47","D","QUMA2","Quercus macrocarpa","Bur oak","Upper"
"14130_47","D","QUMU","Quercus muehlenbergii","Chinkapin oak","Upper"
"14130_47","D","ROPS","Robinia pseudoacacia","Black locust","Mid-Upper"
"14130_47","D","TRST4","Trifolium stoloniferum","Running buffalo clover","Lower"
"14130_47","E","QUMA2","Quercus macrocarpa","Bur oak","Upper"
"14130_47","E","CELA","Celtis laevigata","Sugarberry","Upper"
"14130_47","E","FRAM2","Fraxinus americana","White ash","Upper"
"14130_47","E","ACSA3","Acer saccharum","Sugar maple","Upper"
"14140_57","A","DACO","Danthonia compressa","Flattened oatgrass","Lower"
"14140_57","A","CAREX","Carex","Sedge","Lower"
"14140_57","B","RHCA8","Rhododendron catawbiense","Catawba rosebay","Middle"
"14140_57","B","RHMA4","Rhododendron maximum","Great laurel","Middle"
"14140_57","B","RHMI2","Rhododendron minus","Piedmont rhododendron","Middle"
"14140_57","B","KALA","Kalmia latifolia","Mountain laurel","Middle"
"14140_57","C","CRATA","Crataegus","Hawthorn","Middle"
"14140_57","C","RUBUS","Rubus","Blackberry","Middle"
"14140_57","C","SOAM3","Sorbus americana","American mountain ash","Middle"
"14140_57","C","DACO","Danthonia compressa","Flattened oatgrass","Lower"
"14140_57","D","QURU","Quercus rubra","Northern red oak","Upper"
"14140_57","D","FAGR","Fagus grandifolia","American beech","Upper"
"14140_57","D","PIRU","Picea rubens","Red spruce","Upper"
"14140_57","D","DACO","Danthonia compressa","Flattened oatgrass","Lower"
"14140_57","E","PIRU","Picea rubens","Red spruce","Upper"
"14140_57","E","ABFR","Abies fraseri","Fraser fir","Upper"
"14140_57","E","QURU","Quercus rubra","Northern red oak","Mid-Upper"
"14151_44","A","ANGE","Andropogon gerardii","Big bluestem","Upper"
"14151_44","A","SCSC","Schizachyrium scoparium","Little bluestem","Upper"
"14151_44","A","SONU2","Sorghastrum nutans","Indiangrass","Upper"
"14151_44","A","PAVI2","Panicum virgatum","Switchgrass","Upper"
"14151_44","B","SAAL5","Sassafras albidum","Sassafras","Upper"
"14151_44","B","SMILA2","Smilax","Greenbrier","Mid-Upper"
"14151_44","B","RUBUS","Rubus","Blackberry","Mid-Upper"
"14151_44","B","ANGE","Andropogon gerardii","Big bluestem","Mid-Upper"
"14151_44","C","QUST","Quercus stellata","Post oak","Upper"
"14151_44","C","QUMA3","Quercus marilandica","Blackjack oak","Mid-Upper"
"14151_44","C","SCSC","Schizachyrium scoparium","Little bluestem","Lower"
"14151_44","C","SONU2","Sorghastrum nutans","Indiangrass","Lower"
"14152_44","A","ANGE","Andropogon gerardii","Big bluestem","Mid-Upper"
"14152_44","A","SONU2","Sorghastrum nutans","Indiangrass","Mid-Upper"
"14152_44","A","QUST","Quercus stellata","Post oak","Upper"
"14152_44","A","QUMA3","Quercus marilandica","Blackjack oak","Upper"
"14152_44","B","QUST","Quercus stellata","Post oak","Upper"
"14152_44","B","QUMA3","Quercus marilandica","Blackjack oak","Mid-Upper"
"14152_44","C","QUST","Quercus stellata","Post oak","Upper"
"14152_44","C","QUMA3","Quercus marilandica","Blackjack oak","Mid-Upper"
"14152_44","C","SCSC","Schizachyrium scoparium","Little bluestem","Lower"
"14152_44","C","SONU2","Sorghastrum nutans","Indiangrass","Lower"
"14152_44","D","QUST","Quercus stellata","Post oak","Upper"
"14152_44","D","QUMA3","Quercus marilandica","Blackjack oak","Mid-Upper"
"14152_44","D","SCSC","Schizachyrium scoparium","Little bluestem","Lower"
"14152_44","D","SONU2","Sorghastrum nutans","Indiangrass","Lower"
"14152_44","E","QUST","Quercus stellata","Post oak","Upper"
"14152_44","E","QUMA3","Quercus marilandica","Blackjack oak","Mid-Upper"
"14160_48","A","SCSC","Schizachyrium scoparium","Little bluestem","Upper"
"14160_48","A","ANGE","Andropogon gerardii","Big bluestem","Upper"
"14160_48","A","SONU2","Sorghastrum nutans","Indiangrass","Upper"
"14160_48","A","PAVI2","Panicum virgatum","Switchgrass","Upper"
"14160_48","B","ACRU","Acer rubrum","Red maple","Mid-Upper"
"14160_48","B","LIST2","Liquidambar styraciflua","Sweetgum","Mid-Upper"
"14160_48","B","QUFA","Quercus falcata","Southern red oak","Upper"
"14160_48","B","RUAR2","Rubus argutus","Sawtooth blackberry","Low-Mid"
"14160_48","C","QUAL","Quercus alba","White oak","Upper"
"14160_48","C","QUST","Quercus stellata","Post oak","Upper"
"14160_48","C","ANGE","Andropogon gerardii","Big bluestem","Upper"
"14160_48","C","SCSC","Schizachyrium scoparium","Little bluestem","Upper"
"14160_48","D","QUST","Quercus stellata","Post oak","Upper"
"14160_48","D","QUAL","Quercus alba","White oak","Upper"
"14160_48","D","ANGE","Andropogon gerardii","Big bluestem","Lower"
"14160_48","D","SCSC","Schizachyrium scoparium","Little bluestem","Lower"
"14160_48","E","QUAL","Quercus alba","White oak","Upper"
"14160_48","E","QUFA","Quercus falcata","Southern red oak","Mid-Upper"
"14160_48","E","ACRU","Acer rubrum","Red maple","Middle"
"14160_48","E","VACCI","Vaccinium","Blueberry","Lower"
"14170_48","A","SCSC","Schizachyrium scoparium","Little bluestem","Upper"
"14170_48","A","ANGE","Andropogon gerardii","Big bluestem","Upper"
"14170_48","A","SONU2","Sorghastrum nutans","Indiangrass","Upper"
"14170_48","A","PAVI2","Panicum virgatum","Switchgrass","Upper"
"14170_48","B","ACRU","Acer rubrum","Red maple","Mid-Upper"
"14170_48","B","LIST2","Liquidambar styraciflua","Sweetgum","Mid-Upper"
"14170_48","B","QUFA","Quercus falcata","Southern red oak","Upper"
"14170_48","B","RUAR2","Rubus argutus","Sawtooth blackberry","Low-Mid"
"14170_48","C","QUAL","Quercus alba","White oak","Upper"
"14170_48","C","QUST","Quercus stellata","Post oak","Upper"
"14170_48","C","ANGE","Andropogon gerardii","Big bluestem","Upper"
"14170_48","C","SCSC","Schizachyrium scoparium","Little bluestem","Upper"
"14170_48","D","QUST","Quercus stellata","Post oak","Upper"
"14170_48","D","QUAL","Quercus alba","White oak","Upper"
"14170_48","D","ANGE","Andropogon gerardii","Big bluestem","Lower"
"14170_48","D","SCSC","Schizachyrium scoparium","Little bluestem","Lower"
"14170_48","E","QUAL","Quercus alba","White oak","Upper"
"14170_48","E","QUFA","Quercus falcata","Southern red oak","Mid-Upper"
"14170_48","E","ACRU","Acer rubrum","Red maple","Middle"
"14170_48","E","VACCI","Vaccinium","Blueberry","Lower"
"14180_47","A","SCSC","Schizachyrium scoparium","Little bluestem","Lower"
"14180_47","A","ROSE2","Rosa setigera","Climbing rose","Middle"
"14180_47","A","SAHU2","Salix humilis","Prairie willow","Upper"
"14180_47","A","RHUS","Rhus","Sumac","Upper"
"14180_47","B","QUST","Quercus stellata","Post oak","Upper"
"14180_47","B","QUMA3","Quercus marilandica","Blackjack oak","Upper"
"14180_47","B","QUFA","Quercus falcata","Southern red oak","Upper"
"14180_47","B","SCSC","Schizachyrium scoparium","Little bluestem","Lower"
"14180_47","C","QUAL","Quercus alba","White oak","Upper"
"14180_47","C","QUST","Quercus stellata","Post oak","Upper"
"14180_47","C","FAGR","Fagus grandifolia","American beech","None"
"14200_39_40_42","A","ANGE","Andropogon gerardii","Big bluestem","Upper"
"14200_39_40_42","A","PAVI2","Panicum virgatum","Switchgrass","Upper"
"14200_39_40_42","A","HESP11","Hesperostipa spartea","Porcupinegrass","Upper"
"14200_39_40_42","A","SONU2","Sorghastrum nutans","Indiangrass","Upper"
"14200_39_40_42","B","ANGE","Andropogon gerardii","Big bluestem","Upper"
"14200_39_40_42","B","PAVI2","Panicum virgatum","Switchgrass","Upper"
"14200_39_40_42","B","SONU2","Sorghastrum nutans","Indiangrass","Upper"
"14200_39_40_42","B","HESP11","Hesperostipa spartea","Porcupinegrass","Upper"
"14200_39_40_42","C","HESP11","Hesperostipa spartea","Porcupinegrass","Middle"
"14200_39_40_42","C","ANGE","Andropogon gerardii","Big bluestem","Upper"
"14200_39_40_42","C","PAVI2","Panicum virgatum","Switchgrass","Upper"
"14200_39_40_42","D","POTR5","Populus tremuloides","Quaking aspen","Upper"
"14200_39_40_42","D","QUMA2","Quercus macrocarpa","Bur oak","Upper"
"14200_39_40_42","D","ANGE","Andropogon gerardii","Big bluestem","Middle"
"14200_39_40_42","D","RHGL","Rhus glabra","Smooth sumac","Upper"
"14200_41","A","ANGE","Andropogon gerardii","Big bluestem","Upper"
"14200_41","A","SONU2","Sorghastrum nutans","Indiangrass","Upper"
"14200_41","A","SPPE","Spartina pectinata","Prairie cordgrass","Upper"
"14200_41","A","SPHE","Sporobolus heterolepis","Prairie dropseed","Upper"
"14200_41","B","ANGE","Andropogon gerardii","Big bluestem","Upper"
"14200_41","B","SONU2","Sorghastrum nutans","Indiangrass","Upper"
"14200_41","B","SPPE","Spartina pectinata","Prairie cordgrass","Upper"
"14200_41","B","SPHE","Sporobolus heterolepis","Prairie dropseed","Upper"
"14200_41","C","ANGE","Andropogon gerardii","Big bluestem","Middle"
"14200_41","C","SPPE","Spartina pectinata","Prairie cordgrass","Middle"
"14200_41","C","SALI","Salix ligulifolia","Strapleaf willow","Upper"
"14200_41","C","CORA6","Cornus racemosa","Gray dogwood","Upper"
"14210_49_52","A","ANGE","Andropogon gerardii","Big bluestem","Upper"
"14210_49_52","A","SONU2","Sorghastrum nutans","Indiangrass","Upper"
"14210_49_52","A","PAVI2","Panicum virgatum","Switchgrass","Upper"
"14210_49_52","B","ANGE","Andropogon gerardii","Big bluestem","Upper"
"14210_49_52","B","SONU2","Sorghastrum nutans","Indiangrass","Upper"
"14210_49_52","B","PAVI2","Panicum virgatum","Switchgrass","Upper"
"14210_49_52","C","ANGE","Andropogon gerardii","Big bluestem","Middle"
"14210_49_52","C","SONU2","Sorghastrum nutans","Indiangrass","Middle"
"14210_49_52","C","COAM3","Corylus americana","American hazelnut","Upper"
"14210_49_52","C","QUMA2","Quercus macrocarpa","Bur oak","Upper"
"14220_32_35_36_37","A","SCHIZ4","Schizachyrium","Little bluestem","Upper"
"14220_32_35_36_37","A","ANGE","Andropogon gerardii","Big bluestem","Upper"
"14220_32_35_36_37","A","SONU2","Sorghastrum nutans","Indiangrass","Upper"
"14220_32_35_36_37","A","SPAS","<NOT FOUND IN NRCS>","<NOT FOUND IN NRCS>","Upper"
"14220_32_35_36_37","B","PRRI","Prunus rivularis","Creek plum","Upper"
"14220_32_35_36_37","B","CRATA","Crataegus","Hawthorn","Upper"
"14220_32_35_36_37","B","ULCR","Ulmus crassifolia","Cedar elm","Upper"
"14220_32_35_36_37","B","CELA","Celtis laevigata","Sugarberry","Upper"
"14220_32_35_36_37","C","CELA","Celtis laevigata","Sugarberry","Upper"
"14220_32_35_36_37","C","ULCR","Ulmus crassifolia","Cedar elm","Upper"
"14220_32_35_36_37","C","GLTR","Gleditsia triacanthos","Honeylocust","Upper"
"14220_32_35_36_37","C","SMBO","Smelowskia borealis","False candytuft","Lower"
"14250_56","A","ARBE7","Aristida beyrichiana","Beyrich threeawn","Middle"
"14250_56","A","ANVI2","Andropogon virginicus","Broomsedge bluestem","Middle"
"14250_56","A","ARSP3","Aristida spiciformis","Bottlebrush threeawn","Middle"
"14250_56","A","SERE2","Serenoa repens","Saw palmetto","Mid-Upper"
"14250_56","B","ARBE7","Aristida beyrichiana","Beyrich threeawn","Middle"
"14250_56","B","ANVI2","Andropogon virginicus","Broomsedge bluestem","Middle"
"14250_56","B","SERE2","Serenoa repens","Saw palmetto","Upper"
"14250_56","B","QUMI2","Quercus minima","Dwarf live oak","Mid-Upper"
"14250_56","C","SERE2","Serenoa repens","Saw palmetto","Middle"
"14250_56","C","MOCE2","Morella cerifera","Wax myrtle","Middle"
"14250_56","C","LYLU3","Lyonia lucida","Fetterbush lyonia","Middle"
"14250_56","C","SAPA","Sabal palmetto","Cabbage palmetto","Mid-Upper"
"14260_58","A","UNPA","Uniola paniculata","Seaoats","Upper"
"14260_58","A","SPPA","Spartina patens","Saltmeadow cordgrass","Upper"
"14260_58","A","PAAM2","Panicum amarum","Bitter panicgrass","Upper"
"14260_58","A","MUFI3","Muhlenbergia filipes","Gulfhairawn muhly","Upper"
"14260_58","B","JUVI","Juniperus virginiana","Eastern redcedar","Upper"
"14260_58","B","QUVI","Quercus virginiana","Live oak","Upper"
"14260_58","B","UNPA","Uniola paniculata","Seaoats","Lower"
"14260_58","B","PITA","Pinus taeda","Loblolly pine","Upper"
"14260_58","C","MOCE2","Morella cerifera","Wax myrtle","Upper"
"14260_58","C","SAPA","Sabal palmetto","Cabbage palmetto","Upper"
"14260_58","C","CLMAJ","Cladium mariscus ssp. jamaicense","Jamaica swamp sawgrass","Lower"
"14260_58","D","TADI2","Taxodium distichum","Bald cypress","Upper"
"14260_58","D","NYBI","Nyssa biflora","Swamp tupelo","Mid-Upper"
"14260_58","D","PITA","Pinus taeda","Loblolly pine","Upper"
"14260_58","E","QUVI","Quercus virginiana","Live oak","Upper"
"14260_58","E","QULA","Quercus laceyi","Lacey oak","Upper"
"14260_58","E","PITA","Pinus taeda","Loblolly pine","Upper"
"14270_47","A","SCSC","Schizachyrium scoparium","Little bluestem","Upper"
"14270_47","A","ANGE","Andropogon gerardii","Big bluestem","Upper"
"14270_47","A","SONU2","Sorghastrum nutans","Indiangrass","Upper"
"14270_47","A","PAVI2","Panicum virgatum","Switchgrass","Upper"
"14270_47","B","ACRU","Acer rubrum","Red maple","Mid-Upper"
"14270_47","B","LIST2","Liquidambar styraciflua","Sweetgum","Mid-Upper"
"14270_47","B","QUFA","Quercus falcata","Southern red oak","Upper"
"14270_47","B","RUAR2","Rubus argutus","Sawtooth blackberry","Low-Mid"
"14270_47","C","QUAL","Quercus alba","White oak","Upper"
"14270_47","C","QUST","Quercus stellata","Post oak","Upper"
"14270_47","C","ANGE","Andropogon gerardii","Big bluestem","Upper"
"14270_47","C","SCSC","Schizachyrium scoparium","Little bluestem","Upper"
"14270_47","D","QUST","Quercus stellata","Post oak","Upper"
"14270_47","D","QUAL","Quercus alba","White oak","Upper"
"14270_47","D","ANGE","Andropogon gerardii","Big bluestem","Lower"
"14270_47","D","SCSC","Schizachyrium scoparium","Little bluestem","Lower"
"14270_47","E","QUAL","Quercus alba","White oak","Upper"
"14270_47","E","QUFA","Quercus falcata","Southern red oak","Mid-Upper"
"14270_47","E","ACRU","Acer rubrum","Red maple","Middle"
"14270_47","E","VACCI","Vaccinium","Blueberry","Lower"
"14280_37_44","A","SCSC","Schizachyrium scoparium","Little bluestem","Upper"
"14280_37_44","A","SONU2","Sorghastrum nutans","Indiangrass","Upper"
"14280_37_44","A","SILA3","Silphium laciniatum","Compassplant","Upper"
"14280_37_44","A","DAPU5","Dalea purpurea","Violet prairie clover","Low-Mid"
"14280_37_44","B","SCSC","Schizachyrium scoparium","Little bluestem","Lower"
"14280_37_44","B","SONU2","Sorghastrum nutans","Indiangrass","Lower"
"14280_37_44","B","JUVI","Juniperus virginiana","Eastern redcedar","Upper"
"14280_37_44","C","QUST","Quercus stellata","Post oak","Upper"
"14280_37_44","C","QUMU","Quercus muehlenbergii","Chinkapin oak","Upper"
"14280_37_44","C","SCSC","Schizachyrium scoparium","Little bluestem","Lower"
"14280_37_44","C","SONU2","Sorghastrum nutans","Indiangrass","Lower"
"14280_37_44","D","JUVI","Juniperus virginiana","Eastern redcedar","Upper"
"14280_37_44","D","FRAM2","Fraxinus americana","White ash","Upper"
"14280_37_44","D","DIVI","Digitaria villosa","Shaggy crabgrass","Upper"
"14280_37_44","D","CACH3","Carex cherokeensis","Cherokee sedge","Lower"
"14290_37_45","A","SCSC","Schizachyrium scoparium","Little bluestem","Upper"
"14290_37_45","A","SONU2","Sorghastrum nutans","Indiangrass","Upper"
"14290_37_45","B","SCSC","Schizachyrium scoparium","Little bluestem","Upper"
"14290_37_45","B","SONU2","Sorghastrum nutans","Indiangrass","Upper"
"14290_37_45","C","JUVI","Juniperus virginiana","Eastern redcedar","Upper"
"14290_37_45","C","LIST2","Liquidambar styraciflua","Sweetgum","Upper"
"14300_46","A","SCSC","Schizachyrium scoparium","Little bluestem","Lower"
"14300_46","A","SONU2","Sorghastrum nutans","Indiangrass","Lower"
"14300_46","A","ANGE","Andropogon gerardii","Big bluestem","Lower"
"14300_46","A","TRDA3","Tripsacum dactyloides","Eastern gamagrass","Lower"
"14300_46","B","SCSC","Schizachyrium scoparium","Little bluestem","Lower"
"14300_46","B","JUVI","Juniperus virginiana","Eastern redcedar","Middle"
"14300_46","B","QUST","Quercus stellata","Post oak","Mid-Upper"
"14300_46","B","SONU2","Sorghastrum nutans","Indiangrass","Lower"
"14300_46","C","QUST","Quercus stellata","Post oak","Upper"
"14300_46","C","JUVI","Juniperus virginiana","Eastern redcedar","Middle"
"14300_46","C","QUMA3","Quercus marilandica","Blackjack oak","Middle"
"14300_46","C","SCSC","Schizachyrium scoparium","Little bluestem","Lower"
"14300_46","D","JUVI","Juniperus virginiana","Eastern redcedar","Low-Mid"
"14300_46","D","RHGL","Rhus glabra","Smooth sumac","Low-Mid"
"14300_46","D","RHCO","Rhus copallinum","Winged sumac","Lower"
"14300_46","D","SCSC","Schizachyrium scoparium","Little bluestem","Lower"
"14300_46","E","JUVI","Juniperus virginiana","Eastern redcedar","Low-Mid"
"14300_46","E","RHGL","Rhus glabra","Smooth sumac","Low-Mid"
"14300_46","E","RHCO","Rhus copallinum","Flameleaf sumac","Lower"
"14300_46","E","SCSC","Schizachyrium scoparium","Little bluestem","Lower"
"14320_45","A","ANGE","Andropogon gerardii","Big bluestem","Upper"
"14320_45","A","SCSC","Schizachyrium scoparium","Little bluestem","Mid-Upper"
"14320_45","A","DALEA","Dalea","Prairie clover","Mid-Upper"
"14320_45","A","QUERC","Quercus","Oak","Lower"
"14320_45","B","QUERC","Quercus","Oak","Upper"
"14320_45","B","ANGE","Andropogon gerardii","Big bluestem","Mid-Upper"
"14320_45","B","SCSC","Schizachyrium scoparium","Little bluestem","Mid-Upper"
"14320_45","B","SONU2","Sorghastrum nutans","Indiangrass","Lower"
"14320_45","C","QUERC","Quercus","Oak","Upper"
"14320_45","C","ANGE","Andropogon gerardii","Big bluestem","Upper"
"14320_45","C","SCSC","Schizachyrium scoparium","Little bluestem","Upper"
"14320_45","C","SONU2","Sorghastrum nutans","Indiangrass","Upper"
"14320_45","D","QUERC","Quercus","Oak","Upper"
"14320_45","D","FRAM2","Fraxinus americana","White ash","Upper"
"14340_36","A","SCSC","Schizachyrium scoparium","Little bluestem","Upper"
"14340_36","A","RUDBE","Rudbeckia","Coneflower","Mid-Upper"
"14340_36","A","PAPL3","Paspalum plicatulum","Brownseed paspalum","Upper"
"14340_36","A","ANGE","Andropogon gerardii","Big bluestem","Upper"
"14340_36","B","SCSC","Schizachyrium scoparium","Little bluestem","Upper"
"14340_36","B","ANGE","Andropogon gerardii","Big bluestem","Upper"
"14340_36","B","SONU2","Sorghastrum nutans","Indiangrass","Upper"
"14340_36","B","PAPL3","Paspalum plicatulum","Brownseed paspalum","Upper"
"14340_37_98","A","PAVI2","Panicum virgatum","Switchgrass","Upper"
"14340_37_98","A","PAPL3","Paspalum piculatum","Brownseed paspulum","Upper"
"14340_37_98","A","SCSC","Schizachyrium scoparium","Little bluestem","Upper"
"14340_37_98","A","SPSP","Spartina spartinae","Gulf cordgrass","Upper"
"14340_37_98","A","","Carex spp.","Sedge","Upper"
"14340_37_98","B","SCSC","Schizachyrium scoparium","Little bluestem","Upper"
"14340_37_98","B","PAVI2","Panicum virgatum","Switchgrass","Upper"
"14340_37_98","B","ANGE","Andropogon gerardii","Big bluestem","Upper"
"14340_37_98","B","SONU2","Sorghastrum nutans","Indiangrass","Upper"
"14340_37_98","B","PAVI2Panicum virgatumSwitchgrassUpper","Panicum virgatum","Switchgrass","Upper"
"14340_37_98","C","ANGE","Andropogon gerardii","Big bluestem","Mid-Upper"
"14340_37_98","C","SPSP","Spartina spartinae","Gulf cordgrass","Mid-Upper"
"14340_37_98","C","MOCE2","Morella cerifera","Wax myrtle","Upper"
"14340_37_98","C","BAHA","Baccharis halimifolia","Eastern baccharis","Upper"
"14340_37_98","C","PAVI2","Panicum piculatum","Switchgrass","Upper"
"14340_37_98","C","SCHIZ4","Schizachyrium","Little bluestem","Upper"
"14340_37_98","C","SONU4","Sorghastrum nutans","Indiangrass","Upper"
"14340_37_98","D","MOCE2","Morella cerifera","Wax myrtle","Upper"
"14340_37_98","D","BAHA","Baccharis halimifolia","Eastern baccharis","Upper"
"14350_99","A","UNIOL","Uniola","Seaoats","Upper"
"14350_99","A","DISTI","Distichlis","Saltgrass","Upper"
"14350_99","A","PAAM2","Panicum amarum","Bitter panicgrass","Upper"
"14350_99","B","UNIOL","Uniola","Seaoats","Upper"
"14350_99","B","SCMA3","Schizachyrium maritimum","Gulf bluestem","Upper"
"14350_99","B","PAAM2","Panicum amarum","Bitter panicgrass","Upper"
"14350_99","B","CHPA18","Chrysoma pauciflosculosa","Woody goldenrod","Upper"
"14350_99","C","QUMY","Quercus myrtifolia","Myrtle oak","Upper"
"14350_99","C","SERE2","Serenoa repens","Saw palmetto","Upper"
"14350_99","C","SCMA3","Schizachyrium maritimum","Gulf bluestem","Lower"
"14350_99","C","MOCE2","Morella cerifera","Wax myrtle","Upper"
"14360_60","A","UNPA","Uniola paniculata","Seaoats","Upper"
"14360_60","A","SPPA","Spartina patens","Saltmeadow cordgrass","Upper"
"14360_60","A","PAAM2","Panicum amarum","Bitter panicgrass","Upper"
"14360_60","B","JUVI","Juniperus virginiana","Eastern redcedar","Upper"
"14360_60","B","QUVI","Quercus virginiana","Live oak","Upper"
"14360_60","B","UNPA","Uniola paniculata","Seaoats","Lower"
"14360_60","B","PITA","Pinus taeda","Loblolly pine","Upper"
"14360_60","C","MOCE2","Morella cerifera","Wax myrtle","Upper"
"14360_60","C","SAPA","Sabal palmetto","Cabbage palmetto","Upper"
"14360_60","C","CLMAJ","Cladium mariscus ssp. jamaicense","Jamaica swamp sawgrass","Lower"
"14360_60","D","TADI2","Taxodium distichum","Bald cypress","Upper"
"14360_60","D","NYBI","Nyssa biflora","Swamp tupelo","Mid-Upper"
"14360_60","D","PITA","Pinus taeda","Loblolly pine","Upper"
"14360_60","E","QUVI","Quercus virginiana","Live oak","Upper"
"14360_60","E","QULA","Quercus laceyi","Lacey oak","Upper"
"14360_60","E","PITA","Pinus taeda","Loblolly pine","Upper"
"14360_65_66","A","AMBR","Ammophila breviligulata","American beachgrass","Upper"
"14360_65_66","A","SPPA","Spartina patens","Saltmeadow cordgrass","Upper"
"14360_65_66","A","PAAM2","Panicum amarum","Bitter panicgrass","Upper"
"14360_65_66","B","MOPE6","Morella pensylvanica","Northern bayberry","Upper"
"14360_65_66","B","AMBR","Ammophila breviligulata","American beachgrass","Upper"
"14360_65_66","B","HUTO","Hudsonia tomentosa","Woolly beachheather","Lower"
"14360_65_66","C","MOPE6","Morella pensylvanica","Northern bayberry","Upper"
"14360_65_66","C","JUVI","Juniperus virginiana","Eastern redcedar","Upper"
"14360_65_66","C","PIRI","Pinus rigida","Pitch pine","Upper"
"14370_36","A","SCHIZ4","Schizachyrium","Little bluestem","Upper"
"14370_36","A","SCLI11","Schizachyrium littorale","Shore little bluestem","Upper"
"14370_36","A","PANIC","Panicum","Panicgrass","Upper"
"14370_36","A","SPSP","Spartina spartinae","Gulf cordgrass","Upper"
"14370_36","B","SCHIZ4","Schizachyrium","Little bluestem","Upper"
"14370_36","B","SCLI11","Schizachyrium littorale","Shore little bluestem","Upper"
"14370_36","B","PANIC","Panicum","Panicgrass","Upper"
"14370_36","B","SPSP","Spartina spartinae","Gulf cordgrass","Upper"
"14370_36","C","RATIB","Ratibida","Prairie coneflower","Upper"
"14370_36","C","RUDBE","Rudbeckia","Coneflower","Upper"
"14370_36","C","SCHIZ4","Schizachyrium","Little bluestem","Upper"
"14370_36","C","SCLI11","Schizachyrium littorale","Shore little bluestem","Upper"
"14380_36","A","SCSC","Schizachyrium scoparium","Little bluestem","Upper"
"14380_36","A","CHPL2","Chloris pluriflora","Multiflower false rhodes grass","Upper"
"14380_36","A","BOLAT","Bothriochloa laguroides ssp. torreyana","Silver beardgrass","Upper"
"14380_36","A","CHCU2","Chloris cucullata","Hooded windmill grass","Upper"
"14380_36","B","PRGL2","Prosopis glandulosa","Honey mesquite","Upper"
"14380_36","B","OPENL","Opuntia engelmannii var. lindheimeri","Texas pricklypear","Middle"
"14380_36","B","ZAFA","Zanthoxylum fagara","Lime pricklyash","Middle"
"14380_36","B","CEPA8","Celtis pallida","Spiny hackberry","Middle"
"14380_36","C","PRGL2","Prosopis glandulosa","Honey mesquite","Upper"
"14380_36","C","ZAFA","Zanthoxylum fagara","Lime pricklyash","Middle"
"14380_36","C","MATR3","Mahonia trifoliolata","Algerita","Middle"
"14380_36","C","LYBE","Lycium berlandieri","Berlandier's wolfberry","Middle"
"14390_36","A","EBEB","Ebenopsis ebano","Texas ebony","Upper"
"14390_36","A","PRGL2","Prosopis glandulosa","Honey mesquite","Upper"
"14390_36","A","CIBE","Citharexylum berlandieri","Berlandier's fiddlewood","Upper"
"14390_36","A","ACRI","Acacia rigidula","Blackbrush acacia","Upper"
"14400_36","A","SCSC","Schizachyrium scoparium","Little bluestem","Upper"
"14400_36","A","CHPL2","Chloris pluriflora","Multiflower false rhodes grass","Upper"
"14400_36","A","BUDA","Buchloe dactyloides","Buffalograss","Upper"
"14400_36","A","DEVI3","Desmanthus virgatus","Wild tantan","Upper"
"14400_36","B","SCSC","Schizachyrium scoparium","Little bluestem","Upper"
"14400_36","B","CHPL2","Chloris pluriflora","Multiflower false rhodes grass","Upper"
"14400_36","B","BUDA","Buchloe dactyloides","Buffalograss","Upper"
"14400_36","B","DEVI3","Desmanthus virgatus","Wild tantan","Upper"
"14400_36","C","PRGL2","Prosopis glandulosa","Honey mesquite","Upper"
"14400_36","C","QUFU","Quercus fusiformis","Plateau oak","Upper"
"14400_36","C","ACFA","Acacia farnesiana","Sweet acacia","Upper"
"14400_36","C","CEPA8","Celtis pallida","Spiny hackberry","Upper"
"14420_36","A","HELIA3","Helianthus","Sunflower","Upper"
"14420_36","A","FROEL","Froelichia","Snakecotton","Upper"
"14420_36","A","CROTO","Croton","Croton","Upper"
"14420_36","B","SCSC","Schizachyrium scoparium","Little bluestem","Upper"
"14420_36","B","FORBS","<NOT FOUND IN NRCS>","<NOT FOUND IN NRCS>","Mid-Upper"
"14420_36","B","PAPL3","Paspalum plicatulum","Brownseed paspalum","Upper"
"14420_36","B","HECO10","Heteropogon contortus","Tanglehead","Upper"
"14420_36","C","SCSC","Schizachyrium scoparium","Little bluestem","None"
"14420_36","C","SONU2","Sorghastrum nutans","Indiangrass","None"
"14420_36","C","HECO10","Heteropogon contortus","Tanglehead","None"
"14420_36","C","QUVI","Quercus virginiana","Live oak","None"
"14440_41_50_51","A","ALIN2","Alnus incana","Gray alder","Upper"
"14440_41_50_51","A","COSE16","Cornus sericea","Redosier dogwood","Upper"
"14440_41_50_51","B","POBA2","Populus balsamifera","Balsam poplar","Upper"
"14440_41_50_51","B","FRNI","Fraxinus nigra","Black ash","Upper"
"14440_41_50_51","C","FRNI","Fraxinus nigra","Black ash","Upper"
"14440_41_50_51","C","POBA2","Populus balsamifera","Balsam poplar","Upper"
"14440_41_50_51","D","ABBA","Abies balsamea","Balsam fir","Upper"
"14440_41_50_51","D","ACRU","Acer rubrum","Red maple","Upper"
"14440_41_50_51","D","PIMA","Picea mariana","Black spruce","Upper"
"14440_41_50_51","D","POBA2","Populus balsamifera","Balsam poplar","Upper"
"14450_56","A","RHMI7","Rhynchospora microcarpa","Southern beaksedge","Lower"
"14450_56","A","MUCAF","Muhlenbergia capillaris var. filipes","Gulfhairawn muhly","Lower"
"14450_56","A","CLMAJ","Cladium mariscus ssp. jamaicense","Jamaica swamp sawgrass","Lower"
"14450_56","B","TAAS","Taxodium ascendens","Pond cypress","Upper"
"14450_56","B","ACRU","Acer rubrum","Red maple","Lower"
"14450_56","B","SACA5","Salix caroliniana","Coastal plain willow","Lower"
"14450_56","B","COER2","Conocarpus erectus","Button mangrove","Lower"
"14450_56","C","TAAS","Taxodium ascendens","Pond cypress","Upper"
"14450_56","C","RHMI7","Rhynchospora microcarpa","Southern beaksedge","Lower"
"14450_56","C","MUCAF","Muhlenbergia capillaris var. filipes","Gulfhairawn muhly","Lower"
"14450_56","C","CLMAJ","Cladium mariscus ssp. jamaicense","Jamaica swamp sawgrass","Lower"
"14460_56","A","PIELD","Pinus elliottii var. densa","Florida slash pine","Upper"
"14460_56","A","ARBE7","Aristida beyrichiana","Beyrich threeawn","Lower"
"14460_56","A","SERE2","Serenoa repens","Saw palmetto","Lower"
"14460_56","B","PIELD","Pinus elliottii var. densa","Florida slash pine","Upper"
"14460_56","B","SERE2","Serenoa repens","Saw palmetto","Low-Mid"
"14460_56","B","ARBE7","Aristida beyrichiana","Beyrich threeawn","Lower"
"14460_56","C","PIELD","Pinus elliottii var. densa","Florida slash pine","Upper"
"14460_56","C","ARBE7","Aristida beyrichiana","Beyrich threeawn","Lower"
"14460_56","C","SERE2","Serenoa repens","Saw palmetto","Lower"
"14460_56","D","PIELD","Pinus elliottii var. densa","Florida slash pine","Upper"
"14460_56","D","SERE2","Serenoa repens","Saw palmetto","Low-Mid"
"14460_56","D","ARBE7","Aristida beyrichiana","Beyrich threeawn","Lower"
"14460_56","E","PIELD","Pinus elliottii var. densa","Florida slash pine","Upper"
"14460_56","E","SERE2","Serenoa repens","Saw palmetto","Low-Mid"
"14470_56","A","TAAS","Taxodium ascendens","Pond cypress","Upper"
"14470_56","A","PAHE2","Panicum hemitomon","Maidencane","Lower"
"14470_56","A","RHYNC3","Rhynchospora","Beaksedge","Lower"
"14470_56","A","ELEOC","Eleocharis","Spikerush","Lower"
"14470_56","B","TAAS","Taxodium ascendens","Pond cypress","Upper"
"14470_56","B","PEPA37","Persea palustris","Swamp bay","Upper"
"14470_56","B","MAVI2","Magnolia virginiana","Sweetbay","Upper"
"14470_56","B","CHIC","Chrysobalanus icaco","Icaco coco plum","Middle"
"14470_56","C","TAAS","Taxodium ascendens","Pond cypress","Upper"
"14470_56","C","CHIC","Chrysobalanus icaco","Icaco coco plum","Middle"
"14470_56","C","BLSE","Blechnum serrulatum","Toothed midsorus fern","Middle"
"14470_56","C","PAHE2","Panicum hemitomon","Maidencane","Lower"
"14470_56","D","TAAS","Taxodium ascendens","Pond cypress","Upper"
"14470_56","D","BLSE","Blechnum serrulatum","Toothed midsorus fern","Lower"
"14470_56","D","PAHE2","Panicum hemitomon","Maidencane","Lower"
"14470_56","D","CHIC","Chrysobalanus icaco","Icaco coco plum","Middle"
"14470_56","E","TAAS","Taxodium ascendens","Pond cypress","Upper"
"14470_56","E","PEPA37","Persea palustris","Swamp bay","Upper"
"14470_56","E","MAVI2","Magnolia virginiana","Sweetbay","Upper"
"14470_56","E","CHIC","Chrysobalanus icaco","Icaco coco plum","Middle"
"14490_58_60","A","PIPA2","Pinus palustris","Longleaf pine","Upper"
"14490_58_60","A","PISE","Pinus serotina","Pond pine","Upper"
"14490_58_60","A","ARIST","Aristida","Threeawn","Lower"
"14490_58_60","A","ARUND2","Arundinaria","Cane","Lower"
"14490_58_60","B","PIPA2","Pinus palustris","Longleaf pine","Upper"
"14490_58_60","B","PISE","Pinus serotina","Pond pine","Upper"
"14490_58_60","B","QUERC","Quercus","Oak","Mid-Upper"
"14490_58_60","B","ARUND2","Arundinaria","Cane","Lower"
"14490_58_60","C","PIPA2","Pinus palustris","Longleaf pine","Upper"
"14490_58_60","C","PISE","Pinus serotina","Pond pine","Upper"
"14490_58_60","C","ARIST","Aristida","Threeawn","Lower"
"14490_58_60","C","ARUND2","Arundinaria","Cane","Lower"
"14490_58_60","D","PIPA2","Pinus palustris","Longleaf pine","Upper"
"14490_58_60","D","PISE","Pinus serotina","Pond pine","Upper"
"14490_58_60","D","ARIST","Aristida","Threeawn","Lower"
"14490_58_60","D","ARUND2","Arundinaria","Cane","Lower"
"14490_58_60","E","QUERC","Quercus","Oak","Upper"
"14490_58_60","E","PIPA2","Pinus palustris","Longleaf pine","Upper"
"14490_58_60","E","PISE","Pinus serotina","Pond pine","Upper"
"14500_55_58","A","PIPA2","Pinus palustris","Longleaf pine","Upper"
"14500_55_58","A","PIEL","Pinus elliottii","Slash pine","Upper"
"14500_55_58","A","ARBE7","Aristida beyrichiana","Beyrich threeawn","Lower"
"14500_55_58","A","SPORO","Sporobolus","Dropseed","Lower"
"14500_55_58","B","PIPA2","Pinus palustris","Longleaf pine","Upper"
"14500_55_58","B","PIEL","Pinus elliottii","Slash pine","Upper"
"14500_55_58","B","SERE2","Serenoa repens","Saw palmetto","Low-Mid"
"14500_55_58","B","MOCE2","Morella cerifera","Wax myrtle","Low-Mid"
"14500_55_58","C","PIPA2","Pinus palustris","Longleaf pine","Upper"
"14500_55_58","C","PIEL","Pinus elliottii","Slash pine","Upper"
"14500_55_58","C","SERE2","Serenoa repens","Saw palmetto","Low-Mid"
"14500_55_58","C","ARBE7","Aristida beyrichiana","Beyrich threeawn","Lower"
"14500_55_58","D","PIPA2","Pinus palustris","Longleaf pine","Upper"
"14500_55_58","D","PIEL","Pinus elliottii","Slash pine","Upper"
"14500_55_58","D","SERE2","Serenoa repens","Saw palmetto","Low-Mid"
"14500_55_58","D","ARBE7","Aristida beyrichiana","Beyrich threeawn","Lower"
"14500_55_58","E","QUERC","Quercus","Oak","Mid-Upper"
"14500_55_58","E","PIPA2","Pinus palustris","Longleaf pine","Upper"
"14500_55_58","E","PIEL","Pinus elliottii","Slash pine","Upper"
"14500_55_58","E","MOCE2","Morella cerifera","Wax myrtle","Low-Mid"
"14510_37_98","A","PIPA2","Pinus palustris","Longleaf pine","Upper"
"14510_37_98","A","ANVI2","Andropogon virginicus","Broomsedge bluestem","Upper"
"14510_37_98","A","SCSC","Schizachyrium scoparium","Little bluestem","Upper"
"14510_37_98","B","PIPA2","Pinus palustris","Longleaf pine","Upper"
"14510_37_98","B","CYRA","Cyrilla racemiflora","Swamp titi","Low-Mid"
"14510_37_98","B","SCSC","Schizachyrium scoparium","Little bluestem","Lower"
"14510_37_98","B","ILVO","Ilex vomitoria","Yaupon","Low-Mid"
"14510_37_98","C","PIPA2","Pinus palustris","Longleaf pine","Upper"
"14510_37_98","C","ANVI2","Andropogon virginicus","Broomsedge bluestem","Lower"
"14510_37_98","C","SCSC","Schizachyrium scoparium","Little bluestem","Lower"
"14510_37_98","D","PIPA2","Pinus palustris","Longleaf pine","Upper"
"14510_37_98","D","ANVI2","Andropogon virginicus","Broomsedge bluestem","Lower"
"14510_37_98","D","SCSC","Schizachyrium scoparium","Little bluestem","Lower"
"14510_37_98","E","PIPA2","Pinus palustris","Longleaf pine","Upper"
"14510_37_98","E","LIST","Linum striatum","Ridged yellow flax","Mid-Upper"
"14510_37_98","E","ILVO","Ilex vomitoria","Yaupon","Low-Mid"
"14510_37_98","E","NYSY","Nyssa sylvatica","Blackgum","Mid-Upper"
"14520_58_60","A","CAST41","Carex striata","Walter's sedge","Upper"
"14520_58_60","A","CHAMA5","Chamaedaphne","Leatherleaf","Upper"
"14520_58_60","A","WOVI","Woodwardia virginica","Virginia chainfern","Upper"
"14520_58_60","A","ARGIT8","Arundinaria gigantea ssp. tecta","Switchcane","Upper"
"14520_58_60","B","ILGL","Ilex glabra","Inkberry","Low-Mid"
"14520_58_60","B","GOLA","Gordonia lasianthus","Loblolly bay","Middle"
"14520_58_60","B","MAVI2","Magnolia virginiana","Sweetbay","Middle"
"14520_58_60","B","PISE","Pinus serotina","Pond pine","Upper"
"14520_58_60","C","ZEPU3","Zenobia pulverulenta","Honeycup","Upper"
"14520_58_60","C","ARGIT8","Arundinaria gigantea ssp. tecta","Switchcane","Upper"
"14520_58_60","C","CAST41","Carex striata","Walter's sedge","Lower"
"14520_58_60","C","PISE","Pinus serotina","Pond pine","Upper"
"14520_58_60","D","PISE","Pinus serotina","Pond pine","Upper"
"14520_58_60","D","CYRA","Cyrilla racemiflora","Swamp titi","Middle"
"14520_58_60","D","ZENOB","Zenobia","Honeycup","Middle"
"14520_58_60","D","ARGI","Arundinaria gigantea","Giant cane","Middle"
"14520_58_60","E","PISE","Pinus serotina","Pond pine","Upper"
"14520_58_60","E","MAVI2","Magnolia virginiana","Sweetbay","Mid-Upper"
"14520_58_60","E","PEPA37","Persea palustris","Swamp bay","Mid-Upper"
"14520_58_60","E","GALA","Galeopsis ladanum","Red hempnettle","Mid-Upper"
"14530_55_56","A","PIPA2","Pinus palustris","Longleaf pine","Upper"
"14530_55_56","A","PIEL","Pinus elliottii","Slash pine","Upper"
"14530_55_56","A","ARBE7","Aristida beyrichiana","Beyrich threeawn","Lower"
"14530_55_56","A","ILGL","Ilex glabra","Inkberry","Low-Mid"
"14530_55_56","B","PIPA2","Pinus palustris","Longleaf pine","Upper"
"14530_55_56","B","PIEL","Pinus elliottii","Slash pine","Upper"
"14530_55_56","B","QUERC","Quercus","Oak","Middle"
"14530_55_56","B","LYONI","Lyonia","Staggerbush","Middle"
"14530_55_56","C","PIPA2","Pinus palustris","Longleaf pine","Upper"
"14530_55_56","C","PIEL","Pinus elliottii","Slash pine","Upper"
"14530_55_56","C","SERE2","Serenoa repens","Saw palmetto","Low-Mid"
"14530_55_56","C","ARBE7","Aristida beyrichiana","Beyrich threeawn","Lower"
"14530_55_56","D","PIPA2","Pinus palustris","Longleaf pine","Upper"
"14530_55_56","D","PIEL","Pinus elliottii","Slash pine","Upper"
"14530_55_56","D","SERE2","Serenoa repens","Saw palmetto","Low-Mid"
"14530_55_56","D","ARBE7","Aristida beyrichiana","Beyrich threeawn","Lower"
"14530_55_56","E","QUERC","Quercus","Oak","Upper"
"14530_55_56","E","PIPA2","Pinus palustris","Longleaf pine","Upper"
"14540_55_56_99","A","PIPA2","Pinus palustris","Longleaf pine","Upper"
"14540_55_56_99","A","ILGL","Ilex glabra","Inkberry","Lower"
"14540_55_56_99","A","ILVO","Ilex vomitoria","Yaupon","Lower"
"14540_55_56_99","B","PIPA2","Pinus palustris","Longleaf pine","Upper"
"14540_55_56_99","B","ILGL","Ilex glabra","Inkberry","Low-Mid"
"14540_55_56_99","B","ILVO","Ilex vomitoria","Yaupon","Low-Mid"
"14540_55_56_99","C","PIPA2","Pinus palustris","Longleaf pine","Upper"
"14540_55_56_99","C","ILGL","Ilex glabra","Inkberry","Low-Mid"
"14540_55_56_99","C","ILVO","Ilex vomitoria","Yaupon","Low-Mid"
"14540_55_56_99","D","PIPA2","Pinus palustris","Longleaf pine","Upper"
"14540_55_56_99","D","ILGL","Ilex glabra","Inkberry","Low-Mid"
"14540_55_56_99","D","ILVO","Ilex vomitoria","Yaupon","Low-Mid"
"14540_55_56_99","E","PIPA2","Pinus palustris","Longleaf pine","Upper"
"14540_55_56_99","E","QUERC","Quercus","Oak","Mid-Upper"
"14540_55_56_99","E","ILGL","Ilex glabra","Inkberry","Middle"
"14540_55_56_99","E","ILVO","Ilex vomitoria","Yaupon","Middle"
"14550_46_99","A","PITA","Pinus taeda","Loblolly pine","Upper"
"14550_46_99","A","QUPH","Quercus phellos","Willow oak","Mid-Upper"
"14550_46_99","A","LIST2","Liquidambar styraciflua","Sweetgum","Upper"
"14550_46_99","A","LITU","Liriodendron tulipifera","Tuliptree","Upper"
"14550_46_99","B","PITA","Pinus taeda","Loblolly pine","Upper"
"14550_46_99","B","QUPH","Quercus phellos","Willow oak","Mid-Upper"
"14550_46_99","B","QUFA","Quercus falcata","Southern red oak","Mid-Upper"
"14550_46_99","B","LIST2","Liquidambar styraciflua","Sweetgum","Mid-Upper"
"14550_46_99","C","PITA","Pinus taeda","Loblolly pine","Upper"
"14550_46_99","C","QUPH","Quercus phellos","Willow oak","Mid-Upper"
"14550_46_99","C","QUFA","Quercus falcata","Southern red oak","Mid-Upper"
"14550_46_99","C","LIST2","Liquidambar styraciflua","Sweetgum","Mid-Upper"
"14550_46_99","D","PITA","Pinus taeda","Loblolly pine","Upper"
"14550_46_99","D","QUBI","Quercus bicolor","Swamp white oak","Mid-Upper"
"14550_46_99","D","QUFA","Quercus falcata","Southern red oak","Upper"
"14550_46_99","D","LITU","Liriodendron tulipifera","Tuliptree","Mid-Upper"
"14550_46_99","E","PITA","Pinus taeda","Loblolly pine","Upper"
"14550_46_99","E","QUBI","Quercus bicolor","Swamp white oak","Upper"
"14550_46_99","E","QUFA","Quercus falcata","Southern red oak","Upper"
"14550_46_99","E","LITU","Liriodendron tulipifera","Tuliptree","Mid-Upper"
"14570_47_48","A","QUST","Quercus stellata","Post oak","Low-Mid"
"14570_47_48","A","QUPA5","Quercus pagoda","Cherrybark oak","Low-Mid"
"14570_47_48","A","ANGE","Andropogon gerardii","Big bluestem","Low-Mid"
"14570_47_48","A","CHASM","Chasmanthium","Woodoats","Lower"
"14570_47_48","B","QUPA5","Quercus pagoda","Cherrybark oak","Upper"
"14570_47_48","B","CAOV2","Carya ovata","Shagbark hickory","Upper"
"14570_47_48","B","CHASM","Chasmanthium","Woodoats","Lower"
"14570_47_48","B","CAREX","Carex","Sedge","Lower"
"14570_47_48","C","QUST","Quercus stellata","Post oak","Upper"
"14570_47_48","C","QUPA5","Quercus pagoda","Cherrybark oak","Upper"
"14570_47_48","C","ANGE","Andropogon gerardii","Big bluestem","Lower"
"14570_47_48","C","CHASM","Chasmanthium","Woodoats","Lower"
"14570_47_48","D","QUST","Quercus stellata","Post oak","Upper"
"14570_47_48","D","QUPA5","Quercus pagoda","Cherrybark oak","Upper"
"14570_47_48","D","ANGE","Andropogon gerardii","Big bluestem","Lower"
"14570_47_48","D","CHASM","Chasmanthium","Woodoats","Lower"
"14570_47_48","E","QUPA5","Quercus pagoda","Cherrybark oak","Upper"
"14570_47_48","E","CAOV2","Carya ovata","Shagbark hickory","Upper"
"14570_47_48","E","CHASM","Chasmanthium","Woodoats","Lower"
"14570_47_48","E","CAREX","Carex","Sedge","Lower"
"14570_49","A","QUPA2","Quercus palustris","Pin oak","Upper"
"14570_49","A","QUPA5","Quercus pagoda","Cherrybark oak","Upper"
"14570_49","A","ILDE","Ilex decidua","Possumhaw","Middle"
"14570_49","A","TORA2","Toxicodendron radicans","Eastern poison ivy","Lower"
"14570_49","B","QUPA2","Quercus palustris","Pin oak","Upper"
"14570_49","B","QUPA5","Quercus pagoda","Cherrybark oak","Upper"
"14570_49","B","ULAM","Ulmus americana","American elm","Upper"
"14570_49","B","ACRU","Acer rubrum","Red maple","Mid-Upper"
"14570_49","C","QUPA2","Quercus palustris","Pin oak","Upper"
"14570_49","C","QUPA5","Quercus pagoda","Cherrybark oak","Upper"
"14570_49","C","ULAM","Ulmus americana","American elm","Upper"
"14570_49","C","ACRU","Acer rubrum","Red maple","Upper"
"14580_37_44_45_98","A","PITA","Pinus taeda","Loblolly pine","Upper"
"14580_37_44_45_98","A","QUPH","Quercus phellos","Willow oak","Mid-Upper"
"14580_37_44_45_98","A","QUFA","Quercus falcata","Southern red oak","Mid-Upper"
"14580_37_44_45_98","A","QUNI","Quercus nigra","Water oak","Mid-Upper"
"14580_37_44_45_98","B","PITA","Pinus taeda","Loblolly pine","Upper"
"14580_37_44_45_98","B","QUPH","Quercus phellos","Willow oak","Mid-Upper"
"14580_37_44_45_98","B","QUFA","Quercus falcata","Southern red oak","Mid-Upper"
"14580_37_44_45_98","B","QUNI","Quercus nigra","Water oak","Mid-Upper"
"14580_37_44_45_98","C","PITA","Pinus taeda","Loblolly pine","Upper"
"14580_37_44_45_98","C","QUST","Quercus stellata","Post oak","Lower"
"14580_37_44_45_98","C","QUFA","Quercus falcata","Southern red oak","Lower"
"14580_37_44_45_98","C","QUNI","Quercus nigra","Water oak","Lower"
"14580_37_44_45_98","D","PITA","Pinus taeda","Loblolly pine","Upper"
"14580_37_44_45_98","D","QUST","Quercus stellata","Post oak","Lower"
"14580_37_44_45_98","D","QUFA","Quercus falcata","Southern red oak","Lower"
"14580_37_44_45_98","D","PIEC2","Pinus echinata","Shortleaf pine","Mid-Upper"
"14580_37_44_45_98","E","PITA","Pinus taeda","Loblolly pine","Upper"
"14580_37_44_45_98","E","QUST","Quercus stellata","Post oak","Mid-Upper"
"14580_37_44_45_98","E","QUFA","Quercus falcata","Southern red oak","Mid-Upper"
"14580_37_44_45_98","E","QUNI","Quercus nigra","Water oak","Mid-Upper"
"14590_58","A","WOVI","Woodwardia virginica","Virginia chainfern","Lower"
"14590_58","A","ANVI2","Andropogon virginicus","Broomsedge bluestem","Lower"
"14590_58","A","PAHE2","Panicum hemitomon","Maidencane","Lower"
"14590_58","A","PAVE2","Panicum verrucosum","Warty panicgrass","Lower"
"14590_58","B","TAAS","Taxodium ascendens","Pond cypress","Upper"
"14590_58","B","WOVI","Woodwardia virginica","Virginia chainfern","Lower"
"14590_58","B","ANVI2","Andropogon virginicus","Broomsedge bluestem","Lower"
"14590_58","B","PAHE2","Panicum hemitomon","Maidencane","Lower"
"14590_58","C","TAAS","Taxodium ascendens","Pond cypress","Upper"
"14590_58","C","PITA","Pinus taeda","Loblolly pine","Upper"
"14590_58","C","ACRU","Acer rubrum","Red maple","Mid-Upper"
"14590_58","C","NYBI","Nyssa biflora","Swamp tupelo","Mid-Upper"
"14600_55_56_99","A","TAAS","Taxodium ascendens","Pond cypress","Upper"
"14600_55_56_99","A","PANIC","Panicum","Panicgrass","Lower"
"14600_55_56_99","A","RHYNC3","Rhynchospora","Beaksedge","Lower"
"14600_55_56_99","A","ELEOC","Eleocharis","Spikerush","Lower"
"14600_55_56_99","B","TAAS","Taxodium ascendens","Pond cypress","Upper"
"14600_55_56_99","B","NYSY","Nyssa sylvatica","Blackgum","Mid-Upper"
"14600_55_56_99","B","PIEL","Pinus elliottii","Slash pine","Mid-Upper"
"14600_55_56_99","B","MOCE2","Morella cerifera","Wax myrtle","Low-Mid"
"14600_55_56_99","C","TAAS","Taxodium ascendens","Pond cypress","Upper"
"14600_55_56_99","C","WOVI","Woodwardia virginica","Virginia chainfern","Lower"
"14600_55_56_99","C","SACE","Saururus cernuus","Lizard's tail","Lower"
"14600_55_56_99","C","SPHAG2","Sphagnum","Sphagnum","Lower"
"14600_55_56_99","D","TAAS","Taxodium ascendens","Pond cypress","Upper"
"14600_55_56_99","D","WOVI","Woodwardia virginica","Virginia chainfern","Lower"
"14600_55_56_99","D","SACE","Saururus cernuus","Lizard's tail","Lower"
"14600_55_56_99","D","SPHAG2","Sphagnum","Sphagnum","Lower"
"14600_55_56_99","E","TAAS","Taxodium ascendens","Pond cypress","Upper"
"14600_55_56_99","E","NYSY","Nyssa sylvatica","Blackgum","Upper"
"14600_55_56_99","E","MAVI2","Magnolia virginiana","Sweetbay","Upper"
"14600_55_56_99","E","GOLA","Gordonia lasianthus","Loblolly bay","Upper"
"14610_46_55_56_99","A","MAVI2","Magnolia virginiana","Sweetbay","Upper"
"14610_46_55_56_99","A","NYBI","Nyssa biflora","Swamp tupelo","Upper"
"14610_46_55_56_99","A","PEPA37","Persea palustris","Swamp bay","Upper"
"14610_46_55_56_99","A","CYRA","Cyrilla racemiflora","Swamp titi","Upper"
"14610_46_55_56_99","B","MAVI2","Magnolia virginiana","Sweetbay","Upper"
"14610_46_55_56_99","B","NYBI","Nyssa biflora","Swamp tupelo","Upper"
"14610_46_55_56_99","B","PEPA37","Persea palustris","Swamp bay","Upper"
"14610_46_55_56_99","B","CYRA","Cyrilla racemiflora","Swamp titi","Low-Mid"
"14610_46_55_56_99","C","MAVI2","Magnolia virginiana","Sweetbay","Upper"
"14610_46_55_56_99","C","NYBI","Nyssa biflora","Swamp tupelo","Upper"
"14610_46_55_56_99","C","CYRA","Cyrilla racemiflora","Swamp titi","Low-Mid"
"14610_46_55_56_99","C","CLMO2","Cliftonia monophylla","Buckwheat tree","Low-Mid"
"14610_46_55_56_99","D","MAVI2","Magnolia virginiana","Sweetbay","Upper"
"14610_46_55_56_99","D","NYBI","Nyssa biflora","Swamp tupelo","Upper"
"14610_46_55_56_99","D","CYRA","Cyrilla racemiflora","Swamp titi","Lower"
"14610_46_55_56_99","D","CLMO2","Cliftonia monophylla","Buckwheat tree","Lower"
"14610_46_55_56_99","E","MAVI2","Magnolia virginiana","Sweetbay","Upper"
"14610_46_55_56_99","E","NYBI","Nyssa biflora","Swamp tupelo","Upper"
"14610_46_55_56_99","E","PIEL","Pinus elliottii","Slash pine","Upper"
"14610_46_55_56_99","E","PEPA37","Persea palustris","Swamp bay","Upper"
"14660_49","A","JUAR2","Juncus arcticus","Arctic rush","Lower"
"14660_49","A","JUAR4","Juncus articulatus","Jointleaf rush","Lower"
"14660_49","A","CAVI5","Carex viridula","Little green sedge","Lower"
"14660_49","A","ARAN7","Argentina anserina","Silverweed cinquefoil","Lower"
"14660_49","B","JUAR2","Juncus arcticus","Arctic rush","Lower"
"14660_49","B","JUAR4","Juncus articulatus","Jointleaf rush","Lower"
"14660_49","B","CAVI5","Carex viridula","Little green sedge","Lower"
"14660_49","B","ARAN7","Argentina anserina","Silverweed cinquefoil","Lower"
"14660_49","C","PODE3","Populus deltoides","Eastern cottonwood","Upper"
"14660_49","C","AMELA","Amelanchier","Serviceberry","Low-Mid"
"14660_49","C","SALIX","Salix","Willow","Middle"
"14660_49","C","MOPE6","Morella pensylvanica","Northern bayberry","Low-Mid"
"14660_50_51","A","AMBR","Ammophila breviligulata","American beachgrass","Lower"
"14660_50_51","A","CALO","Calamovilfa longifolia","Prairie sandreed","Lower"
"14660_50_51","A","POBA2","Populus balsamifera","Balsam poplar","Upper"
"14660_50_51","A","SALIX","Salix","Willow","Middle"
"14660_50_51","B","JUNCU","Juncus","Rush","Lower"
"14660_50_51","B","ELAC","Eleocharis acicularis","Needle spikerush","Lower"
"14660_50_51","B","SCAM6","Schoenoplectus americanus","Chairmaker's bulrush","Lower"
"14660_50_51","B","CLMA","Cladium mariscoides","Smooth sawgrass","Lower"
"14660_50_51","C","PIBA2","Pinus banksiana","Jack pine","Upper"
"14660_50_51","C","JUCO6","Juniperus communis","Common juniper","Low-Mid"
"14660_50_51","C","PTAQ","Pteridium aquilinum","Western brackenfern","Lower"
"14660_50_51","C","PIRE","Pinus resinosa","Red pine","Upper"
"14660_50_51","D","THOC2","Thuja occidentalis","Arborvitae","Upper"
"14660_50_51","D","ACRU","Acer rubrum","Red maple","Lower"
"14660_50_51","D","ALINR","Alnus incana ssp. rugosa","Speckled alder","Upper"
"14660_50_51","D","CAREX","Carex","Sedge","Mid-Upper"
"14670_36","A","CLDR","Clematis drummondii","Drummond's clematis","Upper"
"14670_36","A","ECCRC2","Echinochloa crus-pavonis var. crus-pavonis","Gulf cockspur grass","Upper"
"14670_36","A","ELEOC","Eleocharis","Spikerush","Upper"
"14670_36","A","SIPI","Siphonoglossa pilosella","Hairy tubetongue","Upper"
"14670_36","B","MIPI","Mimosa pigra","Black mimosa","Upper"
"14670_36","B","PAAC3","Parkinsonia aculeata","Jerusalem thorn","Upper"
"14670_36","B","ACFA","Acacia farnesiana","Sweet acacia","Upper"
"14670_36","B","SANI","Salix nigra","Black willow","Upper"
"14670_36","C","CELA","Celtis laevigata","Sugarberry","Upper"
"14670_36","C","SANI","Salix nigra","Black willow","Middle"
"14670_36","C","PAAC3","Parkinsonia aculeata","Jerusalem thorn","Middle"
"14670_36","C","LIAL","Lippia alba","Bushy lippia","Low-Mid"
"14680_46_55_58_99","A","LYLU3","Lyonia lucida","Fetterbush lyonia","Low-Mid"
"14680_46_55_58_99","A","ARGIT8","Arundinaria gigantea ssp. tecta","Switchcane","Low-Mid"
"14680_46_55_58_99","A","PISE","Pinus serotina","Pond pine","Low-Mid"
"14680_46_55_58_99","B","PISE","Pinus serotina","Pond pine","Mid-Upper"
"14680_46_55_58_99","B","MAVI2","Magnolia virginiana","Sweetbay","Mid-Upper"
"14680_46_55_58_99","B","NYBI","Nyssa biflora","Swamp tupelo","Mid-Upper"
"14680_46_55_58_99","C","PISE","Pinus serotina","Pond pine","Mid-Upper"
"14680_46_55_58_99","C","MAVI2","Magnolia virginiana","Sweetbay","Mid-Upper"
"14680_46_55_58_99","D","PISE","Pinus serotina","Pond pine","Upper"
"14680_46_55_58_99","D","MAVI2","Magnolia virginiana","Sweetbay","Upper"
"14680_46_55_58_99","E","NYBI","Nyssa biflora","Swamp tupelo","Upper"
"14680_46_55_58_99","E","MAVI2","Magnolia virginiana","Sweetbay","Upper"
"14680_60","A","LYLU3","Lyonia lucida","Fetterbush lyonia","Low-Mid"
"14680_60","A","ARGIT8","Arundinaria gigantea ssp. tecta","Switchcane","Low-Mid"
"14680_60","A","PISE","Pinus serotina","Pond pine","Low-Mid"
"14680_60","B","PISE","Pinus serotina","Pond pine","Mid-Upper"
"14680_60","B","MAVI2","Magnolia virginiana","Sweetbay","Mid-Upper"
"14680_60","B","NYBI","Nyssa biflora","Swamp tupelo","Mid-Upper"
"14680_60","C","PISE","Pinus serotina","Pond pine","Mid-Upper"
"14680_60","C","MAVI2","Magnolia virginiana","Sweetbay","Mid-Upper"
"14680_60","D","PISE","Pinus serotina","Pond pine","Upper"
"14680_60","D","MAVI2","Magnolia virginiana","Sweetbay","Upper"
"14680_60","E","NYBI","Nyssa biflora","Swamp tupelo","Upper"
"14680_60","E","MAVI2","Magnolia virginiana","Sweetbay","Upper"
"14690_31_39_40_43","A","PODE3","Populus deltoides","Eastern cottonwood","Upper"
"14690_31_39_40_43","A","SAAM2","Salix amygdaloides","Peachleaf willow","Upper"
"14690_31_39_40_43","A","SALU2","Salix lutea","Yellow willow","Upper"
"14690_31_39_40_43","A","SCHOE6","Schoenoplectus","Bulrush","Low-Mid"
"14690_31_39_40_43","B","PODE3","Populus deltoides","Eastern cottonwood","Upper"
"14690_31_39_40_43","B","SAAM2","Salix amygdaloides","Peachleaf willow","Mid-Upper"
"14690_31_39_40_43","B","SALU2","Salix lutea","Yellow willow","Middle"
"14690_31_39_40_43","B","FRPE","Fraxinus pennsylvanica","Green ash","Low-Mid"
"14690_31_39_40_43","C","PODE3","Populus deltoides","Eastern cottonwood","Upper"
"14690_31_39_40_43","C","ACSA2","Acer saccharinum","Silver maple","Mid-Upper"
"14690_31_39_40_43","C","FRPE","Fraxinus pennsylvanica","Green ash","Low-Mid"
"14690_31_39_40_43","C","ULAM","Ulmus americana","American elm","Middle"
"14690_31_39_40_43","D","FRPE","Fraxinus pennsylvanica","Green ash","Middle"
"14690_31_39_40_43","D","ACNE2","Acer negundo","Boxelder","Middle"
"14690_31_39_40_43","D","PODE3","Populus deltoides","Eastern cottonwood","Upper"
"14690_31_39_40_43","D","ACSA2","Acer saccharinum","Silver maple","Upper"
"14690_38_42_49","A","PODE3","Populus deltoides","Eastern cottonwood","Upper"
"14690_38_42_49","A","SAAM2","Salix amygdaloides","Peachleaf willow","Upper"
"14690_38_42_49","A","SAIN3","Salix interior","Sandbar willow","Upper"
"14690_38_42_49","A","SCHOE6","Schoenoplectus","Bulrush","Low-Mid"
"14690_38_42_49","B","PODE3","Populus deltoides","Eastern cottonwood","Upper"
"14690_38_42_49","B","SAAM2","Salix amygdaloides","Peachleaf willow","Mid-Upper"
"14690_38_42_49","B","SAIN3","Salix interior","Sandbar willow","Middle"
"14690_38_42_49","B","FRPE","Fraxinus pennsylvanica","Green ash","Low-Mid"
"14690_38_42_49","C","PODE3","Populus deltoides","Eastern cottonwood","Upper"
"14690_38_42_49","C","ACSA2","Acer saccharinum","Silver maple","Mid-Upper"
"14690_38_42_49","C","FRPE","Fraxinus pennsylvanica","Green ash","Low-Mid"
"14690_38_42_49","C","ULAM","Ulmus americana","American elm","Middle"
"14690_38_42_49","D","FRPE","Fraxinus pennsylvanica","Green ash","Middle"
"14690_38_42_49","D","ACNE2","Acer negundo","Boxelder","Middle"
"14690_38_42_49","D","PODE3","Populus deltoides","Eastern cottonwood","Upper"
"14690_38_42_49","D","ACSA2","Acer saccharinum","Silver maple","Upper"
"14700_56","A","SPART","Spartina alterniflora","Cordgrass","Lower"
"14700_56","A","JURO","Juncus roemerianus","Needlegrass rush","Lower"
"14700_56","A","CLMAJ","Cladium mariscus ssp. jamaicense","Jamaica swamp sawgrass","Low-Mid"
"14700_56","A","LARA2","Avicennia germinans","Black mangrove","Upper"
"14700_56","B","AVGE","Avicennia germinans","Black mangrove","Upper"
"14700_56","B","LARA2","Laguncularia racemosa","White mangrove","Upper"
"14700_56","B","RHMA2","Rhizophora mangle","American mangrove","Upper"
"14700_56","B","CONOC","Conocarpus","Mangrove","Upper"
"14700_56","C","AVGE","Avicennia germinans","Black mangrove","Upper"
"14700_56","C","LARA2","Laguncularia racemose","White mangrove","Upper"
"14700_56","C","RHMA2","Rhizophora mangle","American mangrove","Upper"
"14700_56","C","CONOC","Conocarpus","Mangrove","Upper"
"14700_56","D","AVGE","Avicennia germinans","Black mangrove","Upper"
"14700_56","D","LARA2","Laguncularia racemosa","White mangrove","Upper"
"14700_56","D","RHMA2","Rhizophora mangle","American mangrove","Upper"
"14700_56","D","CONOC","Conocarpus","Mangrove","Upper"
"14700_56","E","AVGE","Avicennia germinans","Black mangrove","Upper"
"14700_56","E","LARA2","Laguncularia racemosa","White mangrove","Upper"
"14700_56","E","RHMA2","Rhizophora mangle","American mangrove","Upper"
"14700_56","E","CONOC","Conocarpus","Mangrove","Upper"
"14710_32_35","A","ACNE2","Acer negundo","Boxelder","Middle"
"14710_32_35","A","SANI","Salix nigra","Black willow","Middle"
"14710_32_35","A","TORA2","Toxicodendron radicans","Eastern poison ivy","Low-Mid"
"14710_32_35","A","CHLA5","Chasmanthium latifolium","Indian woodoats","Lower"
"14710_32_35","B","ULRU","Ulmus rubra","Slippery elm","Upper"
"14710_32_35","B","FRPE","Fraxinus pennsylvanica","Green ash","Upper"
"14710_32_35","B","QUSH","Quercus shumardii","Shumard's oak","Middle"
"14710_32_35","B","SYOC","Symphoricarpos occidentalis","Western snowberry","Lower"
"14710_41_50","A","PODE3","Populus deltoides","Eastern cottonwood","Upper"
"14710_41_50","A","SALIX","Salix","Willow","Upper"
"14710_41_50","B","SALIX","Salix","Willow","Mid-Upper"
"14710_41_50","B","PLOC","Platanus occidentalis","American sycamore","Upper"
"14710_41_50","B","PODE3","Populus deltoides","Eastern cottonwood","Upper"
"14710_41_50","C","PLOC","Platanus occidentalis","American sycamore","Upper"
"14710_41_50","C","PODE3","Populus deltoides","Eastern cottonwood","Upper"
"14710_41_50","C","ACNE2","Acer negundo","Boxelder","Upper"
"14710_41_50","C","ACSA2","Acer saccharinum","Silver maple","Upper"
"14710_41_50","D","ACSA2","Acer saccharinum","Silver maple","Upper"
"14710_41_50","D","JUNI","Juglans nigra","Black walnut","Upper"
"14710_41_50","D","FRPE","Fraxinus pennsylvanica","Green ash","Upper"
"14710_41_50","D","QUPA2","Quercus palustris","Pin oak","Upper"
"14710_42_43","A","POLYG","Polygala","Polygala","Upper"
"14710_42_43","A","AMBRO","Ambrosia","Ragweed","Upper"
"14710_42_43","A","BIDEN","Bidens","Beggarticks","Upper"
"14710_42_43","B","SALIX","Salix","Willow","Upper"
"14710_42_43","B","FRPE","Fraxinus pennsylvanica","Green ash","Upper"
"14710_42_43","B","PODE3","Populus deltoides","Eastern cottonwood","Upper"
"14710_42_43","C","FRPE","Fraxinus pennsylvanica","Green ash","Upper"
"14710_42_43","C","PODE3","Populus deltoides","Eastern cottonwood","Upper"
"14710_42_43","C","SALIX","Salix","Willow","Mid-Upper"
"14710_42_43","D","PODE3","Populus deltoides","Eastern cottonwood","None"
"14710_42_43","D","FRPE","Fraxinus pennsylvanica","Green ash","None"
"14710_42_43","D","BENI","Betula nigra","River birch","None"
"14710_44","A","POLYG","Polygala","Polygala","Upper"
"14710_44","A","AMBRO","Ambrosia","Ragweed","Upper"
"14710_44","A","BIDEN","Bidens","Beggarticks","Upper"
"14710_44","B","SALIX","Salix","Willow","Upper"
"14710_44","B","FRPE","Fraxinus pennsylvanica","Green ash","Upper"
"14710_44","B","PODE3","Populus deltoides","Eastern cottonwood","Upper"
"14710_44","C","FRPE","Fraxinus pennsylvanica","Green ash","Upper"
"14710_44","C","PODE3","Populus deltoides","Eastern cottonwood","Upper"
"14710_44","C","SALIX","Salix","Willow","Mid-Upper"
"14710_44","D","PODE3","Populus deltoides","Eastern cottonwood","None"
"14710_44","D","FRPE","Fraxinus pennsylvanica","Green ash","None"
"14710_44","D","BENI","Betula nigra","River birch","None"
"14710_47_48_53_54_57_59_60_61_63","A","ACRU","Acer rubrum","Red maple","All"
"14710_47_48_53_54_57_59_60_61_63","A","LIST2","Liquidambar styraciflua","Sweetgum","All"
"14710_47_48_53_54_57_59_60_61_63","A","FRPE","Fraxinus pennsylvanica","Green ash","All"
"14710_47_48_53_54_57_59_60_61_63","B","ACRU","Acer rubrum","Red maple","Upper"
"14710_47_48_53_54_57_59_60_61_63","B","LIST2","Liquidambar styraciflua","Sweetgum","Upper"
"14710_47_48_53_54_57_59_60_61_63","B","BENI","Betula nigra","River birch","Upper"
"14710_47_48_53_54_57_59_60_61_63","B","CELA","Celtis laevigata","Sugarberry","Upper"
"14710_47_48_53_54_57_59_60_61_63","C","PLOC","Platanus occidentalis","American sycamore","Upper"
"14710_47_48_53_54_57_59_60_61_63","C","CELA","Celtis laevigata","Sugarberry","Upper"
"14710_47_48_53_54_57_59_60_61_63","C","FAGR","Fagus grandifolia","American beech","Upper"
"14710_47_48_53_54_57_59_60_61_63","C","BENI","Betula nigra","River birch","Upper"
"14710_47_48_53_54_57_59_60_61_63","D","PLOC","Platanus occidentalis","American sycamore","Upper"
"14710_47_48_53_54_57_59_60_61_63","D","CELA","Celtis laevigata","Sugarberry","Upper"
"14710_47_48_53_54_57_59_60_61_63","D","FAGR","Fagus grandifolia","American beech","Upper"
"14710_47_48_53_54_57_59_60_61_63","D","BENI","Betula nigra","River birch","Upper"
"14710_47_48_53_54_57_59_60_61_63","E","PLOC","Platanus occidentalis","American sycamore","Upper"
"14710_47_48_53_54_57_59_60_61_63","E","CELA","Celtis laevigata","Sugarberry","Upper"
"14710_47_48_53_54_57_59_60_61_63","E","FAGR","Fagus grandifolia","American beech","Upper"
"14710_47_48_53_54_57_59_60_61_63","E","BENI","Betula nigra","River birch","Upper"
"14710_49_52","A","PODE3","Populus deltoides","Eastern cottonwood","Upper"
"14710_49_52","A","SALIX","Salix","Willow","Upper"
"14710_49_52","B","SALIX","Salix","Willow","Mid-Upper"
"14710_49_52","B","PLOC","Platanus occidentalis","American sycamore","Upper"
"14710_49_52","B","PODE3","Populus deltoides","Eastern cottonwood","Upper"
"14710_49_52","C","PLOC","Platanus occidentalis","American sycamore","Upper"
"14710_49_52","C","PODE3","Populus deltoides","Eastern cottonwood","Upper"
"14710_49_52","C","ACNE2","Acer negundo","Boxelder","Upper"
"14710_49_52","C","ACSA2","Acer saccharinum","Silver maple","Upper"
"14710_49_52","D","ACSA2","Acer saccharinum","Silver maple","Upper"
"14710_49_52","D","JUNI","Juglans nigra","Black walnut","Upper"
"14710_49_52","D","FRPE","Fraxinus pennsylvanica","Green ash","Upper"
"14710_49_52","D","QUPA2","Quercus palustris","Pin oak","Upper"
"14710_51_62","A","PODE3","Populus deltoides","Eastern cottonwood","Upper"
"14710_51_62","A","SALIX","Salix","Willow","Upper"
"14710_51_62","B","SALIX","Salix","Willow","Mid-Upper"
"14710_51_62","B","PLOC","Platanus occidentalis","American sycamore","Upper"
"14710_51_62","B","PODE3","Populus deltoides","Eastern cottonwood","Upper"
"14710_51_62","C","PLOC","Platanus occidentalis","American sycamore","Upper"
"14710_51_62","C","PODE3","Populus deltoides","Eastern cottonwood","Upper"
"14710_51_62","C","ACNE2","Acer negundo","Boxelder","Upper"
"14710_51_62","C","ACSA2","Acer saccharinum","Silver maple","Upper"
"14710_51_62","D","ACSA2","Acer saccharinum","Silver maple","Upper"
"14710_51_62","D","JUNI","Juglans nigra","Black walnut","Upper"
"14710_51_62","D","FRPE","Fraxinus pennsylvanica","Green ash","Upper"
"14710_51_62","D","QUPA2","Quercus palustris","Pin oak","Upper"
"14710_64_65","A","ACRU","Acer rubrum","Red maple","All"
"14710_64_65","A","ACNE","Acalypha neomexicana","New mexico copperleaf","All"
"14710_64_65","A","FRPE","Fraxinus pennsylvanica","Green ash","All"
"14710_64_65","A","BENI","Betula nigra","River birch","All"
"14710_64_65","B","ACRU","Acer rubrum","Red maple","Upper"
"14710_64_65","B","LIST2","Liquidambar styraciflua","Sweetgum","Upper"
"14710_64_65","B","BENI","Betula nigra","River birch","Upper"
"14710_64_65","B","PLOC","Platanus occidentalis","American sycamore","Upper"
"14710_64_65","C","PLOC","Platanus occidentalis","American sycamore","Upper"
"14710_64_65","C","ACSA2","Acer saccharinum","Silver maple","Upper"
"14710_64_65","C","FAGR","Fagus grandifolia","American beech","Upper"
"14710_64_65","C","BENI","Betula nigra","River birch","Upper"
"14710_64_65","D","PLOC","Platanus occidentalis","American sycamore","Upper"
"14710_64_65","D","ACSA2","Acer saccharinum","Silver maple","Upper"
"14710_64_65","D","FAGR","Fagus grandifolia","American beech","Upper"
"14710_64_65","D","ULAM","Ulmus americana","American elm","Upper"
"14710_64_65","E","PLOC","Platanus occidentalis","American sycamore","Upper"
"14710_64_65","E","CELA","Celtis laevigata","Sugarberry","Upper"
"14710_64_65","E","FAGR","Fagus grandifolia","American beech","Upper"
"14710_64_65","E","BENI","Betula nigra","River birch","Upper"
"14712_44","A","PLOC","Platanus occidentalis","American sycamore","Lower"
"14712_44","A","BENI","Betula nigra","River birch","Lower"
"14712_44","A","ACNE2","Acer negundo","Boxelder","Lower"
"14712_44","A","FRPE","Fraxinus pennsylvanica","Green ash","Lower"
"14712_44","B","PLOC","Platanus occidentalis","American sycamore","Upper"
"14712_44","B","BENI","Betula nigra","River birch","Upper"
"14712_44","B","CELA","Celtis laevigata","Sugarberry","Upper"
"14712_44","B","FRPE","Fraxinus pennsylvanica","Green ash","Upper"
"14712_44","C","PLOC","Platanus occidentalis","American sycamore","Upper"
"14712_44","C","BENI","Betula nigra","River birch","Upper"
"14712_44","C","ULAM","Ulmus americana","American elm","Upper"
"14712_44","C","FRPE","Fraxinus pennsylvanica","Green ash","Upper"
"14720_32_35","A","AMFR","Amorpha fruticosa","Desert false indigo","Middle"
"14720_32_35","A","FRPE","Fraxinus pennsylvanica","Green ash","Upper"
"14720_32_35","A","PAVI2","Panicum virgatum","Switchgrass","Lower"
"14720_32_35","A","CAREX","Carex","Sedge","Lower"
"14720_32_35","B","CELA","Celtis laevigata","Sugarberry","Upper"
"14720_32_35","B","ULRU","Ulmus rubra","Slippery elm","Upper"
"14720_32_35","B","FRPE","Fraxinus pennsylvanica","Green ash","Upper"
"14720_32_35","B","ELVI","Elymus villosus","Hairy wildrye","Lower"
"14720_32_35","C","QUMA2","Quercus macrocarpa","Bur oak","Upper"
"14720_32_35","C","CAIL2","Carya illinoinensis","Pecan","Upper"
"14720_32_35","C","CELA","Celtis laevigata","Sugarberry","Mid-Upper"
"14720_32_35","C","ULRU","Ulmus rubra","Slippery elm","Middle"
"14720_44_46_47_48","A","ACRU","Acer rubrum","Red maple","All"
"14720_44_46_47_48","A","LIST2","Liquidambar styraciflua","Sweetgum","All"
"14720_44_46_47_48","A","FRPE","Fraxinus pennsylvanica","Green ash","All"
"14720_44_46_47_48","A","LIRIO","Liriodendron","Tuliptree","All"
"14720_44_46_47_48","B","ACRU","Acer rubrum","Red maple","Upper"
"14720_44_46_47_48","B","LIST2","Liquidambar styraciflua","Sweetgum","Upper"
"14720_44_46_47_48","B","BENI","Betula nigra","River birch","Upper"
"14720_44_46_47_48","B","CELA","Celtis laevigata","Sugarberry","Upper"
"14720_44_46_47_48","C","PLOC","Platanus occidentalis","American sycamore","Upper"
"14720_44_46_47_48","C","CELA","Celtis laevigata","Sugarberry","Upper"
"14720_44_46_47_48","C","FAGR","Fagus grandifolia","American beech","Upper"
"14720_44_46_47_48","C","BENI","Betula nigra","River birch","Upper"
"14720_44_46_47_48","D","PLOC","Platanus occidentalis","American sycamore","Upper"
"14720_44_46_47_48","D","CELA","Celtis laevigata","Sugarberry","Upper"
"14720_44_46_47_48","D","FAGR","Fagus grandifolia","American beech","Upper"
"14720_44_46_47_48","D","BENI","Betula nigra","River birch","Upper"
"14720_44_46_47_48","E","PLOC","Platanus occidentalis","American sycamore","Upper"
"14720_44_46_47_48","E","CELA","Celtis laevigata","Sugarberry","Upper"
"14720_44_46_47_48","E","FAGR","Fagus grandifolia","American beech","Upper"
"14720_44_46_47_48","E","BENI","Betula nigra","River birch","Upper"
"14720_49","A","ACSA2","Acer saccharinum","Silver maple","All"
"14720_49","A","ACNE2","Acer negundo","Boxelder","All"
"14720_49","A","BENI","Betula nigra","River birch","All"
"14720_49","A","PLOC","Platanus occidentalis","American sycamore","All"
"14720_49","B","ACSA2","Acer saccharinum","Silver maple","Upper"
"14720_49","B","ACNE2","Acer negundo","Boxelder","Upper"
"14720_49","B","BENI","Betula nigra","River birch","Upper"
"14720_49","B","PLOC","Platanus occidentalis","American sycamore","Upper"
"14720_49","C","ACSA2","Acer saccharinum","Silver maple","Upper"
"14720_49","C","ACNE2","Acer negundo","Boxelder","Upper"
"14720_49","C","BENI","Betula nigra","River birch","Upper"
"14720_49","C","PLOC","Platanus occidentalis","American sycamore","Upper"
"14720_49","D","ACSA2","Acer saccharinum","Silver maple","Upper"
"14720_49","D","JUNI","Juglans nigra","Black walnut","Upper"
"14720_49","D","BENI","Betula nigra","River birch","Upper"
"14720_49","D","PLOC","Platanus occidentalis","American sycamore","Upper"
"14720_49","E","ACSA2","Acer saccharinum","Silver maple","Upper"
"14720_49","E","JUNI","Juglans nigra","Black walnut","Upper"
"14720_49","E","BENI","Betula nigra","River birch","Upper"
"14720_49","E","PLOC","Platanus occidentalis","American sycamore","Upper"
"14720_53_54_57_59_60","A","ACRU","Acer rubrum","Red maple","All"
"14720_53_54_57_59_60","A","LIST2","Liquidambar styraciflua","Sweetgum","All"
"14720_53_54_57_59_60","A","FRPE","Fraxinus pennsylvanica","Green ash","All"
"14720_53_54_57_59_60","A","LIRIO","Liriodendron","Tuliptree","All"
"14720_53_54_57_59_60","B","ACRU","Acer rubrum","Red maple","Upper"
"14720_53_54_57_59_60","B","LIST2","Liquidambar styraciflua","Sweetgum","Upper"
"14720_53_54_57_59_60","B","BENI","Betula nigra","River birch","Upper"
"14720_53_54_57_59_60","B","CELA","Celtis laevigata","Sugarberry","Upper"
"14720_53_54_57_59_60","C","PLOC","Platanus occidentalis","American sycamore","Upper"
"14720_53_54_57_59_60","C","CELA","Celtis laevigata","Sugarberry","Upper"
"14720_53_54_57_59_60","C","FAGR","Fagus grandifolia","American beech","Upper"
"14720_53_54_57_59_60","C","BENI","Betula nigra","River birch","Upper"
"14720_53_54_57_59_60","D","PLOC","Platanus occidentalis","American sycamore","Upper"
"14720_53_54_57_59_60","D","CELA","Celtis laevigata","Sugarberry","Upper"
"14720_53_54_57_59_60","D","FAGR","Fagus grandifolia","American beech","Upper"
"14720_53_54_57_59_60","D","BENI","Betula nigra","River birch","Upper"
"14720_53_54_57_59_60","E","PLOC","Platanus occidentalis","American sycamore","Upper"
"14720_53_54_57_59_60","E","CELA","Celtis laevigata","Sugarberry","Upper"
"14720_53_54_57_59_60","E","FAGR","Fagus grandifolia","American beech","Upper"
"14720_53_54_57_59_60","E","BENI","Betula nigra","River birch","Upper"
"14720_61_62_63","A","ACSA2","Acer saccharinum","Silver maple","All"
"14720_61_62_63","A","ACNE2","Acer negundo","Boxelder","All"
"14720_61_62_63","A","BENI","Betula nigra","River birch","All"
"14720_61_62_63","A","PLOC","Platanus occidentalis","American sycamore","All"
"14720_61_62_63","B","ACSA2","Acer saccharinum","Silver maple","Upper"
"14720_61_62_63","B","ACNE2","Acer negundo","Boxelder","Upper"
"14720_61_62_63","B","BENI","Betula nigra","River birch","Upper"
"14720_61_62_63","B","PLOC","Platanus occidentalis","American sycamore","Upper"
"14720_61_62_63","C","ACSA2","Acer saccharinum","Silver maple","Upper"
"14720_61_62_63","C","ACNE2","Acer negundo","Boxelder","Upper"
"14720_61_62_63","C","BENI","Betula nigra","River birch","Upper"
"14720_61_62_63","C","PLOC","Platanus occidentalis","American sycamore","Upper"
"14720_61_62_63","D","ACSA2","Acer saccharinum","Silver maple","Upper"
"14720_61_62_63","D","JUNI","Juglans nigra","Black walnut","Upper"
"14720_61_62_63","D","BENI","Betula nigra","River birch","Upper"
"14720_61_62_63","D","PLOC","Platanus occidentalis","American sycamore","Upper"
"14720_61_62_63","E","ACSA2","Acer saccharinum","Silver maple","Upper"
"14720_61_62_63","E","JUNI","Juglans nigra","Black walnut","Upper"
"14720_61_62_63","E","BENI","Betula nigra","River birch","Upper"
"14720_61_62_63","E","PLOC","Platanus occidentalis","American sycamore","Upper"
"14720_64_65_66","A","ACRU","Acer rubrum","Red maple","All"
"14720_64_65_66","A","PLOC","Platanus occidentalis","American sycamore","All"
"14720_64_65_66","A","BENI","Betula nigra","River birch","All"
"14720_64_65_66","A","FRPE","Fraxinus pennsylvanica","Green ash","All"
"14720_64_65_66","B","ACRU","Acer rubrum","Red maple","Upper"
"14720_64_65_66","B","BENI","Betula nigra","River birch","Upper"
"14720_64_65_66","B","PLOC","Platanus occidentalis","American sycamore","Upper"
"14720_64_65_66","B","ACSA2","Acer saccharinum","Silver maple","Upper"
"14720_64_65_66","C","PLOC","Platanus occidentalis","American sycamore","Upper"
"14720_64_65_66","C","ACSA2","Acer saccharinum","Silver maple","Upper"
"14720_64_65_66","C","FAGR","Fagus grandifolia","American beech","Upper"
"14720_64_65_66","C","BENI","Betula nigra","River birch","Upper"
"14720_64_65_66","D","PLOC","Platanus occidentalis","American sycamore","Upper"
"14720_64_65_66","D","ACSA2","Acer saccharinum","Silver maple","Upper"
"14720_64_65_66","D","FAGR","Fagus grandifolia","American beech","Upper"
"14720_64_65_66","D","BENI","Betula nigra","River birch","Upper"
"14720_64_65_66","E","PLOC","Platanus occidentalis","American sycamore","Upper"
"14720_64_65_66","E","ACSA2","Acer saccharinum","Silver maple","Upper"
"14720_64_65_66","E","FAGR","Fagus grandifolia","American beech","Upper"
"14720_64_65_66","E","BENI","Betula nigra","River birch","Upper"
"14730_32_37_44","A","SANI","Salix nigra","Black willow","Lower"
"14730_32_37_44","A","QUNI","Quercus nigra","Water oak","Lower"
"14730_32_37_44","A","ACNE2","Acer negundo","Boxelder","Lower"
"14730_32_37_44","A","BENI","Betula nigra","River birch","Lower"
"14730_32_37_44","B","QUNI","Quercus nigra","Water oak","Upper"
"14730_32_37_44","B","QUPH","Quercus phellos","Willow oak","Upper"
"14730_32_37_44","B","LIST2","Liquidambar styraciflua","Sweetgum","Upper"
"14730_32_37_44","B","FRPE","Fraxinus pennsylvanica","Green ash","Upper"
"14730_32_37_44","C","QUPA5","Quercus pagoda","Cherrybark oak","Upper"
"14730_32_37_44","C","QUPH","Quercus phellos","Willow oak","Upper"
"14730_32_37_44","C","QUMI","Quercus michauxii","Swamp chestnut oak","Upper"
"14730_32_37_44","C","QUTE","Quercus texana","Nuttall's oak","Upper"
"14730_32_37_44","D","QUPH","Quercus phellos","Willow oak","Upper"
"14730_32_37_44","D","QULY","Quercus lyrata","Overcup oak","Upper"
"14730_32_37_44","D","QUMI","Quercus michauxii","Swamp chestnut oak","Upper"
"14730_32_37_44","D","LIST2","Liquidambar styraciflua","Sweetgum","Upper"
"14730_36","A","CELA","Celtis laevigata","Sugarberry","Lower"
"14730_36","A","QUNI","Quercus nigra","Water oak","Lower"
"14730_36","A","ACNE2","Acer negundo","Boxelder","Lower"
"14730_36","A","QUPH","Quercus phellos","Willow oak","Lower"
"14730_36","B","QUNI","Quercus nigra","Water oak","Upper"
"14730_36","B","QUPH","Quercus phellos","Willow oak","Upper"
"14730_36","B","QUFU","Quercus fusiformis","Plateau oak","Upper"
"14730_36","B","FRPE","Fraxinus pennsylvanica","Green ash","Upper"
"14730_36","C","QUFU","Quercus fusiformis","Plateau oak","Upper"
"14730_36","C","ULAM","Ulmus americana","American elm","Upper"
"14730_36","C","FOAC","Forestiera acuminata","Eastern swampprivet","Middle"
"14730_36","C","CAAQ","Carex aquatilis","Water sedge","Upper"
"14730_36","D","QUFU","Quercus fusiformis","Plateau oak","Upper"
"14730_36","D","QULY","Quercus lyrata","Overcup oak","Upper"
"14730_36","D","QUNI","Quercus nigra","Water oak","Upper"
"14730_45_46_47_98_99","A","QUTE","Quercus texana","Quercus texana","Lower"
"14730_45_46_47_98_99","A","QUPH","Quercus phellos","Willow oak","Lower"
"14730_45_46_47_98_99","A","LIST","Linum striatum","Ridged yellow flax","Lower"
"14730_45_46_47_98_99","A","FRPE","Fraxinus pennsylvanica","Green ash","Lower"
"14730_45_46_47_98_99","B","QUNI","Quercus nigra","Water oak","Upper"
"14730_45_46_47_98_99","B","QUPH","Quercus phellos","Willow oak","Upper"
"14730_45_46_47_98_99","B","CELA","Celtis laevigata","Sugarberry","Upper"
"14730_45_46_47_98_99","B","FRPE","Fraxinus pennsylvanica","Green ash","Upper"
"14730_45_46_47_98_99","C","QUTE","Quercus texana","Quercus texana","Upper"
"14730_45_46_47_98_99","C","QUPH","Quercus phellos","Willow oak","Upper"
"14730_45_46_47_98_99","C","ULAM","Ulmus americana","American elm","Upper"
"14730_45_46_47_98_99","C","QULY","Quercus lyrata","Overcup oak","Upper"
"14730_45_46_47_98_99","D","QUTE","Quercus texana","Quercus texana","Upper"
"14730_45_46_47_98_99","D","LIST","Linum striatum","Ridged yellow flax","Upper"
"14730_45_46_47_98_99","D","QULY","Quercus lyrata","Overcup oak","Upper"
"14730_55_58_60","A","QUTE","Quercus texana","Quercus texana","Lower"
"14730_55_58_60","A","QUPH","Quercus phellos","Willow oak","Lower"
"14730_55_58_60","A","LIST","Linum striatum","Ridged yellow flax","Lower"
"14730_55_58_60","A","FRPE","Fraxinus pennsylvanica","Green ash","Lower"
"14730_55_58_60","B","QUNI","Quercus nigra","Water oak","Upper"
"14730_55_58_60","B","QUPH","Quercus phellos","Willow oak","Upper"
"14730_55_58_60","B","CELA","Celtis laevigata","Sugarberry","Upper"
"14730_55_58_60","B","FRPE","Fraxinus pennsylvanica","Green ash","Upper"
"14730_55_58_60","C","QUTE","Quercus texana","Quercus texana","Upper"
"14730_55_58_60","C","QUPH","Quercus phellos","Willow oak","Upper"
"14730_55_58_60","C","ULAM","Ulmus americana","American elm","Upper"
"14730_55_58_60","C","QUPA","Quercus palaeolithicola","Quercus palaeolithicola","Upper"
"14730_55_58_60","D","QUTE","Quercus texana","Quercus texana","None"
"14730_55_58_60","D","LIST","Linum striatum","Ridged yellow flax","None"
"14730_55_58_60","D","QUPA","Quercus palaeolithicola","Quercus palaeolithicola","None"
"14740_32_37_44_45_98","A","PITA","Pinus taeda","Loblolly pine","Upper"
"14740_32_37_44_45_98","A","LIST2","Liquidambar styraciflua","Sweetgum","Upper"
"14740_32_37_44_45_98","A","ACRU","Acer rubrum","Red maple","Upper"
"14740_32_37_44_45_98","A","Carex","<NOT FOUND IN NRCS>","<NOT FOUND IN NRCS>","Lower"
"14740_32_37_44_45_98","B","PITA","Pinus taeda","Loblolly pine","Upper"
"14740_32_37_44_45_98","B","LIST2","Liquidambar styraciflua","Sweetgum","Upper"
"14740_32_37_44_45_98","B","ACRU","Acer rubrum","Red maple","Upper"
"14740_32_37_44_45_98","C","PITA","Pinus taeda","Loblolly pine","Upper"
"14740_32_37_44_45_98","C","MAGR4","Magnolia grandiflora","Southern magnolia","Upper"
"14740_32_37_44_45_98","C","FAGR","Fagus grandifolia","American beech","Upper"
"14740_32_37_44_45_98","C","TADI2","Taxodium distichum","Bald cypress","Upper"
"14740_36","A","CELTI","Celtis","Hackberry","Upper"
"14740_36","A","ULCR","Ulmus crassifolia","Cedar elm","Mid-Upper"
"14740_36","B","ULCR","Ulmus crassifolia","Cedar elm","Upper"
"14740_36","B","CELTI","Celtis","Hackberry","Mid-Upper"
"14740_36","B","FRPE","Fraxinus pennsylvanica","Green ash","Upper"
"14740_36","B","CAIL2","Carya illinoinensis","Pecan","Upper"
"14740_46_47_48_55_56_58_60_99","A","ACRU","Acer rubrum","Red maple","All"
"14740_46_47_48_55_56_58_60_99","A","LIST2","Liquidambar styraciflua","Sweetgum","All"
"14740_46_47_48_55_56_58_60_99","A","FRPE","Fraxinus pennsylvanica","Green ash","All"
"14740_46_47_48_55_56_58_60_99","A","PINUS","Pinus","Pine","All"
"14740_46_47_48_55_56_58_60_99","B","ACRU","Acer rubrum","Red maple","Upper"
"14740_46_47_48_55_56_58_60_99","B","LIST2","Liquidambar styraciflua","Sweetgum","Upper"
"14740_46_47_48_55_56_58_60_99","B","BENI","Betula nigra","River birch","Upper"
"14740_46_47_48_55_56_58_60_99","B","CELA","Celtis laevigata","Sugarberry","Upper"
"14740_46_47_48_55_56_58_60_99","C","PLATA","Platanus","Sycamore","Upper"
"14740_46_47_48_55_56_58_60_99","C","CELA","Celtis laevigata","Sugarberry","Upper"
"14740_46_47_48_55_56_58_60_99","C","FAGR","Fagus grandifolia","American beech","Upper"
"14740_46_47_48_55_56_58_60_99","C","BENI","Betula nigra","River birch","Upper"
"14740_46_47_48_55_56_58_60_99","D","PLATA","Platanus","Sycamore","Upper"
"14740_46_47_48_55_56_58_60_99","D","CELA","Celtis laevigata","Sugarberry","Upper"
"14740_46_47_48_55_56_58_60_99","D","FAGR","Fagus grandifolia","American beech","Upper"
"14740_46_47_48_55_56_58_60_99","D","BENI","Betula nigra","River birch","Upper"
"14740_46_47_48_55_56_58_60_99","E","PLATA","Platanus","Sycamore","Upper"
"14740_46_47_48_55_56_58_60_99","E","CELA","Celtis laevigata","Sugarberry","Upper"
"14740_46_47_48_55_56_58_60_99","E","FAGR","Fagus grandifolia","American beech","Upper"
"14740_46_47_48_55_56_58_60_99","E","BENI","Betula nigra","River birch","Upper"
"14750_41_50_51_63_64_65_66","A","ALIN2","Alnus incana","Gray alder","Upper"
"14750_41_50_51_63_64_65_66","A","SALIX","Salix","Willow","Upper"
"14750_41_50_51_63_64_65_66","B","ACSA2","Acer saccharinum","Silver maple","Upper"
"14750_41_50_51_63_64_65_66","B","FRPE","Fraxinus pennsylvanica","Green ash","Upper"
"14750_41_50_51_63_64_65_66","B","FRNI","Fraxinus nigra","Black ash","Upper"
"14750_41_50_51_63_64_65_66","B","SALIX","Salix","Willow","Mid-Upper"
"14750_41_50_51_63_64_65_66","C","ACSA2","Acer saccharinum","Silver maple","Upper"
"14750_41_50_51_63_64_65_66","C","ACRU","Acer rubrum","Red maple","Upper"
"14750_41_50_51_63_64_65_66","C","FRPE","Fraxinus pennsylvanica","Green ash","Upper"
"14750_41_50_51_63_64_65_66","D","ACSA2","Acer saccharinum","Silver maple","Upper"
"14750_41_50_51_63_64_65_66","D","TIAM","Tilia americana","American basswood","Upper"
"14750_41_50_51_63_64_65_66","D","QURU","Quercus rubra","Northern red oak","Upper"
"14750_41_50_51_63_64_65_66","D","CEOC","Celtis occidentalis","Common hackberry","Upper"
"14760_36","A","CODI","Cocculus diversifolius","Snailseed","Upper"
"14760_36","A","CHOD","Chromolaena odorata","Jack in the bush","Upper"
"14760_36","A","TRIN6","Trixis inula","Tropical threefold","Upper"
"14760_36","A","LEPU3","Leucaena pulverulenta","Great leadtree","Upper"
"14760_36","B","ACFA","Acacia farnesiana","Sweet acacia","Upper"
"14760_36","B","CEPA8","Celtis pallida","Spiny hackberry","Upper"
"14760_36","B","CELA","Celtis laevigata","Sugarberry","Upper"
"14760_36","B","EHAN","Ehretia anacua","Knockaway","Upper"
"14760_36","C","FRBE","Fraxinus berlandieriana","Mexican ash","Upper"
"14760_36","C","EHAN","Ehretia anacua","Knockaway","Upper"
"14760_36","C","ULCR","Ulmus crassifolia","Cedar elm","Upper"
"14760_36","C","EBEB","Ebenopsis ebano","Texas ebony","Upper"
"14770_40_41_50_51","A","SPIRA","Spiraea","Spirea","Low-Mid"
"14770_40_41_50_51","A","ALNUS","Alnus","Alder","Middle"
"14770_40_41_50_51","A","CALAM","Calamagrostis","Reedgrass","Lower"
"14770_40_41_50_51","A","CALA16","Carex lacustris","Hairy sedge","Lower"
"14770_40_41_50_51","B","SPHAG2","Sphagnum","Sphagnum","Lower"
"14770_40_41_50_51","B","CALA11","Carex lasiocarpa","Woollyfruit sedge","Lower"
"14770_40_41_50_51","B","CAOL3","Carex oligosperma","Fewseed sedge","Upper"
"14770_40_41_50_51","B","BEPU4","Betula pumila","Bog birch","Low-Mid"
"14770_40_41_50_51","C","LARIX","Larix","Larch","Mid-Upper"
"14770_40_41_50_51","C","PIMA","Picea mariana","Black spruce","Mid-Upper"
"14770_40_41_50_51","C","CHAMA5","Chamaedaphne","Leatherleaf","Low-Mid"
"14770_40_41_50_51","C","SPHAG2","Sphagnum","Sphagnum","Lower"
"14770_40_41_50_51","D","PIMA","Picea mariana","Black spruce","Upper"
"14770_40_41_50_51","D","LEGR","Ledum groenlandicum","Bog labrador tea","Low-Mid"
"14770_40_41_50_51","D","CATR10","Carex trisperma","Threeseeded sedge","Lower"
"14770_40_41_50_51","D","SPHAG2","Sphagnum","Sphagnum","Lower"
"14770_40_41_50_51","E","SPHAG2","Sphagnum","Sphagnum","Lower"
"14770_63_64_65_66","A","SPIRA","Spiraea","Spirea","Low-Mid"
"14770_63_64_65_66","A","ALNUS","Alnus","Alder","Middle"
"14770_63_64_65_66","A","CALAM","Calamagrostis","Reedgrass","Lower"
"14770_63_64_65_66","A","CALA16","Carex lacustris","Hairy sedge","Lower"
"14770_63_64_65_66","B","SPHAG2","Sphagnum","Sphagnum","Lower"
"14770_63_64_65_66","B","CALA11","Carex lasiocarpa","Woollyfruit sedge","Lower"
"14770_63_64_65_66","B","CAOL3","Carex oligosperma","Fewseed sedge","Upper"
"14770_63_64_65_66","B","BEPU4","Betula pumila","Bog birch","Low-Mid"
"14770_63_64_65_66","C","LARIX","Larix","Larch","Mid-Upper"
"14770_63_64_65_66","C","PIMA","Picea mariana","Black spruce","Mid-Upper"
"14770_63_64_65_66","C","CHAMA5","Chamaedaphne","Leatherleaf","Low-Mid"
"14770_63_64_65_66","C","SPHAG2","Sphagnum","Sphagnum","Lower"
"14770_63_64_65_66","D","PIMA","Picea mariana","Black spruce","Upper"
"14770_63_64_65_66","D","LEGR","Ledum groenlandicum","Bog labrador tea","Low-Mid"
"14770_63_64_65_66","D","CATR10","Carex trisperma","Threeseeded sedge","Lower"
"14770_63_64_65_66","D","SPHAG2","Sphagnum","Sphagnum","Lower"
"14770_63_64_65_66","E","SPHAG2","Sphagnum","Sphagnum","Lower"
"14780_56","A","PEBO","Persea borbonia","Redbay","Upper"
"14780_56","A","MAVI2","Magnolia virginiana","Sweetbay","Upper"
"14780_56","A","QUVI","Quercus virginiana","Live oak","Upper"
"14780_56","A","SAPA","Sabal palmetto","Cabbage palmetto","Upper"
"14780_56","B","PEBO","Persea borbonia","Redbay","Upper"
"14780_56","B","MAVI2","Magnolia virginiana","Sweetbay","Upper"
"14780_56","B","QUVI","Quercus virginiana","Live oak","Upper"
"14780_56","B","SAPA","Sabal palmetto","Cabbage palmetto","Upper"
"14780_56","C","PEBO","Persea borbonia","Redbay","Upper"
"14780_56","C","MAVI2","Magnolia virginiana","Sweetbay","Upper"
"14780_56","C","QUVI","Quercus virginiana","Live oak","Upper"
"14780_56","C","SAPA","Sabal palmetto","Cabbage palmetto","Upper"
"14780_56","D","SACA5","Salix caroliniana","Coastal plain willow","Upper"
"14790_41_42_47_48_50_51_53","A","CEOC2","Cephalanthus occidentalis","Common buttonbush","Low-Mid"
"14790_41_42_47_48_50_51_53","A","CORU","Cornus rugosa","Roundleaf dogwood","Low-Mid"
"14790_41_42_47_48_50_51_53","A","ILVE","Ilex verticillata","Common winterberry","Low-Mid"
"14790_41_42_47_48_50_51_53","A","COAM2","Cornus amomum","Silky dogwood","Low-Mid"
"14790_41_42_47_48_50_51_53","B","ACRU","Acer rubrum","Red maple","Upper"
"14790_41_42_47_48_50_51_53","B","ACSA2","Acer saccharinum","Silver maple","Upper"
"14790_41_42_47_48_50_51_53","B","FRPE","Fraxinus pennsylvanica","Green ash","Upper"
"14790_41_42_47_48_50_51_53","B","FRNI","Fraxinus nigra","Black ash","Upper"
"14790_41_42_47_48_50_51_53","C","ACRU","Acer rubrum","Red maple","Upper"
"14790_41_42_47_48_50_51_53","C","ASCA2","Asarum caudatum","British columbia wildginger","Upper"
"14790_41_42_47_48_50_51_53","C","FRPE","Fraxinus pennsylvanica","Green ash","Upper"
"14790_41_42_47_48_50_51_53","C","FRNI","Fraxinus nigra","Black ash","Upper"
"14790_52_62","A","CEOC2","Cephalanthus occidentalis","Common buttonbush","Low-Mid"
"14790_52_62","A","CORU","Cornus rugosa","Roundleaf dogwood","Low-Mid"
"14790_52_62","A","ILVE","Ilex verticillata","Common winterberry","Low-Mid"
"14790_52_62","A","COAM2","Cornus amomum","Silky dogwood","Low-Mid"
"14790_52_62","B","ACRU","Acer rubrum","Red maple","Upper"
"14790_52_62","B","ACSA2","Acer saccharinum","Silver maple","Upper"
"14790_52_62","B","FRPE","Fraxinus pennsylvanica","Green ash","Upper"
"14790_52_62","B","FRNI","Fraxinus nigra","Black ash","Upper"
"14790_52_62","C","ACRU","Acer rubrum","Red maple","Upper"
"14790_52_62","C","ACSA2","Acer saccharinum","Silver maple","Upper"
"14790_52_62","C","FRPE","Fraxinus pennsylvanica","Green ash","Upper"
"14790_52_62","C","FRNI","Fraxinus nigra","Black ash","Upper"
"14790_60_61_63_64_65_66","A","CEOC2","Cephalanthus occidentalis","Common buttonbush","Low-Mid"
"14790_60_61_63_64_65_66","A","COSE16","Cornus sericea","Red-osier dogwood","Low-Mid"
"14790_60_61_63_64_65_66","A","ILVE","Ilex verticillata","Common winterberry","Low-Mid"
"14790_60_61_63_64_65_66","A","ACRU","Acer rubrum","red maple","Upper"
"14790_60_61_63_64_65_66","A","VACO","Vaccinium corymbosum","highbush blueberry","Mid"
"14790_60_61_63_64_65_66","A","VIBUR","Viburnum spp.","","Low-Mid"
"14790_60_61_63_64_65_66","A","CAREX","Carex spp","","Low"
"14790_60_61_63_64_65_66","A","CACA4","Calamagrostis canadensis var. canadensis)","robust bluejoint","Low"
"14790_60_61_63_64_65_66","A","COAM2","Cornus amomum","Silky dogwood","Low-Mid"
"14790_60_61_63_64_65_66","B","ACRU","Acer rubrum","Red maple","Upper"
"14790_60_61_63_64_65_66","B","FRPE","Fraxinus pennsylvanica","Green ash","Upper"
"14790_60_61_63_64_65_66","B","FRNI","Fraxinus nigra","Black ash","Upper"
"14790_60_61_63_64_65_66","B","VACO","Vaccinium corymbosum","highbush blueberry","Mid"
"14790_60_61_63_64_65_66","B","VIBUR","Viburnum spp.","","Low-Mid"
"14790_60_61_63_64_65_66","B","CAREX","Carex spp","","Low"
"14790_60_61_63_64_65_66","B","CACA4","Calamagrostis canadensis var. canadensis)","robust bluejoint","Low"
"14790_60_61_63_64_65_66","B","COAM2","Cornus amomum","Silky dogwood","Low-Mid"
"14790_60_61_63_64_65_66","C","ACRU","Acer rubrum","Red maple","Upper"
"14790_60_61_63_64_65_66","C","FRPE","Fraxinus pennsylvanica","Green ash","Upper"
"14790_60_61_63_64_65_66","C","FRNI","Fraxinus nigra","Black ash","Upper"
"14790_60_61_63_64_65_66","C","VACO","Vaccinium corymbosum","highbush blueberry","Mid"
"14790_60_61_63_64_65_66","C","VIBUR","Viburnum spp.","","Low-Mid"
"14790_60_61_63_64_65_66","C","CAREX","Carex spp","","Low"
"14790_60_61_63_64_65_66","C","CACA4","Calamagrostis canadensis var. canadensis)","robust bluejoint","Low"
"14790_60_61_63_64_65_66","C","COAM2","Cornus amomum","Silky dogwood","Low-Mid"
"14800_36_37_44","A","TADI2","Taxodium distichum","Bald cypress","Upper"
"14800_36_37_44","A","NYAQ2","Nyssa aquatica","Water tupelo","Upper"
"14800_36_37_44","A","PLAQ","Planera aquatica","Planertree","Upper"
"14800_36_37_44","A","CEOC2","Cephalanthus occidentalis","Common buttonbush","Upper"
"14800_36_37_44","B","TADI2","Taxodium distichum","Bald cypress","Upper"
"14800_36_37_44","B","NYAQ2","Nyssa aquatica","Water tupelo","Upper"
"14800_36_37_44","B","PLAQ","Planera aquatica","Planertree","Middle"
"14800_36_37_44","B","CEOC2","Cephalanthus occidentalis","Common buttonbush","Lower"
"14800_36_37_44","C","TADI2","Taxodium distichum","Bald cypress","Upper"
"14800_36_37_44","C","NYAQ2","Nyssa aquatica","Water tupelo","Upper"
"14800_36_37_44","D","TADI2","Taxodium distichum","Bald cypress","Upper"
"14800_36_37_44","D","NYAQ2","Nyssa aquatica","Water tupelo","Upper"
"14800_45_98","A","TADI2","Taxodium distichum","Bald cypress","Upper"
"14800_45_98","A","NYAQ2","Nyssa aquatica","Water tupelo","Upper"
"14800_45_98","A","QULY","Quercus lyrata","Overcup oak","Upper"
"14800_45_98","A","FRPE","Fraxinus pennsylvanica","Green ash","Upper"
"14800_45_98","B","TADI2","Taxodium distichum","Bald cypress","Upper"
"14800_45_98","B","NYAQ2","Nyssa aquatica","Water tupelo","Upper"
"14800_45_98","B","QULY","Quercus lyrata","Overcup oak","Upper"
"14800_45_98","B","FRPE","Fraxinus pennsylvanica","Green ash","Upper"
"14800_45_98","C","TADI2","Taxodium distichum","Bald cypress","Upper"
"14800_45_98","C","NYAQ2","Nyssa aquatica","Water tupelo","Upper"
"14800_45_98","C","QULY","Quercus lyrata","Overcup oak","Upper"
"14800_45_98","C","FRPE","Fraxinus pennsylvanica","Green ash","Upper"
"14800_45_98","D","TADI2","Taxodium distichum","Bald cypress","Upper"
"14800_45_98","D","NYAQ2","Nyssa aquatica","Water tupelo","Upper"
"14800_45_98","D","QULY","Quercus lyrata","Overcup oak","Upper"
"14800_45_98","D","FRPE","Fraxinus pennsylvanica","Green ash","Upper"
"14800_46_56_58_60_64_65_66","A","TADI2","Taxodium distichum","Bald cypress","Mid-Upper"
"14800_46_56_58_60_64_65_66","A","SMILA2","Smilax","Greenbrier","Lower"
"14800_46_56_58_60_64_65_66","A","SACE","Saururus cernuus","Lizard's tail","Lower"
"14800_46_56_58_60_64_65_66","A","COVI3","Commelina virginica","Virginia dayflower","Lower"
"14800_46_56_58_60_64_65_66","B","TADI2","Taxodium distichum","Bald cypress","Upper"
"14800_46_56_58_60_64_65_66","B","NYBI","Nyssa biflora","Swamp tupelo","Mid-Upper"
"14800_46_56_58_60_64_65_66","B","QUPH","Quercus phellos","Willow oak","Mid-Upper"
"14800_46_56_58_60_64_65_66","B","ACRU","Acer rubrum","Red maple","Mid-Upper"
"14800_46_56_58_60_64_65_66","C","TADI2","Taxodium distichum","Bald cypress","Upper"
"14800_46_56_58_60_64_65_66","C","NYBI","Nyssa biflora","Swamp tupelo","Mid-Upper"
"14800_46_56_58_60_64_65_66","C","QUPH","Quercus phellos","Willow oak","Mid-Upper"
"14800_46_56_58_60_64_65_66","C","ACRU","Acer rubrum","Red maple","Mid-Upper"
"14800_47","A","TADI2","Taxodium distichum","Bald cypress","Mid-Upper"
"14800_47","A","SMILA2","Smilax","Greenbrier","Lower"
"14800_47","A","SACE","Saururus cernuus","Lizard's tail","Lower"
"14800_47","A","COVI3","Commelina virginica","Virginia dayflower","Lower"
"14800_47","B","TADI2","Taxodium distichum","Bald cypress","Upper"
"14800_47","B","NYBI","Nyssa biflora","Swamp tupelo","Mid-Upper"
"14800_47","B","QUPH","Quercus phellos","Willow oak","Mid-Upper"
"14800_47","B","ACRU","Acer rubrum","Red maple","Mid-Upper"
"14800_47","C","TADI2","Taxodium distichum","Bald cypress","Upper"
"14800_47","C","NYBI","Nyssa biflora","Swamp tupelo","Mid-Upper"
"14800_47","C","QUPH","Quercus phellos","Willow oak","Mid-Upper"
"14800_47","C","ACRU","Acer rubrum","Red maple","Mid-Upper"
"14800_55_99","A","TADI2","Taxodium distichum","Bald cypress","Mid-Upper"
"14800_55_99","A","SMILA2","Smilax","Greenbrier","Lower"
"14800_55_99","A","SACE","Saururus cernuus","Lizard's tail","Lower"
"14800_55_99","A","COVI3","Commelina virginica","Virginia dayflower","Lower"
"14800_55_99","B","TADI2","Taxodium distichum","Bald cypress","Upper"
"14800_55_99","B","NYBI","Nyssa biflora","Swamp tupelo","Mid-Upper"
"14800_55_99","B","QUPH","Quercus phellos","Willow oak","Mid-Upper"
"14800_55_99","B","ACRU","Acer rubrum","Red maple","Mid-Upper"
"14800_55_99","C","TADI2","Taxodium distichum","Bald cypress","Upper"
"14800_55_99","C","NYBI","Nyssa biflora","Swamp tupelo","Mid-Upper"
"14800_55_99","C","QUPH","Quercus phellos","Willow oak","Mid-Upper"
"14800_55_99","C","ACRU","Acer rubrum","Red maple","Mid-Upper"
"14810_41_50_51_63","A","LALA","Larix laricina","Tamarack","Upper"
"14810_41_50_51_63","A","ALIN2","Alnus incana","Gray alder","Mid-Upper"
"14810_41_50_51_63","A","ILVE","Ilex verticillata","Common winterberry","Mid-Upper"
"14810_41_50_51_63","A","VACO","Vaccinium corymbosum","Highbush blueberry","Middle"
"14810_41_50_51_63","B","THOC2","Thuja occidentalis","Arborvitae","Upper"
"14810_41_50_51_63","B","PIMA","Picea mariana","Black spruce","Upper"
"14810_41_50_51_63","B","LALA","Larix laricina","Tamarack","Upper"
"14810_41_50_51_63","B","ACRU","Acer rubrum","Red maple","Mid-Upper"
"14810_41_50_51_63","C","THOC2","Thuja occidentalis","Arborvitae","Upper"
"14810_41_50_51_63","C","PIMA","Picea mariana","Black spruce","Upper"
"14810_41_50_51_63","C","LALA","Larix laricina","Tamarack","Upper"
"14810_41_50_51_63","C","ACRU","Acer rubrum","Red maple","Mid-Upper"
"14810_41_50_51_63","D","THOC2","Thuja occidentalis","Arborvitae","Upper"
"14810_41_50_51_63","D","PIMA","Picea mariana","Black spruce","Upper"
"14810_41_50_51_63","D","FRNI","Fraxinus nigra","Black ash","Upper"
"14810_41_50_51_63","D","ABBA","Abies balsamea","Balsam fir","Mid-Upper"
"14820_30","A","CALA11","Carex lasiocarpa","Woollyfruit sedge","None"
"14820_30","A","CAAT2","Carex atherodes","Wheat sedge","None"
"14820_30","A","ELEOC","Eleocharis","Spikerush","None"
"14820_30","A","PASM","Pascopyrum smithii","Western wheatgrass","None"
"14820_30","B","CALA11","Carex lasiocarpa","Woollyfruit sedge","None"
"14820_30","B","CAAT2","Carex atherodes","Wheat sedge","None"
"14820_30","B","ELEOC","Eleocharis","Spikerush","None"
"14820_30","B","PASM","Pascopyrum smithii","Western wheatgrass","None"
"14820_39_40","A","CALA11","Carex lasiocarpa","Woollyfruit sedge","Upper"
"14820_39_40","A","CAAT2","Carex atherodes","Wheat sedge","Upper"
"14820_39_40","A","ELEOC","Eleocharis","Spikerush","Upper"
"14820_39_40","A","PASM","Pascopyrum smithii","Western wheatgrass","Upper"
"14820_39_40","B","CALA11","Carex lasiocarpa","Woollyfruit sedge","Upper"
"14820_39_40","B","CAAT2","Carex atherodes","Wheat sedge","Upper"
"14820_39_40","B","ELEOC","Eleocharis","Spikerush","Upper"
"14820_39_40","B","PASM","Pascopyrum smithii","Western wheatgrass","Upper"
"14830_56","A","CLMAJ","Cladium mariscus ssp. jamaicense","Jamaica swamp sawgrass","Upper"
"14830_56","A","RHTR2","Rhynchospora tracyi","Tracy's beaksedge","Low-Mid"
"14830_56","A","EREL","Eragrostis elliottii","Field lovegrass","Low-Mid"
"14830_56","A","RHCO7","Rhynchospora colorata","Starrush whitetop","Low-Mid"
"14830_56","B","CLMAJ","Cladium mariscus ssp. jamaicense","Jamaica swamp sawgrass","Middle"
"14830_56","B","MOCE2","Morella cerifera","Wax myrtle","Upper"
"14830_56","B","CEOC2","Cephalanthus occidentalis","Common buttonbush","Upper"
"14830_56","B","SACA5","Salix caroliniana","Coastal plain willow","Upper"
"14830_56","C","CLMAJ","Cladium mariscus ssp. jamaicense","Jamaica swamp sawgrass","Upper"
"14830_56","D","TAAS","Taxodium ascendens","Pond cypress","Upper"
"14830_56","D","RHMA2","Rhizophora mangle","American mangrove","Upper"
"14850_55_99","A","ARBE7","Aristida beyrichiana","Beyrich threeawn","Lower"
"14850_55_99","A","CTAR","Ctenium aromaticum","Toothache grass","Lower"
"14850_55_99","A","SCHIZ4","Schizachyrium","Little bluestem","None"
"14850_55_99","B","ILGL","Ilex glabra","Inkberry","Middle"
"14850_55_99","B","ILCO","Ilex coriacea","Large gallberry","Middle"
"14850_55_99","B","CLMO2","Cliftonia monophylla","Buckwheat tree","Middle"
"14850_55_99","B","MAVI2","Magnolia virginiana","Sweetbay","None"
"14850_55_99","C","ARBE7","Aristida beyrichiana","Beyrich threeawn","Lower"
"14850_55_99","C","CTAR","Ctenium aromaticum","Toothache grass","Lower"
"14850_55_99","C","SCHIZ4","Schizachyrium","Little bluestem","None"
"14850_55_99","D","ARBE7","Aristida beyrichiana","Beyrich threeawn","Lower"
"14850_55_99","D","CTAR","Ctenium aromaticum","Toothache grass","Lower"
"14850_55_99","D","SCSC","Schizachyrium scoparium","Little bluestem","Lower"
"14850_55_99","E","CLMO2","Cliftonia monophylla","Buckwheat tree","Mid-Upper"
"14850_55_99","E","ILGL","Ilex glabra","Inkberry","Middle"
"14850_55_99","E","ILVO","Ilex vomitoria","Yaupon","Middle"
"14850_55_99","E","NYSY","Nyssa sylvatica","Blackgum","Mid-Upper"
"14860_36","A","SPSP","Spartina spartinae","Gulf cordgrass","Upper"
"14860_36","A","SCSC","Schizachyrium scoparium","Little bluestem","Upper"
"14860_36","A","FORBS","<NOT FOUND IN NRCS>","<NOT FOUND IN NRCS>","Mid-Upper"
"14860_36","A","CHLOR","Chloris","Windmill grass","Mid-Upper"
"14860_36","B","SCSC","Schizachyrium scoparium","Little bluestem","Upper"
"14860_36","B","SPSP","Spartina spartinae","Gulf cordgrass","Upper"
"14860_36","B","SONU2","Sorghastrum nutans","Indiangrass","Upper"
"14860_36","B","PAPL3","Paspalum plicatulum","Brownseed paspalum","Upper"
"14860_36","C","SPSP","Spartina spartinae","Gulf cordgrass","None"
"14880_38_42_43","A","SPPE","Spartina pectinata","Prairie cordgrass","Upper"
"14880_38_42_43","A","TRDA3","Tripsacum dactyloides","Eastern gamagrass","Upper"
"14880_38_42_43","A","CAFR3","Carex frankii","Frank's sedge","Upper"
"14880_38_42_43","A","CAHY3","Carex hyalinolepis","Shoreline sedge","Upper"
"14890_55_56_99","A","CLADI","Cladium","Sawgrass","Upper"
"14890_55_56_99","A","PAHE2","Panicum hemitomon","Maidencane","Upper"
"14890_55_56_99","A","SPBA","Spartina bakeri","Sand cordgrass","Upper"
"14890_55_56_99","A","SACA5","Salix caroliniana","Coastal plain willow","Upper"
"14890_55_56_99","B","CLADI","Cladium","Sawgrass","Middle"
"14890_55_56_99","B","PAHE2","Panicum hemitomon","Maidencane","Middle"
"14890_55_56_99","B","SPBA","Spartina bakeri","Sand cordgrass","Middle"
"14890_55_56_99","B","SACA5","Salix caroliniana","Coastal plain willow","Upper"
"14890_55_56_99","C","CLADI","Cladium","Sawgrass","Upper"
"14890_55_56_99","C","PAHE2","Panicum hemitomon","Maidencane","Upper"
"14890_55_56_99","C","SPBA","Spartina bakeri","Sand cordgrass","Upper"
"14890_55_56_99","C","SACA5","Salix caroliniana","Coastal plain willow","Upper"
"14890_55_56_99","D","SACA5","Salix caroliniana","Coastal plain willow","Upper"
"14890_55_56_99","D","MOCE2","Morella cerifera","Wax myrtle","Upper"
"14890_55_56_99","D","ACRU","Acer rubrum","Red maple","Upper"
"14890_55_56_99","D","CLADI","Cladium","Sawgrass","Low-Mid"
"14890_55_56_99","E","SACA5","Salix caroliniana","Coastal plain willow","Upper"
"14890_55_56_99","E","ACRU","Acer rubrum","Red maple","Upper"
"14890_55_56_99","E","MOCE2","Morella cerifera","Wax myrtle","Upper"
"14890_55_56_99","E","TAAS","Taxodium ascendens","Pond cypress","Upper"
"14900_36","A","SPAL","Spartina alterniflora","Smooth cordgrass","Upper"
"14900_36","A","DISP","Distichlis spicata","Inland saltgrass","Upper"
"14900_36","A","BOFR","Borrichia frutescens","Bushy seaside tansy","Upper"
"14900_36","A","SPPA","Spartina patens","Saltmeadow cordgrass","Low-Mid"
"14900_36","B","SPAL","Spartina alterniflora","Smooth cordgrass","Upper"
"14900_36","B","SPPA","Spartina patens","Saltmeadow cordgrass","Upper"
"14900_36","B","BOFR","Borrichia frutescens","Bushy seaside tansy","Upper"
"14900_36","B","DISP","Distichlis spicata","Inland saltgrass","Middle"
"14900_37_98","A","SPPA","Spartina patens","Saltmeadow cordgrass","Upper"
"14900_37_98","A","CLADI","Cladium","Sawgrass","Upper"
"14900_37_98","A","PHAU7","Phragmites australis","Common reed","Upper"
"14900_37_98","A","SCAM6","Schoenoplectus americanus","Chairmaker's bulrush","Upper"
"14900_37_98","B","SPPA","Spartina patens","Saltmeadow cordgrass","Middle"
"14900_37_98","B","BAHA","Baccharis halimifolia","Eastern baccharis","Middle"
"14900_37_98","B","PHAU7","Phragmites australis","Common reed","Upper"
"14900_37_98","B","SCCA11","Schoenoplectus californicus","California bulrush","Upper"
"14900_55_56_58_99","A","JURO","Juncus roemerianus","Needlegrass rush","Upper"
"14900_55_56_58_99","A","DISP","Distichlis spicata","Inland saltgrass","Middle"
"14900_55_56_58_99","A","SPPA","Spartina patens","Saltmeadow cordgrass","Upper"
"14900_55_56_58_99","A","CLMAJ","Cladium mariscus ssp. jamaicense","Jamaica swamp sawgrass","Upper"
"14900_55_56_58_99","B","JURO","Juncus roemerianus","Needlegrass rush","Upper"
"14900_55_56_58_99","B","CLMAJ","Cladium mariscus ssp. jamaicense","Jamaica swamp sawgrass","Upper"
"14900_55_56_58_99","C","JUVI","Juniperus virginiana","Eastern redcedar","Upper"
"14900_55_56_58_99","C","BAHA","Baccharis halimifolia","Eastern baccharis","Mid-Upper"
"14900_55_56_58_99","C","IVFR","Iva frutescens","Jesuit's bark","Mid-Upper"
"14900_55_56_58_99","C","MOCE","Mollugo cerviana","Threadstem carpetweed","Mid-Upper"
"14900_55_56_58_99","D","SPAL","Spartina alterniflora","Smooth cordgrass","Upper"
"14900_60","A","JURO","Juncus roemerianus","Needlegrass rush","Upper"
"14900_60","A","DISP","Distichlis spicata","Inland saltgrass","Middle"
"14900_60","A","SPPA","Spartina patens","Saltmeadow cordgrass","Upper"
"14900_60","B","JURO","Juncus roemerianus","Needlegrass rush","Upper"
"14900_60","C","JUVI","Juniperus virginiana","Eastern redcedar","Upper"
"14900_60","C","BAHA","Baccharis halimifolia","Eastern baccharis","Mid-Upper"
"14900_60","C","IVFR","Iva frutescens","Jesuit's bark","Mid-Upper"
"14900_60","C","MOCE","Mollugo cerviana","Threadstem carpetweed","Mid-Upper"
"14900_60","D","SPAL","Spartina alterniflora","Smooth cordgrass","Upper"
"14900_65_66","A","SAVI","Salicornia virginica","Virginia glasswort","Upper"
"14900_65_66","A","PLMA3","Plantago maritima","Goose tongue","Upper"
"14900_65_66","A","ATPA4","Atriplex patula","Spear saltbush","Upper"
"14900_65_66","A","GLMA","Glaux maritima","Sea milkwort","Upper"
"14900_65_66","B","DISP","Distichlis spicata","Inland saltgrass","Mid-Upper"
"14900_65_66","B","SPAL","Spartina alterniflora","Smooth cordgrass","Mid-Upper"
"14900_65_66","B","SPPA","Spartina patens","Saltmeadow cordgrass","Mid-Upper"
"14900_65_66","C","SPPA","Spartina patens","Saltmeadow cordgrass","Mid-Upper"
"14900_65_66","C","JUGE","Juncus gerardii","Saltmeadow rush","Mid-Upper"
"14900_65_66","C","SPAL","Spartina alterniflora","Smooth cordgrass","Mid-Upper"
"14900_65_66","C","DISP","Distichlis spicata","Inland saltgrass","Mid-Upper"
"14920_41_50_51_52_63","A","PORI2","Potamogeton richardsonii","Richardson's pondweed","Lower"
"14920_41_50_51_52_63","A","HEDU2","Heteranthera dubia","Grassleaf mudplantain","Lower"
"14920_41_50_51_52_63","A","VAAM3","Vallisneria americana","American eelgrass","Lower"
"14920_41_50_51_52_63","A","POOB2","Potamogeton obtusifolius","Bluntleaf pondweed","Lower"
"14920_41_50_51_52_63","B","TYLA","Typha latifolia","Broadleaf cattail","Low-Mid"
"14920_41_50_51_52_63","B","SCAC3","Schoenoplectus acutus","Hardstem bulrush","Lower"
"14920_41_50_51_52_63","B","JUBA","Juncus balticus","Baltic rush","Low-Mid"
"14920_41_50_51_52_63","B","VAAM3","Vallisneria americana","American eelgrass","Lower"
"14920_41_50_51_52_63","C","CACA4","Calamagrostis canadensis","Bluejoint","Lower"
"14920_41_50_51_52_63","C","ALIN2","Alnus incana","Gray alder","Middle"
"14920_41_50_51_52_63","C","ELRO2","Eleocharis rostellata","Beaked spikerush","Low-Mid"
"14920_41_50_51_52_63","C","CALA16","Carex lacustris","Hairy sedge","Lower"
"14930_41_42_44_50","A","SALA2","Sagittaria latifolia","Broadleaf arrowhead","Lower"
"14930_41_42_44_50","A","POCO14","Pontederia cordata","Pickerelweed","Lower"
"14930_41_42_44_50","A","TYLA","Typha latifolia","Broadleaf cattail","Lower"
"14930_41_42_44_50","A","CAST8","Carex stricta","Upright sedge","Lower"
"14930_41_42_44_50","B","CAST8","Carex stricta","Upright sedge","Lower"
"14930_41_42_44_50","B","CAAQ","Carex aquatilis","Water sedge","Lower"
"14930_41_42_44_50","B","CACA4","Calamagrostis canadensis","Bluejoint","Lower"
"14930_41_42_44_50","B","EUMA6","Eupatorium maculatum","Spotted joepyeweed","Lower"
"14930_41_42_44_50","C","COFO","Cornus foemina","Stiff dogwood","Middle"
"14930_41_42_44_50","C","COAM2","Cornus amomum","Silky dogwood","Middle"
"14930_41_42_44_50","C","SALA2","Sagittaria latifolia","Broadleaf arrowhead","Middle"
"14930_41_42_44_50","C","ILVE","Ilex verticillata","Common winterberry","Middle"
"14930_41_42_44_50","D","LALA","Larix laricina","Tamarack","Upper"
"14930_41_42_44_50","D","PIST","Pinus strobus","Eastern white pine","Upper"
"14930_41_42_44_50","D","ACRU","Acer rubrum","Red maple","Upper"
"14930_41_42_44_50","D","FRNI","Fraxinus nigra","Black ash","Upper"
"14930_52_62","A","SALA2","Sagittaria latifolia","Broadleaf arrowhead","Lower"
"14930_52_62","A","POCO14","Pontederia cordata","Pickerelweed","Lower"
"14930_52_62","A","TYLA","Typha latifolia","Broadleaf cattail","Lower"
"14930_52_62","A","CAST8","Carex stricta","Upright sedge","Lower"
"14930_52_62","B","CAST8","Carex stricta","Upright sedge","Lower"
"14930_52_62","B","CACA4","Calamagrostis canadensis","Bluejoint","Lower"
"14930_52_62","B","CALA16","Carex lacustris","Hairy sedge","Lower"
"14930_52_62","B","EUMA6","Eupatorium maculatum","Spotted joepyeweed","Lower"
"14930_52_62","C","COSE16","Cornus sericea","Redosier dogwood","Middle"
"14930_52_62","C","COAM2","Cornus amomum","Silky dogwood","Middle"
"14930_52_62","C","ILVE","Ilex verticillata","Common winterberry","Middle"
"14930_52_62","C","CACA4","Calamagrostis canadensis","Bluejoint","Lower"
"14930_52_62","D","ACRU","Acer rubrum","Red maple","Upper"
"14930_52_62","D","FRNI","Fraxinus nigra","Black ash","Upper"
"14930_52_62","D","ULAM","Ulmus americana","American elm","Upper"
"14930_52_62","D","CORNU","Cornus","Dogwood","Middle"
"14940_41_50_51","A","SALA2","Sagittaria latifolia","Broadleaf arrowhead","Lower"
"14940_41_50_51","A","POCO14","Pontederia cordata","Pickerelweed","Lower"
"14940_41_50_51","A","TYLA","Typha latifolia","Broadleaf cattail","Lower"
"14940_41_50_51","A","CAST8","Carex stricta","Upright sedge","Lower"
"14940_41_50_51","B","CAST8","Carex stricta","Upright sedge","Lower"
"14940_41_50_51","B","CACA4","Calamagrostis canadensis","Bluejoint","Lower"
"14940_41_50_51","B","CAAQ","Carex aquatilis","Water sedge","Lower"
"14940_41_50_51","B","EUMA6","Eupatorium maculatum","Spotted joepyeweed","Lower"
"14940_41_50_51","C","ALIN2","Alnus incana","Gray alder","Middle"
"14940_41_50_51","C","BEPU4","Betula pumila","Bog birch","Middle"
"14940_41_50_51","C","ILVE","Ilex verticillata","Common winterberry","Middle"
"14940_41_50_51","C","CACA4","Calamagrostis canadensis","Bluejoint","Lower"
"14940_41_50_51","D","THOC2","Thuja occidentalis","Arborvitae","Upper"
"14940_41_50_51","D","FRNI","Fraxinus nigra","Black ash","Upper"
"14940_41_50_51","D","PIST","Pinus strobus","Eastern white pine","Upper"
"14940_41_50_51","D","BEAL2","Betula alleghaniensis","Yellow birch","Upper"
"14940_63_65_66","A","NYOD","Nymphaea odorata","American white waterlily","Lower"
"14940_63_65_66","A","POCO14","Pontederia cordata","Pickerelweed","Lower"
"14940_63_65_66","A","NULUV","Nuphar lutea ssp. variegata","Varigated yellow pond-lily","Lower"
"14940_63_65_66","A","POTAM","Potamogeton","Pondweed","Lower"
"14940_63_65_66","B","CAST8","Carex stricta","Upright sedge","Lower"
"14940_63_65_66","B","CALA16","Carex lacustris","Hairy sedge","Lower"
"14940_63_65_66","B","CAUT","Carex utriculata","Northwest territory sedge","Lower"
"14940_63_65_66","B","CACA4","Calamagrostis canadensis","Bluejoint","Lower"
"14940_63_65_66","C","SPAL2","Spiraea alba","White meadowsweet","Middle"
"14940_63_65_66","C","MYGA","Myrica gale","Sweetgale","Middle"
"14940_63_65_66","C","ALIN2","Alnus incana","Gray alder","Lower"
"14940_63_65_66","C","CORNU","Cornus","Dogwood","Lower"
"14940_63_65_66","D","ACRU","Acer rubrum","Red maple","Upper"
"14940_63_65_66","D","ALIN2","Alnus incana","Gray alder","Middle"
"14940_63_65_66","D","CAREX","Carex","Sedge","Lower"
"14940_63_65_66","D","OSRE","Osmunda regalis","Royal fern","Lower"
"14940_64","A","NYOD","Nymphaea odorata","American white waterlily","Lower"
"14940_64","A","POCO14","Pontederia cordata","Pickerelweed","Lower"
"14940_64","A","NULUV","Nuphar lutea ssp. variegata","Varigated yellow pond-lily","Lower"
"14940_64","A","POTAM","Potamogeton","Pondweed","Lower"
"14940_64","B","CAST8","Carex stricta","Upright sedge","Lower"
"14940_64","B","CALA16","Carex lacustris","Hairy sedge","Lower"
"14940_64","B","CAUT","Carex utriculata","Northwest territory sedge","Lower"
"14940_64","B","CACA4","Calamagrostis canadensis","Bluejoint","Lower"
"14940_64","C","SPAL2","Spiraea alba","White meadowsweet","Middle"
"14940_64","C","MYGA","Myrica gale","Sweetgale","Middle"
"14940_64","C","ALIN2","Alnus incana","Gray alder","Lower"
"14940_64","C","CORNU","Cornus","Dogwood","Lower"
"14940_64","D","ACRU","Acer rubrum","Red maple","Upper"
"14940_64","D","ALIN2","Alnus incana","Gray alder","Middle"
"14940_64","D","CAREX","Carex","Sedge","Lower"
"14940_64","D","OSRE","Osmunda regalis","Royal fern","Lower"
"14950_20","A","PASM","Pascopyrum smithii","Western wheatgrass","Upper"
"14950_20","A","DISP","Distichlis spicata","Inland saltgrass","Upper"
"14950_20","A","HOJU","Hordeum jubatum","Foxtail barley","Upper"
"14950_20","A","ELAC","Eleocharis acicularis","Needle spikerush","Upper"
"14950_20","B","PASM","Pascopyrum smithii","Western wheatgrass","Upper"
"14950_20","B","DISP","Distichlis spicata","Inland saltgrass","Upper"
"14950_20","B","PUCCI","Puccinellia","Alkaligrass","Upper"
"14950_20","B","HOJU","Hordeum jubatum","Foxtail barley","Upper"
"14950_27_33","A","PASM","Pascopyrum smithii","Western wheatgrass","Upper"
"14950_27_33","A","DISP","Distichlis spicata","Inland saltgrass","Upper"
"14950_27_33","A","HOJU","Hordeum jubatum","Foxtail barley","Upper"
"14950_27_33","A","ELAC","Eleocharis acicularis","Needle spikerush","Upper"
"14950_27_33","B","PASM","Pascopyrum smithii","Western wheatgrass","Upper"
"14950_27_33","B","DISP","Distichlis spicata","Inland saltgrass","Upper"
"14950_27_33","B","PUCCI","Puccinellia","Alkaligrass","Upper"
"14950_27_33","B","HOJU","Hordeum jubatum","Foxtail barley","Upper"
"14950_30","A","PASM","Pascopyrum smithii","Western wheatgrass","Upper"
"14950_30","A","DISP","Distichlis spicata","Inland saltgrass","Upper"
"14950_30","A","HOJU","Hordeum jubatum","Foxtail barley","Upper"
"14950_30","A","ELAC","Eleocharis acicularis","Needle spikerush","Upper"
"14950_30","B","PASM","Pascopyrum smithii","Western wheatgrass","Upper"
"14950_30","B","DISP","Distichlis spicata","Inland saltgrass","Upper"
"14950_30","B","PUCCI","Puccinellia","Alkaligrass","Upper"
"14950_30","B","HOJU","Hordeum jubatum","Foxtail barley","Upper"
"14950_31_39_40","A","PASM","Pascopyrum smithii","Western wheatgrass","Upper"
"14950_31_39_40","A","HOJU","Hordeum jubatum","Foxtail barley","Upper"
"14950_31_39_40","A","ELAC","Eleocharis acicularis","Needle spikerush","Upper"
"14950_31_39_40","B","PASM","Pascopyrum smithii","Western wheatgrass","Upper"
"14950_31_39_40","B","ELAC","Eleocharis acicularis","Needle spikerush","Upper"
"14950_31_39_40","B","HOJU","Hordeum jubatum","Foxtail barley","Upper"
"14950_35","A","PLMU3","Pleuraphis mutica","Tobosagrass","Upper"
"14950_35","A","BUDA","Buchloe dactyloides","Buffalograss","Upper"
"14950_35","A","CHBE2","Chaetopappa bellidifolia","Whiteray leastdaisy","Upper"
"14950_36","A","SCAM6","Schoenoplectus americanus","Chairmaker's bulrush","Upper"
"14950_36","A","RUMA5","Ruppia maritima","Widgeongrass","Middle"
"14950_38","A","PASM","Pascopyrum smithii","Western wheatgrass","Upper"
"14950_38","A","HOJU","Hordeum jubatum","Foxtail barley","Upper"
"14950_38","A","ELAC","Eleocharis acicularis","Needle spikerush","Upper"
"14950_38","B","PASM","Pascopyrum smithii","Western wheatgrass","Upper"
"14950_38","B","ELAC","Eleocharis acicularis","Needle spikerush","Upper"
"14950_38","B","HOJU","Hordeum jubatum","Foxtail barley","Upper"
"14951_26_34","A","BUDA","Buchloe dactyloides","Buffalograss","None"
"14951_26_34","A","BOGR2","Bouteloua gracilis","Blue grama","None"
"14952_34","A","SPAI","Sporobolus airoides","Alkali sacaton","Lower"
"14952_34","A","DISP","Distichlis spicata","Inland saltgrass","Lower"
"14952_34","B","SPAI","Sporobolus airoides","Alkali sacaton","Lower"
"14952_34","B","DISP","Distichlis spicata","Inland saltgrass","Lower"
"14952_34","B","PRGL2","Prosopis glandulosa","Honey mesquite","Middle"
"14952_34","B","ATCA2","Atriplex canescens","Fourwing saltbush","Middle"
"15010_58_60","A","CHTH2","Chamaecyparis thyoides","Atlantic white cedar","Upper"
"15010_58_60","B","CHTH2","Chamaecyparis thyoides","Atlantic white cedar","Upper"
"15010_58_60","C","PISE","Pinus serotina","Pond pine","Upper"
"15010_58_60","C","TADI2","Taxodium distichum","Bald cypress","Upper"
"15010_58_60","C","TAAS","Taxodium ascendens","Pond cypress","Upper"
"15010_58_60","C","ACRU","Acer rubrum","Red maple","Upper"
"15010_58_60","D","NYBI","Nyssa biflora","Swamp tupelo","Upper"
"15010_58_60","D","TADI2","Taxodium distichum","Bald cypress","Upper"
"15010_58_60","D","TAAS","Taxodium ascendens","Pond cypress","Upper"
"15010_58_60","D","ACRU","Acer rubrum","Red maple","Upper"
"15010_58_60","E","CHTH2","Chamaecyparis thyoides","Atlantic white cedar","Upper"
"15010_58_60","E","TAAS","Taxodium ascendens","Pond cypress","Upper"
"15010_58_60","E","NYBI","Nyssa biflora","Swamp tupelo","Upper"
"15010_58_60","E","ACRU","Acer rubrum","Red maple","Upper"
"15030_25_27","A","BOER4","Bouteloua eriopoda","Black grama","Upper"
"15030_25_27","A","PLMU3","Pleuraphis mutica","Tobosagrass","Upper"
"15030_25_27","A","BOGR2","Bouteloua gracilis","Blue grama","Upper"
"15030_25_27","B","BOER4","Bouteloua eriopoda","Black grama","Middle"
"15030_25_27","B","PLMU3","Pleuraphis mutica","Tobosagrass","Middle"
"15030_25_27","C","BOER4","Bouteloua eriopoda","Black grama","Middle"
"15030_25_27","C","PLMU3","Pleuraphis mutica","Tobosagrass","Middle"
"15030_25_27","C","PRGL2","Prosopis glandulosa","Honey mesquite","Middle"
"15030_25_27","C","LATR2","Larrea tridentata","Creosote bush","Upper"
"15030_26","A","BOER4","Bouteloua eriopoda","Black grama","Upper"
"15030_26","A","PLMU3","Pleuraphis mutica","Tobosagrass","Upper"
"15030_26","A","BOGR2","Bouteloua gracilis","Blue grama","Upper"
"15030_26","B","BOER4","Bouteloua eriopoda","Black grama","Middle"
"15030_26","B","PLMU3","Pleuraphis mutica","Tobosagrass","Middle"
"15030_26","C","BOER4","Bouteloua eriopoda","Black grama","Middle"
"15030_26","C","PLMU3","Pleuraphis mutica","Tobosagrass","Middle"
"15030_26","C","PRGL2","Prosopis glandulosa","Honey mesquite","Middle"
"15030_26","C","LATR2","Larrea tridentata","Creosote bush","Upper"
"15040_25_27","A","PLMU3","Pleuraphis mutica","Tobosagrass","Lower"
"15040_25_27","A","SPAI","Sporobolus airoides","Alkali sacaton","Lower"
"15040_25_27","A","PAOB","Panicum obtusum","Vine mesquite","Lower"
"15040_25_27","B","PLMU3","Pleuraphis mutica","Tobosagrass","Lower"
"15040_25_27","B","SPAI","Sporobolus airoides","Alkali sacaton","Low-Mid"
"15040_25_27","B","PAOB","Panicum obtusum","Vine mesquite","Low-Mid"
"15040_25_27","B","YUEL","Yucca elata","Soaptree yucca","Low-Mid"
"15040_32_35","A","PLMU3","Pleuraphis mutica","Tobosagrass","Lower"
"15041_26_34","A","PLMU3","Pleuraphis mutica","Tobosagrass","Lower"
"15042_26_34","A","SPAI","Sporobolus airoides","Alkali sacaton","Lower"
"15042_26_34","A","SPWR2","Sporobolus wrightii","Big sacaton","Lower"
"15042_26_34","B","SPAI","Sporobolus airoides","Alkali sacaton","Lower"
"15042_26_34","B","SPWR2","Sporobolus wrightii","Big sacaton","Lower"
"15042_26_34","B","PRGL2","Prosopis glandulosa","Honey mesquite","Middle"
"15042_26_34","C","SPAI","Sporobolus airoides","Alkali sacaton","Lower"
"15042_26_34","C","SPWR2","Sporobolus wrightii","Big sacaton","Lower"
"15042_26_34","C","PRGL2","Prosopis glandulosa","Honey mesquite","Mid-Upper"
"15042_26_34","C","MIBI","Microseris bigelovii","Coastal silverpuffs","Middle"
"15060_37_44","A","QUPH","Quercus phellos","Willow oak","Upper"
"15060_37_44","A","QULY","Quercus lyrata","Overcup oak","Upper"
"15060_37_44","A","QULA3","Quercus laurifolia","Laurel oak","Upper"
"15060_37_44","A","CAHY3","Carex hyalinolepis","Shoreline sedge","Lower"
"15060_37_44","B","QUPH","Quercus phellos","Willow oak","Upper"
"15060_37_44","B","QULY","Quercus lyrata","Overcup oak","Upper"
"15060_37_44","B","QULA3","Quercus laurifolia","Laurel oak","Upper"
"15060_37_44","C","QUPH","Quercus phellos","Willow oak","Upper"
"15060_37_44","C","QULY","Quercus lyrata","Overcup oak","Upper"
"15060_37_44","C","QULA3","Quercus laurifolia","Laurel oak","Upper"
"15060_37_44","D","QULY","Quercus lyrata","Overcup oak","Upper"
"15060_37_44","D","QULA3","Quercus laurifolia","Laurel oak","Upper"
"15060_37_44","D","CAHY3","Carex hyalinolepis","Shoreline sedge","Lower"
"15070_44","A","PIEC2","Pinus echinata","Shortleaf pine","Upper"
"15070_44","A","ANDRO2","Andropogon","Bluestem","Upper"
"15070_44","A","SCSC","Schizachyrium scoparium","Little bluestem","Lower"
"15070_44","B","PIEC2","Pinus echinata","Shortleaf pine","Upper"
"15070_44","C","PIEC2","Pinus echinata","Shortleaf pine","Upper"
"15070_44","C","ANDRO2","Andropogon","Bluestem","Lower"
"15070_44","C","SCSC","Schizachyrium scoparium","Little bluestem","Lower"
"15070_44","D","PIEC2","Pinus echinata","Shortleaf pine","Upper"
"15070_44","D","ANDRO2","Andropogon","Bluestem","Lower"
"15070_44","E","PIEC2","Pinus echinata","Shortleaf pine","Upper"
"15070_44","E","ANDRO2","Andropogon","Bluestem","Lower"
"15090_45_47","A","LITU","Liriodendron tulipifera","Tuliptree","Upper"
"15090_45_47","A","ACBA3","Acer barbatum","Southern sugar maple","Upper"
"15090_45_47","A","FAGR","Fagus grandifolia","American beech","Upper"
"15090_45_47","A","QURU","Quercus rubra","Northern red oak","Upper"
"15090_45_47","B","LITU","Liriodendron tulipifera","Tuliptree","Upper"
"15090_45_47","B","ACBA3","Acer barbatum","Southern sugar maple","Upper"
"15090_45_47","B","FAGR","Fagus grandifolia","American beech","Upper"
"15090_45_47","B","QURU","Quercus rubra","Northern red oak","Upper"
"15090_45_47","C","LITU","Liriodendron tulipifera","Tuliptree","Upper"
"15090_45_47","C","FAGR","Fagus grandifolia","American beech","Upper"
"15090_45_47","C","ACBA3","Acer barbatum","Southern sugar maple","Upper"
"15090_45_47","C","QURU","Quercus rubra","Northern red oak","Upper"
"15090_45_47","D","FAGR","Fagus grandifolia","American beech","Upper"
"15090_45_47","D","LITU","Liriodendron tulipifera","Tuliptree","Upper"
"15090_45_47","D","ACBA3","Acer barbatum","Southern sugar maple","Upper"
"15090_45_47","D","QURU","Quercus rubra","Northern red oak","Middle"
"15100_45","A","PIEC2","Pinus echinata","Shortleaf pine","Upper"
"15100_45","A","QUERC","Quercus","Oak","Upper"
"15100_45","B","PIEC2","Pinus echinata","Shortleaf pine","Upper"
"15100_45","B","QUERC","Quercus","Oak","Upper"
"15100_45","C","PIEC2","Pinus echinata","Shortleaf pine","Upper"
"15100_45","C","QUERC","Quercus","Oak","Upper"
"15100_45","C","ANDRO2","Andropogon","Bluestem","Lower"
"15100_45","D","PIEC2","Pinus echinata","Shortleaf pine","Upper"
"15100_45","D","QUERC","Quercus","Oak","Upper"
"15100_45","D","ANDRO2","Andropogon","Bluestem","Lower"
"15100_45","E","PIEC2","Pinus echinata","Shortleaf pine","Upper"
"15100_45","E","QUERC","Quercus","Oak","Upper"
"15130_45","A","QUPH","Quercus phellos","Willow oak","Upper"
"15130_45","A","QULY","Quercus lyrata","Overcup oak","Upper"
"15130_45","A","QULA3","Quercus laurifolia","Laurel oak","Upper"
"15130_45","A","CAHY3","Carex hyalinolepis","Shoreline sedge","Lower"
"15130_45","B","QUPH","Quercus phellos","Willow oak","Upper"
"15130_45","B","QULY","Quercus lyrata","Overcup oak","Upper"
"15130_45","B","QULA3","Quercus laurifolia","Laurel oak","Upper"
"15130_45","C","QUPH","Quercus phellos","Willow oak","Upper"
"15130_45","C","QULY","Quercus lyrata","Overcup oak","Upper"
"15130_45","C","QULA3","Quercus laurifolia","Laurel oak","Upper"
"15130_45","D","QULY","Quercus lyrata","Overcup oak","Upper"
"15130_45","D","QULA3","Quercus laurifolia","Laurel oak","Upper"
"15130_45","D","CAHY3","Carex hyalinolepis","Shoreline sedge","Lower"
"15170_42_49_50","A","SCSC","Schizachyrium scoparium","Little bluestem","Upper"
"15170_42_49_50","A","ANGE","Andropogon gerardii","Big bluestem","Upper"
"15170_42_49_50","A","BOCU","Bouteloua curtipendula","Sideoats grama","Upper"
"15170_42_49_50","A","SONE","Solidago nemoralis","Gray goldenrod","Upper"
"15170_42_49_50","B","JUVI","Juniperus virginiana","Eastern redcedar","Upper"
"15170_42_49_50","B","SCSC","Schizachyrium scoparium","Little bluestem","Lower"
"15170_42_49_50","B","BOCU","Bouteloua curtipendula","Sideoats grama","Lower"
"15170_42_49_50","C","QUAL","Quercus alba","White oak","Upper"
"15170_42_49_50","C","QURU","Quercus rubra","Northern red oak","Upper"
"15170_42_49_50","C","QUVE","Quercus velutina","Black oak","Upper"
"15170_42_49_50","C","QUMA2","Quercus macrocarpa","Bur oak","Upper"
"15170_42_49_50","D","ACSA3","Acer saccharum","Sugar maple","Upper"
"15170_42_49_50","D","TIAM","Tilia americana","American basswood","Upper"
"15170_42_49_50","D","QURU","Quercus rubra","Northern red oak","Upper"
"15170_42_49_50","D","QUAL","Quercus alba","White oak","None"
"15170_42_49_50","E","PIST","Pinus strobus","Eastern white pine","Upper"
"15170_42_49_50","E","BEAL2","Betula alleghaniensis","Yellow birch","Upper"
"15170_42_49_50","E","TSCA","Tsuga canadensis","Eastern hemlock","Upper"
"15180_43_47_49_52_62_63_64_65","A","POTR5","Populus tremuloides","Quaking aspen","Upper"
"15180_43_47_49_52_62_63_64_65","A","TIAM","Tilia americana","American basswood","Upper"
"15180_43_47_49_52_62_63_64_65","A","QURU","Quercus rubra","Northern red oak","Upper"
"15180_43_47_49_52_62_63_64_65","A","QUPA2","Quercus palustris","Pin oak","Upper"
"15180_43_47_49_52_62_63_64_65","B","QURU","Quercus rubra","Northern red oak","Upper"
"15180_43_47_49_52_62_63_64_65","B","FAGR","Fagus grandifolia","American beech","Upper"
"15180_43_47_49_52_62_63_64_65","B","QUPA2","Quercus palustris","Pin oak","Upper"
"15180_43_47_49_52_62_63_64_65","B","QUBI","Quercus bicolor","Swamp white oak","Upper"
"15180_43_47_49_52_62_63_64_65","C","ACSA3","Acer saccharum","Sugar maple","Upper"
"15180_43_47_49_52_62_63_64_65","C","FAGR","Fagus grandifolia","American beech","Upper"
"15180_43_47_49_52_62_63_64_65","C","QUPA2","Quercus palustris","Pin oak","Upper"
"15180_43_47_49_52_62_63_64_65","C","QUBI","Quercus bicolor","Swamp white oak","Upper"
"15190_32_35_36_37","A","SCHIZ4","Schizachyrium","Little bluestem","All"
"15190_32_35_36_37","A","ANGE","Andropogon gerardii","Big bluestem","All"
"15190_32_35_36_37","A","SONU2","Sorghastrum nutans","Indiangrass","All"
"15190_32_35_36_37","B","QUST","Quercus stellata","Post oak","Upper"
"15190_32_35_36_37","B","QUMA3","Quercus marilandica","Blackjack oak","Upper"
"15190_32_35_36_37","B","CATE9","Carya texana","Black hickory","Lower"
"15190_32_35_36_37","C","QUST","Quercus stellata","Post oak","Upper"
"15190_32_35_36_37","C","SCHIZ4","Schizachyrium","Little bluestem","Lower"
"15190_32_35_36_37","C","SONU2","Sorghastrum nutans","Indiangrass","Lower"
"15190_32_35_36_37","C","ANGE","Andropogon gerardii","Big bluestem","Lower"
"15190_32_35_36_37","D","QUST","Quercus stellate","Post oak","Upper"
"15190_32_35_36_37","D","SCHIZ4","Schizachyrium","Little bluestem","Lower"
"15190_32_35_36_37","D","SONU2","Sorghastrum nutans","Indiangrass","Lower"
"15190_32_35_36_37","D","ANGE","Andropogon gerardii","Big bluestem","Lower"
"15190_32_35_36_37","E","QUST","Quercus stellate","Post oak","Upper"
"15190_32_35_36_37","E","QUMA3","Quercus marilandica","Blackjack oak","Upper"
"15190_32_35_36_37","E","CATE9","Carya texana","Black hickory","Upper"
"15230_32_35","A","SCSC","Schizachyrium scoparium","Little bluestem","Upper"
"15230_32_35","A","MULI","Muhlenbergia lindheimeri","Lindheimer's muhly","Upper"
"15230_32_35","A","BOCU","Bouteloua curtipendula","Sideoats grama","Upper"
"15230_32_35","B","SCSC","Schizachyrium scoparium","Little bluestem","Mid-Upper"
"15230_32_35","B","BOCU","Bouteloua curtipendula","Sideoats grama","Mid-Upper"
"15230_32_35","B","RHLA3","Rhus lanceolata","Prairie sumac","Upper"
"15230_32_35","B","BANE2","Baccharis neglecta","Rooseveltweed","Upper"
"15230_32_35","C","JUAS","Juniperus ashei","Ashe's juniper","Upper"
"15230_32_35","C","ULCR","Ulmus crassifolia","Cedar elm","Upper"
"15230_32_35","C","QUBU2","Quercus buckleyi","Quercus buckleyi","Upper"
"15230_32_35","C","CAPL3","Carex planostachys","Cedar sedge","Lower"
"15230_32_35","D","JUAS","Juniperus ashei","Ashe's juniper","Upper"
"15230_32_35","D","QUBU","Quercus buckleyi","Quercus buckleyi","Upper"
"15230_32_35","D","ULCR","Ulmus crassifolia","Cedar elm","Upper"
"15230_32_35","E","JUAS","Juniperus ashei","Ashe's juniper","Upper"
"15230_32_35","E","QUBU2","Quercus bucklei","Quercus buckleyi","Upper"
"15230_32_35","E","FRTE","Fraxinus texensis","Texas ash","Upper"
"15240_35","A","QUBU2","Quercus buckleyi","Buckley oak","Upper"
"15240_35","A","ULCR","Ulmus crassifolia","Cedar elm","Upper"
"15240_35","A","","Quercus laceyi","Lacey oak",""
"15240_35","B","QUBU2","Quercus buckleyi","Buckley oak","Upper"
"15240_35","B","ULCR","Ulmus crassifolia","Cedar elm","Upper"
"15240_35","B","QUMU","Quercus muehlenbergii","Chinkapin oak","Upper"
"15240_35","B","","Quercus laceyi","Laceyi oak",""
"15240_35","B","PRSE","Prenanthes serpentaria","Cankerweed","Middle"
"15240_35","C","QUBU2","Quercus buckleyi","Buckley oak","Upper"
"15240_35","C","QUMU","Quercus muehlenbergii","Chinkapin oak","Upper"
"15240_35","C","","Quercus laceyi","Laceyi oak",""
"15240_35","C","PRSE","Prenanthes serpentaria","Cankerweed","Upper"
"15250_35","A","PLOC","Platanus occidentalis","American sycamore","Upper"
"15250_35","A","ULCR","Ulmus crassifolia","Cedar elm","Upper"
"15250_35","A","PAVI2","Panicum virgatum","Switchgrass","Lower"
"15250_35","A","ANGL2","Andropogon glomeratus","Bushy bluestem","Lower"
"15250_35","B","PLOC","Platanus occidentalis","American sycamore","Upper"
"15250_35","B","ULCR","Ulmus crassifolia","Cedar elm","Upper"
"15250_35","B","PAVI2","Panicum virgatum","Switchgrass","Lower"
"15250_35","B","ANGL2","Andropogon glomeratus","Bushy bluestem","Lower"
"15260_64_65_66","A","LALA","Larix laricina","Tamarack","Upper"
"15260_64_65_66","A","ALIN2","Alnus incana","Speckled alder","Mid-Upper"
"15260_64_65_66","A","ILVE","Ilex verticillata","Common winterberry","Mid-Upper"
"15260_64_65_66","A","VACO","Vaccinium corymbosum","Highbush blueberry","Middle"
"15260_64_65_66","A","PIMA","Picea mariana","Black spruce","Mid/Upper"
"15260_64_65_66","A","THOC2","Thuja occidentalis","Northern white-cedar","Upper"
"15260_64_65_66","A","ABBA","Abies balsamea","Balsam fir","Upper"
"15260_64_65_66","A","PIRU","Picea rubens","Red spruce","Upper"
"15260_64_65_66","B","THOC2","Thuja occidentalis","Arborvitae","Upper"
"15260_64_65_66","B","PIMA","Picea mariana","Black spruce","Upper"
"15260_64_65_66","B","LALA","Larix laricina","Tamarack","Upper"
"15260_64_65_66","B","ACRU","Acer rubrum","Red maple","Mid-Upper"
"15260_64_65_66","B","ILMU","Ilex mucronata","Mountain holly","Mid"
"15260_64_65_66","B","ALINR","Alnus incana ssp. rugosa","Speckled alder","Mid"
"15260_64_65_66","B","ABBA","Abies balsamea","Balsam fir","Upper"
"15260_64_65_66","B","PIRU","Picea rubens","Red spruce","Upper"
"15260_64_65_66","C","THOC2","Thuja occidentalis","Northern white-cedar","Upper"
"15260_64_65_66","C","PIMA","Picea mariana","Black spruce","Upper"
"15260_64_65_66","C","LALA","Larix laricina","Tamarack","Upper"
"15260_64_65_66","C","ACRU","Acer rubrum","Red maple","Mid-Upper"
"15260_64_65_66","C","ABBA","Abies balsamea","Balsam fir","Upper"
"15260_64_65_66","C","PIRU","Picea rubens","Red spruce","Upper"
"15260_64_65_66","D","THOC2","Thuja occidentalis","Northern white-cedar","Upper"
"15260_64_65_66","D","PIRU","Picea rubens","Red spruce","Upper"
"15260_64_65_66","D","FRNI","Fraxinus nigra","Black ash","Upper"
"15260_64_65_66","D","ABBA","Abies balsamea","Balsam fir","Mid-Upper"
"16011_67_68_69_70_71_72_73_74_76_78","A","BENA","Betula nana","Dwarf birch","Upper"
"16011_67_68_69_70_71_72_73_74_76_78","A","BEGL","Betula glandulosa","Resin birch","Upper"
"16011_67_68_69_70_71_72_73_74_76_78","A","VAUL","Vaccinium uliginosum","Bog blueberry","Upper"
"16011_67_68_69_70_71_72_73_74_76_78","A","VAVI","Vaccinium vitis-idaea","Lingonberry","Upper"
"16011_67_68_69_70_71_72_73_74_76_78","B","BENE4","Betula neoalaskana","Resin birch","Upper"
"16011_67_68_69_70_71_72_73_74_76_78","B","PIGL","Picea glauca","White spruce","Upper"
"16011_67_68_69_70_71_72_73_74_76_78","B","PIMA","Picea mariana","Black spruce","Upper"
"16011_67_68_69_70_71_72_73_74_76_78","C","PIGL","Picea glauca","White spruce","Upper"
"16011_67_68_69_70_71_72_73_74_76_78","C","PIMA","Picea mariana","Black spruce","Upper"
"16011_67_68_69_70_71_72_73_74_76_78","C","EMNI","Empetrum nigrum","Black crowberry","Low-Mid"
"16011_67_68_69_70_71_72_73_74_76_78","C","CLADI3","Cladina spp.","Reindeer lichen","Lower"
"16012_73_74_75_77_78","A","BENA","Betula nana","Dwarf birch","Upper"
"16012_73_74_75_77_78","A","VAUL","Vaccinium uliginosum","Bog blueberry","Upper"
"16012_73_74_75_77_78","A","LEGR","Ledum groenlandicum","Bog labrador tea","Upper"
"16012_73_74_75_77_78","A","SAPU15","Salix pulchra","Tealeaf willow","Upper"
"16012_73_74_75_77_78","B","PIGL","Picea glauca","White spruce","Upper"
"16012_73_74_75_77_78","B","BEPA","Betula papyrifera var. keniaca","Paper birch","Upper"
"16012_73_74_75_77_78","B","BENA","Betula nana","Dwarf birch","Lower"
"16012_73_74_75_77_78","C","PIGL","Picea glauca","White spruce","Upper"
"16012_73_74_75_77_78","C","BENA","Betula nana","Dwarf birch","Low-Mid"
"16012_73_74_75_77_78","C","VAUL","Vaccinium uliginosum","Bog blueberry","Low-Mid"
"16012_73_74_75_77_78","C","CLADI3","Cladina spp.","Reindeer lichen","Lower"
"16013_68_69_70_72_73_74_76","A","POBA2","Populus balsamifera","Balsam poplar","Upper"
"16013_68_69_70_72_73_74_76","A","VIED","Viburnum edule","Squashberry","Lower"
"16013_68_69_70_72_73_74_76","A","ROAC","Rosa acicularis","Prickly rose","Lower"
"16013_68_69_70_72_73_74_76","B","POBA2","Populus balsamifera","Balsam poplar","Upper"
"16013_68_69_70_72_73_74_76","B","VIED","Viburnum edule","Squashberry","Lower"
"16013_68_69_70_72_73_74_76","B","ROAC","Rosa acicularis","Prickly rose","Lower"
"16030_67_68_69_70_71_72_73_74_75_76_77_78","A","CHANA2","Chamerion angustifolium ssp. angustifolium","Fireweed","Upper"
"16030_67_68_69_70_71_72_73_74_75_76_77_78","A","EQSY","Equisetum sylvaticum","Woodland horsetail","Upper"
"16030_67_68_69_70_71_72_73_74_75_76_77_78","A","EQAR","Equisetum arvense","Field horsetail","Upper"
"16030_67_68_69_70_71_72_73_74_75_76_77_78","B","ARUV","Arctostaphylos uva-ursi","Kinnikinnick","Upper"
"16030_67_68_69_70_71_72_73_74_75_76_77_78","B","VAVI","Vaccinium vitis-idaea","Lingonberry","Upper"
"16030_67_68_69_70_71_72_73_74_75_76_77_78","B","BENA","Betula nana","Dwarf birch","Upper"
"16030_67_68_69_70_71_72_73_74_75_76_77_78","B","LEGL","Ledum glandulosum","Western Labrador tea","Upper"
"16030_67_68_69_70_71_72_73_74_75_76_77_78","C","BEPA","Betula neoalaskana","Paper birch","Upper"
"16030_67_68_69_70_71_72_73_74_75_76_77_78","C","POTR5","Populus tremuloides","Quaking aspen","Upper"
"16030_67_68_69_70_71_72_73_74_75_76_77_78","C","PIGL","Picea glauca","White spruce","Upper"
"16030_67_68_69_70_71_72_73_74_75_76_77_78","C","ROAC","Rosa acicularis","Prickly rose","Upper"
"16030_67_68_69_70_71_72_73_74_75_76_77_78","D","PIGL","Picea glauca","White spruce","Upper"
"16030_67_68_69_70_71_72_73_74_75_76_77_78","D","BENA","Betula nana","Dwarf birch","Lower"
"16030_67_68_69_70_71_72_73_74_75_76_77_78","D","ROAC","Rosa acicularis","Prickly rose","Lower"
"16030_67_68_69_70_71_72_73_74_75_76_77_78","D","VIED","Viburnum edule","Squashberry","Lower"
"16030_67_68_69_70_71_72_73_74_75_76_77_78","E","PIGL","Picea glauca","White spruce","Upper"
"16030_67_68_69_70_71_72_73_74_75_76_77_78","E","ARRU","Arctostaphylos rubra","Red fruit bearberry","Lower"
"16030_67_68_69_70_71_72_73_74_75_76_77_78","E","VAVI","Vaccinium vitis-idaea","Lingonberry","Lower"
"16030_67_68_69_70_71_72_73_74_75_76_77_78","E","BENA","Betula nana","Dwarf birch","Lower"
"16041_68_69_70_71_72_73_74_75_76_77_78","A","CACA4","Calamagrostis canadensis","Bluejoint","Upper"
"16041_68_69_70_71_72_73_74_75_76_77_78","A","CHAN9","Chamerion angustifolium","Fireweed","Upper"
"16041_68_69_70_71_72_73_74_75_76_77_78","A","EQUIS","Equisetum spp,","Horsetail","Upper"
"16041_68_69_70_71_72_73_74_75_76_77_78","B","SAPU15","Salix pulchra","Tealeaf willow","Upper"
"16041_68_69_70_71_72_73_74_75_76_77_78","B","BENA","Betula nana","Dwarf birch","Upper"
"16041_68_69_70_71_72_73_74_75_76_77_78","B","LEGR","Ledum groenlandicum","Bog Labrador tea","Upper"
"16041_68_69_70_71_72_73_74_75_76_77_78","B","ROAC","Rosa acicularis","Prickly rose","None"
"16041_68_69_70_71_72_73_74_75_76_77_78","C","BENE4","Betula neoalaskana","Resin birch","Upper"
"16041_68_69_70_71_72_73_74_75_76_77_78","C","POTR5","Populus tremuloides","Quaking aspen","Upper"
"16041_68_69_70_71_72_73_74_75_76_77_78","C","PIMA","Picea mariana","Black spruce","Upper"
"16041_68_69_70_71_72_73_74_75_76_77_78","C","PIGL","Picea glauca","White spruce","Upper"
"16041_68_69_70_71_72_73_74_75_76_77_78","D","PIMA","Picea mariana","Black spruce","Upper"
"16041_68_69_70_71_72_73_74_75_76_77_78","D","PIGL","Picea glauca","White spruce","Upper"
"16041_68_69_70_71_72_73_74_75_76_77_78","D","HYSP70","Hylocomium splendens","Splendid feather moss","Lower"
"16041_68_69_70_71_72_73_74_75_76_77_78","D","PLSC70","Pleurozium schreberi","Schreber's big red stem moss","Lower"
"16041_68_69_70_71_72_73_74_75_76_77_78","E","PIMA","Picea mariana","Black spruce","Upper"
"16041_68_69_70_71_72_73_74_75_76_77_78","E","PIGL","Picea glauca","White spruce","Upper"
"16041_68_69_70_71_72_73_74_75_76_77_78","E","BENA","Betula nana","Dwarf birch","Lower"
"16041_68_69_70_71_72_73_74_75_76_77_78","E","LEGR","Ledum groenlandicum","Bog Labrador tea","Lower"
"16042_73_74_75_76_77_78","A","BENA","Betula nana","Dwarf birch","Upper"
"16042_73_74_75_76_77_78","A","LEGR","Ledum groenlandicum","Bog Labrador tea","Middle"
"16042_73_74_75_76_77_78","A","VAUL","Vaccinium uliginosum","Bog blueberry","Low-Mid"
"16042_73_74_75_76_77_78","A","VAVI","Vaccinium vitis-idaea","Lingonberry","Lower"
"16042_73_74_75_76_77_78","B","PIMA","Picea mariana","Black spruce","Upper"
"16042_73_74_75_76_77_78","B","PIGL","Picea glauca","White spruce","Upper"
"16042_73_74_75_76_77_78","B","BENA","Betula nana","Dwarf birch","Lower"
"16042_73_74_75_76_77_78","B","LEGR","Ledum groenlandicum","Bog Labrador tea","Lower"
"16042_73_74_75_76_77_78","C","BEPAK","Betula papyrifera var. kenica","Kenai birch","Upper"
"16042_73_74_75_76_77_78","C","POTR5","Populus tremuloides","Quaking aspen","Upper"
"16042_73_74_75_76_77_78","C","PIMA","Picea mariana","Black spruce","Mid-Upper"
"16042_73_74_75_76_77_78","C","PIGL","Picea glauca","White spruce","Mid-Upper"
"16042_73_74_75_76_77_78","D","PIMA","Picea mariana","Black spruce","Upper"
"16042_73_74_75_76_77_78","D","PIGL","Picea glauca","White spruce","Upper"
"16042_73_74_75_76_77_78","D","BENA","Betula nana","Dwarf birch","Lower"
"16042_73_74_75_76_77_78","D","LEGR","Ledum groenlandicum","Bog Labrador tea","Lower"
"16042_73_74_75_76_77_78","E","PIMA","Picea mariana","Black spruce","Upper"
"16042_73_74_75_76_77_78","E","PIGL","Picea glauca","White spruce","Upper"
"16042_73_74_75_76_77_78","E","BENA","Betula nana","Dwarf birch","Lower"
"16042_73_74_75_76_77_78","E","LEGR","Ledum groenlandicum","Bog Labrador tea","Lower"
"16050_67_68_69_70_71_72_73_74_75_76_77_78_80","A","CHAN9","Chamerion angustifolium","Fireweed","Upper"
"16050_67_68_69_70_71_72_73_74_75_76_77_78_80","A","CACA4","Calamagrostis canadensis","Bluejoint","None"
"16050_67_68_69_70_71_72_73_74_75_76_77_78_80","A","EQUIS","Equisetum spp.","Horsetail","None"
"16050_67_68_69_70_71_72_73_74_75_76_77_78_80","A","MEPA","Mertensia paniculata","Tall bluebells","None"
"16050_67_68_69_70_71_72_73_74_75_76_77_78_80","B","ROAC","Rosa acicularis","Prickly rose","Upper"
"16050_67_68_69_70_71_72_73_74_75_76_77_78_80","B","VIED","Viburnum edule","Squashberry","Upper"
"16050_67_68_69_70_71_72_73_74_75_76_77_78_80","B","LEDUM","Ledum spp.","Labrador tea","Upper"
"16050_67_68_69_70_71_72_73_74_75_76_77_78_80","B","ALNUS","Alnus spp.","Alder","Upper"
"16050_67_68_69_70_71_72_73_74_75_76_77_78_80","C","BENE4","Betula neoalaskana","Alaska paper birch","Upper"
"16050_67_68_69_70_71_72_73_74_75_76_77_78_80","C","POTR5","Populus tremuloides","Quaking aspen","Upper"
"16050_67_68_69_70_71_72_73_74_75_76_77_78_80","C","ROAC","Rosa acicularis","Prickly rose","Lower"
"16050_67_68_69_70_71_72_73_74_75_76_77_78_80","C","VIED","Viburnum edule","Squashberry","Lower"
"16050_67_68_69_70_71_72_73_74_75_76_77_78_80","D","BENE4","Betula neoalaskana","Alaska paper birch","Upper"
"16050_67_68_69_70_71_72_73_74_75_76_77_78_80","D","POTR5","Populus tremuloides","Quaking aspen","Upper"
"16050_67_68_69_70_71_72_73_74_75_76_77_78_80","D","ROAC","Rosa acicularis","Prickly rose","Lower"
"16050_67_68_69_70_71_72_73_74_75_76_77_78_80","D","VIED","Viburnum edule","Squashberry","Lower"
"16050_67_68_69_70_71_72_73_74_75_76_77_78_80","E","BENE4","Betula neoalaskana","Alaska paper birch","Upper"
"16050_67_68_69_70_71_72_73_74_75_76_77_78_80","E","POTR5","Populus tremuloides","Quaking aspen","Upper"
"16050_67_68_69_70_71_72_73_74_75_76_77_78_80","E","ALNUS","Alnus spp.","Alder","Lower"
"16050_67_68_69_70_71_72_73_74_75_76_77_78_80","E","LEDUM","Ledum spp.","Labrador tea","Lower"
"16061_70_71_73_74_75_76_77_78","A","CAPU","Calamagrostis purpurascens","Purple reedgrass","Upper"
"16061_70_71_73_74_75_76_77_78","A","PSSP6","Pseudoroegneria spicata","Bluebunch wheatgrass","Upper"
"16061_70_71_73_74_75_76_77_78","A","ARFR4","Artemisia frigida","Prairie sagewort","Upper"
"16061_70_71_73_74_75_76_77_78","A","JUCO6","Juniperus communis","Common juniper","Upper"
"16061_70_71_73_74_75_76_77_78","B","POTR5","Populus tremuloides","Quaking aspen","Upper"
"16061_70_71_73_74_75_76_77_78","B","ROAC","Rosa acicularis","Prickly rose","Mid-Upper"
"16061_70_71_73_74_75_76_77_78","B","JUCO6","Juniperus communis","Common juniper","Mid-Upper"
"16061_70_71_73_74_75_76_77_78","B","ARAL5","Artemisia alaskana","Alaska wormwood","Mid-Upper"
"16061_70_71_73_74_75_76_77_78","C","POTR5","Populus tremuloides","Quaking aspen","Upper"
"16061_70_71_73_74_75_76_77_78","C","ROAC","Rosa acicularis","Prickly rose","Lower"
"16061_70_71_73_74_75_76_77_78","C","JUCO6","Juniperus communis","Common juniper","Lower"
"16061_70_71_73_74_75_76_77_78","C","ARAL5","Artemisia alaskana","Alaska wormwood","Lower"
"16061_70_71_73_74_75_76_77_78","D","POTR5","Populus tremuloides","Quaking aspen","Upper"
"16061_70_71_73_74_75_76_77_78","D","PIGL","Picea glauca","White spruce","Upper"
"16061_70_71_73_74_75_76_77_78","D","ROAC","Rosa acicularis","Prickly rose","Lower"
"16061_70_71_73_74_75_76_77_78","D","JUCO6","Juniperus communis","Common juniper","Lower"
"16062_74","A","PSSP6","Pseudoroegneria spicata","Bluebunch wheatgrass","Upper"
"16062_74","A","BRINA","Bromus inermis ssp. pumpellianus var. arcticus","Pumpelly's brome","Upper"
"16062_74","A","CAPU","Calamagrostis purpurascens","Purple reedgrass","Upper"
"16062_74","A","FEAL","Festuca altaica","Altai fescue","Upper"
"16062_74","B","ARFR4","Artemisia frigida","Prairie sagewort","Upper"
"16062_74","B","ARAL5","Artemisia alaskana","Alaska wormwood","Upper"
"16062_74","B","PSSP6","Pseudoroegneria spicata","Bluebunch wheatgrass","Upper"
"16062_74","B","BRINA","Bromus inermis ssp. pumpellianus var. arcticus","Pumpelly's brome","Upper"
"16090_68_69_70_71_72_73_74_75_76_77_78","A","CACA4","Calamagrostis canadensis","Bluejoint","Upper"
"16090_68_69_70_71_72_73_74_75_76_77_78","A","CHAN9","Chamerion angustifolium","Fireweed","Upper"
"16090_68_69_70_71_72_73_74_75_76_77_78","A","ATFI","Athyrium filix-femina","Common ladyfern","Upper"
"16090_68_69_70_71_72_73_74_75_76_77_78","A","DREX2","Dryopteris expansa","Spreading woodfern","Upper"
"16090_68_69_70_71_72_73_74_75_76_77_78","B","ALVIS","Alnus viridis ssp. sinuata","Sitka alder","Upper"
"16090_68_69_70_71_72_73_74_75_76_77_78","B","SALIX","Salix spp.","Willow","Upper"
"16090_68_69_70_71_72_73_74_75_76_77_78","B","SARA2","Sambucus racemosa","Red elderberry","Upper"
"16090_68_69_70_71_72_73_74_75_76_77_78","B","SPST3","Spiraea stevenii","Beauverd spirea","Upper"
"16091_68_69_70_71_72_73_74_75_76","A","CACA4","Calamagrostis canadensis","Bluejoint","Upper"
"16091_68_69_70_71_72_73_74_75_76","A","CHAN9","Chamerion angustifolium","Fireweed","Upper"
"16091_68_69_70_71_72_73_74_75_76","A","ATFI","Athyrium filix-femina","Common ladyfern","Upper"
"16091_68_69_70_71_72_73_74_75_76","A","DREX2","Dryopteris expansa","Spreading woodfern","Upper"
"16091_68_69_70_71_72_73_74_75_76","B","ALVIS","Alnus viridis ssp. sinuata","Sitka alder","Upper"
"16091_68_69_70_71_72_73_74_75_76","B","SALIX","Salix spp.","Willow","Upper"
"16091_68_69_70_71_72_73_74_75_76","B","SARA2","Sambucus racemosa","Red elderberry","Upper"
"16091_68_69_70_71_72_73_74_75_76","B","SPST3","Spiraea stevenii","Beauverd spirea","Upper"
"16101_68_69_70_71_72_73_74_75_76_77","A","FEAL","Festuca altaica","Altai fescue","Upper"
"16101_68_69_70_71_72_73_74_75_76_77","A","HIAL3","Hierochloe alpina","Alpine sweetgrass","Upper"
"16101_68_69_70_71_72_73_74_75_76_77","A","CACA4","Calamagrostis canadensis","Bluejoint","Upper"
"16101_68_69_70_71_72_73_74_75_76_77","A","CHAN9","Chamerion angustifolium","Fireweed","Upper"
"16101_68_69_70_71_72_73_74_75_76_77","B","BENA","Betula nana","Dwarf birch","Upper"
"16101_68_69_70_71_72_73_74_75_76_77","B","VAUL","Vaccinium uliginosum","Bog blueberry","Upper"
"16101_68_69_70_71_72_73_74_75_76_77","B","LEPAD","Ledum palustre ssp. decumbens","Marsh labrador tea","Upper"
"16101_68_69_70_71_72_73_74_75_76_77","B","SALIX","Salix spp.","Willow","Upper"
"16102_73_74_75_76_77","A","FEAL","Festuca altaica","Altai fescue","Upper"
"16102_73_74_75_76_77","A","HIAL3","Hierochloe alpina","Alpine sweetgrass","Upper"
"16102_73_74_75_76_77","B","BENA","Betula nana","Dwarf birch","Upper"
"16102_73_74_75_76_77","B","VAUL","Vaccinium uliginosum","Bog blueberry","Upper"
"16102_73_74_75_76_77","B","LEPAD","Ledum palustre ssp. decumbens","Marsh labrador tea","Upper"
"16102_73_74_75_76_77","B","SALIX","Salix spp.","Willow","Upper"
"16110_68_69_70_71_72_73_74_75_76_77_78_80","A","CACA4","Calamagrostis canadensis","Bluejoint","Upper"
"16110_68_69_70_71_72_73_74_75_76_77_78_80","A","CHANA2","Chamerion angustifolium ssp. angustifolium","Fireweed","Upper"
"16110_68_69_70_71_72_73_74_75_76_77_78_80","A","HEMA80","Heracleum maximum","Common cowparsnip","Upper"
"16110_68_69_70_71_72_73_74_75_76_77_78_80","A","ATFI","Athyrium filix-femina","Common ladyfern","Upper"
"16120_70_71_73_74","A","FEAL","Festuca altaica","Altai fescue","Upper"
"16120_70_71_73_74","A","FERU2","Festuca rubra","Red fescue","Upper"
"16120_70_71_73_74","A","CAPU","Calamagrostis purpurascens","Purple reedgrass","Upper"
"16120_70_71_73_74","A","BRINA","Bromus inermis ssp. pumpellianus var. arcticus","Pumpelly's brome","Upper"
"16120_70_71_73_74","B","FEAL","Festuca altaica","Altai fescue","Upper"
"16120_70_71_73_74","B","CAPU","Calamagrostis purpurascens","Purple reedgrass","Upper"
"16120_70_71_73_74","B","VAVI","Vaccinium vitis-idaea","Lingonberry","Upper"
"16120_70_71_73_74","B","ARFR4","Artemisia frigida","Prairie sagewort","Upper"
"16120_70_71_73_74","B","ARUV","Arctostaphylos uva-ursi","Kinnikinnick","Upper"
"16130_68","A","LUKU","Lupinus kuschei","Yukon lupine","Upper"
"16130_68","A","LEAR11","Leymus arenarius","Sand ryegrass","Upper"
"16130_68","A","ALNUS","Alnus spp.","Alder","Upper"
"16130_68","A","VACCI","Vaccinium spp.","Blueberry","Upper"
"16130_68","B","PIGL","Picea glauca","White spruce","Upper"
"16130_68","B","ALNUS","Alnus spp.","Alder","Mid-Upper"
"16130_68","B","BENA","Betula nana","Dwarf birch","Lower"
"16130_68","B","VACCI","Vaccinium spp.","Blueberry","Lower"
"16141_68_69_70_71_72_73_74_76_78","A","LUPIN","Lupinus spp.","Lupine","Upper"
"16141_68_69_70_71_72_73_74_76_78","A","HEDYS","Hedysarum spp.","Sweetvetch","Upper"
"16141_68_69_70_71_72_73_74_76_78","A","EQUIS","Equisetum spp.","Horsetail","Upper"
"16141_68_69_70_71_72_73_74_76_78","A","SALIX","Salix spp.","Willow","Upper"
"16141_68_69_70_71_72_73_74_76_78","B","SALIX","Salix spp.","Willow","Upper"
"16141_68_69_70_71_72_73_74_76_78","B","ALNUS","Alnus spp.","Alder","Upper"
"16141_68_69_70_71_72_73_74_76_78","B","POBAB2","Populus balsamifera ssp. balsamifera","Balsam poplar","Upper"
"16141_68_69_70_71_72_73_74_76_78","B","ROAC","Rosa acicularis","Prickly rose","Lower"
"16141_68_69_70_71_72_73_74_76_78","C","POBAB2","Populus balsamifera ssp. balsamifera","Balsam poplar","Upper"
"16141_68_69_70_71_72_73_74_76_78","C","PIGL","Picea glauca","White spruce","Middle"
"16141_68_69_70_71_72_73_74_76_78","C","ROAC","Rosa acicularis","Prickly rose","Lower"
"16141_68_69_70_71_72_73_74_76_78","C","VIED","Viburnum edule","Squashberry","Lower"
"16141_68_69_70_71_72_73_74_76_78","D","PIGL","Picea glauca","White spruce","Upper"
"16141_68_69_70_71_72_73_74_76_78","D","ROAC","Rosa acicularis","Prickly rose","Lower"
"16141_68_69_70_71_72_73_74_76_78","D","VIED","Viburnum edule","Squashberry","Lower"
"16141_68_69_70_71_72_73_74_76_78","E","PIGL","Picea glauca","White spruce","Lower"
"16141_68_69_70_71_72_73_74_76_78","E","ROAC","Rosa acicularis","Prickly rose","Lower"
"16141_68_69_70_71_72_73_74_76_78","E","VIED","Viburnum edule","Squashberry","Lower"
"16142_73_74_75_76_77_78","A","EQUIS","Equisetum spp.","Horsetail","Upper"
"16142_73_74_75_76_77_78","A","SALIX","Salix spp.","Willow","Upper"
"16142_73_74_75_76_77_78","A","ALNUS","Alnus spp.","Alder","Upper"
"16142_73_74_75_76_77_78","B","SALIX","Salix spp.","Willow","Upper"
"16142_73_74_75_76_77_78","B","ALNUS","Alnus spp.","Alder","Upper"
"16142_73_74_75_76_77_78","B","ROAC","Rosa acicularis","Prickly rose","Upper"
"16142_73_74_75_76_77_78","B","VIED","Viburnum edule","Squashberry","Upper"
"16142_73_74_75_76_77_78","C","POBAB2","Populus balsamifera ssp. trichocarpa","Black cottonwood","Upper"
"16142_73_74_75_76_77_78","C","PIGL","Picea glauca","White spruce","Middle"
"16142_73_74_75_76_77_78","C","ROAC","Rosa acicularis","Prickly rose","Lower"
"16142_73_74_75_76_77_78","C","VIED","Viburnum edule","Squashberry","Lower"
"16142_73_74_75_76_77_78","D","PIGL","Picea glauca","White spruce","Upper"
"16142_73_74_75_76_77_78","D","ROAC","Rosa acicularis","Prickly rose","Lower"
"16142_73_74_75_76_77_78","D","VIED","Viburnum edule","Squashberry","Lower"
"16142_73_74_75_76_77_78","D","ALNUS","Alnus spp.","Alder","Lower"
"16142_73_74_75_76_77_78","E","PIGL","Picea glauca","White spruce","Lower"
"16142_73_74_75_76_77_78","E","ROAC","Rosa acicularis","Prickly rose","Lower"
"16142_73_74_75_76_77_78","E","VIED","Viburnum edule","Squashberry","Lower"
"16142_73_74_75_76_77_78","E","ALNUS","Alnus spp.","Alder","Lower"
"16150_68_69_70_71_72_73_74_75_76_77_80","A","EQUIS","Equisetum spp.","Horsetail","Upper"
"16150_68_69_70_71_72_73_74_75_76_77_80","A","SALIX","Salix spp.","Willow","Upper"
"16150_68_69_70_71_72_73_74_75_76_77_80","A","POBAB2","Populus balsamifera ssp. balsamifera","Balsam poplar","Upper"
"16150_68_69_70_71_72_73_74_75_76_77_80","A","LUPIN","Lupinus spp.","Lupine","Upper"
"16150_68_69_70_71_72_73_74_75_76_77_80","B","SALIX","Salix spp.","Willow","Upper"
"16150_68_69_70_71_72_73_74_75_76_77_80","B","ALNUS","Alnus spp.","Alder","Upper"
"16150_68_69_70_71_72_73_74_75_76_77_80","B","POBAB2","Populus balsamifera ssp. balsamifera","Balsam poplar","Upper"
"16150_68_69_70_71_72_73_74_75_76_77_80","B","ROAC","Rosa acicularis","Prickly rose","Upper"
"16150_68_69_70_71_72_73_74_75_76_77_80","C","POBAB2","Populus balsamifera ssp. balsamifera","Balsam poplar","Upper"
"16150_68_69_70_71_72_73_74_75_76_77_80","C","PIGL","Picea glauca","White spruce","Middle"
"16150_68_69_70_71_72_73_74_75_76_77_80","C","ROAC","Rosa acicularis","Prickly rose","Lower"
"16150_68_69_70_71_72_73_74_75_76_77_80","C","VIED","Viburnum edule","Squashberry","Lower"
"16150_68_69_70_71_72_73_74_75_76_77_80","D","PIGL","Picea glauca","White spruce","Upper"
"16150_68_69_70_71_72_73_74_75_76_77_80","D","ROAC","Rosa acicularis","Prickly rose","Lower"
"16150_68_69_70_71_72_73_74_75_76_77_80","D","VIED","Viburnum edule","Squashberry","Lower"
"16150_68_69_70_71_72_73_74_75_76_77_80","D","ALNUS","Alnus spp.","Alder","Lower"
"16150_68_69_70_71_72_73_74_75_76_77_80","E","PIGL","Picea glauca","White spruce","Upper"
"16150_68_69_70_71_72_73_74_75_76_77_80","E","ROAC","Rosa acicularis","Prickly rose","Lower"
"16150_68_69_70_71_72_73_74_75_76_77_80","E","VIED","Viburnum edule","Squashberry","Lower"
"16150_68_69_70_71_72_73_74_75_76_77_80","E","ALNUS","Alnus spp.","Alder","Lower"
"16160_70_71_72_73_74_75_76_77_78_80","A","SALIX","Salix spp.","Willow","Upper"
"16160_70_71_72_73_74_75_76_77_78_80","A","ALNUS","Alnus spp.","Alder","Upper"
"16160_70_71_72_73_74_75_76_77_78_80","A","CAREX","Carex spp.","Sedge","Lower"
"16160_70_71_72_73_74_75_76_77_78_80","A","CACA4","Calamagrostis canadensis","Bluejoint","Low-Mid"
"16160_70_71_72_73_74_75_76_77_78_80","B","BEPA","Betula neoalaskana","Alaska paper birch","Upper"
"16160_70_71_72_73_74_75_76_77_78_80","B","PIGL","Picea glauca","White spruce","Upper"
"16160_70_71_72_73_74_75_76_77_78_80","B","PIMA","Picea mariana","Black spruce","Upper"
"16160_70_71_72_73_74_75_76_77_78_80","B","ALNUS","Alnus spp.","Alder","Middle"
"16160_70_71_72_73_74_75_76_77_78_80","C","PIGL","Picea glauca","White spruce","Upper"
"16160_70_71_72_73_74_75_76_77_78_80","C","BEPA","Betula neoalaskana","Alaska paper birch","Upper"
"16160_70_71_72_73_74_75_76_77_78_80","C","POBA2","Populus balsamifera","Balsam poplar","Upper"
"16160_70_71_72_73_74_75_76_77_78_80","C","PIMA","Picea mariana","Black spruce","Upper"
"16180_68_70_71_72_73_74_75_76_77_78","A","METR3","Menyanthes trifoliata","Buckbean","Upper"
"16180_68_70_71_72_73_74_75_76_77_78","A","COPA28","Comarum palustre","Purple marshlocks","Upper"
"16180_68_70_71_72_73_74_75_76_77_78","A","EQFL","Equisetum fluviatile","Water horsetail","Upper"
"16200_68_69_70_71_72_73_74_75_76_77_78","A","VAOX","Vaccinium oxycoccos","small cranberry","Upper"
"16200_68_69_70_71_72_73_74_75_76_77_78","A","ANPO","Andromeda polifolia","bog rosemary","Upper"
"16200_68_69_70_71_72_73_74_75_76_77_78","A","SALIX","Salix spp.","Willow","Upper"
"16200_68_69_70_71_72_73_74_75_76_77_78","A","BENA","Betula nana","Dwarf birch","Upper"
"16210_68_69_70_71_72_73_74_75_76_77","A","BENA","Betula nana","Dwarf birch","Upper"
"16210_68_69_70_71_72_73_74_75_76_77","A","LEGR","Ledum groenlandicum","Bog labrador tea","Upper"
"16210_68_69_70_71_72_73_74_75_76_77","A","SALIX","Salix spp.","Willow","Lower"
"16210_68_69_70_71_72_73_74_75_76_77","A","VACCI","Vaccinium spp.","Blueberry","Lower"
"16210_68_69_70_71_72_73_74_75_76_77","B","PIMA","Picea mariana","Black spruce","Upper"
"16210_68_69_70_71_72_73_74_75_76_77","B","LALA","Larix laricina","Tamarack","Upper"
"16210_68_69_70_71_72_73_74_75_76_77","B","BENA","Betula nana","Dwarf birch","Lower"
"16210_68_69_70_71_72_73_74_75_76_77","B","MYGA","Myrica gale","Sweetgale","Lower"
"16240_68_69_70_71_72_73_74_75_76_77_78","A","ALINT","Alnus incana ssp. tenuifolia","Thinleaf alder","Upper"
"16240_68_69_70_71_72_73_74_75_76_77_78","A","ALVIS","Alnus viridis ssp. sinuata","Sitka alder","Upper"
"16240_68_69_70_71_72_73_74_75_76_77_78","A","SAPU15","Salix pulchra","Tealeaf willow","Upper"
"16240_68_69_70_71_72_73_74_75_76_77_78","A","SARI4","Salix richardsonii","Richardson's willow","Upper"
"16281_68_69_70_71_72_73_74_76","A","ERVA4","Eriophorum vaginatum","Tussock cottongrass","Upper"
"16281_68_69_70_71_72_73_74_76","A","CABI5","Carex bigelowii","Bigelow's sedge","Upper"
"16281_68_69_70_71_72_73_74_76","A","CACA4","Calamagrostis canadensis","Bluejoint","Upper"
"16281_68_69_70_71_72_73_74_76","A","ARCTA","Arctagrostis spp,","Polargrass","Upper"
"16281_68_69_70_71_72_73_74_76","B","BENA","Betula nana","Dwarf birch","Upper"
"16281_68_69_70_71_72_73_74_76","B","SALIX","Salix spp.","Willow","Upper"
"16281_68_69_70_71_72_73_74_76","B","ERVA4","Eriophorum vaginatum","Tussock cottongrass","Upper"
"16281_68_69_70_71_72_73_74_76","B","CABI5","Carex bigelowii","Bigelow's sedge","Upper"
"16281_68_69_70_71_72_73_74_76","C","BENA","Betula nana","Dwarf birch","Upper"
"16281_68_69_70_71_72_73_74_76","C","SALIX","Salix spp.","Willow","Upper"
"16281_68_69_70_71_72_73_74_76","C","ERVA4","Eriophorum vaginatum","Tussock cottongrass","Upper"
"16281_68_69_70_71_72_73_74_76","C","PECA60","Peltigera canina","Felt lichen","Upper"
"16282_67_68_69_70_71_72_73_74_75_76_77","A","BENA","Betula nana","Dwarf birch","Upper"
"16282_67_68_69_70_71_72_73_74_75_76_77","A","SALIX","Salix spp.","Willow","Upper"
"16282_67_68_69_70_71_72_73_74_75_76_77","A","ERVA4","Eriophorum vaginatum","Tussock cottongrass","Upper"
"16282_67_68_69_70_71_72_73_74_75_76_77","A","CABI5","Carex bigelowii","Bigelow's sedge","Upper"
"16291_68","A","ERVA4","Eriophorum vaginatum","Tussock cottongrass","Upper"
"16291_68","A","CABI5","Carex bigelowii","Bigelow's sedge","Upper"
"16291_68","B","CHCA2","Chamaedaphne calyculata","Leatherleaf","Upper"
"16291_68","B","VAOX","Vaccinium oxycoccos","Small cranberry","Upper"
"16291_68","B","ERVA4","Eriophorum vaginatum","Tussock cottongrass","Upper"
"16291_68","B","CABI5","Carex bigelowii","Bigelow's sedge","Upper"
"16292_67_68_69_70_71_72_73_74_76","A","ERVA4","Eriophorum vaginatum","Tussock cottongrass","Upper"
"16292_67_68_69_70_71_72_73_74_76","A","CABI5","Carex bigelowii","Bigelow's sedge","Upper"
"16292_67_68_69_70_71_72_73_74_76","A","CHCA2","Chamaedaphne calyculata","Leatherleaf","Upper"
"16292_67_68_69_70_71_72_73_74_76","A","VAOX","Vaccinium oxycoccos","Small cranberry","Upper"
"16300_68_69_70_71_72_73_74_75_76_77_78","A","ERVA4","Eriophorum vaginatum","Tussock cottongrass","Upper"
"16300_68_69_70_71_72_73_74_75_76_77_78","A","CABI5","Carex bigelowii","Bigelow's sedge","Upper"
"16300_68_69_70_71_72_73_74_75_76_77_78","A","RUCH","Rubus chamaemorus","Cloudberry","Upper"
"16300_68_69_70_71_72_73_74_75_76_77_78","B","BENA","Betula nana","Dwarf birch","Upper"
"16300_68_69_70_71_72_73_74_75_76_77_78","B","LEPAD","Ledum palustre ssp. decumbens","Marsh Labrador tea","Upper"
"16300_68_69_70_71_72_73_74_75_76_77_78","B","VAUL","Vaccinium uliginosum","Bog blueberry","Upper"
"16300_68_69_70_71_72_73_74_75_76_77_78","B","VAVI","Vaccinium vitis-idaea","Lingonberry","Upper"
"16300_68_69_70_71_72_73_74_75_76_77_78","C","PIMA","Picea mariana","Black spruce","Upper"
"16300_68_69_70_71_72_73_74_75_76_77_78","C","BENA","Betula nana","Dwarf birch","Lower"
"16300_68_69_70_71_72_73_74_75_76_77_78","C","LEPAD","Ledum palustre ssp. decumbens","Marsh Labrador tea","Lower"
"16300_68_69_70_71_72_73_74_75_76_77_78","C","VAUL","Vaccinium uliginosum","Bog blueberry","Lower"
"16330_68_69_70_71_73_74_75_76_77_78","A","CABI5","Carex bigelowii","Bigelow's sedge","Upper"
"16330_68_69_70_71_73_74_75_76_77_78","A","SAPUL","Salix pulchra","Tealeaf willow","Upper"
"16330_68_69_70_71_73_74_75_76_77_78","A","BENA","Betula nana","Dwarf birch","Upper"
"16330_68_69_70_71_73_74_75_76_77_78","A","ARAL2","Arctostaphylos alpina","Alpine bearberry","Upper"
"16330_68_69_70_71_73_74_75_76_77_78","A","EMNI","Empetrum nigrum","Black crowberry","Upper"
"16350_68_69_70_71_72_73_74_75_76_77_78","A","RHCA5","Rhododendron camtschaticum","Kamchatka rhododendron","Upper"
"16350_68_69_70_71_72_73_74_75_76_77_78","A","EMNI","Empetrum nigrum","Black crowberry","Upper"
"16350_68_69_70_71_72_73_74_75_76_77_78","A","VAUL","Vaccinium uliginosum","Bog blueberry","Upper"
"16350_68_69_70_71_72_73_74_75_76_77_78","A","CALA7","Campanula lasiocarpa","mountain harebell","Upper"
"16370_68_69_70_71_72_73_74_75_76_77_78_80","A","CHLA13","Chamerion latifolium","Dwarf fireweed","Upper"
"16370_68_69_70_71_72_73_74_75_76_77_78_80","A","LUPIN","Lupinus spp.","Lupine","Upper"
"16370_68_69_70_71_72_73_74_75_76_77_78_80","A","MEPA","Mertensia paniculata","Tall bluebells","Upper"
"16370_68_69_70_71_72_73_74_75_76_77_78_80","A","CREL","Crepis elegans","Elegant hawksbeard","Upper"
"16370_68_69_70_71_72_73_74_75_76_77_78_80","B","SAAL","Salix alaxensis","Feltleaf willow","Upper"
"16370_68_69_70_71_72_73_74_75_76_77_78_80","B","SAPU15","Salix pulchra","Tealeaf willow","Upper"
"16370_68_69_70_71_72_73_74_75_76_77_78_80","B","ALVIS","Alnus viridis ssp. sinuata","Sitka alder","Upper"
"16370_68_69_70_71_72_73_74_75_76_77_78_80","B","BENA","Betula nana","Dwarf birch","Upper"
"16370_68_69_70_71_72_73_74_75_76_77_78_80","C","SAPU15","Salix pulchra","Tealeaf willow","Upper"
"16370_68_69_70_71_72_73_74_75_76_77_78_80","C","SARE2","Salix reticulata","Netleaf willow","Upper"
"16370_68_69_70_71_72_73_74_75_76_77_78_80","C","DROC","Dryas octopetala","Eightpetal mountain-avens","Upper"
"16370_68_69_70_71_72_73_74_75_76_77_78_80","C","EMNI","Empetrum nigrum","Black crowberry","Upper"
"16380_67_68_69_70_71_72_73_76","A","ALVIC","Alnus viridis ssp. crispa","Mountain alder","Upper"
"16380_67_68_69_70_71_72_73_76","A","SAGL","Salix glauca","Grayleaf willow","Upper"
"16380_67_68_69_70_71_72_73_76","A","SAPU15","Salix pulchra","Tealeaf willow","Upper"
"16390_67_68_69_70_71_72_73_76","A","SAAL","Salix alaxensis","Feltleaf willow","Upper"
"16390_67_68_69_70_71_72_73_76","A","SAPU15","Salix pulchra","Tealeaf willow","Upper"
"16390_67_68_69_70_71_72_73_76","A","SAGL","Salix glauca","Grayleaf willow","Upper"
"16390_67_68_69_70_71_72_73_76","A","ALVIC","Alnus viridis ssp. crispa","Mountain alder","Upper"
"16400_73_76_80","A","SABA3","Salix barclayi","Barclay's willow","Upper"
"16400_73_76_80","A","SAGL","Salix glauca","Grayleaf willow","Upper"
"16400_73_76_80","A","SAPU15","Salix pulchra","Tealeaf willow","Upper"
"16400_73_76_80","A","SAAL","Salix alaxensis","Feltleaf willow","Upper"
"16430_73_74_75_76_77_78","A","EMNI","Empetrum nigrum","Black crowberry","Upper"
"16430_73_74_75_76_77_78","A","PHAL4","Phyllodoce aleutica","Aleutian mountainheath","Upper"
"16430_73_74_75_76_77_78","A","CAMA11","Carex macrochaeta","Longawn sedge","Upper"
"16430_73_74_75_76_77_78","A","LUNO","Lupinus nootkatensis","Nootka lupine","Upper"
"16441_73_75_76_77_78_80","A","PISI","Picea sitchensis","Sitka spruce","Upper"
"16441_73_75_76_77_78_80","A","OPHO","Oplopanax horridus","Devilsclub","Upper"
"16441_73_75_76_77_78_80","A","VAOV","Vaccinium ovalifolium","Oval-leaf blueberry","Upper"
"16441_73_75_76_77_78_80","A","SARA2","Sambucus racemosa","Red elderberry","Upper"
"16441_73_75_76_77_78_80","B","PISI","Picea sitchensis","Sitka spruce","Upper"
"16441_73_75_76_77_78_80","C","PISI","Picea sitchensis","Sitka spruce","Upper"
"16441_73_75_76_77_78_80","C","OPHO","Oplopanax horridus","Devilsclub","Lower"
"16441_73_75_76_77_78_80","C","VAOV","Vaccinium ovalifolium","Oval-leaf blueberry","Lower"
"16441_73_75_76_77_78_80","C","SARA2","Sambucus racemosa","Red elderberry","Lower"
"16441_73_75_76_77_78_80","D","PISI","Picea sitchensis","Sitka spruce","Upper"
"16441_73_75_76_77_78_80","D","OPHO","Oplopanax horridus","Devilsclub","Lower"
"16441_73_75_76_77_78_80","D","VAOV","Vaccinium ovalifolium","Oval-leaf blueberry","Lower"
"16441_73_75_76_77_78_80","D","SARA2","Sambucus racemosa","Red elderberry","Lower"
"16441_73_75_76_77_78_80","D","RUPE","Rubus pedatus","Trailing raspberry","Lower"
"16441_73_75_76_77_78_80","D","COCA13","Cornus canadensis","Bunchberry","Lower"
"16442_77_78","A","CACA4","Calamagrostis canadensis","Bluejoint","Upper"
"16442_77_78","A","EQVA","Equisetum variegatum","Variegated scouringrush","Upper"
"16442_77_78","A","CHLA13","Chamerion latifolium","Dwarf fireweed","Upper"
"16442_77_78","A","ALVIS","Alnus viridis ssp. sinuata","Sitka alder","Upper"
"16442_77_78","B","ALVIS","Alnus viridis ssp. sinuata","Sitka alder","Upper"
"16442_77_78","B","SAAL","Salix alaxensis","Feltleaf willow","Upper"
"16442_77_78","B","SASI2","Salix sitchensis","Sitka willow","Upper"
"16442_77_78","B","SABA3","Salix barclayi","Barclay's willow","Upper"
"16442_77_78","C","POBA2","Populus balsamifera ssp. trichocarpa","Balsam poplar","Upper"
"16442_77_78","C","PISI","Picea sitchensis","Sitka spruce","Upper"
"16442_77_78","C","ALVIS","Alnus viridis ssp. sinuata","Sitka alder","Lower"
"16442_77_78","C","SALIX","Salix spp.","Willow","Lower"
"16442_77_78","D","PISI","Picea sitchensis","Sitka spruce","Upper"
"16442_77_78","D","RUSP","Rubus spectabilis","Salmonberry","Lower"
"16442_77_78","D","SARA2","Sambucus racemosa","Red elderberry","Lower"
"16442_77_78","D","OPHO","Oplopanax horridus","Devilsclub","Lower"
"16443_73_77_78","A","PISI","Picea sitchensis","Sitka spruce","Upper"
"16443_73_77_78","A","ALVIS","Alnus viridis ssp. sinuata","Sitka alder","Lower"
"16443_73_77_78","A","OPHO","Oplopanax horridus","Devilsclub","Lower"
"16443_73_77_78","A","CANU","Calamagrostis nutkaensis","Pacific reedgrass","Lower"
"16443_73_77_78","B","PISI","Picea sitchensis","Sitka spruce","Upper"
"16443_73_77_78","B","OPHO","Oplopanax horridus","Devilsclub","Lower"
"16443_73_77_78","B","VAOV","Vaccinium ovalifolium","Oval-leaf blueberry","Lower"
"16443_73_77_78","C","PISI","Picea sitchensis","Sitka spruce","Upper"
"16443_73_77_78","C","OPHO","Oplopanax horridus","Devilsclub","Lower"
"16443_73_77_78","C","RUSP","Rubus spectabilis","Salmonberry","Lower"
"16460_75_77_78","A","TSHE","Tsuga heterophylla","Western hemlock","Upper"
"16460_75_77_78","A","PISI","Picea sitchensis","Sitka spruce","Upper"
"16460_75_77_78","A","VAOV","Vaccinium ovalifolium","Oval-leaf blueberry","Mid-Upper"
"16460_75_77_78","A","MEFE","Menziesia ferruginea","Rusty menziesia","Mid-Upper"
"16460_75_77_78","B","TSHE","Tsuga heterophylla","Western hemlock","Upper"
"16460_75_77_78","B","PISI","Picea sitchensis","Sitka spruce","Upper"
"16460_75_77_78","C","TSHE","Tsuga heterophylla","Western hemlock","Upper"
"16460_75_77_78","C","PISI","Picea sitchensis","Sitka spruce","Upper"
"16460_75_77_78","C","VAOV","Vaccinium ovalifolium","Oval-leaf blueberry","Lower"
"16460_75_77_78","C","MEFE","Menziesia ferruginea","Rusty menziesia","Lower"
"16460_75_77_78","D","TSHE","Tsuga heterophylla","Western hemlock","Upper"
"16460_75_77_78","D","PISI","Picea sitchensis","Sitka spruce","Upper"
"16460_75_77_78","D","VAOV","Vaccinium ovalifolium","Oval-leaf blueberry","Lower"
"16460_75_77_78","D","MEFE","Menziesia ferruginea","Rusty menziesia","Lower"
"16470_73_74_75_76_77_78_80","A","SPFU70","Sphagnum fuscum","sphagnum","Upper"
"16470_73_74_75_76_77_78_80","A","ANPO","Andromeda polifolia","bog rosemary","Upper"
"16470_73_74_75_76_77_78_80","A","BENA","Betula nana","dwarf birch","Upper"
"16470_73_74_75_76_77_78_80","A","EMNI","Empetrum nigrum","black crowberry","Upper"
"16481_75_77","A","VAOV","Vaccinium ovalifolium","Oval-leaf blueberry","Upper"
"16481_75_77","A","MEFE","Menziesia ferruginea","Rusty menziesia","Upper"
"16481_75_77","A","RUSP","Rubus spectabilis","Salmonberry","Upper"
"16481_75_77","B","TSME","Tsuga mertensiana","Mountain hemlock","Upper"
"16481_75_77","B","PILU","Picea lutzii","Picea lutzii","Upper"
"16481_75_77","B","MEFE","Menziesia ferruginea","Rusty menziesia","Lower"
"16481_75_77","B","ALVIS","Alnus viridis ssp. sinuata","Sitka alder","Lower"
"16481_75_77","C","TSME","Tsuga mertensiana","Mountain hemlock","Upper"
"16481_75_77","C","PILU","Picea lutzii","Picea lutzii","Upper"
"16481_75_77","C","MEFE","Menziesia ferruginea","Rusty menziesia","Lower"
"16481_75_77","C","ALVIS","Alnus viridis ssp. sinuata","Sitka alder","Lower"
"16482_78","A","VAOV","Vaccinium ovalifolium","Oval-leaf blueberry","Upper"
"16482_78","A","MEFE","Menziesia ferruginea","Rusty menziesia","Upper"
"16482_78","A","ELPY","Elliottia pyroliflorus","Copperbush","Upper"
"16482_78","A","BLSP","Blechnum spicant","Deer fern","Upper"
"16482_78","B","TSME","Tsuga mertensiana","Mountain hemlock","Upper"
"16482_78","B","VAOV","Vaccinium ovalifolium","Oval-leaf blueberry","Lower"
"16482_78","B","MEFE","Menziesia ferruginea","Rusty menziesia","Lower"
"16482_78","B","ELPY","Elliottia pyroliflorus","Copperbush","Lower"
"16482_78","C","TSME","Tsuga mertensiana","Mountain hemlock","Upper"
"16482_78","C","VAOV","Vaccinium ovalifolium","Oval-leaf blueberry","Lower"
"16482_78","C","MEFE","Menziesia ferruginea","Rusty menziesia","Lower"
"16482_78","C","ELPY","Elliottia pyroliflorus","Copperbush","Lower"
"16510_72_76_80","A","ATFI","Athyrium filix-femina","Common ladyfern","Upper"
"16510_72_76_80","A","VEVI","Veratrum viride","Green false hellebore","Upper"
"16510_72_76_80","A","CACA4","Calamagrostis canadensis","Bluejoint","Upper"
"16510_72_76_80","A","LUNON","Lupinus nootkatensis var. nootkatensis","Nootka lupine","Upper"
"16520_73_74_75_76_77_78_80","A","CACA4","Calamagrostis canadensis","Bluejoint","Upper"
"16520_73_74_75_76_77_78_80","A","CHAN9","Chamerion angustifolium","Fireweed","Upper"
"16520_73_74_75_76_77_78_80","A","VEVI","Veratrum viride","Green false hellebore","Upper"
"16520_73_74_75_76_77_78_80","A","HEMA80","Heracleum maximum","Common cowparsnip","Upper"
"16520_73_74_75_76_77_78_80","B","ALVIS","Alnus viridis ssp. sinuata","Sitka alder","Upper"
"16520_73_74_75_76_77_78_80","B","RUSP","Rubus spectabilis","Salmonberry","Upper"
"16520_73_74_75_76_77_78_80","B","SARA2","Sambucus racemosa","Red elderberry","Upper"
"16520_73_74_75_76_77_78_80","B","OPHO","Oplopanax horridus","Devilsclub","Upper"
"16530_75_77_78","A","ANGE2","Angelica genuflexa","Kneeling angelica","Upper"
"16530_75_77_78","A","CHANA2","Chamerion angustifolium ssp. angustifolium","Fireweed","Upper"
"16530_75_77_78","A","HEMA80","Heracleum maximum","Common cowparsnip","Upper"
"16530_75_77_78","A","ATFI","Athyrium filix-femina","Common ladyfern","Upper"
"16550_75_76_77_78_80","A","TITR","Tiarella trifoliata","Threeleaf foamflower","Upper"
"16550_75_76_77_78_80","A","PRAL","Prenanthes alata","Western rattlesnakeroot","Upper"
"16550_75_76_77_78_80","A","OSPU","Osmorhiza purpurea","Purple sweetroot","Upper"
"16550_75_76_77_78_80","A","CIAL","Circaea alpina","Small enchanter's nightshade","Upper"
"16550_75_76_77_78_80","B","ALVIS","Alnus viridis ssp. sinuata","Sitka alder","Upper"
"16550_75_76_77_78_80","B","SAAL","Salix alaxensis","Feltleaf willow","Upper"
"16550_75_76_77_78_80","B","RIBR","Ribes bracteosum","Stink currant","Upper"
"16550_75_76_77_78_80","B","SARA2","Sambucus racemosa","Red elderberry","Upper"
"16550_75_76_77_78_80","C","PISI","Picea sitchensis","Sitka spruce","Upper"
"16550_75_76_77_78_80","C","ALVIS","Alnus viridis ssp. sinuata","Sitka alder","Middle"
"16550_75_76_77_78_80","C","SAAL","Salix alaxensis","Feltleaf willow","Middle"
"16550_75_76_77_78_80","C","RUSP","Rubus spectabilis","Salmonberry","Lower"
"16550_75_76_77_78_80","D","PISI","Picea sitchensis","Sitka spruce","Upper"
"16550_75_76_77_78_80","D","POBA2","Populus balsamifera ssp. trichocarpa","Black cottonwood","Upper"
"16550_75_76_77_78_80","D","ALRU2","Alnus rubra","Red alder","Upper"
"16550_75_76_77_78_80","D","ALVIS","Alnus viridis ssp. sinuata","Sitka alder","Upper"
"16550_75_76_77_78_80","E","PISI","Picea sitchensis","Sitka spruce","Upper"
"16550_75_76_77_78_80","E","TSHE","Tsuga heterophylla","Western hemlock","Upper"
"16550_75_76_77_78_80","E","OPHO","Oplopanax horridus","Devilsclub","Lower"
"16550_75_76_77_78_80","E","RUSP","Rubus spectabilis","Salmonberry","Lower"
"16560_75_76_77_78","A","CARO6","Carex rostrata","Beaked sedge","Upper"
"16560_75_76_77_78","A","CAAQ","Carex aquatilis","Water sedge","Upper"
"16560_75_76_77_78","A","ALVIS","Alnus viridis ssp. sinuata","Sitka alder","Upper"
"16560_75_76_77_78","A","MYGA","Myrica gale","Sweetgale","Upper"
"16570_75_77_78","A","PICO","Pinus contorta","Lodgepole pine","Upper"
"16570_75_77_78","A","CHNO","Callitropsis nootkatensis","Alaska cedar","Upper"
"16570_75_77_78","A","KALMI","Kalmia spp.","Laurel","Lower"
"16570_75_77_78","A","SPHAG2","Sphagnum spp.","Sphagnum moss","Lower"
"16610_73_74_75_76_77_78_80","A","CAAQD","Carex aquatilis var. dives","Sitka sedge","Upper"
"16610_73_74_75_76_77_78_80","A","DOPU","Dodecatheon pulchellum","Darkthroat shootingstar","Upper"
"16610_73_74_75_76_77_78_80","A","PAFI3","Parnassia fimbriata","Fringed grass of parnassus","Upper"
"16610_73_74_75_76_77_78_80","A","CASA10","Carex saxatilis","Rock sedge","Upper"
"16620_73_75_77_78","A","METR3","Menyanthes trifoliata","Buckbean","Upper"
"16620_73_75_77_78","A","COPA28","Comarum palustre","Purple marshlocks","Upper"
"16620_73_75_77_78","A","EQFL","Equisetum fluviatile","Water horsetail","Upper"
"16620_73_75_77_78","A","CARO6","Carex rostrata","Beaked sedge","Upper"
"16630_73_74_75_76_77_78","A","ALVIS","Alnus viridis ssp. sinuata","Sitka alder","Upper"
"16630_73_74_75_76_77_78","A","SALIX","Salix spp.","Willow","Upper"
"16630_73_74_75_76_77_78","A","CAAQD","Carex aquatilis var. dives","Sitka sedge","Lower"
"16630_73_74_75_76_77_78","A","CAAQD","Carex aquatilis var. dives","Sitka sedge","Lower"
"16650_73_75_76_77_78_80","A","LEMO8","Leymus mollis","American dunegrass","Upper"
"16650_73_75_76_77_78_80","A","HOPE","Honckenya peploides","Seaside sandplant","Upper"
"16650_73_75_76_77_78_80","A","LAJAM","Lathyrus japonicus var. maritimus","Beach pea","Upper"
"16650_73_75_76_77_78_80","B","DESCH","Deschampsia beringensis","Hairgrass","Upper"
"16650_73_75_76_77_78_80","B","SEPS","Senecio pseudoarnica","seaside ragwort","Upper"
"16650_73_75_76_77_78_80","B","LUNO","Lupinus nootkatensis","Nootka lupine","Upper"
"16650_73_75_76_77_78_80","B","LISC3","Ligusticum scoticum","Scottish licorice-root","Upper"
"16680_73_75_76_77_78_80","A","COCHL4","Cochlearia spp.","Scurvygrass","Upper"
"16680_73_75_76_77_78_80","A","TRMA4","Triglochin maritimum","Seaside arrowgrass","Upper"
"16680_73_75_76_77_78_80","A","PLMA3","Plantago maritima","Goose tongue","Upper"
"16680_73_75_76_77_78_80","A","PUPU3","Puccinellia pumila","Puccinellia pumila","Upper"
"16680_73_75_76_77_78_80","B","CALY3","Carex lyngbyei","Lyngbye's sedge","Upper"
"16680_73_75_76_77_78_80","B","POEM","Poa eminens","Largeflower speargrass","Upper"
"16680_73_75_76_77_78_80","B","PUCCI","Puccinellia spp.","Alkaligrass","Upper"
"16680_73_75_76_77_78_80","B","SALIC","Salicornia spp.","Pickleweed","Upper"
"16760_75_77_78","A","CHLA13","Chamerion latifolium","Dwarf fireweed","Upper"
"16760_75_77_78","A","LUNO","Lupinus nootkatensis","Nootka lupine","Upper"
"16760_75_77_78","A","PEFR5","Petasites frigidus","Arctic sweet coltsfoot","Upper"
"16760_75_77_78","A","SAAL","Salix alaxensis","Feltleaf willow","Upper"
"16780_75_77","A","BEPA","Betula papyrifera var. kenaica","Kenai birch","Upper"
"16780_75_77","A","MEFE","Menziesia ferruginea","Rusty menziesia","Upper"
"16780_75_77","A","ALVIS","Alnus viridis ssp. sinuata","Sitka alder","Upper"
"16780_75_77","A","CHAN2","Chlorogalum angustifolium","Narrowleaf soap plant","Upper"
"16780_75_77","B","PILU","Picea lutzii","Picea lutzii","Upper"
"16780_75_77","B","TSME","Tsuga mertensiana","Mountain hemlock","Upper"
"16780_75_77","B","BEPA","Betula papyrifera var. kenaica","Kenai birch","Upper"
"16780_75_77","B","MEFE","Menziesia ferruginea","Rusty menziesia","Lower"
"16780_75_77","C","PILU","Picea lutzii","Picea lutzii","Upper"
"16780_75_77","C","TSME","Tsuga mertensiana","Mountain hemlock","Upper"
"16780_75_77","C","BEPA","Betula papyrifera var. kenaica","Kenai birch","Upper"
"16780_75_77","C","MEFE","Menziesia ferruginea","Rusty menziesia","Lower"
"16780_75_77","D","PILU","Picea lutzii","Picea lutzii","Upper"
"16780_75_77","D","TSME","Tsuga mertensiana","Mountain hemlock","Upper"
"16780_75_77","D","MEFE","Menziesia ferruginea","Rusty menziesia","Lower"
"16780_75_77","D","VAOV","Vaccinium ovalifolium","Oval-leaf blueberry","Lower"
"16780_75_77","E","PILU","Picea lutzii","Picea lutzii","Upper"
"16780_75_77","E","TSME","Tsuga mertensiana","Mountain hemlock","Upper"
"16780_75_77","E","MEFE","Menziesia ferruginea","Rusty menziesia","Lower"
"16780_75_77","E","VAOV","Vaccinium ovalifolium","Oval-leaf blueberry","Lower"
"16790_73_74_75_76_77_78_80","A","CACA4","Calamagrostis canadensis","Bluejoint","Upper"
"16790_73_74_75_76_77_78_80","A","EQAR","Equisetum arvense","Field horsetail","Upper"
"16790_73_74_75_76_77_78_80","A","CHAN9","Chamerion angustifolium","Fireweed","Upper"
"16790_73_74_75_76_77_78_80","A","MEFE","Menziesia ferruginea","Rusty menziesia","Upper"
"16790_73_74_75_76_77_78_80","B","PIGL","Picea glauca","White spruce","Upper"
"16790_73_74_75_76_77_78_80","B","BEPA","Betula neoalaskana","Paper birch","Upper"
"16790_73_74_75_76_77_78_80","B","POBA2","Populus balsamifera ssp. balasamifera","Balsam poplar","Upper"
"16790_73_74_75_76_77_78_80","B","POTR5","Populus tremuloides","Quaking aspen","Upper"
"16790_73_74_75_76_77_78_80","C","PIGL","Picea glauca","White spruce","Upper"
"16790_73_74_75_76_77_78_80","C","BEPA","Betula neoalaskana","Paper birch","Upper"
"16790_73_74_75_76_77_78_80","C","POBA2","Populus balsamifera ssp. balsamifera","Balsam poplar","Upper"
"16790_73_74_75_76_77_78_80","C","POTR5","Populus tremuloides","Quaking aspen","Upper"
"16790_73_74_75_76_77_78_80","D","PIGL","Picea glauca","White spruce","Upper"
"16790_73_74_75_76_77_78_80","D","BEPA","Betula neoalaskana","Paper birch","Upper"
"16790_73_74_75_76_77_78_80","D","POBA2","Populus balsamifera ssp. balsamifera","Balsam poplar","Upper"
"16790_73_74_75_76_77_78_80","D","POTR5","Populus tremuloides","Quaking aspen","Upper"
"16790_73_74_75_76_77_78_80","E","PIGL","Picea glauca","White spruce","Upper"
"16790_73_74_75_76_77_78_80","E","BEPA","Betula neoalaskana","Paper birch","Upper"
"16790_73_74_75_76_77_78_80","E","POBA2","Populus balsamifera ssp. balsamifera","Balsam poplar","Upper"
"16790_73_74_75_76_77_78_80","E","POTR5","Populus tremuloides","Quaking aspen","Upper"
"16800_74_75_77_78","A","CACA4","Calamagrostis canadensis","Bluejoint","Upper"
"16800_74_75_77_78","A","CHAN9","Chamerion angustifolium","Fireweed","Upper"
"16800_74_75_77_78","A","ATFI","Athyrium filix-femina","Common ladyfern","Upper"
"16800_74_75_77_78","A","VEVI","Veratrum viride","Green false hellebore","Upper"
"16800_74_75_77_78","B","ALVIS","Alnus viridis ssp. sinuata","Sitka alder","Upper"
"16800_74_75_77_78","B","RUSP","Rubus spectabilis","Salmonberry","Upper"
"16800_74_75_77_78","B","SARA2","Sambucus racemosa","Red elderberry","Upper"
"16800_74_75_77_78","B","SALIX","Salix spp.","Willow","Upper"
"16810_73_75_76_77_78","A","TSHE","Tsuga heterophylla","Western hemlock","Upper"
"16810_73_75_76_77_78","A","TSME","Tsuga mertensiana","Mountain hemlock","Upper"
"16810_73_75_76_77_78","A","THPL","Thuja plicata","Western red cedar","Upper"
"16810_73_75_76_77_78","A","CHNO","Chamaecyparis nootkatensis","Alaska cedar","Upper"
"16821_68","A","FEAL","Festuca altaica","Altai fescue","Upper"
"16821_68","A","HIAL3","Hierochloe alpina","Alpine sweetgrass","Upper"
"16821_68","A","CACA4","Calamagrostis canadensis","Bluejoint","Upper"
"16821_68","A","CHAN9","Chamerion angustifolium","Fireweed","Upper"
"16821_68","B","BENA","Betula nana","Dwarf birch","Upper"
"16821_68","B","VAUL","Vaccinium uliginosum","Bog blueberry","Upper"
"16821_68","B","LEPAD","Ledum palustre ssp. decumbens","Marsh labrador tea","Upper"
"16821_68","B","SALIX","Salix spp.","Willow","Upper"
"16821_68","C","BENA","Betula nana","Dwarf birch","Upper"
"16821_68","C","VAUL","Vaccinium uliginosum","Bog blueberry","Upper"
"16821_68","C","LEPAD","Ledum palustre ssp. decumbens","Marsh labrador tea","Upper"
"16821_68","C","SALIX","Salix spp.","Willow","Upper"
"16822_67_68_69_70_71_72_73_74_76","A","FEAL","Festuca altaica","Altai fescue","Upper"
"16822_67_68_69_70_71_72_73_74_76","A","HIAL3","Hierochloe alpina","Alpine sweetgrass","Upper"
"16822_67_68_69_70_71_72_73_74_76","A","CACA4","Calamagrostis canadensis","Bluejoint","Upper"
"16822_67_68_69_70_71_72_73_74_76","A","CHAN9","Chamerion angustifolium","Fireweed","Upper"
"16822_67_68_69_70_71_72_73_74_76","B","BENA","Betula nana","Dwarf birch","Upper"
"16822_67_68_69_70_71_72_73_74_76","B","VAUL","Vaccinium uliginosum","Bog blueberry","Upper"
"16822_67_68_69_70_71_72_73_74_76","B","LEPAD","Ledum palustre ssp. decumbens","Marsh labrador tea","Upper"
"16822_67_68_69_70_71_72_73_74_76","B","SALIX","Salix spp.","Willow","Upper"
"16822_67_68_69_70_71_72_73_74_76","C","BENA","Betula nana","Dwarf birch","Upper"
"16822_67_68_69_70_71_72_73_74_76","C","VAUL","Vaccinium uliginosum","Bog blueberry","Upper"
"16822_67_68_69_70_71_72_73_74_76","C","LEPAD","Ledum palustre ssp. decumbens","Marsh labrador tea","Upper"
"16822_67_68_69_70_71_72_73_74_76","C","SALIX","Salix spp.","Willow","Upper"
"16831_68","A","CAMI4","Carex microchaeta","Smallawned sedge","Upper"
"16831_68","A","CAAQ","Carex aquatilis","Water sedge","Upper"
"16831_68","A","ERAN6","Eriophorum angustifolium","Tall cottongrass","Upper"
"16831_68","B","SAPU15","Salix pulchra","Tealeaf willow","Upper"
"16831_68","B","SARI4","Salix richardsonii","Richardson's willow","Upper"
"16831_68","B","BENA","Betula nana","Dwarf birch","Upper"
"16831_68","B","VAUL","Vaccinium uliginosum","Bog blueberry","Upper"
"16832_67_68_69","A","SAPU15","Salix pulchra","Tealeaf willow","Upper"
"16832_67_68_69","A","SARI4","Salix richardsonii","Richardson's willow","Upper"
"16832_67_68_69","A","BENA","Betula nana","Dwarf birch","Upper"
"16832_67_68_69","A","VAUL","Vaccinium uliginosum","Bog blueberry","Upper"
"16850_67_68_69_70_71_72_73_76","A","DROC","Dryas octopetala","Eightpetal mountain-avens","Upper"
"16850_67_68_69_70_71_72_73_76","A","EMNI","Empetrum nigrum","Black crowberry","Upper"
"16850_67_68_69_70_71_72_73_76","A","VAUL","Vaccinium uliginosum","Bog blueberry","Upper"
"16850_67_68_69_70_71_72_73_76","A","DRIN4","Dryas integrifolia","Entireleaf mountain-avens","Upper"
"16870_67_68_69_70_71_72_73_74_75_76_77","A","UMBIL2","Umbilicaria spp.","Navel lichen","Upper"
"16870_67_68_69_70_71_72_73_74_75_76_77","A","RHGE60","Rhizocarpon geographicum","World map lichen","Upper"
"16870_67_68_69_70_71_72_73_74_75_76_77","A","CLST60","Cladina stellaris","Star reindeer lichen","Upper"
"16870_67_68_69_70_71_72_73_74_75_76_77","A","RALA70","Racomitrium lanuginosum","Racomitrium moss","Upper"
"16880_67_68_69_70_71_72_73_74_76","A","DROC","Dryas octopetala","Eightpetal mountain-avens","Upper"
"16880_67_68_69_70_71_72_73_74_76","A","DRIN4","Dryas integrifolia","Entireleaf mountain-avens","Upper"
"16880_67_68_69_70_71_72_73_74_76","A","SAPH","Salix phlebophylla","Skeletonleaf willow","Upper"
"16880_67_68_69_70_71_72_73_74_76","A","ANMOA3","Anthoxanthum monticola ssp. alpinum","Alpine sweetgrass","Upper"
"16880_67_68_69_70_71_72_73_74_76","A","POVI3","Polygonum viviparum","Alpine bistort","Upper"
"16901_68","A","CABI5","Carex bigelowii","Bigelow's sedge","Upper"
"16901_68","A","CAMI4","Carex microchaeta","Smallawned sedge","Upper"
"16901_68","A","CHANA2","Chamerion angustifolium ssp. angustifolium","Fireweed","Upper"
"16901_68","A","CACA4","Calamagrostis canadensis","Bluejoint","Upper"
"16901_68","B","CATE11","Cassiope tetragona","White arctic mountain heather","Upper"
"16901_68","B","EMNI","Empetrum nigrum","Black crowberry","Upper"
"16901_68","B","VAUL","Vaccinium uliginosum","Bog blueberry","Upper"
"16901_68","B","SALIX","Salix spp.","Willow","Upper"
"16902_67_68_69_70_71_72_73_74_75_76_77","A","CABI5","Carex bigelowii","Bigelow's sedge","Upper"
"16902_67_68_69_70_71_72_73_74_75_76_77","A","CAMI4","Carex microchaeta","Smallawned sedge","Upper"
"16902_67_68_69_70_71_72_73_74_75_76_77","A","CHANA2","Chamerion angustifolium ssp. angustifolium","Fireweed","Upper"
"16902_67_68_69_70_71_72_73_74_75_76_77","A","CACA4","Calamagrostis canadensis","Bluejoint","Upper"
"16902_67_68_69_70_71_72_73_74_75_76_77","B","CATE11","Cassiope tetragona","White arctic mountain heather","Upper"
"16902_67_68_69_70_71_72_73_74_75_76_77","B","EMNI","Empetrum nigrum","Black crowberry","Upper"
"16902_67_68_69_70_71_72_73_74_75_76_77","B","VAUL","Vaccinium uliginosum","Bog blueberry","Upper"
"16902_67_68_69_70_71_72_73_74_75_76_77","B","SALIX","Salix spp.","Willow","Upper"
"16970_67_68_69_70_71_72_76","A","ARFU2","Arctophila fulva","Pendantgrass","Upper"
"16990_67_68_69_70_71_72_73_76","A","CAMIN","Carex microchaeta ssp. nesophila","Bering sea sedge","Upper"
"16990_67_68_69_70_71_72_73_76","A","ALAL2","Alopecurus alpinus","Boreal alopecurus","Upper"
"16990_67_68_69_70_71_72_73_76","A","ARAR9","Artemisia arctica","Boreal sagebrush","Upper"
"16990_67_68_69_70_71_72_73_76","A","POBI5","Polygonum bistorta","Meadow bistort","Upper"
"17010_67_68_72","A","EMNI","Empetrum nigrum","Black crowberry","Upper"
"17010_67_68_72","A","SAFU","Salix fuscescens","Alaska bog willow","Upper"
"17010_67_68_72","A","SAOV","Salix ovalifolia","Oval-leaf willow","Upper"
"17010_67_68_72","A","CARA5","Carex rariflora","Looseflower alpine sedge","Upper"
"17020_67_68_69_70_72_73_76","A","ERIOP","Eriophorum spp.","Cottongrass","Upper"
"17020_67_68_69_70_72_73_76","A","SPHAG2","Sphagnum spp.","Sphagnum","Upper"
"17020_67_68_69_70_72_73_76","A","BENA","Betula nana","Dwarf birch","Upper"
"17020_67_68_69_70_72_73_76","A","LEPAD","Ledum palustre ssp. decumbens","Marsh labrador tea","Upper"
"17040_68_72","A","CLADI3","Cladina spp.","Reindeer lichen","Upper"
"17040_68_72","A","CLADO3","Cladonia spp.","Cup lichen","Upper"
"17040_68_72","A","BENA","Betula nana","Dwarf birch","Upper"
"17040_68_72","A","LEPAD","Ledum palustre ssp. decumbens","Marsh labrador tea","Upper"
"17060_67_68_69_70_71_72_73_76","A","CAAQ","Carex aquatilis","Water sedge","Upper"
"17060_67_68_69_70_71_72_73_76","A","ERAN6","Eriophorum angustifolium","Tall cottongrass","Upper"
"17080_67_68_69","A","BENA","Betula nana","Dwarf birch","Upper"
"17080_67_68_69","A","SAPU15","Salix pulchra","Tealeaf willow","Upper"
"17080_67_68_69","A","ERVA4","Eriophorum vaginatum","Tussock cottongrass","Upper"
"17080_67_68_69","A","CABI5","Carex bigelowii","Bigelow's sedge","Upper"
"17090_67_68_72_76_80","A","COGR6","Cochlearia groenlandica","Danish scurvygrass","Upper"
"17090_67_68_72_76_80","A","LEMO8","Leymus mollis","American dunegrass","Upper"
"17090_67_68_72_76_80","A","LAJAM","Lathyrus japonicus var. maritimus","Beach pea","Upper"
"17090_67_68_72_76_80","A","HOPE","Honckenya peploides","Seaside sandplant","Upper"
"17090_67_68_72_76_80","B","EMNI","Empetrum nigrum","Black crowberry","Upper"
"17090_67_68_72_76_80","B","COSU4","Cornus suecica","Lapland cornel","Upper"
"17090_67_68_72_76_80","B","LAJAM","Lathyrus japonicus var. maritimus","Beach pea","Upper"
"17090_67_68_72_76_80","B","CHLA13","Chamerion latifolium","dwarf fireweed","Upper"
"17110_67_68_72","A","CARA4","Carex ramenskii","Ramensk's sedge","Upper"
"17110_67_68_72","A","CASU8","Carex subspathacea","Hoppner's sedge","Upper"
"17110_67_68_72","A","CALY3","Carex lyngbyei","Lyngbye's sedge","Upper"
"17110_67_68_72","A","DUFI","Dupontia fisheri","Fisher's tundragrass","Upper"
"17130_67_68_72_76","A","SALIX","Salix spp.","Willow","Upper"
"17130_67_68_72_76","A","BRINP","Bromus inermis ssp. pumpellianus","Pumpelly's brome","Upper"
"17130_67_68_72_76","A","LEMO8","Leymus mollis","American dunegrass","Upper"
"17130_67_68_72_76","A","CHLA13","Chamerion latifolium","Dwarf fireweed","Upper"
"17140_67_68_69_72_76","A","EQAR","Equisetum arvense","Field horsetail","Upper"
"17140_67_68_69_72_76","A","SAAL","Salix alaxensis","Feltleaf willow","Upper"
"17140_67_68_69_72_76","B","SAAL","Salix alaxensis","Feltleaf willow","Upper"
"17140_67_68_69_72_76","B","ALINT","Alnus incana ssp. tenuifolia","Thinleaf alder","Upper"
"17140_67_68_69_72_76","B","POBAB2","Populus balsamifera ssp. balsamifera","Balsam poplar","Upper"
"17140_67_68_69_72_76","C","POBAB2","Populus balsamifera ssp. balsamifera","Balsam poplar","Upper"
"17140_67_68_69_72_76","C","BENE4","Betula neoalaskana","Resin birch","Lower"
"17140_67_68_69_72_76","C","SAAL","Salix alaxensis","Feltleaf willow","Lower"
"17140_67_68_69_72_76","C","ALINT","Alnus incana ssp. tenuifolia","Thinleaf alder","Lower"
"17150_67_68_69_72","A","CHLA13","Chamerion latifolium","Dwarf fireweed","Upper"
"17150_67_68_69_72","A","LUPIN","Lupinus spp.","Lupine","Upper"
"17150_67_68_69_72","B","SAAL","Salix alaxensis","Feltleaf willow","Upper"
"17150_67_68_69_72","B","SARI4","Salix richardsonii","Richardson's willow","Upper"
"17150_67_68_69_72","B","SAGL","Salix glauca","Grayleaf willow","Upper"
"17150_67_68_69_72","B","SAPU15","Salix pulchra","Tealeaf willow","Upper"
"17150_67_68_69_72","C","POBA2","Populus balsamifera","Balsam poplar","Upper"
"17150_67_68_69_72","C","BEPA","Betula papyrifera","Paper birch","Upper"
"17150_67_68_69_72","D","DRIN4","Dryas integrifolia","Entireleaf mountain-avens","Upper"
"17150_67_68_69_72","D","SALIX","Salix spp.","Willow","Upper"
"17150_67_68_69_72","D","CATE11","Cassiope tetragona","White arctic mountain heather","Upper"
"17150_67_68_69_72","D","VAUL","Vaccinium uliginosum","Bog blueberry","Upper"
"17200_72_73_76_80","A","VAVIM","Vaccinium vitis-idaea ssp. minus","Northern mountain cranberry","Upper"
"17200_72_73_76_80","A","EMNI","Empetrum nigrum","Black crowberry","Upper"
"17200_72_73_76_80","A","HAST3","Harrimanella stelleriana","Alaska bellheather","Upper"
"17200_72_73_76_80","A","PHAL4","Phyllodoce aleutica","Aleutian mountainheath","Upper"
"17220_68_69_70_71_72_73_74_75_76_77_78","A","CAAQ","Carex aquatilis","Water sedge","Upper"
"17220_68_69_70_71_72_73_74_75_76_77_78","A","CAUT","Carex utriculata","Northwest territory sedge","Upper"
"17220_68_69_70_71_72_73_74_75_76_77_78","A","METR3","Menyanthes trifoliata","Buckbean","Upper"
"17220_68_69_70_71_72_73_74_75_76_77_78","A","COPA28","Comarum palustre","Purple marshlocks","Upper"
"18040_79","A","CYLA2","Cyperus laevigatus","Smooth flatsedge","Upper"
"18040_79","B","SCMA8","Schoenoplectus maritimus","Cosmopolitan bulrush","Upper"
"18040_79","B","THIN2","Thelypteris interrupta","Willdenow's maiden fern","Upper"
"18060_79","A","ORFU2","Oreobolus furcatus","Hawai'i island sedge","Upper"
"18060_79","A","MEPOP4","Metrosideros polymorpha var. pumila","'ohi'a lehua","Upper"
"18060_79","A","DIHI2","Dichanthelium hillebrandianum","Bog rosette grass","Upper"
"18060_79","A","PLPA4","Plantago pachyphylla","Maui plantain","Upper"
"18080_79","A","MEPO5","Metrosideros polymorpha","'ohi'a lehua","Upper"
"18080_79","A","DILI","Dicranopteris linearis","Old world forkedfern","Upper"
"18080_79","A","VARE","Vaccinium reticulatum","Ohelo 'ai","Upper"
"18080_79","A","POPE5","Polypodium pellucidum","Dotted polypody","Upper"
"18080_79","B","MEPO5","Metrosideros polymorpha","'ohi'a lehua","Upper"
"18080_79","B","DILI","Dicranopteris linearis","Old world forkedfern","Lower"
"18080_79","B","SAPA11","Sadleria pallida","Ama'u","Lower"
"18080_79","B","BRAR6","Broussaisia arguta","Kanawao","Low-Mid"
"18080_79","C","MEPO5","Metrosideros polymorpha","'ohi'a lehua","Upper"
"18080_79","C","PSHA3","Psychotria hawaiiensis","Kopiko 'ula","Middle"
"18080_79","C","DILI","Dicranopteris linearis","Old world forkedfern","Lower"
"18080_79","C","CIGL","Cibotium glaucum","Hapu'u","Middle"
"18080_79","D","MEPO5","Metrosideros polymorpha","'ohi'a lehua","Upper"
"18080_79","D","CHTR2","Cheirodendron trigynum","Olapalapa","Upper"
"18080_79","D","PSHA3","Psychotria hawaiiensis","Kopiko 'ula","Lower"
"18080_79","D","ANPL2","Antidesma platyphyllum","Ha'a","Lower"
"18080_79","E","MEPO5","Metrosideros polymorpha","'ohi'a lehua","Upper"
"18080_79","E","CHTR2","Cheirodendron trigynum","Olapalapa","Upper"
"18080_79","E","PSHA3","Psychotria hawaiiensis","Kopiko 'ula","Lower"
"18080_79","E","ANPL2","Antidesma platyphyllum","Ha'a","Lower"
"18090_79","A","MEPO5","Metrosideros polymorpha","'ohi'a lehua","Upper"
"18090_79","A","CHEIR","Cheirodendron","Cheirodendron","Upper"
"18090_79","A","DILI","Dicranopteris linearis","Old world forkedfern","Mid-Upper"
"18090_79","A","TREMA2","Trematolobelia","False lobelia","Low-Mid"
"18090_79","B","MEPO5","Metrosideros polymorpha","'ohi'a lehua","Upper"
"18090_79","B","CHEIR","Cheirodendron","Cheirodendron","Upper"
"18090_79","B","DUPL","Dubautia plantaginea","Plantainleaf dubautia","Middle"
"18090_79","B","TREMA2","Trematolobelia","False lobelia","Low-Mid"
"18090_79","C","MEPO5","Metrosideros polymorpha","'ohi'a lehua","Upper"
"18090_79","C","CHEIR","Cheirodendron","Cheirodendron","Upper"
"18090_79","C","DUPL","Dubautia plantaginea","Plantainleaf dubautia","Middle"
"18090_79","C","TREMA2","Trematolobelia","False lobelia","Low-Mid"
"18090_79","D","MEPO5","Metrosideros polymorpha","'ohi'a lehua","Upper"
"18090_79","D","VIMA6","Viola maviensis","Hawai'i bog violet","Lower"
"18090_79","D","TREMA2","Trematolobelia","False lobelia","Low-Mid"
"18090_79","D","DUPL","Dubautia plantaginea","Plantainleaf dubautia","Middle"
"18090_79","E","MEPO5","Metrosideros polymorpha","'ohi'a lehua","Upper"
"18090_79","E","LOHY","Lobelia hypoleuca","Kuhi'aikamo'owahie","Low-Mid"
"18090_79","E","TREMA2","Trematolobelia","False lobelia","Low-Mid"
"18090_79","E","DUPL","Dubautia plantaginea","Plantainleaf dubautia","Middle"
"18100_79","A","MEPO5","Metrosideros polymorpha","'ohi'a lehua","Upper"
"18100_79","A","DILI","Dicranopteris linearis","Old world forkedfern","Lower"
"18100_79","A","VARE","Vaccinium reticulatum","Ohelo 'ai","Lower"
"18100_79","A","POPE5","Polypodium pellucidum","Dotted polypody","Lower"
"18100_79","B","MEPO5","Metrosideros polymorpha","'ohi'a lehua","Upper"
"18100_79","B","DILI","Dicranopteris linearis","Old world forkedfern","Lower"
"18100_79","B","SAPA11","Sadleria pallida","Ama'u","Lower"
"18100_79","B","PIAL2","Pipturus albidus","Waimea pipturus","Low-Mid"
"18100_79","C","MEPO5","Metrosideros polymorpha","'ohi'a lehua","Upper"
"18100_79","C","COOC3","Coprosma ochracea","Maui mirrorplant","Middle"
"18100_79","C","BRAR6","Broussaisia arguta","Kanawao","Lower"
"18100_79","C","CIGL","Cibotium glaucum","Hapu'u","Middle"
"18100_79","D","MEPO5","Metrosideros polymorpha","'ohi'a lehua","Upper"
"18100_79","D","ACKO","Acacia koa","Koa","Upper"
"18100_79","D","RUHA","Rubus hawaiensis","Hawai'i blackberry","Lower"
"18100_79","D","CIBOT","Cibotium","Manfern","Lower"
"18100_79","E","MEPO5","Metrosideros polymorpha","'ohi'a lehua","Upper"
"18100_79","E","CHTR2","Cheirodendron trigynum","olapalapa","Upper"
"18100_79","E","PSHA3","Psychotria hawaiiensis","kopiko 'ula","Lower"
"18100_79","E","CIBOT","Cibotium","Manfern","Lower"
"18110_79","A","MEPO5","Metrosideros polymorpha","'ohi'a lehua","Upper"
"18110_79","A","DILI","Dicranopteris linearis","Old world forkedfern","Upper"
"18110_79","B","DILI","Dicranopteris linearis","Old world forkedfern","Upper"
"18110_79","B","MEPO5","Metrosideros polymorpha","'ohi'a lehua","Upper"
"18110_79","B","ODCH","Odontosoria chinensis","Chinese creepingfern","Upper"
"18110_79","C","MEPO5","Metrosideros polymorpha","'ohi'a lehua","Upper"
"18110_79","C","DILI","Dicranopteris linearis","Old world forkedfern","Upper"
"18110_79","C","VARE","Vaccinium reticulatum","Ohelo 'ai","Upper"
"18110_79","C","CIGL","Cibotium glaucum","Hapu'u","Upper"
"18130_79","A","MEPO5","Metrosideros polymorpha","'ohi'a lehua","Upper"
"18130_79","A","WAIN","Waltheria indica","Uhaloa","Lower"
"18130_79","A","DORYO","Doryopteris","Doryopteris","Lower"
"18130_79","A","POPE5","Polypodium pellucidum","Dotted polypody","Lower"
"18130_79","B","MEPO5","Metrosideros polymorpha","'ohi'a lehua","Upper"
"18130_79","B","DOVI","Dodonaea viscosa","Florida hopbush","Middle"
"18130_79","B","HECO10","Heteropogon contortus","Tanglehead","Lower"
"18130_79","B","OSAN","Osteomeles anthyllidifolia","Hawai'i hawthorn","Low-Mid"
"18130_79","C","MEPO5","Metrosideros polymorpha","'ohi'a lehua","Upper"
"18130_79","C","DISA10","Diospyros sandwicensis","Lama","Upper"
"18130_79","C","MYLA3","Myrsine lanaiensis","Lanai colicwood","Upper"
"18130_79","C","ERSA11","Erythrina sandwicensis","Wili wili","Upper"
"18130_79","D","HECO10","Heteropogon contortus","Tanglehead","Upper"
"18130_79","D","DOVI","Dodonaea viscosa","Florida hopbush","Upper"
"18130_79","D","WAIN","Waltheria indica","Uhaloa","Lower"
"18130_79","D","SIFA","Sida fallax","Yellow llima","Middle"
"18130_79","E","MEPO5","Metrosideros polymorpha","'ohi'a lehua","Upper"
"18130_79","E","DISA10","Diospyros sandwicensis","Lama","Upper"
"18130_79","E","MYLA3","Myrsine lanaiensis","Lanai colicwood","Upper"
"18130_79","E","ERSA11","Erythrina sandwicensis","Wili wili","Upper"
"18140_79","A","DILI","Dicranopteris linearis","Old world forkedfern","Upper"
"18140_79","A","MEPO5","Metrosideros polymorpha","'ohi'a lehua","Upper"
"18140_79","A","MIST4","Microlepia strigosa","Palapalai","Lower"
"18140_79","A","ACKO","Acacia koa","Koa","Upper"
"18140_79","B","DILI","Dicranopteris linearis","Old world forkedfern","Upper"
"18140_79","B","SAFR4","Santalum freycinetianum","Forest sandalwood","Upper"
"18140_79","B","NESA2","Nestegis sandwicensis","Hawai'i olive","Upper"
"18140_79","B","GABE","Gahnia beecheyi","Forest sawsedge","Lower"
"18140_79","C","DISA10","Diospyros sandwicensis","Lama","Upper"
"18140_79","C","PSHA3","Psychotria hawaiiensis","Kopiko 'ula","Upper"
"18140_79","C","BOTI","Bobea timonioides","'ahakea","Upper"
"18140_79","C","DOKU","Doodia kunthiana","Kunth's hacksaw fern","Lower"
"18140_79","D","CYAN6","Cyanea angustifolia","'aku","Low-Mid"
"18140_79","D","POSA11","Pouteria sandwicensis","'ala'a","Upper"
"18140_79","D","DILI","Dicranopteris linearis","Old world forkedfern","Low-Mid"
"18140_79","D","DISA6","Dianella sandwicensis","'uki'uki","Lower"
"18140_79","E","CRMA8","Cryptocarya mannii","Holio","Upper"
"18140_79","E","ANPU2","Antidesma pulvinatum","Hame","Upper"
"18140_79","E","NEPO","Nesoluma polynesicum","Keahi","Upper"
"18140_79","E","PLFO2","Pleomele forbesii","Waianae range hala pepe","Upper"
"18151_79","A","MEPO5","Metrosideros polymorpha","'ohi'a lehua","Upper"
"18151_79","A","ASAD","Asplenium adiantum-nigrum","Black spleenwort","Lower"
"18151_79","A","POPE5","Polypodium pellucidum","Dotted polypody","Lower"
"18151_79","A","VARE","Vaccinium reticulatum","Ohelo 'ai","Lower"
"18151_79","B","MEPO5","Metrosideros polymorpha","'ohi'a lehua","Upper"
"18151_79","B","STTA","Styphelia tameiameiae","Pukiawe","Upper"
"18151_79","B","DENU6","Deschampsia nubigena","Alpine hairgrass","Lower"
"18151_79","B","GAGA3","Gahnia gahniiformis","Gaudichaud's sawsedge","Lower"
"18151_79","C","MEPO5","Metrosideros polymorpha","'ohi'a lehua","Upper"
"18151_79","C","VARE","Vaccinium reticulatum","Ohelo 'ai","Middle"
"18151_79","C","GECU","Geranium cuneatum","Hinahina","Low-Mid"
"18151_79","C","DOVI","Dodonaea viscosa","Florida hopbush","Middle"
"18151_79","D","MEPO5","Metrosideros polymorpha","'ohi'a lehua","Upper"
"18151_79","D","PICO4","Pittosporum confertiflorum","Ho'awa","Middle"
"18151_79","D","EXGA","Exocarpos gaudichaudii","Hulumoa","Middle"
"18151_79","D","STTA","Styphelia tameiameiae","Pukiawe","Middle"
"18160_79","A","DILI","Dicranopteris linearis","Old world forkedfern","Upper"
"18160_79","A","MEPO5","Metrosideros polymorpha","'ohi'a lehua","Upper"
"18160_79","A","VARE","Vaccinium reticulatum","Ohelo 'ai","Middle"
"18160_79","A","PTAQ","Pteridium aquilinum","Western brackenfern","Low-Mid"
"18160_79","B","RUHA","Rubus hawaiensis","Hawai'i blackberry","Middle"
"18160_79","B","LYVE2","Lycopodium venustulum","Hairtip clubmoss","Lower"
"18160_79","B","MIST4","Microlepia strigosa","Palapalai","Lower"
"18160_79","B","BRAR6","Broussaisia arguta","Kanawao","Middle"
"18160_79","C","ILAN","Ilex anomala","Hawai'i holly","Upper"
"18160_79","C","MYSA2","Myrsine sandwicensis","Kokea lau li'i","Mid-Upper"
"18160_79","C","CORH","Coprosma rhynchocarpa","Woodland mirrorplant","Mid-Upper"
"18160_79","C","DISA3","Diplazium sandwichianum","Hawai'i twinsorus fern","Low-Mid"
"18160_79","D","EMPA","Embelia pacifica","Kilioe","Lower"
"18160_79","D","DRWA","Dryopteris wallichiana","Alpine woodfern","Lower"
"18160_79","D","PIBR3","Pisonia brunoniana","Australasian catchbirdtree","Mid-Upper"
"18160_79","D","VIME","Vicia menziesii","Hawai'i vetch","Mid-Upper"
"18160_79","E","CLPY2","Clermontia pyrularia","Hamakua clermontia","Middle"
"18160_79","E","MEVO","Melicope volcanica","Volcanic melicope","Mid-Upper"
"18160_79","E","CYLE5","Cyanea leptostegia","Giant kokee cyanea","Mid-Upper"
"18160_79","E","OCHA","Ochrosia haleakalae","Island yellowwood","Mid-Upper"
"18170_79","A","HECO10","Heteropogon contortus","Tanglehead","Upper"
"18170_79","A","WAIN","Waltheria indica","'uhaloa","Low-Mid"
"18170_79","A","DOVI","Dodonaea viscosa","Florida hopbush","Upper"
"18170_79","A","DORYO","Doryopteris","Doryopteris","Lower"
"18170_79","B","DOVI","Dodonaea viscosa","Florida hopbush","Upper"
"18170_79","B","SIFA","Sida fallax","Yellow llima","Upper"
"18170_79","B","HECO10","Heteropogon contortus","Tanglehead","Upper"
"18170_79","B","WAIN","Waltheria indica","'uhaloa","Low-Mid"
"18170_79","C","HECO10","Heteropogon contortus","Tanglehead","Upper"
"18170_79","C","DOVI","Dodonaea viscosa","Florida hopbush","Upper"
"18170_79","D","DOVI","Dodonaea viscosa","Florida hopbush","Upper"
"18170_79","D","GOTO","Gossypium tomentosum","Hawai'i cotton","Upper"
"18170_79","D","WIKST","Wikstroemia","False ohelo","Upper"
"18170_79","D","OSAN","Osteomeles anthyllidifolia","Hawai’i hawthorne","Upper"
"18180_79","A","MEPO5","Metrosideros polymorpha","'ohi'a lehua","Upper"
"18180_79","A","SACY3","Sadleria cyatheoides","Amaumau fern","Upper"
"18180_79","A","OSAN","Osteomeles anthyllidifolia","Hawai'i hawthorn","Upper"
"18180_79","A","SIFA","Sida fallax","Yellow llima","Upper"
"18180_79","B","HECO10","Heteropogon contortus","Tanglehead","Middle"
"18180_79","B","MEPO5","Metrosideros polymorpha","'ohi'a lehua","Upper"
"18180_79","B","STTA","Styphelia tameiameiae","Pukiawe","Upper"
"18180_79","C","MEPO5","Metrosideros polymorpha","'ohi'a lehua","Upper"
"18180_79","C","STTA","Styphelia tameiameiae","Pukiawe","Upper"
"18180_79","C","DOVI","Dodonaea viscosa","Florida hopbush","Upper"
"18180_79","C","OSAN","Osteomeles anthyllidifolia","Hawai'i hawthorn","Upper"
"18190_79","A","SIFA","Sida fallax","Yellow llima","Upper"
"18190_79","A","DOVI","Dodonaea viscosa","Florida hopbush","Upper"
"18190_79","A","HECO10","Heteropogon contortus","Tanglehead","Lower"
"18190_79","A","WAIN","Waltheria indica","Uhaloa","Upper"
"18190_79","B","HECO10","Heteropogon contortus","Tanglehead","Middle"
"18190_79","B","DOVI","Dodonaea viscosa","Florida hopbush","Upper"
"18190_79","B","SIFA","Sida fallax","Yellow llima","Upper"
"18190_79","B","WAIN","Waltheria indica","Uhaloa","Low-Mid"
"18200_79","A","ERVA","Eragrostis variabilis","Kawelu","Lower"
"18200_79","B","ERVA","Eragrostis variabilis","Kawelu","Mid-Upper"
"18210_79","A","ASAD","Asplenium adiantum-nigrum","Black spleenwort","Upper"
"18210_79","A","POPE5","Polypodium pellucidum","Dotted polypody","Upper"
"18210_79","A","PELLA","Pellaea","Cliffbrake","Upper"
"18210_79","A","VARE","Vaccinium reticulatum","Ohelo 'ai","Upper"
"18210_79","B","RUGI","Rumex giganteus","Pawale","Upper"
"18210_79","B","DUSC","Dubautia scabra","Rough dubautia","Upper"
"18210_79","B","TRGL3","Trisetum glomeratum","Pili uka","Upper"
"18210_79","C","STTA","Styphelia tameiameiae","Pukiawe","Upper"
"18210_79","C","DOVI","Dodonaea viscosa","Florida hopbush","Upper"
"18210_79","C","GECU","Geranium cuneatum","Hinahina","Upper"
"18210_79","D","CHOA","Chenopodium oahuense","Alaweo","Upper"
"18210_79","D","SASA9","Sanicula sandwicensis","Hawai'i blacksnakeroot","Middle"
"18210_79","D","DENU6","Deschampsia nubigena","Alpine hairgrass","Middle"
"18210_79","D","SIHA5","Silene hawaiiensis","Hawai'i catchfly","Middle"
"18210_79","E","DULI","Dubautia linearis","Shrubland dubautia","Upper"
"18210_79","E","ARGYR","Argyroxiphium","Silversword","Upper"
"18210_79","E","RAHA2","Ranunculus hawaiensis","Hawai'ian buttercup","Middle"
"18210_79","E","COMO3","Coprosma montana","Alpine mirrorplant","Upper"
"18220_79","A","PTAQ","Pteridium aquilinum","Western brackenfern","Upper"
"18220_79","A","DENU6","Deschampsia nubigena","Alpine hairgrass","Upper"
"18220_79","B","ERAT","Eragrostis atropioides","Hardstem lovegrass","Upper"
"18220_79","B","PTAQ","Pteridium aquilinum","Western brackenfern","Upper"
"18220_79","B","DENU6","Deschampsia nubigena","Alpine hairgrass","Upper"
"18220_79","B","TRGL3","Trisetum glomeratum","Pili uka","Upper"
"18230_79","A","PTAQ","Pteridium aquilinum","Western brackenfern","Upper"
"18230_79","A","DENU6","Deschampsia nubigena","Alpine hairgrass","Upper"
"18230_79","B","PTAQ","Pteridium aquilinum","Western brackenfern","Upper"
"18230_79","B","DENU6","Deschampsia nubigena","Alpine hairgrass","Upper"
"18230_79","B","LUHA2","Luzula hawaiiensis","Hawai’i woodrush","Lower"
"18230_79","B","SASA9","Sanicula sandwicensis","Hawai’i blacksnakeroot","Lower"
"18240_79","A","PELLA","Pellaea","Cliffbrake","Upper"
"18240_79","A","DUME4","Dubautia menziesii","Mountain dubautia","Upper"
"18240_79","A","TEHU","Tetramolopium humile","Alpine tetramolopium","Upper"
"18240_79","B","TEHU","Tetramolopium humile","Alpine tetramolopium","Lower"
"18240_79","B","ARGYR","Argyroxiphium","Silversword","Upper"
"18240_79","B","DUME4","Dubautia menziesii","Mountain dubautia","Upper"
"18240_79","B","SIST2","Silene struthioloides","Alpine catchfly","Lower"
"18250_79","A","PLPA3","Plectranthus parviflorus","Little spurflower","Upper"
"18250_79","A","ERVA","Eragrostis variabilis","Kawelu","Upper"
"18250_79","B","ARAU3","Artemisia australis","Oahu wormwood","Upper"
"18250_79","B","LEBI","Lepidium bidentatum","Kunana pepperwort","Upper"
"18250_79","B","BIME","Bidens menziesii","Mauna loa beggarticks","Upper"
"18250_79","B","ERVA","Eragrostis variabilis","Kawelu","Upper"
"18260_79","A","SCSE6","Scaevola sericea","Beach naupaka","Upper"
"18260_79","A","IPPE","Ipomoea pes-caprae","Bayhops","Upper"
"18260_79","A","SPVI3","Sporobolus virginicus","Seashore dropseed","Upper"
"18260_79","B","FICY","Fimbristylis cymosa","Tropical fimbry","Upper"
"18260_79","B","HEAN8","Heliotropium anomalum","Polynesian heliotrope","Upper"
"18260_79","B","SIFA","Sida fallax","Yellow llima","Upper"
"18260_79","B","JAOV2","Jacquemontia ovalifolia","Oval-leaf clustervine","Upper"
"18260_79","C","FICY","Fimbristylis cymosa","Tropical fimbry","Upper"
"18260_79","C","HEAN8","Heliotropium anomalum","Polynesian heliotrope","Upper"
"18260_79","C","SETO3","Sesbania tomentosa","Oahu riverhemp","Upper"
"18260_79","C","SONE2","Solanum nelsonii","Nelson's horsenettle","Upper"
"18270_79","A","SCSE6","Scaevola sericea","Beach naupaka","Upper"
"18270_79","A","IPPE","Ipomoea pes-caprae","Bayhops","Upper"
"18270_79","A","FIDI","Fimbristylis dichotoma","Forked fimbry","Upper"
"18270_79","B","CAMO15","Canavalia molokaiensis","Molokai jackbean","Upper"
"18270_79","B","LISU7","Lipochaeta succulenta","Seaside nehe","Upper"
"18270_79","B","LYMA4","Lysimachia mauritiana","Spoonleaf yellow loosestrife","Upper"
"18270_79","C","PESA6","Peucedanum sandwicense","Makou","Upper"
"18270_79","C","BIMO","Bidens molokaiensis","Molokai beggarticks","Upper"
"18270_79","C","ISBY","Ischaemum byrone","Hilo murainagrass","Lower"
"18270_79","C","FIDI","Fimbristylis dichotoma","Forked fimbry","Upper"
"18280_79","A","SACY3","Sadleria cyatheoides","Amaumau fern","Upper"
"18280_79","A","VARE","Vaccinium reticulatum","Ohelo 'ai","Upper"
"18280_79","B","SACY3","Sadleria cyatheoides","Amaumau fern","Upper"
"18280_79","B","VARE","Vaccinium reticulatum","Ohelo 'ai","Upper"
"18280_79","B","LUHA2","Luzula hawaiiensis","Hawai'i woodrush","Lower"
"18280_79","B","GEMU","Geranium multiflorum","Manyflower geranium","Upper"
"18280_79","C","RUMA6","Rubus macraei","'akala","Upper"
"18280_79","C","ARGR5","Argyroxiphium grayanum","Hana forest silversword","Mid-Upper"
"18280_79","C","FRCHS2","Fragaria chiloensis ssp. sandwicensis","Sandwich beach strawberry","Lower"
"18280_79","C","LUHA2","Luzula hawaiiensis","Hawai'i woodrush","Lower"
