"model_label","bps_model","bps_name","groupveg","fri_replac","fri_mixed","fri_surfac","fri_allfir","label","ref_percent","cur_percent","class_percent_difference","class_representation","AM_woody","Dual_woody","EcM_woody","ErM_woody","NM_woody","AM_herbaceous","EcM_herbaceous","NM_herbaceous","prop_EcM_woody","prop_AM_woody","prop_ErM_woody","dominant_myco","fire_dependent","myco_fire_group"
"13020_63_A","13020_63","Laurentian-Acadian Northern Hardwoods Forest","Hardwood",2021,5000,5000,2021,"A",2,0,-2,"under",0,1,1,0,0,0,0,0,0.75,0.25,0,"EcM","fire-sensitive","EcM_fire-sensitive"
"13020_63_B","13020_63","Laurentian-Acadian Northern Hardwoods Forest","Hardwood",2021,5000,5000,2021,"B",4,2,-2,"under",1,1,2,0,0,0,0,0,0.625,0.375,0,"EcM","fire-sensitive","EcM_fire-sensitive"
"13020_63_C","13020_63","Laurentian-Acadian Northern Hardwoods Forest","Hardwood",2021,5000,5000,2021,"C",14,12,-2,"under",1,0,2,0,0,0,0,0,0.666666666666667,0.333333333333333,0,"EcM","fire-sensitive","EcM_fire-sensitive"
"13020_63_D","13020_63","Laurentian-Acadian Northern Hardwoods Forest","Hardwood",2021,5000,5000,2021,"D",76,0,-76,"under",1,0,3,0,0,0,0,0,0.75,0.25,0,"EcM","fire-sensitive","EcM_fire-sensitive"
"13020_63_E","13020_63","Laurentian-Acadian Northern Hardwoods Forest","Hardwood",2021,5000,5000,2021,"E",4,22,18,"over",1,1,2,0,0,0,0,0,0.625,0.375,0,"EcM","fire-sensitive","EcM_fire-sensitive"
"13020_64_A","13020_64","Laurentian-Acadian Northern Hardwoods Forest","Hardwood",2108,5000,5000,2108,"A",2,0,-2,"under",0,1,1,0,0,0,0,0,0.75,0.25,0,"EcM","fire-sensitive","EcM_fire-sensitive"
"13020_64_B","13020_64","Laurentian-Acadian Northern Hardwoods Forest","Hardwood",2108,5000,5000,2108,"B",4,3,-1,"under",1,1,2,0,0,0,0,0,0.625,0.375,0,"EcM","fire-sensitive","EcM_fire-sensitive"
"13020_64_C","13020_64","Laurentian-Acadian Northern Hardwoods Forest","Hardwood",2108,5000,5000,2108,"C",14,18,4,"over",1,0,2,0,0,0,0,0,0.666666666666667,0.333333333333333,0,"EcM","fire-sensitive","EcM_fire-sensitive"
"13020_64_D","13020_64","Laurentian-Acadian Northern Hardwoods Forest","Hardwood",2108,5000,5000,2108,"D",76,0,-76,"under",1,0,3,0,0,0,0,0,0.75,0.25,0,"EcM","fire-sensitive","EcM_fire-sensitive"
"13020_64_E","13020_64","Laurentian-Acadian Northern Hardwoods Forest","Hardwood",2108,5000,5000,2108,"E",4,40,36,"over",1,1,2,0,0,0,0,0,0.625,0.375,0,"EcM","fire-sensitive","EcM_fire-sensitive"
"13020_65_66_A","13020_65_66","Laurentian-Acadian Northern Hardwoods Forest","Hardwood",983,5000,5000,983,"A",4,0,-4,"under",0,2,2,0,0,0,0,0,0.75,0.25,0,"EcM","fire-sensitive","EcM_fire-sensitive"
"13020_65_66_B","13020_65_66","Laurentian-Acadian Northern Hardwoods Forest","Hardwood",983,5000,5000,983,"B",5,4,-1,"under",2,0,6,0,0,0,0,0,0.75,0.25,0,"EcM","fire-sensitive","EcM_fire-sensitive"
"13020_65_66_C","13020_65_66","Laurentian-Acadian Northern Hardwoods Forest","Hardwood",983,5000,5000,983,"C",18,10,-8,"under",2,0,6,0,0,0,0,0,0.75,0.25,0,"EcM","fire-sensitive","EcM_fire-sensitive"
"13020_65_66_D","13020_65_66","Laurentian-Acadian Northern Hardwoods Forest","Hardwood",983,5000,5000,983,"D",66,0,-66,"under",4,0,6,0,0,0,0,0,0.6,0.4,0,"EcM","fire-sensitive","EcM_fire-sensitive"
"13020_65_66_E","13020_65_66","Laurentian-Acadian Northern Hardwoods Forest","Hardwood",983,5000,5000,983,"E",7,37,30,"over",4,2,6,0,0,0,0,0,0.583333333333333,0.416666666666667,0,"EcM","fire-sensitive","EcM_fire-sensitive"
"13030_60_A","13030_60","Northeastern Interior Dry-Mesic Oak Forest","Hardwood",7,17,15,4,"A",21,0,-21,"under",0,0,0,0,0,3,0,0,NA,NA,NA,NA,"fire-adapted","NA_fire-adapted"
"13030_60_B","13030_60","Northeastern Interior Dry-Mesic Oak Forest","Hardwood",7,17,15,4,"B",34,0,-34,"under",0,0,3,0,0,1,0,0,1,0,0,"EcM","fire-adapted","EcM_fire-adapted"
"13030_60_C","13030_60","Northeastern Interior Dry-Mesic Oak Forest","Hardwood",7,17,15,4,"C",30,1,-29,"under",0,0,4,0,0,0,0,0,1,0,0,"EcM","fire-adapted","EcM_fire-adapted"
"13030_60_D","13030_60","Northeastern Interior Dry-Mesic Oak Forest","Hardwood",7,17,15,4,"D",10,11,1,"over",0,0,4,0,0,0,0,0,1,0,0,"EcM","fire-adapted","EcM_fire-adapted"
"13030_60_E","13030_60","Northeastern Interior Dry-Mesic Oak Forest","Hardwood",7,17,15,4,"E",5,10,5,"over",3,0,1,0,0,0,0,0,0.25,0.75,0,"AM","fire-adapted","AM_fire-adapted"
"13030_61_63_64_65_66_A","13030_61_63_64_65_66","Northeastern Interior Dry-Mesic Oak Forest","Hardwood",39,24,9,6,"A",4,0,-4,"under",4,0,4,4,0,12,0,0,0.333333333333333,0.333333333333333,0.333333333333333,NA,"fire-adapted","NA_fire-adapted"
"13030_61_63_64_65_66_B","13030_61_63_64_65_66","Northeastern Interior Dry-Mesic Oak Forest","Hardwood",39,24,9,6,"B",22,0,-22,"under",4,0,16,4,0,12,0,0,0.666666666666667,0.166666666666667,0.166666666666667,"EcM","fire-adapted","EcM_fire-adapted"
"13030_61_63_64_65_66_C","13030_61_63_64_65_66","Northeastern Interior Dry-Mesic Oak Forest","Hardwood",39,24,9,6,"C",49,0,-49,"under",4,0,28,4,0,12,0,0,0.777777777777778,0.111111111111111,0.111111111111111,"EcM","fire-adapted","EcM_fire-adapted"
"13030_61_63_64_65_66_D","13030_61_63_64_65_66","Northeastern Interior Dry-Mesic Oak Forest","Hardwood",39,24,9,6,"D",18,1,-17,"under",0,0,20,0,0,0,0,0,1,0,0,"EcM","fire-adapted","EcM_fire-adapted"
"13030_61_63_64_65_66_E","13030_61_63_64_65_66","Northeastern Interior Dry-Mesic Oak Forest","Hardwood",39,24,9,6,"E",7,1,-6,"under",12,0,20,0,0,0,0,0,0.625,0.375,0,"EcM","fire-adapted","EcM_fire-adapted"
"13030_62_A","13030_62","Northeastern Interior Dry-Mesic Oak Forest","Hardwood",39,52,8,6,"A",4,0,-4,"under",0,0,0,0,0,3,0,0,NA,NA,NA,NA,"fire-adapted","NA_fire-adapted"
"13030_62_B","13030_62","Northeastern Interior Dry-Mesic Oak Forest","Hardwood",39,52,8,6,"B",15,0,-15,"under",0,0,3,0,0,1,0,0,1,0,0,"EcM","fire-adapted","EcM_fire-adapted"
"13030_62_C","13030_62","Northeastern Interior Dry-Mesic Oak Forest","Hardwood",39,52,8,6,"C",57,7,-50,"under",1,0,3,0,0,0,0,0,0.75,0.25,0,"EcM","fire-adapted","EcM_fire-adapted"
"13030_62_D","13030_62","Northeastern Interior Dry-Mesic Oak Forest","Hardwood",39,52,8,6,"D",21,32,11,"over",1,0,3,0,0,0,0,0,0.75,0.25,0,"EcM","fire-adapted","EcM_fire-adapted"
"13030_62_E","13030_62","Northeastern Interior Dry-Mesic Oak Forest","Hardwood",39,52,8,6,"E",3,11,8,"over",3,0,1,0,0,0,0,0,0.25,0.75,0,"AM","fire-adapted","AM_fire-adapted"
"13050_47_48_A","13050_47_48","Southern Interior Low Plateau Dry-Mesic Oak Forest","Hardwood",6,199,21,4,"A",39,0,-39,"under",0,0,2,0,0,6,0,0,1,0,0,"EcM","fire-adapted","EcM_fire-adapted"
"13050_47_48_B","13050_47_48","Southern Interior Low Plateau Dry-Mesic Oak Forest","Hardwood",6,199,21,4,"B",2,0,-2,"under",0,0,4,0,0,4,0,0,1,0,0,"EcM","fire-adapted","EcM_fire-adapted"
"13050_47_48_C","13050_47_48","Southern Interior Low Plateau Dry-Mesic Oak Forest","Hardwood",6,199,21,4,"C",36,35,-1,"under",0,0,4,0,0,4,0,0,1,0,0,"EcM","fire-adapted","EcM_fire-adapted"
"13050_47_48_D","13050_47_48","Southern Interior Low Plateau Dry-Mesic Oak Forest","Hardwood",6,199,21,4,"D",20,0,-20,"under",0,0,8,0,0,0,0,0,1,0,0,"EcM","fire-adapted","EcM_fire-adapted"
"13050_47_48_E","13050_47_48","Southern Interior Low Plateau Dry-Mesic Oak Forest","Hardwood",6,199,21,4,"E",3,0,-3,"under",6,0,2,0,0,0,0,0,0.25,0.75,0,"AM","fire-adapted","AM_fire-adapted"
"13050_53_A","13050_53","Southern Interior Low Plateau Dry-Mesic Oak Forest","Hardwood",2,1007,15,2,"A",59,0,-59,"under",0,0,1,0,0,3,0,0,1,0,0,"EcM","fire-adapted","EcM_fire-adapted"
"13050_53_B","13050_53","Southern Interior Low Plateau Dry-Mesic Oak Forest","Hardwood",2,1007,15,2,"B",6,0,-6,"under",0,0,2,0,0,2,0,0,1,0,0,"EcM","fire-adapted","EcM_fire-adapted"
"13050_53_C","13050_53","Southern Interior Low Plateau Dry-Mesic Oak Forest","Hardwood",2,1007,15,2,"C",27,3,-24,"under",0,0,2,0,0,2,0,0,1,0,0,"EcM","fire-adapted","EcM_fire-adapted"
"13050_53_D","13050_53","Southern Interior Low Plateau Dry-Mesic Oak Forest","Hardwood",2,1007,15,2,"D",5,46,41,"over",0,0,4,0,0,0,0,0,1,0,0,"EcM","fire-adapted","EcM_fire-adapted"
"13050_53_E","13050_53","Southern Interior Low Plateau Dry-Mesic Oak Forest","Hardwood",2,1007,15,2,"E",3,7,4,"over",3,0,1,0,0,0,0,0,0.25,0.75,0,"AM","fire-adapted","AM_fire-adapted"
"13060_47_48_A","13060_47_48","East Gulf Coastal Plain Northern Loess Plain Oak-Hickory Upland","Hardwood",386,87,9,8,"A",6,0,-6,"under",2,0,2,0,0,0,0,0,0.5,0.5,0,NA,"fire-adapted","NA_fire-adapted"
"13060_47_48_B","13060_47_48","East Gulf Coastal Plain Northern Loess Plain Oak-Hickory Upland","Hardwood",386,87,9,8,"B",16,0,-16,"under",2,0,2,0,0,0,0,0,0.5,0.5,0,NA,"fire-adapted","NA_fire-adapted"
"13060_47_48_C","13060_47_48","East Gulf Coastal Plain Northern Loess Plain Oak-Hickory Upland","Hardwood",386,87,9,8,"C",27,0,-27,"under",0,0,4,0,0,0,0,0,1,0,0,"EcM","fire-adapted","EcM_fire-adapted"
"13060_47_48_D","13060_47_48","East Gulf Coastal Plain Northern Loess Plain Oak-Hickory Upland","Hardwood",386,87,9,8,"D",33,3,-30,"under",0,0,8,0,0,0,0,0,1,0,0,"EcM","fire-adapted","EcM_fire-adapted"
"13060_47_48_E","13060_47_48","East Gulf Coastal Plain Northern Loess Plain Oak-Hickory Upland","Hardwood",386,87,9,8,"E",18,9,-9,"under",1,0,3,0,0,0,0,0,0.75,0.25,0,"EcM","fire-adapted","EcM_fire-adapted"
"13070_46_47_48_A","13070_46_47_48","East Gulf Coastal Plain Northern Dry Upland Hardwood Forest","Hardwood",388,89,9,8,"A",6,0,-6,"under",6,0,6,0,0,0,0,0,0.5,0.5,0,NA,"fire-adapted","NA_fire-adapted"
"13070_46_47_48_B","13070_46_47_48","East Gulf Coastal Plain Northern Dry Upland Hardwood Forest","Hardwood",388,89,9,8,"B",16,0,-16,"under",3,0,9,0,0,0,0,0,0.75,0.25,0,"EcM","fire-adapted","EcM_fire-adapted"
"13070_46_47_48_C","13070_46_47_48","East Gulf Coastal Plain Northern Dry Upland Hardwood Forest","Hardwood",388,89,9,8,"C",27,0,-27,"under",0,0,12,0,0,0,0,0,1,0,0,"EcM","fire-adapted","EcM_fire-adapted"
"13070_46_47_48_D","13070_46_47_48","East Gulf Coastal Plain Northern Dry Upland Hardwood Forest","Hardwood",388,89,9,8,"D",34,1,-33,"under",0,0,12,0,0,0,0,0,1,0,0,"EcM","fire-adapted","EcM_fire-adapted"
"13070_46_47_48_E","13070_46_47_48","East Gulf Coastal Plain Northern Dry Upland Hardwood Forest","Hardwood",388,89,9,8,"E",17,3,-14,"under",3,0,9,0,0,0,0,0,0.75,0.25,0,"EcM","fire-adapted","EcM_fire-adapted"
"13090_53_57_A","13090_53_57","Southern Appalachian Northern Hardwood Forest","Hardwood",681,665,341,169,"A",6,0,-6,"under",6,0,2,0,0,0,0,0,0.25,0.75,0,"AM","fire-sensitive","AM_fire-sensitive"
"13090_53_57_B","13090_53_57","Southern Appalachian Northern Hardwood Forest","Hardwood",681,665,341,169,"B",21,0,-21,"under",0,0,8,0,0,0,0,0,1,0,0,"EcM","fire-sensitive","EcM_fire-sensitive"
"13090_53_57_C","13090_53_57","Southern Appalachian Northern Hardwood Forest","Hardwood",681,665,341,169,"C",1,0,-1,"under",0,0,8,0,0,0,0,0,1,0,0,"EcM","fire-sensitive","EcM_fire-sensitive"
"13090_53_57_D","13090_53_57","Southern Appalachian Northern Hardwood Forest","Hardwood",681,665,341,169,"D",4,1,-3,"under",4,0,4,0,0,0,0,0,0.5,0.5,0,NA,"fire-sensitive","NA_fire-sensitive"
"13090_53_57_E","13090_53_57","Southern Appalachian Northern Hardwood Forest","Hardwood",681,665,341,169,"E",68,15,-53,"under",0,0,8,0,0,0,0,0,1,0,0,"EcM","fire-sensitive","EcM_fire-sensitive"
"13100_41_62_A","13100_41_62","North-Central Interior Dry-Mesic Oak Forest and Woodland","Hardwood",74,56,23,13,"A",5,0,-5,"under",0,1,0,0,0,3,0,0,0.5,0.5,0,NA,"fire-adapted","NA_fire-adapted"
"13100_41_62_B","13100_41_62","North-Central Interior Dry-Mesic Oak Forest and Woodland","Hardwood",74,56,23,13,"B",18,0,-18,"under",0,1,2,0,0,1,0,0,0.833333333333333,0.166666666666667,0,"EcM","fire-adapted","EcM_fire-adapted"
"13100_41_62_C","13100_41_62","North-Central Interior Dry-Mesic Oak Forest and Woodland","Hardwood",74,56,23,13,"C",27,1,-26,"under",0,1,3,0,0,0,0,0,0.875,0.125,0,"EcM","fire-adapted","EcM_fire-adapted"
"13100_41_62_D","13100_41_62","North-Central Interior Dry-Mesic Oak Forest and Woodland","Hardwood",74,56,23,13,"D",45,7,-38,"under",0,1,3,0,0,0,0,0,0.875,0.125,0,"EcM","fire-adapted","EcM_fire-adapted"
"13100_41_62_E","13100_41_62","North-Central Interior Dry-Mesic Oak Forest and Woodland","Hardwood",74,56,23,13,"E",5,0,-5,"under",2,0,2,0,0,0,0,0,0.5,0.5,0,NA,"fire-adapted","NA_fire-adapted"
"13100_47_A","13100_47","North-Central Interior Dry-Mesic Oak Forest and Woodland","Hardwood",162,160,11,9,"A",2,0,-2,"under",0,0,0,0,0,3,0,0,NA,NA,NA,NA,"fire-adapted","NA_fire-adapted"
"13100_47_B","13100_47","North-Central Interior Dry-Mesic Oak Forest and Woodland","Hardwood",162,160,11,9,"B",7,0,-7,"under",1,0,3,0,0,0,0,0,0.75,0.25,0,"EcM","fire-adapted","EcM_fire-adapted"
"13100_47_C","13100_47","North-Central Interior Dry-Mesic Oak Forest and Woodland","Hardwood",162,160,11,9,"C",27,3,-24,"under",1,0,3,0,0,0,0,0,0.75,0.25,0,"EcM","fire-adapted","EcM_fire-adapted"
"13100_47_D","13100_47","North-Central Interior Dry-Mesic Oak Forest and Woodland","Hardwood",162,160,11,9,"D",61,41,-20,"under",0,0,4,0,0,0,0,0,1,0,0,"EcM","fire-adapted","EcM_fire-adapted"
"13100_47_E","13100_47","North-Central Interior Dry-Mesic Oak Forest and Woodland","Hardwood",162,160,11,9,"E",3,5,2,"over",2,0,2,0,0,0,0,0,0.5,0.5,0,NA,"fire-adapted","NA_fire-adapted"
"13100_52_A","13100_52","North-Central Interior Dry-Mesic Oak Forest and Woodland","Hardwood",75,47,23,13,"A",6,0,-6,"under",0,1,0,0,0,3,0,0,0.5,0.5,0,NA,"fire-adapted","NA_fire-adapted"
"13100_52_B","13100_52","North-Central Interior Dry-Mesic Oak Forest and Woodland","Hardwood",75,47,23,13,"B",12,0,-12,"under",0,1,2,0,0,1,0,0,0.833333333333333,0.166666666666667,0,"EcM","fire-adapted","EcM_fire-adapted"
"13100_52_C","13100_52","North-Central Interior Dry-Mesic Oak Forest and Woodland","Hardwood",75,47,23,13,"C",13,1,-12,"under",0,1,3,0,0,0,0,0,0.875,0.125,0,"EcM","fire-adapted","EcM_fire-adapted"
"13100_52_D","13100_52","North-Central Interior Dry-Mesic Oak Forest and Woodland","Hardwood",75,47,23,13,"D",64,9,-55,"under",0,1,3,0,0,0,0,0,0.875,0.125,0,"EcM","fire-adapted","EcM_fire-adapted"
"13100_52_E","13100_52","North-Central Interior Dry-Mesic Oak Forest and Woodland","Hardwood",75,47,23,13,"E",5,1,-4,"under",2,0,2,0,0,0,0,0,0.5,0.5,0,NA,"fire-adapted","NA_fire-adapted"
"13110_52_A","13110_52","North-Central Interior Dry Oak Forest and Woodland","Hardwood",149,151,11,9,"A",3,0,-3,"under",0,0,0,0,0,3,0,0,NA,NA,NA,NA,"fire-adapted","NA_fire-adapted"
"13110_52_B","13110_52","North-Central Interior Dry Oak Forest and Woodland","Hardwood",149,151,11,9,"B",8,0,-8,"under",0,0,4,0,0,0,0,0,1,0,0,"EcM","fire-adapted","EcM_fire-adapted"
"13110_52_C","13110_52","North-Central Interior Dry Oak Forest and Woodland","Hardwood",149,151,11,9,"C",38,2,-36,"under",0,0,4,0,0,0,0,0,1,0,0,"EcM","fire-adapted","EcM_fire-adapted"
"13110_52_D","13110_52","North-Central Interior Dry Oak Forest and Woodland","Hardwood",149,151,11,9,"D",48,14,-34,"under",0,0,4,0,0,0,0,0,1,0,0,"EcM","fire-adapted","EcM_fire-adapted"
"13110_52_E","13110_52","North-Central Interior Dry Oak Forest and Woodland","Hardwood",149,151,11,9,"E",3,1,-2,"under",2,0,2,0,0,0,0,0,0.5,0.5,0,NA,"fire-adapted","NA_fire-adapted"
"13130_47_50_51_A","13130_47_50_51","North-Central Interior Beech-Maple Forest","Hardwood",1004,5000,836,456,"A",8,0,-8,"under",1,1,2,0,0,0,0,0,0.625,0.375,0,"EcM","fire-sensitive","EcM_fire-sensitive"
"13130_47_50_51_B","13130_47_50_51","North-Central Interior Beech-Maple Forest","Hardwood",1004,5000,836,456,"B",9,0,-9,"under",1,0,3,0,0,0,0,0,0.75,0.25,0,"EcM","fire-sensitive","EcM_fire-sensitive"
"13130_47_50_51_C","13130_47_50_51","North-Central Interior Beech-Maple Forest","Hardwood",1004,5000,836,456,"C",14,21,7,"over",2,0,2,0,0,0,0,0,0.5,0.5,0,NA,"fire-sensitive","NA_fire-sensitive"
"13130_47_50_51_D","13130_47_50_51","North-Central Interior Beech-Maple Forest","Hardwood",1004,5000,836,456,"D",69,1,-68,"under",2,0,2,0,0,0,0,0,0.5,0.5,0,NA,"fire-sensitive","NA_fire-sensitive"
"13130_49_52_62_A","13130_49_52_62","North-Central Interior Beech-Maple Forest","Hardwood",1026,5000,852,465,"A",8,0,-8,"under",4,0,4,0,0,0,0,0,0.5,0.5,0,NA,"fire-sensitive","NA_fire-sensitive"
"13130_49_52_62_B","13130_49_52_62","North-Central Interior Beech-Maple Forest","Hardwood",1026,5000,852,465,"B",8,0,-8,"under",2,0,6,0,0,0,0,0,0.75,0.25,0,"EcM","fire-sensitive","EcM_fire-sensitive"
"13130_49_52_62_C","13130_49_52_62","North-Central Interior Beech-Maple Forest","Hardwood",1026,5000,852,465,"C",14,3,-11,"under",4,0,4,0,0,0,0,0,0.5,0.5,0,NA,"fire-sensitive","NA_fire-sensitive"
"13130_49_52_62_D","13130_49_52_62","North-Central Interior Beech-Maple Forest","Hardwood",1026,5000,852,465,"D",70,0,-70,"under",4,0,4,0,0,0,0,0,0.5,0.5,0,NA,"fire-sensitive","NA_fire-sensitive"
"13150_48_53_57_59_61_A","13150_48_53_57_59_61","Southern Appalachian Oak Forest","Hardwood",604,138,16,14,"A",5,0,-5,"under",0,0,20,0,0,0,0,0,1,0,0,"EcM","fire-adapted","EcM_fire-adapted"
"13150_48_53_57_59_61_B","13150_48_53_57_59_61","Southern Appalachian Oak Forest","Hardwood",604,138,16,14,"B",25,0,-25,"under",0,0,15,0,0,0,0,0,1,0,0,"EcM","fire-adapted","EcM_fire-adapted"
"13150_48_53_57_59_61_C","13150_48_53_57_59_61","Southern Appalachian Oak Forest","Hardwood",604,138,16,14,"C",36,0,-36,"under",0,0,15,5,0,0,0,0,0.75,0,0.25,"EcM","fire-adapted","EcM_fire-adapted"
"13150_48_53_57_59_61_D","13150_48_53_57_59_61","Southern Appalachian Oak Forest","Hardwood",604,138,16,14,"D",25,1,-24,"under",0,0,15,5,0,0,0,0,0.75,0,0.25,"EcM","fire-adapted","EcM_fire-adapted"
"13150_48_53_57_59_61_E","13150_48_53_57_59_61","Southern Appalachian Oak Forest","Hardwood",604,138,16,14,"E",9,9,0,"equal",0,0,20,0,0,0,0,0,1,0,0,"EcM","fire-adapted","EcM_fire-adapted"
"13160_54_57_59_61_A","13160_54_57_59_61","Southern Piedmont Mesic Forest","Hardwood",510,348,52,42,"A",6,0,-6,"under",12,0,4,0,0,0,0,0,0.25,0.75,0,"AM","fire-sensitive","AM_fire-sensitive"
"13160_54_57_59_61_B","13160_54_57_59_61","Southern Piedmont Mesic Forest","Hardwood",510,348,52,42,"B",11,0,-11,"under",16,0,0,0,0,0,0,0,0,1,0,"AM","fire-sensitive","AM_fire-sensitive"
"13160_54_57_59_61_C","13160_54_57_59_61","Southern Piedmont Mesic Forest","Hardwood",510,348,52,42,"C",22,0,-22,"under",4,0,8,0,0,0,0,0,0.666666666666667,0.333333333333333,0,"EcM","fire-sensitive","EcM_fire-sensitive"
"13160_54_57_59_61_D","13160_54_57_59_61","Southern Piedmont Mesic Forest","Hardwood",510,348,52,42,"D",22,0,-22,"under",4,0,8,0,0,0,0,0,0.666666666666667,0.333333333333333,0,"EcM","fire-sensitive","EcM_fire-sensitive"
"13160_54_57_59_61_E","13160_54_57_59_61","Southern Piedmont Mesic Forest","Hardwood",510,348,52,42,"E",39,0,-39,"under",16,0,0,0,0,0,0,0,0,1,0,"AM","fire-sensitive","AM_fire-sensitive"
"13160_60_A","13160_60","Southern Piedmont Mesic Forest","Hardwood",499,355,52,41,"A",6,0,-6,"under",3,0,1,0,0,0,0,0,0.25,0.75,0,"AM","fire-sensitive","AM_fire-sensitive"
"13160_60_B","13160_60","Southern Piedmont Mesic Forest","Hardwood",499,355,52,41,"B",11,22,11,"over",4,0,0,0,0,0,0,0,0,1,0,"AM","fire-sensitive","AM_fire-sensitive"
"13160_60_C","13160_60","Southern Piedmont Mesic Forest","Hardwood",499,355,52,41,"C",22,6,-16,"under",1,0,2,0,0,0,0,0,0.666666666666667,0.333333333333333,0,"EcM","fire-sensitive","EcM_fire-sensitive"
"13160_60_D","13160_60","Southern Piedmont Mesic Forest","Hardwood",499,355,52,41,"D",22,0,-22,"under",1,0,2,0,0,0,0,0,0.666666666666667,0.333333333333333,0,"EcM","fire-sensitive","EcM_fire-sensitive"
"13160_60_E","13160_60","Southern Piedmont Mesic Forest","Hardwood",499,355,52,41,"E",39,2,-37,"under",4,0,0,0,0,0,0,0,0,1,0,"AM","fire-sensitive","AM_fire-sensitive"
"13170_48_53_A","13170_48_53","Allegheny-Cumberland Dry Oak Forest and Woodland","Hardwood",91,1199,6,6,"A",17,0,-17,"under",0,0,2,0,0,6,0,0,1,0,0,"EcM","fire-adapted","EcM_fire-adapted"
"13170_48_53_B","13170_48_53","Allegheny-Cumberland Dry Oak Forest and Woodland","Hardwood",91,1199,6,6,"B",1,0,-1,"under",0,0,6,0,0,2,0,0,1,0,0,"EcM","fire-adapted","EcM_fire-adapted"
"13170_48_53_C","13170_48_53","Allegheny-Cumberland Dry Oak Forest and Woodland","Hardwood",91,1199,6,6,"C",13,2,-11,"under",0,0,8,0,0,0,0,0,1,0,0,"EcM","fire-adapted","EcM_fire-adapted"
"13170_48_53_D","13170_48_53","Allegheny-Cumberland Dry Oak Forest and Woodland","Hardwood",91,1199,6,6,"D",6,24,18,"over",0,0,8,0,0,0,0,0,1,0,0,"EcM","fire-adapted","EcM_fire-adapted"
"13170_48_53_E","13170_48_53","Allegheny-Cumberland Dry Oak Forest and Woodland","Hardwood",91,1199,6,6,"E",63,14,-49,"under",6,0,2,0,0,0,0,0,0.25,0.75,0,"AM","fire-adapted","AM_fire-adapted"
"13170_57_61_A","13170_57_61","Allegheny-Cumberland Dry Oak Forest and Woodland","Hardwood",123,59,15,11,"A",16,0,-16,"under",0,0,2,0,0,6,0,0,1,0,0,"EcM","fire-adapted","EcM_fire-adapted"
"13170_57_61_B","13170_57_61","Allegheny-Cumberland Dry Oak Forest and Woodland","Hardwood",123,59,15,11,"B",11,0,-11,"under",0,0,6,0,0,2,0,0,1,0,0,"EcM","fire-adapted","EcM_fire-adapted"
"13170_57_61_C","13170_57_61","Allegheny-Cumberland Dry Oak Forest and Woodland","Hardwood",123,59,15,11,"C",20,0,-20,"under",0,0,8,0,0,0,0,0,1,0,0,"EcM","fire-adapted","EcM_fire-adapted"
"13170_57_61_D","13170_57_61","Allegheny-Cumberland Dry Oak Forest and Woodland","Hardwood",123,59,15,11,"D",26,2,-24,"under",0,0,8,0,0,0,0,0,1,0,0,"EcM","fire-adapted","EcM_fire-adapted"
"13170_57_61_E","13170_57_61","Allegheny-Cumberland Dry Oak Forest and Woodland","Hardwood",123,59,15,11,"E",27,17,-10,"under",6,0,2,0,0,0,0,0,0.25,0.75,0,"AM","fire-adapted","AM_fire-adapted"
"13170_62_A","13170_62","Allegheny-Cumberland Dry Oak Forest and Woodland","Hardwood",37,117,11,8,"A",6,0,-6,"under",0,0,1,0,0,3,0,0,1,0,0,"EcM","fire-adapted","EcM_fire-adapted"
"13170_62_B","13170_62","Allegheny-Cumberland Dry Oak Forest and Woodland","Hardwood",37,117,11,8,"B",9,0,-9,"under",0,0,3,0,0,1,0,0,1,0,0,"EcM","fire-adapted","EcM_fire-adapted"
"13170_62_C","13170_62","Allegheny-Cumberland Dry Oak Forest and Woodland","Hardwood",37,117,11,8,"C",48,6,-42,"under",0,0,4,0,0,0,0,0,1,0,0,"EcM","fire-adapted","EcM_fire-adapted"
"13170_62_D","13170_62","Allegheny-Cumberland Dry Oak Forest and Woodland","Hardwood",37,117,11,8,"D",37,60,23,"over",0,0,4,0,0,0,0,0,1,0,0,"EcM","fire-adapted","EcM_fire-adapted"
"13180_48_53_A","13180_48_53","Southern and Central Appalachian Cove Forest","Hardwood",555,727,88,69,"A",5,1,-4,"under",4,0,4,0,0,0,0,0,0.5,0.5,0,NA,"fire-sensitive","NA_fire-sensitive"
"13180_48_53_B","13180_48_53","Southern and Central Appalachian Cove Forest","Hardwood",555,727,88,69,"B",31,0,-31,"under",4,0,4,0,0,0,0,0,0.5,0.5,0,NA,"fire-sensitive","NA_fire-sensitive"
"13180_48_53_C","13180_48_53","Southern and Central Appalachian Cove Forest","Hardwood",555,727,88,69,"C",10,1,-9,"under",4,0,4,0,0,0,0,0,0.5,0.5,0,NA,"fire-sensitive","NA_fire-sensitive"
"13180_48_53_D","13180_48_53","Southern and Central Appalachian Cove Forest","Hardwood",555,727,88,69,"D",54,72,18,"over",4,0,4,0,0,0,0,0,0.5,0.5,0,NA,"fire-sensitive","NA_fire-sensitive"
"13180_57_59_61_A","13180_57_59_61","Southern and Central Appalachian Cove Forest","Hardwood",994,498,100,77,"A",5,0,-5,"under",6,0,6,0,0,0,0,0,0.5,0.5,0,NA,"fire-sensitive","NA_fire-sensitive"
"13180_57_59_61_B","13180_57_59_61","Southern and Central Appalachian Cove Forest","Hardwood",994,498,100,77,"B",26,0,-26,"under",6,0,6,0,0,0,0,0,0.5,0.5,0,NA,"fire-sensitive","NA_fire-sensitive"
"13180_57_59_61_C","13180_57_59_61","Southern and Central Appalachian Cove Forest","Hardwood",994,498,100,77,"C",2,0,-2,"under",6,0,6,0,0,0,0,0,0.5,0.5,0,NA,"fire-sensitive","NA_fire-sensitive"
"13180_57_59_61_D","13180_57_59_61","Southern and Central Appalachian Cove Forest","Hardwood",994,498,100,77,"D",4,4,0,"equal",6,0,6,0,0,0,0,0,0.5,0.5,0,NA,"fire-sensitive","NA_fire-sensitive"
"13180_57_59_61_E","13180_57_59_61","Southern and Central Appalachian Cove Forest","Hardwood",994,498,100,77,"E",63,25,-38,"under",6,0,6,0,0,0,0,0,0.5,0.5,0,NA,"fire-sensitive","NA_fire-sensitive"
"13200_48_57_61_A","13200_48_57_61","Central and Southern Appalachian Montane Oak Forest","Hardwood",147,95,33,21,"A",13,0,-13,"under",3,0,9,0,0,0,0,0,0.75,0.25,0,"EcM","fire-sensitive","EcM_fire-sensitive"
"13200_48_57_61_B","13200_48_57_61","Central and Southern Appalachian Montane Oak Forest","Hardwood",147,95,33,21,"B",16,0,-16,"under",3,0,9,0,0,0,0,0,0.75,0.25,0,"EcM","fire-sensitive","EcM_fire-sensitive"
"13200_48_57_61_C","13200_48_57_61","Central and Southern Appalachian Montane Oak Forest","Hardwood",147,95,33,21,"C",11,0,-11,"under",3,0,9,0,0,0,0,0,0.75,0.25,0,"EcM","fire-sensitive","EcM_fire-sensitive"
"13200_48_57_61_D","13200_48_57_61","Central and Southern Appalachian Montane Oak Forest","Hardwood",147,95,33,21,"D",18,2,-16,"under",3,0,9,0,0,0,0,0,0.75,0.25,0,"EcM","fire-sensitive","EcM_fire-sensitive"
"13200_48_57_61_E","13200_48_57_61","Central and Southern Appalachian Montane Oak Forest","Hardwood",147,95,33,21,"E",42,24,-18,"under",3,0,9,0,0,0,0,0,0.75,0.25,0,"EcM","fire-sensitive","EcM_fire-sensitive"
"13210_47_48_53_57_A","13210_47_48_53_57","South-Central Interior Mesophytic Forest","Hardwood",869,534,86,68,"A",2,0,-2,"under",16,0,0,0,0,0,0,0,0,1,0,"AM","fire-sensitive","AM_fire-sensitive"
"13210_47_48_53_57_B","13210_47_48_53_57","South-Central Interior Mesophytic Forest","Hardwood",869,534,86,68,"B",11,16,5,"over",12,0,4,0,0,0,0,0,0.25,0.75,0,"AM","fire-sensitive","AM_fire-sensitive"
"13210_47_48_53_57_C","13210_47_48_53_57","South-Central Interior Mesophytic Forest","Hardwood",869,534,86,68,"C",32,0,-32,"under",8,0,8,0,0,0,0,0,0.5,0.5,0,NA,"fire-sensitive","NA_fire-sensitive"
"13210_47_48_53_57_D","13210_47_48_53_57","South-Central Interior Mesophytic Forest","Hardwood",869,534,86,68,"D",55,0,-55,"under",8,0,8,0,0,0,0,0,0.5,0.5,0,NA,"fire-sensitive","NA_fire-sensitive"
"13210_61_63_A","13210_61_63","South-Central Interior Mesophytic Forest","Hardwood",847,573,102,78,"A",2,0,-2,"under",6,0,2,0,0,0,0,0,0.25,0.75,0,"AM","fire-sensitive","AM_fire-sensitive"
"13210_61_63_B","13210_61_63","South-Central Interior Mesophytic Forest","Hardwood",847,573,102,78,"B",8,0,-8,"under",6,0,2,0,0,0,0,0,0.25,0.75,0,"AM","fire-sensitive","AM_fire-sensitive"
"13210_61_63_C","13210_61_63","South-Central Interior Mesophytic Forest","Hardwood",847,573,102,78,"C",5,0,-5,"under",4,0,2,0,0,0,0,0,0.333333333333333,0.666666666666667,0,"AM","fire-sensitive","AM_fire-sensitive"
"13210_61_63_D","13210_61_63","South-Central Interior Mesophytic Forest","Hardwood",847,573,102,78,"D",3,0,-3,"under",4,0,4,0,0,0,0,0,0.5,0.5,0,NA,"fire-sensitive","NA_fire-sensitive"
"13210_62_A","13210_62","South-Central Interior Mesophytic Forest","Hardwood",960,798,341,191,"A",3,0,-3,"under",2,0,2,0,0,0,0,0,0.5,0.5,0,NA,"fire-sensitive","NA_fire-sensitive"
"13210_62_B","13210_62","South-Central Interior Mesophytic Forest","Hardwood",960,798,341,191,"B",34,43,9,"over",4,0,4,0,0,0,0,0,0.5,0.5,0,NA,"fire-sensitive","NA_fire-sensitive"
"13210_62_C","13210_62","South-Central Interior Mesophytic Forest","Hardwood",960,798,341,191,"C",63,6,-57,"under",2,0,2,0,0,0,0,0,0.5,0.5,0,NA,"fire-sensitive","NA_fire-sensitive"
"13240_60_65_66_A","13240_60_65_66","Northern Atlantic Coastal Plain Hardwood Forest","Hardwood",48,44,4,4,"A",9,0,-9,"under",0,0,9,0,0,3,0,0,1,0,0,"EcM","fire-adapted","EcM_fire-adapted"
"13240_60_65_66_B","13240_60_65_66","Northern Atlantic Coastal Plain Hardwood Forest","Hardwood",48,44,4,4,"B",9,0,-9,"under",0,0,9,0,0,3,0,0,1,0,0,"EcM","fire-adapted","EcM_fire-adapted"
"13240_60_65_66_C","13240_60_65_66","Northern Atlantic Coastal Plain Hardwood Forest","Hardwood",48,44,4,4,"C",12,0,-12,"under",0,0,9,0,0,3,0,0,1,0,0,"EcM","fire-adapted","EcM_fire-adapted"
"13240_60_65_66_D","13240_60_65_66","Northern Atlantic Coastal Plain Hardwood Forest","Hardwood",48,44,4,4,"D",53,0,-53,"under",0,0,9,0,0,3,0,0,1,0,0,"EcM","fire-adapted","EcM_fire-adapted"
"13240_60_65_66_E","13240_60_65_66","Northern Atlantic Coastal Plain Hardwood Forest","Hardwood",48,44,4,4,"E",17,1,-16,"under",0,0,9,3,0,0,0,0,0.75,0,0.25,"EcM","fire-adapted","EcM_fire-adapted"
"13250_46_47_48_A","13250_46_47_48","East Gulf Coastal Plain Northern Mesic Hardwood Slope Forest","Hardwood",404,159,52,36,"A",8,0,-8,"under",6,0,6,0,0,0,0,0,0.5,0.5,0,NA,"fire-sensitive","NA_fire-sensitive"
"13250_46_47_48_B","13250_46_47_48","East Gulf Coastal Plain Northern Mesic Hardwood Slope Forest","Hardwood",404,159,52,36,"B",30,0,-30,"under",6,0,6,0,0,0,0,0,0.5,0.5,0,NA,"fire-sensitive","NA_fire-sensitive"
"13250_46_47_48_C","13250_46_47_48","East Gulf Coastal Plain Northern Mesic Hardwood Slope Forest","Hardwood",404,159,52,36,"C",6,0,-6,"under",6,0,6,0,0,0,0,0,0.5,0.5,0,NA,"fire-sensitive","NA_fire-sensitive"
"13250_46_47_48_D","13250_46_47_48","East Gulf Coastal Plain Northern Mesic Hardwood Slope Forest","Hardwood",404,159,52,36,"D",15,0,-15,"under",1,0,3,0,0,0,0,0,0.75,0.25,0,"EcM","fire-sensitive","EcM_fire-sensitive"
"13250_46_47_48_E","13250_46_47_48","East Gulf Coastal Plain Northern Mesic Hardwood Slope Forest","Hardwood",404,159,52,36,"E",41,0,-41,"under",3,0,9,0,0,0,0,0,0.75,0.25,0,"EcM","fire-sensitive","EcM_fire-sensitive"
"13260_47_A","13260_47","South-Central Interior/Upper Coastal Plain Flatwoods","Hardwood",187,182,5,5,"A",15,0,-15,"under",1,0,3,0,0,0,0,0,0.75,0.25,0,"EcM","fire-adapted","EcM_fire-adapted"
"13260_47_B","13260_47","South-Central Interior/Upper Coastal Plain Flatwoods","Hardwood",187,182,5,5,"B",14,0,-14,"under",1,0,3,0,0,0,0,0,0.75,0.25,0,"EcM","fire-adapted","EcM_fire-adapted"
"13260_47_C","13260_47","South-Central Interior/Upper Coastal Plain Flatwoods","Hardwood",187,182,5,5,"C",20,0,-20,"under",1,0,3,0,0,0,0,0,0.75,0.25,0,"EcM","fire-adapted","EcM_fire-adapted"
"13260_47_D","13260_47","South-Central Interior/Upper Coastal Plain Flatwoods","Hardwood",187,182,5,5,"D",38,4,-34,"under",0,0,4,0,0,0,0,0,1,0,0,"EcM","fire-adapted","EcM_fire-adapted"
"13260_47_E","13260_47","South-Central Interior/Upper Coastal Plain Flatwoods","Hardwood",187,182,5,5,"E",13,14,1,"over",1,0,3,0,0,0,0,0,0.75,0.25,0,"EcM","fire-adapted","EcM_fire-adapted"
"13270_45_46_47_A","13270_45_46_47","East Gulf Coastal Plain Northern Loess Bluff Forest","Hardwood",394,356,152,84,"A",10,0,-10,"under",2,0,6,0,0,0,0,0,0.75,0.25,0,"EcM","fire-sensitive","EcM_fire-sensitive"
"13270_45_46_47_B","13270_45_46_47","East Gulf Coastal Plain Northern Loess Bluff Forest","Hardwood",394,356,152,84,"B",37,1,-36,"under",2,0,6,0,0,0,0,0,0.75,0.25,0,"EcM","fire-sensitive","EcM_fire-sensitive"
"13270_45_46_47_C","13270_45_46_47","East Gulf Coastal Plain Northern Loess Bluff Forest","Hardwood",394,356,152,84,"C",2,2,0,"equal",2,0,6,0,0,0,0,0,0.75,0.25,0,"EcM","fire-sensitive","EcM_fire-sensitive"
"13270_45_46_47_D","13270_45_46_47","East Gulf Coastal Plain Northern Loess Bluff Forest","Hardwood",394,356,152,84,"D",2,0,-2,"under",2,0,6,0,0,0,0,0,0.75,0.25,0,"EcM","fire-sensitive","EcM_fire-sensitive"
"13270_45_46_47_E","13270_45_46_47","East Gulf Coastal Plain Northern Loess Bluff Forest","Hardwood",394,356,152,84,"E",49,0,-49,"under",2,0,6,0,0,0,0,0,0.75,0.25,0,"EcM","fire-sensitive","EcM_fire-sensitive"
"13280_46_99_A","13280_46_99","East Gulf Coastal Plain Limestone Forest","Hardwood",199,98,8,7,"A",11,0,-11,"under",1,0,3,0,0,0,0,0,0.75,0.25,0,"EcM","fire-adapted","EcM_fire-adapted"
"13280_46_99_B","13280_46_99","East Gulf Coastal Plain Limestone Forest","Hardwood",199,98,8,7,"B",18,4,-14,"under",1,0,3,0,0,0,0,0,0.75,0.25,0,"EcM","fire-adapted","EcM_fire-adapted"
"13280_46_99_C","13280_46_99","East Gulf Coastal Plain Limestone Forest","Hardwood",199,98,8,7,"C",37,2,-35,"under",0,0,4,0,0,0,0,0,1,0,0,"EcM","fire-adapted","EcM_fire-adapted"
"13280_46_99_D","13280_46_99","East Gulf Coastal Plain Limestone Forest","Hardwood",199,98,8,7,"D",22,0,-22,"under",0,0,4,0,0,0,0,0,1,0,0,"EcM","fire-adapted","EcM_fire-adapted"
"13280_46_99_E","13280_46_99","East Gulf Coastal Plain Limestone Forest","Hardwood",199,98,8,7,"E",12,1,-11,"under",2,0,2,0,0,0,0,0,0.5,0.5,0,NA,"fire-adapted","NA_fire-adapted"
"13290_45_46_99_A","13290_45_46_99","East Gulf Coastal Plain Southern Loess Bluff Forest","Hardwood",218,189,69,41,"A",13,0,-13,"under",2,0,2,0,0,0,0,0,0.5,0.5,0,NA,"fire-sensitive","NA_fire-sensitive"
"13290_45_46_99_B","13290_45_46_99","East Gulf Coastal Plain Southern Loess Bluff Forest","Hardwood",218,189,69,41,"B",42,10,-32,"under",2,0,2,0,0,0,0,0,0.5,0.5,0,NA,"fire-sensitive","NA_fire-sensitive"
"13290_45_46_99_C","13290_45_46_99","East Gulf Coastal Plain Southern Loess Bluff Forest","Hardwood",218,189,69,41,"C",7,26,19,"over",2,0,2,0,0,0,0,0,0.5,0.5,0,NA,"fire-sensitive","NA_fire-sensitive"
"13290_45_46_99_D","13290_45_46_99","East Gulf Coastal Plain Southern Loess Bluff Forest","Hardwood",218,189,69,41,"D",4,2,-2,"under",2,0,2,0,0,0,0,0,0.5,0.5,0,NA,"fire-sensitive","NA_fire-sensitive"
"13290_45_46_99_E","13290_45_46_99","East Gulf Coastal Plain Southern Loess Bluff Forest","Hardwood",218,189,69,41,"E",34,10,-24,"under",2,0,2,0,0,0,0,0,0.5,0.5,0,NA,"fire-sensitive","NA_fire-sensitive"
"13300_46_48_54_55_56_99_A","13300_46_48_54_55_56_99","Southern Coastal Plain Dry Upland Hardwood Forest","Hardwood",197,98,8,7,"A",11,0,-11,"under",0,0,12,0,0,0,0,0,1,0,0,"EcM","fire-adapted","EcM_fire-adapted"
"13300_46_48_54_55_56_99_B","13300_46_48_54_55_56_99","Southern Coastal Plain Dry Upland Hardwood Forest","Hardwood",197,98,8,7,"B",18,3,-15,"under",3,0,9,0,0,0,0,0,0.75,0.25,0,"EcM","fire-adapted","EcM_fire-adapted"
"13300_46_48_54_55_56_99_C","13300_46_48_54_55_56_99","Southern Coastal Plain Dry Upland Hardwood Forest","Hardwood",197,98,8,7,"C",37,2,-35,"under",0,0,9,0,0,0,0,0,1,0,0,"EcM","fire-adapted","EcM_fire-adapted"
"13300_46_48_54_55_56_99_D","13300_46_48_54_55_56_99","Southern Coastal Plain Dry Upland Hardwood Forest","Hardwood",197,98,8,7,"D",22,0,-22,"under",0,0,9,0,0,0,0,0,1,0,0,"EcM","fire-adapted","EcM_fire-adapted"
"13300_46_48_54_55_56_99_E","13300_46_48_54_55_56_99","Southern Coastal Plain Dry Upland Hardwood Forest","Hardwood",197,98,8,7,"E",12,0,-12,"under",3,0,9,0,0,0,0,0,0.75,0.25,0,"EcM","fire-adapted","EcM_fire-adapted"
"13350_55_58_60_A","13350_55_58_60","Atlantic Coastal Plain Dry and Dry-Mesic Oak Forest","Hardwood",198,98,8,7,"A",11,0,-11,"under",0,0,4,0,0,0,0,0,1,0,0,"EcM","fire-adapted","EcM_fire-adapted"
"13350_55_58_60_B","13350_55_58_60","Atlantic Coastal Plain Dry and Dry-Mesic Oak Forest","Hardwood",198,98,8,7,"B",18,4,-14,"under",1,0,3,0,0,0,0,0,0.75,0.25,0,"EcM","fire-adapted","EcM_fire-adapted"
"13350_55_58_60_C","13350_55_58_60","Atlantic Coastal Plain Dry and Dry-Mesic Oak Forest","Hardwood",198,98,8,7,"C",36,3,-33,"under",0,0,4,0,0,0,0,0,1,0,0,"EcM","fire-adapted","EcM_fire-adapted"
"13350_55_58_60_D","13350_55_58_60","Atlantic Coastal Plain Dry and Dry-Mesic Oak Forest","Hardwood",198,98,8,7,"D",22,0,-22,"under",0,0,4,0,0,0,0,0,1,0,0,"EcM","fire-adapted","EcM_fire-adapted"
"13350_55_58_60_E","13350_55_58_60","Atlantic Coastal Plain Dry and Dry-Mesic Oak Forest","Hardwood",198,98,8,7,"E",13,0,-13,"under",1,0,3,0,0,0,0,0,0.75,0.25,0,"EcM","fire-adapted","EcM_fire-adapted"
"13420_59_A","13420_59","Piedmont Hardpan Woodland and Forest","Hardwood",308,333,5,5,"A",8,0,-8,"under",3,0,0,0,0,1,0,0,0,1,0,"AM","fire-adapted","AM_fire-adapted"
"13420_59_B","13420_59","Piedmont Hardpan Woodland and Forest","Hardwood",308,333,5,5,"B",13,10,-3,"under",1,0,3,0,0,0,0,0,0.75,0.25,0,"EcM","fire-adapted","EcM_fire-adapted"
"13420_59_C","13420_59","Piedmont Hardpan Woodland and Forest","Hardwood",308,333,5,5,"C",30,5,-25,"under",0,0,3,0,0,1,0,0,1,0,0,"EcM","fire-adapted","EcM_fire-adapted"
"13420_59_D","13420_59","Piedmont Hardpan Woodland and Forest","Hardwood",308,333,5,5,"D",44,0,-44,"under",0,0,3,0,0,1,0,0,1,0,0,"EcM","fire-adapted","EcM_fire-adapted"
"13420_59_E","13420_59","Piedmont Hardpan Woodland and Forest","Hardwood",308,333,5,5,"E",5,1,-4,"under",1,0,3,0,0,0,0,0,0.75,0.25,0,"EcM","fire-adapted","EcM_fire-adapted"
"13430_54_55_B","13430_54_55","Atlantic Coastal Plain Mesic Hardwood Forest","Hardwood",394,159,52,36,"B",30,1,-29,"under",1,0,3,0,0,0,0,0,0.75,0.25,0,"EcM","fire-sensitive","EcM_fire-sensitive"
"13430_54_55_C","13430_54_55","Atlantic Coastal Plain Mesic Hardwood Forest","Hardwood",394,159,52,36,"C",6,4,-2,"under",1,0,3,0,0,0,0,0,0.75,0.25,0,"EcM","fire-sensitive","EcM_fire-sensitive"
"13430_58_60_A","13430_58_60","Atlantic Coastal Plain Mesic Hardwood Forest","Hardwood",479,382,43,36,"A",10,1,-9,"under",1,0,3,0,0,0,0,0,0.75,0.25,0,"EcM","fire-sensitive","EcM_fire-sensitive"
"13430_58_60_B","13430_58_60","Atlantic Coastal Plain Mesic Hardwood Forest","Hardwood",479,382,43,36,"B",37,0,-37,"under",1,0,3,0,0,0,0,0,0.75,0.25,0,"EcM","fire-sensitive","EcM_fire-sensitive"
"13430_58_60_C","13430_58_60","Atlantic Coastal Plain Mesic Hardwood Forest","Hardwood",479,382,43,36,"C",16,21,5,"over",1,0,3,0,0,0,0,0,0.75,0.25,0,"EcM","fire-sensitive","EcM_fire-sensitive"
"13430_58_60_D","13430_58_60","Atlantic Coastal Plain Mesic Hardwood Forest","Hardwood",479,382,43,36,"D",9,0,-9,"under",1,0,3,0,0,0,0,0,0.75,0.25,0,"EcM","fire-sensitive","EcM_fire-sensitive"
"13430_58_60_E","13430_58_60","Atlantic Coastal Plain Mesic Hardwood Forest","Hardwood",479,382,43,36,"E",28,1,-27,"under",1,0,3,0,0,0,0,0,0.75,0.25,0,"EcM","fire-sensitive","EcM_fire-sensitive"
"13440_66_A","13440_66","Boreal Jack Pine-Black Spruce Forest","Conifer",214,5000,5000,214,"A",15,0,-15,"under",0,1,3,0,0,0,0,0,0.875,0.125,0,"EcM","fire-sensitive","EcM_fire-sensitive"
"13440_66_B","13440_66","Boreal Jack Pine-Black Spruce Forest","Conifer",214,5000,5000,214,"B",19,0,-19,"under",0,0,3,0,0,0,0,0,1,0,0,"EcM","fire-sensitive","EcM_fire-sensitive"
"13440_66_C","13440_66","Boreal Jack Pine-Black Spruce Forest","Conifer",214,5000,5000,214,"C",18,49,31,"over",0,1,3,0,0,0,0,0,0.875,0.125,0,"EcM","fire-sensitive","EcM_fire-sensitive"
"13440_66_D","13440_66","Boreal Jack Pine-Black Spruce Forest","Conifer",214,5000,5000,214,"D",18,27,9,"over",0,0,3,0,0,0,0,0,1,0,0,"EcM","fire-sensitive","EcM_fire-sensitive"
"13460_54_55_58_A","13460_54_55_58","Atlantic Coastal Plain Fall-line Sandhills Longleaf Pine Woodland","Conifer",132,369,4,4,"A",13,0,-13,"under",0,0,1,0,0,3,0,0,1,0,0,"EcM","fire-adapted","EcM_fire-adapted"
"13460_54_55_58_B","13460_54_55_58","Atlantic Coastal Plain Fall-line Sandhills Longleaf Pine Woodland","Conifer",132,369,4,4,"B",5,7,2,"over",2,0,2,0,0,0,0,0,0.5,0.5,0,NA,"fire-adapted","NA_fire-adapted"
"13460_54_55_58_C","13460_54_55_58","Atlantic Coastal Plain Fall-line Sandhills Longleaf Pine Woodland","Conifer",132,369,4,4,"C",40,7,-33,"under",0,0,1,0,0,3,0,0,1,0,0,"EcM","fire-adapted","EcM_fire-adapted"
"13460_54_55_58_D","13460_54_55_58","Atlantic Coastal Plain Fall-line Sandhills Longleaf Pine Woodland","Conifer",132,369,4,4,"D",40,0,-40,"under",0,0,1,0,0,3,0,0,1,0,0,"EcM","fire-adapted","EcM_fire-adapted"
"13460_54_55_58_E","13460_54_55_58","Atlantic Coastal Plain Fall-line Sandhills Longleaf Pine Woodland","Conifer",132,369,4,4,"E",2,0,-2,"under",0,0,4,0,0,0,0,0,1,0,0,"EcM","fire-adapted","EcM_fire-adapted"
"13470_55_58_60_A","13470_55_58_60","Atlantic Coastal Plain Upland Longleaf Pine Woodland","Conifer",131,376,4,4,"A",13,1,-12,"under",0,0,1,0,0,3,0,0,1,0,0,"EcM","fire-adapted","EcM_fire-adapted"
"13470_55_58_60_B","13470_55_58_60","Atlantic Coastal Plain Upland Longleaf Pine Woodland","Conifer",131,376,4,4,"B",5,13,8,"over",2,0,2,0,0,0,0,0,0.5,0.5,0,NA,"fire-adapted","NA_fire-adapted"
"13470_55_58_60_C","13470_55_58_60","Atlantic Coastal Plain Upland Longleaf Pine Woodland","Conifer",131,376,4,4,"C",40,3,-37,"under",0,0,1,0,0,2,0,0,1,0,0,"EcM","fire-adapted","EcM_fire-adapted"
"13470_55_58_60_E","13470_55_58_60","Atlantic Coastal Plain Upland Longleaf Pine Woodland","Conifer",131,376,4,4,"E",2,0,-2,"under",0,0,4,0,0,0,0,0,1,0,0,"EcM","fire-adapted","EcM_fire-adapted"
"13490_46_48_54_55_99_A","13490_46_48_54_55_99","East Gulf Coastal Plain Interior Upland Longleaf Pine Woodland","Conifer",116,766,3,3,"A",14,0,-14,"under",0,0,3,0,0,6,0,0,1,0,0,"EcM","fire-adapted","EcM_fire-adapted"
"13490_46_48_54_55_99_B","13490_46_48_54_55_99","East Gulf Coastal Plain Interior Upland Longleaf Pine Woodland","Conifer",116,766,3,3,"B",9,0,-9,"under",0,0,6,0,0,0,0,0,1,0,0,"EcM","fire-adapted","EcM_fire-adapted"
"13490_46_48_54_55_99_C","13490_46_48_54_55_99","East Gulf Coastal Plain Interior Upland Longleaf Pine Woodland","Conifer",116,766,3,3,"C",31,0,-31,"under",0,0,3,0,0,6,0,0,1,0,0,"EcM","fire-adapted","EcM_fire-adapted"
"13490_46_48_54_55_99_D","13490_46_48_54_55_99","East Gulf Coastal Plain Interior Upland Longleaf Pine Woodland","Conifer",116,766,3,3,"D",37,1,-36,"under",0,0,3,0,0,6,0,0,1,0,0,"EcM","fire-adapted","EcM_fire-adapted"
"13490_46_48_54_55_99_E","13490_46_48_54_55_99","East Gulf Coastal Plain Interior Upland Longleaf Pine Woodland","Conifer",116,766,3,3,"E",9,0,-9,"under",0,0,6,0,0,0,0,0,1,0,0,"EcM","fire-adapted","EcM_fire-adapted"
"13500_57_A","13500_57","Central and Southern Appalachian Spruce-Fir Forest","Conifer",1000,1155,5000,536,"A",12,1,-11,"under",3,0,1,0,0,0,0,0,0.25,0.75,0,"AM","fire-sensitive","AM_fire-sensitive"
"13500_57_B","13500_57","Central and Southern Appalachian Spruce-Fir Forest","Conifer",1000,1155,5000,536,"B",24,1,-23,"under",0,0,4,0,0,0,0,0,1,0,0,"EcM","fire-sensitive","EcM_fire-sensitive"
"13500_57_C","13500_57","Central and Southern Appalachian Spruce-Fir Forest","Conifer",1000,1155,5000,536,"C",1,1,0,"equal",0,0,4,0,0,0,0,0,1,0,0,"EcM","fire-sensitive","EcM_fire-sensitive"
"13500_57_D","13500_57","Central and Southern Appalachian Spruce-Fir Forest","Conifer",1000,1155,5000,536,"D",3,5,2,"over",0,0,4,0,0,0,0,0,1,0,0,"EcM","fire-sensitive","EcM_fire-sensitive"
"13500_57_E","13500_57","Central and Southern Appalachian Spruce-Fir Forest","Conifer",1000,1155,5000,536,"E",60,90,30,"over",0,0,4,0,0,0,0,0,1,0,0,"EcM","fire-sensitive","EcM_fire-sensitive"
"13500_61_A","13500_61","Central and Southern Appalachian Spruce-Fir Forest","Conifer",834,12028,5000,780,"A",17,1,-16,"under",3,0,1,0,0,0,0,0,0.25,0.75,0,"AM","fire-sensitive","AM_fire-sensitive"
"13500_61_B","13500_61","Central and Southern Appalachian Spruce-Fir Forest","Conifer",834,12028,5000,780,"B",14,70,56,"over",0,0,4,0,0,0,0,0,1,0,0,"EcM","fire-sensitive","EcM_fire-sensitive"
"13500_61_C","13500_61","Central and Southern Appalachian Spruce-Fir Forest","Conifer",834,12028,5000,780,"C",11,10,-1,"under",0,0,4,0,0,0,0,0,1,0,0,"EcM","fire-sensitive","EcM_fire-sensitive"
"13500_61_D","13500_61","Central and Southern Appalachian Spruce-Fir Forest","Conifer",834,12028,5000,780,"D",58,3,-55,"under",0,0,4,0,0,0,0,0,1,0,0,"EcM","fire-sensitive","EcM_fire-sensitive"
"13510_48_54_59_A","13510_48_54_59","Southeastern Interior Longleaf Pine Woodland","Conifer",552,299,3,3,"A",8,0,-8,"under",0,0,6,0,0,3,0,0,1,0,0,"EcM","fire-adapted","EcM_fire-adapted"
"13510_48_54_59_B","13510_48_54_59","Southeastern Interior Longleaf Pine Woodland","Conifer",552,299,3,3,"B",1,4,3,"over",0,0,6,3,0,0,0,0,0.666666666666667,0,0.333333333333333,"EcM","fire-adapted","EcM_fire-adapted"
"13510_48_54_59_C","13510_48_54_59","Southeastern Interior Longleaf Pine Woodland","Conifer",552,299,3,3,"C",26,2,-24,"under",0,0,3,0,0,3,0,0,1,0,0,"EcM","fire-adapted","EcM_fire-adapted"
"13510_48_54_59_D","13510_48_54_59","Southeastern Interior Longleaf Pine Woodland","Conifer",552,299,3,3,"D",63,0,-63,"under",0,0,3,0,0,3,0,0,1,0,0,"EcM","fire-adapted","EcM_fire-adapted"
"13510_48_54_59_E","13510_48_54_59","Southeastern Interior Longleaf Pine Woodland","Conifer",552,299,3,3,"E",2,0,-2,"under",0,0,6,3,0,0,0,0,0.666666666666667,0,0.333333333333333,"EcM","fire-adapted","EcM_fire-adapted"
"13520_53_54_57_59_60_61_A","13520_53_54_57_59_60_61","Southern Appalachian Montane Pine Forest and Woodland","Conifer",88,101,5,5,"A",13,0,-13,"under",0,0,24,0,0,0,0,0,1,0,0,"EcM","fire-adapted","EcM_fire-adapted"
"13520_53_54_57_59_60_61_B","13520_53_54_57_59_60_61","Southern Appalachian Montane Pine Forest and Woodland","Conifer",88,101,5,5,"B",3,0,-3,"under",0,0,24,0,0,0,0,0,1,0,0,"EcM","fire-adapted","EcM_fire-adapted"
"13520_53_54_57_59_60_61_C","13520_53_54_57_59_60_61","Southern Appalachian Montane Pine Forest and Woodland","Conifer",88,101,5,5,"C",24,0,-24,"under",0,0,24,0,0,0,0,0,1,0,0,"EcM","fire-adapted","EcM_fire-adapted"
"13520_53_54_57_59_60_61_D","13520_53_54_57_59_60_61","Southern Appalachian Montane Pine Forest and Woodland","Conifer",88,101,5,5,"D",54,0,-54,"under",0,0,24,0,0,0,0,0,1,0,0,"EcM","fire-adapted","EcM_fire-adapted"
"13520_53_54_57_59_60_61_E","13520_53_54_57_59_60_61","Southern Appalachian Montane Pine Forest and Woodland","Conifer",88,101,5,5,"E",6,2,-4,"under",0,0,24,0,0,0,0,0,1,0,0,"EcM","fire-adapted","EcM_fire-adapted"
"13530_46_48_53_54_57_59_60_61_A","13530_46_48_53_54_57_59_60_61","Southern Appalachian Low-Elevation Pine Forest","Conifer",153,66,9,7,"A",11,0,-11,"under",0,0,16,8,0,0,0,0,0.666666666666667,0,0.333333333333333,"EcM","fire-adapted","EcM_fire-adapted"
"13530_46_48_53_54_57_59_60_61_B","13530_46_48_53_54_57_59_60_61","Southern Appalachian Low-Elevation Pine Forest","Conifer",153,66,9,7,"B",13,0,-13,"under",0,0,7,7,0,0,0,0,0.5,0,0.5,NA,"fire-adapted","NA_fire-adapted"
"13530_46_48_53_54_57_59_60_61_C","13530_46_48_53_54_57_59_60_61","Southern Appalachian Low-Elevation Pine Forest","Conifer",153,66,9,7,"C",28,0,-28,"under",0,0,32,0,0,0,0,0,1,0,0,"EcM","fire-adapted","EcM_fire-adapted"
"13530_46_48_53_54_57_59_60_61_D","13530_46_48_53_54_57_59_60_61","Southern Appalachian Low-Elevation Pine Forest","Conifer",153,66,9,7,"D",35,0,-35,"under",8,0,24,0,0,0,0,0,0.75,0.25,0,"EcM","fire-adapted","EcM_fire-adapted"
"13530_46_48_53_54_57_59_60_61_E","13530_46_48_53_54_57_59_60_61","Southern Appalachian Low-Elevation Pine Forest","Conifer",153,66,9,7,"E",13,1,-12,"under",0,0,8,8,0,0,0,0,0.5,0,0.5,NA,"fire-adapted","NA_fire-adapted"
"13530_47_A","13530_47","Southern Appalachian Low-Elevation Pine Forest","Conifer",100,1204,2,2,"A",15,0,-15,"under",0,0,2,0,0,1,0,0,1,0,0,"EcM","fire-adapted","EcM_fire-adapted"
"13530_47_B","13530_47","Southern Appalachian Low-Elevation Pine Forest","Conifer",100,1204,2,2,"B",3,0,-3,"under",0,0,2,0,0,0,0,0,1,0,0,"EcM","fire-adapted","EcM_fire-adapted"
"13530_47_C","13530_47","Southern Appalachian Low-Elevation Pine Forest","Conifer",100,1204,2,2,"C",36,0,-36,"under",0,0,1,0,0,3,0,0,1,0,0,"EcM","fire-adapted","EcM_fire-adapted"
"13530_47_D","13530_47","Southern Appalachian Low-Elevation Pine Forest","Conifer",100,1204,2,2,"D",43,8,-35,"under",0,0,1,0,0,3,0,0,1,0,0,"EcM","fire-adapted","EcM_fire-adapted"
"13530_47_E","13530_47","Southern Appalachian Low-Elevation Pine Forest","Conifer",100,1204,2,2,"E",3,40,37,"over",0,0,1,0,0,0,0,0,1,0,0,"EcM","fire-adapted","EcM_fire-adapted"
"13540_64_66_A","13540_64_66","Northeastern Interior Pine Barrens","Conifer",77,31,12,8,"A",5,0,-5,"under",0,0,4,0,0,4,0,0,1,0,0,"EcM","fire-adapted","EcM_fire-adapted"
"13540_64_66_B","13540_64_66","Northeastern Interior Pine Barrens","Conifer",77,31,12,8,"B",24,0,-24,"under",0,0,6,0,0,0,0,0,1,0,0,"EcM","fire-adapted","EcM_fire-adapted"
"13540_64_66_C","13540_64_66","Northeastern Interior Pine Barrens","Conifer",77,31,12,8,"C",39,1,-38,"under",0,0,4,4,0,0,0,0,0.5,0,0.5,NA,"fire-adapted","NA_fire-adapted"
"13540_64_66_D","13540_64_66","Northeastern Interior Pine Barrens","Conifer",77,31,12,8,"D",27,3,-24,"under",0,0,4,4,0,0,0,0,0.5,0,0.5,NA,"fire-adapted","NA_fire-adapted"
"13540_64_66_E","13540_64_66","Northeastern Interior Pine Barrens","Conifer",77,31,12,8,"E",5,11,6,"over",0,0,2,4,0,0,0,0,0.333333333333333,0,0.666666666666667,"ErM","fire-adapted","ErM_fire-adapted"
"13550_60_65_A","13550_60_65","Northern Atlantic Coastal Plain Pitch Pine Barrens","Conifer",77,31,12,8,"A",6,0,-6,"under",0,0,4,0,0,4,0,0,1,0,0,"EcM","fire-adapted","EcM_fire-adapted"
"13550_60_65_B","13550_60_65","Northern Atlantic Coastal Plain Pitch Pine Barrens","Conifer",77,31,12,8,"B",24,0,-24,"under",0,0,6,0,0,0,0,0,1,0,0,"EcM","fire-adapted","EcM_fire-adapted"
"13550_60_65_C","13550_60_65","Northern Atlantic Coastal Plain Pitch Pine Barrens","Conifer",77,31,12,8,"C",39,1,-38,"under",0,0,4,4,0,0,0,0,0.5,0,0.5,NA,"fire-adapted","NA_fire-adapted"
"13550_60_65_D","13550_60_65","Northern Atlantic Coastal Plain Pitch Pine Barrens","Conifer",77,31,12,8,"D",26,1,-25,"under",0,0,4,4,0,0,0,0,0.5,0,0.5,NA,"fire-adapted","NA_fire-adapted"
"13550_60_65_E","13550_60_65","Northern Atlantic Coastal Plain Pitch Pine Barrens","Conifer",77,31,12,8,"E",5,4,-1,"under",0,0,2,4,0,0,0,0,0.333333333333333,0,0.666666666666667,"ErM","fire-adapted","ErM_fire-adapted"
"13570_46_47_55_58_99_A","13570_46_47_55_58_99","Southern Coastal Plain Mesic Slope Forest","Hardwood",402,159,52,35,"A",8,0,-8,"under",4,0,4,0,0,0,0,0,0.5,0.5,0,NA,"fire-sensitive","NA_fire-sensitive"
"13570_46_47_55_58_99_B","13570_46_47_55_58_99","Southern Coastal Plain Mesic Slope Forest","Hardwood",402,159,52,35,"B",30,0,-30,"under",4,0,4,0,0,0,0,0,0.5,0.5,0,NA,"fire-sensitive","NA_fire-sensitive"
"13570_46_47_55_58_99_C","13570_46_47_55_58_99","Southern Coastal Plain Mesic Slope Forest","Hardwood",402,159,52,35,"C",6,0,-6,"under",4,0,4,0,0,0,0,0,0.5,0.5,0,NA,"fire-sensitive","NA_fire-sensitive"
"13570_46_47_55_58_99_D","13570_46_47_55_58_99","Southern Coastal Plain Mesic Slope Forest","Hardwood",402,159,52,35,"D",15,0,-15,"under",4,0,4,0,0,0,0,0,0.5,0.5,0,NA,"fire-sensitive","NA_fire-sensitive"
"13570_46_47_55_58_99_E","13570_46_47_55_58_99","Southern Coastal Plain Mesic Slope Forest","Hardwood",402,159,52,35,"E",41,0,-41,"under",4,0,4,0,0,0,0,0,0.5,0.5,0,NA,"fire-sensitive","NA_fire-sensitive"
"13610_58_60_A","13610_58_60","Central Atlantic Coastal Plain Maritime Forest","Hardwood",357,119,113,50,"A",7,0,-7,"under",2,0,1,0,0,0,0,0,0.333333333333333,0.666666666666667,0,"AM","fire-sensitive","AM_fire-sensitive"
"13610_58_60_B","13610_58_60","Central Atlantic Coastal Plain Maritime Forest","Hardwood",357,119,113,50,"B",22,0,-22,"under",2,0,1,0,0,0,0,0,0.333333333333333,0.666666666666667,0,"AM","fire-sensitive","AM_fire-sensitive"
"13610_58_60_C","13610_58_60","Central Atlantic Coastal Plain Maritime Forest","Hardwood",357,119,113,50,"C",7,0,-7,"under",2,0,1,0,0,0,0,0,0.333333333333333,0.666666666666667,0,"AM","fire-sensitive","AM_fire-sensitive"
"13610_58_60_D","13610_58_60","Central Atlantic Coastal Plain Maritime Forest","Hardwood",357,119,113,50,"D",13,2,-11,"under",2,0,1,0,0,0,0,0,0.333333333333333,0.666666666666667,0,"AM","fire-sensitive","AM_fire-sensitive"
"13610_58_60_E","13610_58_60","Central Atlantic Coastal Plain Maritime Forest","Hardwood",357,119,113,50,"E",51,0,-51,"under",2,0,1,0,0,0,0,0,0.333333333333333,0.666666666666667,0,"AM","fire-sensitive","AM_fire-sensitive"
"13620_51_63_64_65_66_A","13620_51_63_64_65_66","Laurentian-Acadian Northern Pine(-Oak) Forest","Hardwood-Conifer",309,447,65,48,"A",13,0,-13,"under",0,8,16,0,0,0,0,0,0.833333333333333,0.166666666666667,0,"EcM","fire-sensitive","EcM_fire-sensitive"
"13620_51_63_64_65_66_B","13620_51_63_64_65_66","Laurentian-Acadian Northern Pine(-Oak) Forest","Hardwood-Conifer",309,447,65,48,"B",13,22,9,"over",0,4,12,0,0,0,0,0,0.875,0.125,0,"EcM","fire-sensitive","EcM_fire-sensitive"
"13620_51_63_64_65_66_C","13620_51_63_64_65_66","Laurentian-Acadian Northern Pine(-Oak) Forest","Hardwood-Conifer",309,447,65,48,"C",48,1,-47,"under",0,0,12,0,0,0,0,0,1,0,0,"EcM","fire-sensitive","EcM_fire-sensitive"
"13620_51_63_64_65_66_D","13620_51_63_64_65_66","Laurentian-Acadian Northern Pine(-Oak) Forest","Hardwood-Conifer",309,447,65,48,"D",26,0,-26,"under",0,0,12,4,0,0,0,0,0.75,0,0.25,"EcM","fire-sensitive","EcM_fire-sensitive"
"13630_47_53_B","13630_47_53","Central Interior Highlands Dry Acidic Glade and Barrens","Hardwood",29,16,7,4,"B",30,0,-30,"under",0,0,4,0,0,4,0,0,1,0,0,"EcM","fire-adapted","EcM_fire-adapted"
"13630_47_53_C","13630_47_53","Central Interior Highlands Dry Acidic Glade and Barrens","Hardwood",29,16,7,4,"C",36,0,-36,"under",0,0,4,0,0,4,0,0,1,0,0,"EcM","fire-adapted","EcM_fire-adapted"
"13630_47_53_D","13630_47_53","Central Interior Highlands Dry Acidic Glade and Barrens","Hardwood",29,16,7,4,"D",14,2,-12,"under",0,0,4,2,0,2,0,0,0.666666666666667,0,0.333333333333333,"EcM","fire-adapted","EcM_fire-adapted"
"13630_47_53_E","13630_47_53","Central Interior Highlands Dry Acidic Glade and Barrens","Hardwood",29,16,7,4,"E",3,34,31,"over",0,0,4,2,0,0,0,0,0.666666666666667,0,0.333333333333333,"EcM","fire-adapted","EcM_fire-adapted"
"13660_51_63_64_65_66_A","13660_51_63_64_65_66","Laurentian-Acadian Pine-Hemlock-Hardwood Forest","Hardwood-Conifer",482,998,289,153,"A",3,0,-3,"under",0,4,4,0,0,0,0,0,0.75,0.25,0,"EcM","fire-sensitive","EcM_fire-sensitive"
"13660_51_63_64_65_66_B","13660_51_63_64_65_66","Laurentian-Acadian Pine-Hemlock-Hardwood Forest","Hardwood-Conifer",482,998,289,153,"B",16,1,-15,"under",4,8,8,0,0,0,0,0,0.6,0.4,0,"EcM","fire-sensitive","EcM_fire-sensitive"
"13660_51_63_64_65_66_C","13660_51_63_64_65_66","Laurentian-Acadian Pine-Hemlock-Hardwood Forest","Hardwood-Conifer",482,998,289,153,"C",39,0,-39,"under",0,0,16,0,0,0,0,0,1,0,0,"EcM","fire-sensitive","EcM_fire-sensitive"
"13660_51_63_64_65_66_D","13660_51_63_64_65_66","Laurentian-Acadian Pine-Hemlock-Hardwood Forest","Hardwood-Conifer",482,998,289,153,"D",42,22,-20,"under",0,0,12,0,0,0,0,0,1,0,0,"EcM","fire-sensitive","EcM_fire-sensitive"
"13680_46_48_54_57_59_60_61_A","13680_46_48_54_57_59_60_61","Southern Piedmont Dry Oak(-Pine) Forest","Hardwood-Conifer",325,235,5,5,"A",8,0,-8,"under",0,0,14,7,0,7,0,0,0.666666666666667,0,0.333333333333333,"EcM","fire-adapted","EcM_fire-adapted"
"13680_46_48_54_57_59_60_61_B","13680_46_48_54_57_59_60_61","Southern Piedmont Dry Oak(-Pine) Forest","Hardwood-Conifer",325,235,5,5,"B",16,1,-15,"under",14,0,14,0,0,0,0,0,0.5,0.5,0,NA,"fire-adapted","NA_fire-adapted"
"13680_46_48_54_57_59_60_61_C","13680_46_48_54_57_59_60_61","Southern Piedmont Dry Oak(-Pine) Forest","Hardwood-Conifer",325,235,5,5,"C",24,0,-24,"under",0,0,14,7,0,7,0,0,0.666666666666667,0,0.333333333333333,"EcM","fire-adapted","EcM_fire-adapted"
"13680_46_48_54_57_59_60_61_D","13680_46_48_54_57_59_60_61","Southern Piedmont Dry Oak(-Pine) Forest","Hardwood-Conifer",325,235,5,5,"D",40,0,-40,"under",0,0,14,7,0,7,0,0,0.666666666666667,0,0.333333333333333,"EcM","fire-adapted","EcM_fire-adapted"
"13680_46_48_54_57_59_60_61_E","13680_46_48_54_57_59_60_61","Southern Piedmont Dry Oak(-Pine) Forest","Hardwood-Conifer",325,235,5,5,"E",12,0,-12,"under",7,0,21,0,0,0,0,0,0.75,0.25,0,"EcM","fire-adapted","EcM_fire-adapted"
"13690_60_61_63_64_65_66_A","13690_60_61_63_64_65_66","Central Appalachian Dry Oak-Pine Forest","Hardwood-Conifer",182,463,15,14,"A",11,0,-11,"under",0,0,24,0,0,0,0,0,1,0,0,"EcM","fire-adapted","EcM_fire-adapted"
"13690_60_61_63_64_65_66_B","13690_60_61_63_64_65_66","Central Appalachian Dry Oak-Pine Forest","Hardwood-Conifer",182,463,15,14,"B",15,1,-14,"under",0,0,18,0,0,0,0,0,1,0,0,"EcM","fire-adapted","EcM_fire-adapted"
"13690_60_61_63_64_65_66_C","13690_60_61_63_64_65_66","Central Appalachian Dry Oak-Pine Forest","Hardwood-Conifer",182,463,15,14,"C",12,2,-10,"under",0,0,30,6,0,0,0,0,0.833333333333333,0,0.166666666666667,"EcM","fire-adapted","EcM_fire-adapted"
"13690_60_61_63_64_65_66_D","13690_60_61_63_64_65_66","Central Appalachian Dry Oak-Pine Forest","Hardwood-Conifer",182,463,15,14,"D",42,0,-42,"under",0,0,30,6,0,0,0,0,0.833333333333333,0,0.166666666666667,"EcM","fire-adapted","EcM_fire-adapted"
"13690_60_61_63_64_65_66_E","13690_60_61_63_64_65_66","Central Appalachian Dry Oak-Pine Forest","Hardwood-Conifer",182,463,15,14,"E",20,0,-20,"under",0,0,30,0,0,0,0,0,1,0,0,"EcM","fire-adapted","EcM_fire-adapted"
"13700_53_61_62_A","13700_53_61_62","Appalachian (Hemlock-)Northern Hardwood Forest","Hardwood",1036,1083,5000,529,"A",9,0,-9,"under",6,0,6,0,0,0,0,0,0.5,0.5,0,NA,"fire-sensitive","NA_fire-sensitive"
"13700_53_61_62_B","13700_53_61_62","Appalachian (Hemlock-)Northern Hardwood Forest","Hardwood",1036,1083,5000,529,"B",14,8,-6,"under",6,0,6,0,0,0,0,0,0.5,0.5,0,NA,"fire-sensitive","NA_fire-sensitive"
"13700_53_61_62_C","13700_53_61_62","Appalachian (Hemlock-)Northern Hardwood Forest","Hardwood",1036,1083,5000,529,"C",9,2,-7,"under",3,0,9,0,0,0,0,0,0.75,0.25,0,"EcM","fire-sensitive","EcM_fire-sensitive"
"13700_53_61_62_D","13700_53_61_62","Appalachian (Hemlock-)Northern Hardwood Forest","Hardwood",1036,1083,5000,529,"D",68,3,-65,"under",6,0,6,0,0,0,0,0,0.5,0.5,0,NA,"fire-sensitive","NA_fire-sensitive"
"13700_60_63_64_65_66_A","13700_60_63_64_65_66","Appalachian (Hemlock-)Northern Hardwood Forest","Hardwood",1010,1122,5000,531,"A",9,0,-9,"under",10,0,10,0,0,0,0,0,0.5,0.5,0,NA,"fire-sensitive","NA_fire-sensitive"
"13700_60_63_64_65_66_B","13700_60_63_64_65_66","Appalachian (Hemlock-)Northern Hardwood Forest","Hardwood",1010,1122,5000,531,"B",14,6,-8,"under",10,0,10,0,0,0,0,0,0.5,0.5,0,NA,"fire-sensitive","NA_fire-sensitive"
"13700_60_63_64_65_66_C","13700_60_63_64_65_66","Appalachian (Hemlock-)Northern Hardwood Forest","Hardwood",1010,1122,5000,531,"C",9,3,-6,"under",5,0,15,0,0,0,0,0,0.75,0.25,0,"EcM","fire-sensitive","EcM_fire-sensitive"
"13700_60_63_64_65_66_D","13700_60_63_64_65_66","Appalachian (Hemlock-)Northern Hardwood Forest","Hardwood",1010,1122,5000,531,"D",68,0,-68,"under",10,0,10,0,0,0,0,0,0.5,0.5,0,NA,"fire-sensitive","NA_fire-sensitive"
"13720_46_99_A","13720_46_99","East Gulf Coastal Plain Interior Shortleaf Pine-Oak Forest","Hardwood-Conifer",189,87,8,7,"A",12,0,-12,"under",0,0,2,1,0,1,0,0,0.666666666666667,0,0.333333333333333,"EcM","fire-adapted","EcM_fire-adapted"
"13720_46_99_B","13720_46_99","East Gulf Coastal Plain Interior Shortleaf Pine-Oak Forest","Hardwood-Conifer",189,87,8,7,"B",21,15,-6,"under",2,0,2,0,0,0,0,0,0.5,0.5,0,NA,"fire-adapted","NA_fire-adapted"
"13720_46_99_C","13720_46_99","East Gulf Coastal Plain Interior Shortleaf Pine-Oak Forest","Hardwood-Conifer",189,87,8,7,"C",46,3,-43,"under",0,0,2,1,0,1,0,0,0.666666666666667,0,0.333333333333333,"EcM","fire-adapted","EcM_fire-adapted"
"13720_46_99_D","13720_46_99","East Gulf Coastal Plain Interior Shortleaf Pine-Oak Forest","Hardwood-Conifer",189,87,8,7,"D",14,0,-14,"under",0,0,2,1,0,1,0,0,0.666666666666667,0,0.333333333333333,"EcM","fire-adapted","EcM_fire-adapted"
"13720_46_99_E","13720_46_99","East Gulf Coastal Plain Interior Shortleaf Pine-Oak Forest","Hardwood-Conifer",189,87,8,7,"E",7,1,-6,"under",2,0,2,0,0,0,0,0,0.5,0.5,0,NA,"fire-adapted","NA_fire-adapted"
"13730_63_64_A","13730_63_64","Acadian Low-Elevation Spruce-Fir-Hardwood Forest","Hardwood-Conifer",1053,5000,5000,1053,"A",4,3,-1,"under",0,2,6,0,0,0,0,0,0.875,0.125,0,"EcM","fire-sensitive","EcM_fire-sensitive"
"13730_63_64_B","13730_63_64","Acadian Low-Elevation Spruce-Fir-Hardwood Forest","Hardwood-Conifer",1053,5000,5000,1053,"B",4,49,45,"over",0,2,6,0,0,0,0,0,0.875,0.125,0,"EcM","fire-sensitive","EcM_fire-sensitive"
"13730_63_64_C","13730_63_64","Acadian Low-Elevation Spruce-Fir-Hardwood Forest","Hardwood-Conifer",1053,5000,5000,1053,"C",4,22,18,"over",0,2,2,0,0,0,0,0,0.75,0.25,0,"EcM","fire-sensitive","EcM_fire-sensitive"
"13730_63_64_D","13730_63_64","Acadian Low-Elevation Spruce-Fir-Hardwood Forest","Hardwood-Conifer",1053,5000,5000,1053,"D",5,0,-5,"under",0,2,6,0,0,0,0,0,0.875,0.125,0,"EcM","fire-sensitive","EcM_fire-sensitive"
"13730_63_64_E","13730_63_64","Acadian Low-Elevation Spruce-Fir-Hardwood Forest","Hardwood-Conifer",1053,5000,5000,1053,"E",83,0,-83,"under",0,0,3,0,0,0,0,0,1,0,0,"EcM","fire-sensitive","EcM_fire-sensitive"
"13730_65_66_A","13730_65_66","Acadian Low-Elevation Spruce-Fir-Hardwood Forest","Hardwood-Conifer",1127,5000,5000,1127,"A",6,16,10,"over",0,2,6,0,0,0,0,0,0.875,0.125,0,"EcM","fire-sensitive","EcM_fire-sensitive"
"13730_65_66_B","13730_65_66","Acadian Low-Elevation Spruce-Fir-Hardwood Forest","Hardwood-Conifer",1127,5000,5000,1127,"B",6,40,34,"over",0,2,6,0,0,0,0,0,0.875,0.125,0,"EcM","fire-sensitive","EcM_fire-sensitive"
"13730_65_66_C","13730_65_66","Acadian Low-Elevation Spruce-Fir-Hardwood Forest","Hardwood-Conifer",1127,5000,5000,1127,"C",7,29,22,"over",0,4,2,0,0,0,0,0,0.666666666666667,0.333333333333333,0,"EcM","fire-sensitive","EcM_fire-sensitive"
"13740_64_65_66_A","13740_64_65_66","Acadian-Appalachian Montane Spruce-Fir Forest","Hardwood-Conifer",580,5000,5000,580,"A",8,8,0,"equal",0,3,9,0,0,0,0,0,0.875,0.125,0,"EcM","fire-sensitive","EcM_fire-sensitive"
"13740_64_65_66_B","13740_64_65_66","Acadian-Appalachian Montane Spruce-Fir Forest","Hardwood-Conifer",580,5000,5000,580,"B",7,16,9,"over",0,3,9,0,0,0,0,0,0.875,0.125,0,"EcM","fire-sensitive","EcM_fire-sensitive"
"13740_64_65_66_C","13740_64_65_66","Acadian-Appalachian Montane Spruce-Fir Forest","Hardwood-Conifer",580,5000,5000,580,"C",7,24,17,"over",0,3,9,0,0,0,0,0,0.875,0.125,0,"EcM","fire-sensitive","EcM_fire-sensitive"
"13740_64_65_66_D","13740_64_65_66","Acadian-Appalachian Montane Spruce-Fir Forest","Hardwood-Conifer",580,5000,5000,580,"D",8,0,-8,"under",0,0,4,0,0,0,0,0,1,0,0,"EcM","fire-sensitive","EcM_fire-sensitive"
"13740_64_65_66_E","13740_64_65_66","Acadian-Appalachian Montane Spruce-Fir Forest","Hardwood-Conifer",580,5000,5000,580,"E",70,0,-70,"under",0,0,3,0,0,0,0,0,1,0,0,"EcM","fire-sensitive","EcM_fire-sensitive"
"13750_60_B","13750_60","Eastern Serpentine Woodland","Hardwood-Conifer",87,56,5,5,"B",8,0,-8,"under",0,0,3,0,0,0,0,0,1,0,0,"EcM","fire-adapted","EcM_fire-adapted"
"13750_60_C","13750_60","Eastern Serpentine Woodland","Hardwood-Conifer",87,56,5,5,"C",52,0,-52,"under",0,0,1,0,0,2,0,0,1,0,0,"EcM","fire-adapted","EcM_fire-adapted"
"13750_60_D","13750_60","Eastern Serpentine Woodland","Hardwood-Conifer",87,56,5,5,"D",33,25,-8,"under",1,0,3,0,0,0,0,0,0.75,0.25,0,"EcM","fire-adapted","EcM_fire-adapted"
"13750_60_E","13750_60","Eastern Serpentine Woodland","Hardwood-Conifer",87,56,5,5,"E",3,4,1,"over",2,0,2,0,0,0,0,0,0.5,0.5,0,NA,"fire-adapted","NA_fire-adapted"
"13760_48_53_57_61_A","13760_48_53_57_61","Southern Ridge and Valley/Cumberland Dry Calcareous Forest","Hardwood",187,109,8,7,"A",8,0,-8,"under",4,0,8,0,0,4,0,0,0.666666666666667,0.333333333333333,0,"EcM","fire-adapted","EcM_fire-adapted"
"13760_48_53_57_61_B","13760_48_53_57_61","Southern Ridge and Valley/Cumberland Dry Calcareous Forest","Hardwood",187,109,8,7,"B",5,0,-5,"under",12,0,4,0,0,0,0,0,0.25,0.75,0,"AM","fire-adapted","AM_fire-adapted"
"13760_48_53_57_61_C","13760_48_53_57_61","Southern Ridge and Valley/Cumberland Dry Calcareous Forest","Hardwood",187,109,8,7,"C",22,0,-22,"under",0,0,8,0,0,8,0,0,1,0,0,"EcM","fire-adapted","EcM_fire-adapted"
"13760_48_53_57_61_D","13760_48_53_57_61","Southern Ridge and Valley/Cumberland Dry Calcareous Forest","Hardwood",187,109,8,7,"D",50,0,-50,"under",0,0,8,0,0,8,0,0,1,0,0,"EcM","fire-adapted","EcM_fire-adapted"
"13760_48_53_57_61_E","13760_48_53_57_61","Southern Ridge and Valley/Cumberland Dry Calcareous Forest","Hardwood",187,109,8,7,"E",15,0,-15,"under",12,0,4,0,0,0,0,0,0.25,0.75,0,"AM","fire-adapted","AM_fire-adapted"
"13770_60_61_63_64_65_66_B","13770_60_61_63_64_65_66","Central Appalachian Pine-Oak Rocky Woodland","Hardwood-Conifer",412,384,4645,190,"B",7,1,-6,"under",0,0,18,6,0,0,0,0,0.75,0,0.25,"EcM","fire-sensitive","EcM_fire-sensitive"
"13770_60_61_63_64_65_66_C","13770_60_61_63_64_65_66","Central Appalachian Pine-Oak Rocky Woodland","Hardwood-Conifer",412,384,4645,190,"C",74,9,-65,"under",6,0,18,0,0,0,0,0,0.75,0.25,0,"EcM","fire-sensitive","EcM_fire-sensitive"
"13770_60_61_63_64_65_66_D","13770_60_61_63_64_65_66","Central Appalachian Pine-Oak Rocky Woodland","Hardwood-Conifer",412,384,4645,190,"D",16,1,-15,"under",0,0,12,6,0,0,0,0,0.666666666666667,0,0.333333333333333,"EcM","fire-sensitive","EcM_fire-sensitive"
"13790_60_65_A","13790_60_65","Northern Atlantic Coastal Plain Maritime Forest","Hardwood-Conifer",74,160,9,7,"A",8,1,-7,"under",2,0,0,0,0,6,0,0,0,1,0,"AM","fire-adapted","AM_fire-adapted"
"13790_60_65_B","13790_60_65","Northern Atlantic Coastal Plain Maritime Forest","Hardwood-Conifer",74,160,9,7,"B",15,0,-15,"under",0,0,8,0,0,0,0,0,1,0,0,"EcM","fire-adapted","EcM_fire-adapted"
"13790_60_65_C","13790_60_65","Northern Atlantic Coastal Plain Maritime Forest","Hardwood-Conifer",74,160,9,7,"C",24,0,-24,"under",4,0,2,0,0,0,0,0,0.333333333333333,0.666666666666667,0,"AM","fire-adapted","AM_fire-adapted"
"13790_60_65_D","13790_60_65","Northern Atlantic Coastal Plain Maritime Forest","Hardwood-Conifer",74,160,9,7,"D",49,0,-49,"under",2,0,6,0,0,0,0,0,0.75,0.25,0,"EcM","fire-adapted","EcM_fire-adapted"
"13790_60_65_E","13790_60_65","Northern Atlantic Coastal Plain Maritime Forest","Hardwood-Conifer",74,160,9,7,"E",4,1,-3,"under",0,0,4,0,0,2,0,0,1,0,0,"EcM","fire-adapted","EcM_fire-adapted"
"13860_66_A","13860_66","Acadian-Appalachian Alpine Tundra","Shrubland",5000,5000,5000,5000,"A",14,0,-14,"under",0,0,0,0,0,1,0,0,NA,NA,NA,NA,"fire-sensitive","NA_fire-sensitive"
"13860_66_B","13860_66","Acadian-Appalachian Alpine Tundra","Shrubland",5000,5000,5000,5000,"B",86,0,-86,"under",0,0,0,2,0,0,0,0,0,0,1,"ErM","fire-sensitive","ErM_fire-sensitive"
"13940_52_A","13940_52","North-Central Interior Oak Savanna","Hardwood",552,187,5,5,"A",21,0,-21,"under",0,1,1,0,0,2,0,0,0.75,0.25,0,"EcM","fire-adapted","EcM_fire-adapted"
"13940_52_B","13940_52","North-Central Interior Oak Savanna","Hardwood",552,187,5,5,"B",56,1,-55,"under",0,0,3,0,0,1,0,0,1,0,0,"EcM","fire-adapted","EcM_fire-adapted"
"13940_52_C","13940_52","North-Central Interior Oak Savanna","Hardwood",552,187,5,5,"C",12,12,0,"equal",0,0,3,0,0,0,0,0,1,0,0,"EcM","fire-adapted","EcM_fire-adapted"
"13940_52_D","13940_52","North-Central Interior Oak Savanna","Hardwood",552,187,5,5,"D",11,1,-10,"under",1,0,3,0,0,0,0,0,0.75,0.25,0,"EcM","fire-adapted","EcM_fire-adapted"
"13950_41_42_43_49_52_A","13950_41_42_43_49_52","North-Central Oak Barrens","Hardwood",341,246,5,5,"A",32,0,-32,"under",0,1,1,0,0,2,0,0,0.75,0.25,0,"EcM","fire-adapted","EcM_fire-adapted"
"13950_41_42_43_49_52_B","13950_41_42_43_49_52","North-Central Oak Barrens","Hardwood",341,246,5,5,"B",63,3,-60,"under",0,0,2,0,0,2,0,0,1,0,0,"EcM","fire-adapted","EcM_fire-adapted"
"13950_41_42_43_49_52_C","13950_41_42_43_49_52","North-Central Oak Barrens","Hardwood",341,246,5,5,"C",3,9,6,"over",0,0,4,0,0,0,0,0,1,0,0,"EcM","fire-adapted","EcM_fire-adapted"
"13950_41_42_43_49_52_D","13950_41_42_43_49_52","North-Central Oak Barrens","Hardwood",341,246,5,5,"D",2,0,-2,"under",0,0,4,0,0,0,0,0,1,0,0,"EcM","fire-adapted","EcM_fire-adapted"
"13970_48_A","13970_48","Nashville Basin Limestone Glade and Woodland","Savanna",40,13,5,3,"A",34,0,-34,"under",0,0,0,0,0,4,0,0,NA,NA,NA,NA,"fire-adapted","NA_fire-adapted"
"13970_48_B","13970_48","Nashville Basin Limestone Glade and Woodland","Savanna",40,13,5,3,"B",6,0,-6,"under",2,0,1,0,0,1,0,0,0.333333333333333,0.666666666666667,0,"AM","fire-adapted","AM_fire-adapted"
"13970_48_C","13970_48","Nashville Basin Limestone Glade and Woodland","Savanna",40,13,5,3,"C",18,0,-18,"under",0,0,1,0,0,3,0,0,1,0,0,"EcM","fire-adapted","EcM_fire-adapted"
"13970_48_D","13970_48","Nashville Basin Limestone Glade and Woodland","Savanna",40,13,5,3,"D",41,0,-41,"under",0,0,2,0,0,2,0,0,1,0,0,"EcM","fire-adapted","EcM_fire-adapted"
"13970_48_E","13970_48","Nashville Basin Limestone Glade and Woodland","Savanna",40,13,5,3,"E",1,32,31,"over",2,0,2,0,0,0,0,0,0.5,0.5,0,NA,"fire-adapted","NA_fire-adapted"
"14000_60_61_A","14000_60_61","Central Appalachian Alkaline Glade and Woodland","Savanna",5,19,1583,4,"A",53,0,-53,"under",0,0,0,0,0,6,0,0,NA,NA,NA,NA,"fire-sensitive","NA_fire-sensitive"
"14000_60_61_B","14000_60_61","Central Appalachian Alkaline Glade and Woodland","Savanna",5,19,1583,4,"B",27,0,-27,"under",4,0,0,0,0,4,0,0,0,1,0,"AM","fire-sensitive","AM_fire-sensitive"
"14000_60_61_C","14000_60_61","Central Appalachian Alkaline Glade and Woodland","Savanna",5,19,1583,4,"C",7,0,-7,"under",8,0,0,0,0,0,0,0,0,1,0,"AM","fire-sensitive","AM_fire-sensitive"
"14000_60_61_D","14000_60_61","Central Appalachian Alkaline Glade and Woodland","Savanna",5,19,1583,4,"D",13,26,13,"over",4,0,4,0,0,0,0,0,0.5,0.5,0,NA,"fire-sensitive","NA_fire-sensitive"
"14000_63_B","14000_63","Central Appalachian Alkaline Glade and Woodland","Savanna",5,19,1421,4,"B",27,0,-27,"under",2,0,0,0,0,2,0,0,0,1,0,"AM","fire-sensitive","AM_fire-sensitive"
"14000_63_C","14000_63","Central Appalachian Alkaline Glade and Woodland","Savanna",5,19,1421,4,"C",7,0,-7,"under",4,0,0,0,0,0,0,0,0,1,0,"AM","fire-sensitive","AM_fire-sensitive"
"14000_63_D","14000_63","Central Appalachian Alkaline Glade and Woodland","Savanna",5,19,1421,4,"D",14,5,-9,"under",2,0,2,0,0,0,0,0,0.5,0.5,0,NA,"fire-sensitive","NA_fire-sensitive"
"14000_64_A","14000_64","Central Appalachian Alkaline Glade and Woodland","Savanna",5,19,1604,4,"A",53,0,-53,"under",0,0,0,0,0,3,0,0,NA,NA,NA,NA,"fire-sensitive","NA_fire-sensitive"
"14000_64_C","14000_64","Central Appalachian Alkaline Glade and Woodland","Savanna",5,19,1604,4,"C",7,0,-7,"under",4,0,0,0,0,0,0,0,0,1,0,"AM","fire-sensitive","AM_fire-sensitive"
"14000_64_D","14000_64","Central Appalachian Alkaline Glade and Woodland","Savanna",5,19,1604,4,"D",13,34,21,"over",2,0,2,0,0,0,0,0,0.5,0.5,0,NA,"fire-sensitive","NA_fire-sensitive"
"14010_43_44_47_48_53_A","14010_43_44_47_48_53","Central Interior Highlands Calcareous Glade and Barrens","Grassland",19,16,5,3,"A",58,0,-58,"under",0,0,2,0,0,6,0,0,1,0,0,"EcM","fire-adapted","EcM_fire-adapted"
"14010_43_44_47_48_53_B","14010_43_44_47_48_53","Central Interior Highlands Calcareous Glade and Barrens","Grassland",19,16,5,3,"B",7,0,-7,"under",4,0,2,0,0,2,0,0,0.333333333333333,0.666666666666667,0,"AM","fire-adapted","AM_fire-adapted"
"14010_43_44_47_48_53_C","14010_43_44_47_48_53","Central Interior Highlands Calcareous Glade and Barrens","Grassland",19,16,5,3,"C",23,0,-23,"under",0,0,3,0,0,9,0,0,1,0,0,"EcM","fire-adapted","EcM_fire-adapted"
"14010_43_44_47_48_53_D","14010_43_44_47_48_53","Central Interior Highlands Calcareous Glade and Barrens","Grassland",19,16,5,3,"D",10,0,-10,"under",0,0,3,0,0,9,0,0,1,0,0,"EcM","fire-adapted","EcM_fire-adapted"
"14010_43_44_47_48_53_E","14010_43_44_47_48_53","Central Interior Highlands Calcareous Glade and Barrens","Grassland",19,16,5,3,"E",2,0,-2,"under",6,0,3,0,0,0,0,0,0.333333333333333,0.666666666666667,0,"AM","fire-adapted","AM_fire-adapted"
"14080_48_A","14080_48","Alabama Ketona Glade and Woodland","Hardwood",19,16,5,3,"A",58,0,-58,"under",1,0,1,0,0,2,0,0,0.5,0.5,0,NA,"fire-adapted","NA_fire-adapted"
"14080_48_C","14080_48","Alabama Ketona Glade and Woodland","Hardwood",19,16,5,3,"C",23,0,-23,"under",1,0,1,0,0,2,0,0,0.5,0.5,0,NA,"fire-adapted","NA_fire-adapted"
"14080_48_D","14080_48","Alabama Ketona Glade and Woodland","Hardwood",19,16,5,3,"D",10,0,-10,"under",1,0,1,0,0,2,0,0,0.5,0.5,0,NA,"fire-adapted","NA_fire-adapted"
"14080_48_E","14080_48","Alabama Ketona Glade and Woodland","Hardwood",19,16,5,3,"E",2,24,22,"over",3,0,1,0,0,0,0,0,0.25,0.75,0,"AM","fire-adapted","AM_fire-adapted"
"14090_50_64_A","14090_50_64","Great Lakes Alvar","Conifer",439,3247,5000,387,"A",45,33,-12,"under",1,0,0,0,0,2,0,1,0,1,0,"AM","fire-sensitive","AM_fire-sensitive"
"14090_50_64_B","14090_50_64","Great Lakes Alvar","Conifer",439,3247,5000,387,"B",40,4,-36,"under",1,0,3,0,0,0,0,0,0.75,0.25,0,"EcM","fire-sensitive","EcM_fire-sensitive"
"14090_50_64_C","14090_50_64","Great Lakes Alvar","Conifer",439,3247,5000,387,"C",15,8,-7,"under",1,0,3,0,0,0,0,0,0.75,0.25,0,"EcM","fire-sensitive","EcM_fire-sensitive"
"14110_49_51_52_A","14110_49_51_52","Great Lakes Wet-Mesic Lakeplain Prairie","Riparian",24,5000,5000,24,"A",46,1,-45,"under",0,0,0,0,0,3,0,0,NA,NA,NA,NA,"fire-sensitive","NA_fire-sensitive"
"14110_49_51_52_B","14110_49_51_52","Great Lakes Wet-Mesic Lakeplain Prairie","Riparian",24,5000,5000,24,"B",27,0,-27,"under",0,0,0,0,0,4,0,0,NA,NA,NA,NA,"fire-sensitive","NA_fire-sensitive"
"14110_49_51_52_C","14110_49_51_52","Great Lakes Wet-Mesic Lakeplain Prairie","Riparian",24,5000,5000,24,"C",27,22,-5,"under",2,0,2,0,0,0,0,0,0.5,0.5,0,NA,"fire-sensitive","NA_fire-sensitive"
"14120_52_A","14120_52","North-Central Interior Sand and Gravel Tallgrass Prairie","Grassland",4,5000,89,3,"A",81,0,-81,"under",0,0,0,0,0,4,0,0,NA,NA,NA,NA,"fire-sensitive","NA_fire-sensitive"
"14120_52_B","14120_52","North-Central Interior Sand and Gravel Tallgrass Prairie","Grassland",4,5000,89,3,"B",16,0,-16,"under",1,0,1,0,0,2,0,0,0.5,0.5,0,NA,"fire-sensitive","NA_fire-sensitive"
"14120_52_C","14120_52","North-Central Interior Sand and Gravel Tallgrass Prairie","Grassland",4,5000,89,3,"C",3,0,-3,"under",0,0,2,0,0,2,0,0,1,0,0,"EcM","fire-sensitive","EcM_fire-sensitive"
"14130_47_A","14130_47","Bluegrass Savanna and Woodland","Hardwood",81,132,62,28,"A",13,0,-13,"under",0,0,0,0,0,3,0,0,NA,NA,NA,NA,"fire-sensitive","NA_fire-sensitive"
"14130_47_B","14130_47","Bluegrass Savanna and Woodland","Hardwood",81,132,62,28,"B",23,0,-23,"under",4,0,0,0,0,0,0,0,0,1,0,"AM","fire-sensitive","AM_fire-sensitive"
"14130_47_C","14130_47","Bluegrass Savanna and Woodland","Hardwood",81,132,62,28,"C",28,0,-28,"under",0,0,1,0,0,2,0,0,1,0,0,"EcM","fire-sensitive","EcM_fire-sensitive"
"14130_47_D","14130_47","Bluegrass Savanna and Woodland","Hardwood",81,132,62,28,"D",24,11,-13,"under",1,0,2,0,0,1,0,0,0.666666666666667,0.333333333333333,0,"EcM","fire-sensitive","EcM_fire-sensitive"
"14130_47_E","14130_47","Bluegrass Savanna and Woodland","Hardwood",81,132,62,28,"E",12,0,-12,"under",3,0,1,0,0,0,0,0,0.25,0.75,0,"AM","fire-sensitive","AM_fire-sensitive"
"14140_57_A","14140_57","Southern Appalachian Grass and Shrub Bald","Grassland",280,341,5000,154,"A",6,4,-2,"under",0,0,0,0,0,2,0,0,NA,NA,NA,NA,"fire-sensitive","NA_fire-sensitive"
"14140_57_B","14140_57","Southern Appalachian Grass and Shrub Bald","Grassland",280,341,5000,154,"B",12,0,-12,"under",0,0,0,4,0,0,0,0,0,0,1,"ErM","fire-sensitive","ErM_fire-sensitive"
"14140_57_C","14140_57","Southern Appalachian Grass and Shrub Bald","Grassland",280,341,5000,154,"C",8,0,-8,"under",3,0,0,0,0,1,0,0,0,1,0,"AM","fire-sensitive","AM_fire-sensitive"
"14140_57_D","14140_57","Southern Appalachian Grass and Shrub Bald","Grassland",280,341,5000,154,"D",8,9,1,"over",0,0,3,0,0,1,0,0,1,0,0,"EcM","fire-sensitive","EcM_fire-sensitive"
"14140_57_E","14140_57","Southern Appalachian Grass and Shrub Bald","Grassland",280,341,5000,154,"E",66,65,-1,"under",0,0,3,0,0,0,0,0,1,0,0,"EcM","fire-sensitive","EcM_fire-sensitive"
"14160_48_A","14160_48","Western Highland Rim Prairie and Barrens","Grassland",40,26,19,9,"A",26,0,-26,"under",0,0,0,0,0,4,0,0,NA,NA,NA,NA,"fire-adapted","NA_fire-adapted"
"14160_48_C","14160_48","Western Highland Rim Prairie and Barrens","Grassland",40,26,19,9,"C",11,0,-11,"under",0,0,2,0,0,2,0,0,1,0,0,"EcM","fire-adapted","EcM_fire-adapted"
"14160_48_D","14160_48","Western Highland Rim Prairie and Barrens","Grassland",40,26,19,9,"D",39,8,-31,"under",0,0,2,0,0,2,0,0,1,0,0,"EcM","fire-adapted","EcM_fire-adapted"
"14160_48_E","14160_48","Western Highland Rim Prairie and Barrens","Grassland",40,26,19,9,"E",14,10,-4,"under",1,0,2,1,0,0,0,0,0.5,0.25,0.25,NA,"fire-adapted","NA_fire-adapted"
"14170_48_A","14170_48","Eastern Highland Rim Prairie and Barrens","Grassland",18,34,12,6,"A",42,0,-42,"under",0,0,0,0,0,4,0,0,NA,NA,NA,NA,"fire-adapted","NA_fire-adapted"
"14170_48_C","14170_48","Eastern Highland Rim Prairie and Barrens","Grassland",18,34,12,6,"C",11,0,-11,"under",0,0,2,0,0,2,0,0,1,0,0,"EcM","fire-adapted","EcM_fire-adapted"
"14170_48_D","14170_48","Eastern Highland Rim Prairie and Barrens","Grassland",18,34,12,6,"D",31,2,-29,"under",0,0,2,0,0,2,0,0,1,0,0,"EcM","fire-adapted","EcM_fire-adapted"
"14170_48_E","14170_48","Eastern Highland Rim Prairie and Barrens","Grassland",18,34,12,6,"E",8,3,-5,"under",1,0,2,1,0,0,0,0,0.5,0.25,0.25,NA,"fire-adapted","NA_fire-adapted"
"14180_47_A","14180_47","Pennyroyal Karst Plain Prairie and Barrens","Grassland",2,75,22,1,"A",72,0,-72,"under",2,1,0,0,0,1,0,0,0.166666666666667,0.833333333333333,0,"AM","fire-adapted","AM_fire-adapted"
"14180_47_C","14180_47","Pennyroyal Karst Plain Prairie and Barrens","Grassland",2,75,22,1,"C",20,14,-6,"under",0,0,3,0,0,0,0,0,1,0,0,"EcM","fire-adapted","EcM_fire-adapted"
"14210_49_52_A","14210_49_52","Central Tallgrass Prairie","Grassland",4,5000,5000,4,"A",40,0,-40,"under",0,0,0,0,0,3,0,0,NA,NA,NA,NA,"fire-sensitive","NA_fire-sensitive"
"14210_49_52_B","14210_49_52","Central Tallgrass Prairie","Grassland",4,5000,5000,4,"B",58,0,-58,"under",0,0,0,0,0,3,0,0,NA,NA,NA,NA,"fire-sensitive","NA_fire-sensitive"
"14210_49_52_C","14210_49_52","Central Tallgrass Prairie","Grassland",4,5000,5000,4,"C",2,0,-2,"under",0,0,2,0,0,2,0,0,1,0,0,"EcM","fire-sensitive","EcM_fire-sensitive"
"14270_47_A","14270_47","East Gulf Coastal Plain Jackson Plain Prairie and Barrens","Grassland",18,34,12,6,"A",43,0,-43,"under",0,0,0,0,0,4,0,0,NA,NA,NA,NA,"fire-adapted","NA_fire-adapted"
"14270_47_C","14270_47","East Gulf Coastal Plain Jackson Plain Prairie and Barrens","Grassland",18,34,12,6,"C",11,0,-11,"under",0,0,2,0,0,2,0,0,1,0,0,"EcM","fire-adapted","EcM_fire-adapted"
"14270_47_D","14270_47","East Gulf Coastal Plain Jackson Plain Prairie and Barrens","Grassland",18,34,12,6,"D",30,1,-29,"under",0,0,2,0,0,2,0,0,1,0,0,"EcM","fire-adapted","EcM_fire-adapted"
"14270_47_E","14270_47","East Gulf Coastal Plain Jackson Plain Prairie and Barrens","Grassland",18,34,12,6,"E",8,5,-3,"under",1,0,2,1,0,0,0,0,0.5,0.25,0.25,NA,"fire-adapted","NA_fire-adapted"
"14300_46_A","14300_46","Southern Coastal Plain Blackland Prairie and Woodland","Grassland",50,3,96,3,"A",60,0,-60,"under",0,0,0,0,0,4,0,0,NA,NA,NA,NA,"fire-sensitive","NA_fire-sensitive"
"14300_46_B","14300_46","Southern Coastal Plain Blackland Prairie and Woodland","Grassland",50,3,96,3,"B",19,0,-19,"under",1,0,1,0,0,2,0,0,0.5,0.5,0,NA,"fire-sensitive","NA_fire-sensitive"
"14300_46_C","14300_46","Southern Coastal Plain Blackland Prairie and Woodland","Grassland",50,3,96,3,"C",3,0,-3,"under",1,0,2,0,0,1,0,0,0.666666666666667,0.333333333333333,0,"EcM","fire-sensitive","EcM_fire-sensitive"
"14300_46_D","14300_46","Southern Coastal Plain Blackland Prairie and Woodland","Grassland",50,3,96,3,"D",14,8,-6,"under",3,0,0,0,0,1,0,0,0,1,0,"AM","fire-sensitive","AM_fire-sensitive"
"14300_46_E","14300_46","Southern Coastal Plain Blackland Prairie and Woodland","Grassland",50,3,96,3,"E",4,0,-4,"under",3,0,0,0,0,1,0,0,0,1,0,"AM","fire-sensitive","AM_fire-sensitive"
"14360_60_A","14360_60","Northern Atlantic Coastal Plain Dune and Swale","Grassland",8,14,5000,5,"A",54,6,-48,"under",0,0,0,0,0,3,0,0,NA,NA,NA,NA,"fire-sensitive","NA_fire-sensitive"
"14360_60_B","14360_60","Northern Atlantic Coastal Plain Dune and Swale","Grassland",8,14,5000,5,"B",9,19,10,"over",1,0,2,0,0,1,0,0,0.666666666666667,0.333333333333333,0,"EcM","fire-sensitive","EcM_fire-sensitive"
"14360_60_C","14360_60","Northern Atlantic Coastal Plain Dune and Swale","Grassland",8,14,5000,5,"C",14,0,-14,"under",2,0,0,0,0,1,0,0,0,1,0,"AM","fire-sensitive","AM_fire-sensitive"
"14360_60_D","14360_60","Northern Atlantic Coastal Plain Dune and Swale","Grassland",8,14,5000,5,"D",6,35,29,"over",2,0,1,0,0,0,0,0,0.333333333333333,0.666666666666667,0,"AM","fire-sensitive","AM_fire-sensitive"
"14360_60_E","14360_60","Northern Atlantic Coastal Plain Dune and Swale","Grassland",8,14,5000,5,"E",17,2,-15,"under",0,0,3,0,0,0,0,0,1,0,0,"EcM","fire-sensitive","EcM_fire-sensitive"
"14360_65_66_A","14360_65_66","Northern Atlantic Coastal Plain Dune and Swale","Grassland",10,17,5000,6,"A",43,1,-42,"under",0,0,0,0,0,6,0,0,NA,NA,NA,NA,"fire-sensitive","NA_fire-sensitive"
"14360_65_66_B","14360_65_66","Northern Atlantic Coastal Plain Dune and Swale","Grassland",10,17,5000,6,"B",12,0,-12,"under",2,0,2,0,0,2,0,0,0.5,0.5,0,NA,"fire-sensitive","NA_fire-sensitive"
"14360_65_66_C","14360_65_66","Northern Atlantic Coastal Plain Dune and Swale","Grassland",10,17,5000,6,"C",45,1,-44,"under",4,0,2,0,0,0,0,0,0.333333333333333,0.666666666666667,0,"AM","fire-sensitive","AM_fire-sensitive"
"14490_58_60_A","14490_58_60","Central Atlantic Coastal Plain Wet Longleaf Pine Savanna and Flatwoods","Riparian",89,261,3,3,"A",18,0,-18,"under",0,0,2,0,0,2,0,0,1,0,0,"EcM","fire-adapted","EcM_fire-adapted"
"14490_58_60_B","14490_58_60","Central Atlantic Coastal Plain Wet Longleaf Pine Savanna and Flatwoods","Riparian",89,261,3,3,"B",5,20,15,"over",0,0,3,0,0,1,0,0,1,0,0,"EcM","fire-adapted","EcM_fire-adapted"
"14490_58_60_C","14490_58_60","Central Atlantic Coastal Plain Wet Longleaf Pine Savanna and Flatwoods","Riparian",89,261,3,3,"C",46,1,-45,"under",0,0,2,0,0,2,0,0,1,0,0,"EcM","fire-adapted","EcM_fire-adapted"
"14520_58_60_A","14520_58_60","Atlantic Coastal Plain Peatland Pocosin and Canebrake","Riparian",14,16,5000,7,"A",17,1,-16,"under",0,0,0,1,0,3,0,0,0,0,1,"ErM","fire-sensitive","ErM_fire-sensitive"
"14520_58_60_B","14520_58_60","Atlantic Coastal Plain Peatland Pocosin and Canebrake","Riparian",14,16,5000,7,"B",15,0,-15,"under",3,0,1,0,0,0,0,0,0.25,0.75,0,"AM","fire-sensitive","AM_fire-sensitive"
"14520_58_60_D","14520_58_60","Atlantic Coastal Plain Peatland Pocosin and Canebrake","Riparian",14,16,5000,7,"D",23,2,-21,"under",1,0,1,1,0,1,0,0,0.333333333333333,0.333333333333333,0.333333333333333,NA,"fire-sensitive","NA_fire-sensitive"
"14520_58_60_E","14520_58_60","Atlantic Coastal Plain Peatland Pocosin and Canebrake","Riparian",14,16,5000,7,"E",14,38,24,"over",2,0,1,0,0,1,0,0,0.333333333333333,0.666666666666667,0,"AM","fire-sensitive","AM_fire-sensitive"
"14550_46_99_A","14550_46_99","East Gulf Coastal Plain Southern Loblolly-Hardwood Flatwoods","Riparian",78,5000,8,7,"A",18,1,-17,"under",2,0,2,0,0,0,0,0,0.5,0.5,0,NA,"fire-adapted","NA_fire-adapted"
"14550_46_99_B","14550_46_99","East Gulf Coastal Plain Southern Loblolly-Hardwood Flatwoods","Riparian",78,5000,8,7,"B",24,2,-22,"under",1,0,3,0,0,0,0,0,0.75,0.25,0,"EcM","fire-adapted","EcM_fire-adapted"
"14550_46_99_C","14550_46_99","East Gulf Coastal Plain Southern Loblolly-Hardwood Flatwoods","Riparian",78,5000,8,7,"C",7,9,2,"over",1,0,3,0,0,0,0,0,0.75,0.25,0,"EcM","fire-adapted","EcM_fire-adapted"
"14550_46_99_D","14550_46_99","East Gulf Coastal Plain Southern Loblolly-Hardwood Flatwoods","Riparian",78,5000,8,7,"D",12,0,-12,"under",1,0,3,0,0,0,0,0,0.75,0.25,0,"EcM","fire-adapted","EcM_fire-adapted"
"14550_46_99_E","14550_46_99","East Gulf Coastal Plain Southern Loblolly-Hardwood Flatwoods","Riparian",78,5000,8,7,"E",39,0,-39,"under",1,0,3,0,0,0,0,0,0.75,0.25,0,"EcM","fire-adapted","EcM_fire-adapted"
"14570_47_48_A","14570_47_48","South-Central Interior/Upper Coastal Plain Wet Flatwoods","Hardwood",189,118,9,8,"A",13,0,-13,"under",0,0,4,0,0,4,0,0,1,0,0,"EcM","fire-adapted","EcM_fire-adapted"
"14570_47_48_B","14570_47_48","South-Central Interior/Upper Coastal Plain Wet Flatwoods","Hardwood",189,118,9,8,"B",21,0,-21,"under",0,0,4,0,0,4,0,0,1,0,0,"EcM","fire-adapted","EcM_fire-adapted"
"14570_47_48_C","14570_47_48","South-Central Interior/Upper Coastal Plain Wet Flatwoods","Hardwood",189,118,9,8,"C",17,0,-17,"under",0,0,4,0,0,4,0,0,1,0,0,"EcM","fire-adapted","EcM_fire-adapted"
"14570_47_48_D","14570_47_48","South-Central Interior/Upper Coastal Plain Wet Flatwoods","Hardwood",189,118,9,8,"D",28,1,-27,"under",0,0,4,0,0,4,0,0,1,0,0,"EcM","fire-adapted","EcM_fire-adapted"
"14570_47_48_E","14570_47_48","South-Central Interior/Upper Coastal Plain Wet Flatwoods","Hardwood",189,118,9,8,"E",21,10,-11,"under",0,0,4,0,0,4,0,0,1,0,0,"EcM","fire-adapted","EcM_fire-adapted"
"14610_46_55_56_99_A","14610_46_55_56_99","Southern Coastal Plain Seepage Swamp and Baygall","Riparian",297,356,5000,162,"A",13,0,-13,"under",4,0,0,0,0,0,0,0,0,1,0,"AM","fire-sensitive","AM_fire-sensitive"
"14610_46_55_56_99_B","14610_46_55_56_99","Southern Coastal Plain Seepage Swamp and Baygall","Riparian",297,356,5000,162,"B",23,12,-11,"under",4,0,0,0,0,0,0,0,0,1,0,"AM","fire-sensitive","AM_fire-sensitive"
"14610_46_55_56_99_C","14610_46_55_56_99","Southern Coastal Plain Seepage Swamp and Baygall","Riparian",297,356,5000,162,"C",3,2,-1,"under",4,0,0,0,0,0,0,0,0,1,0,"AM","fire-sensitive","AM_fire-sensitive"
"14610_46_55_56_99_E","14610_46_55_56_99","Southern Coastal Plain Seepage Swamp and Baygall","Riparian",297,356,5000,162,"E",55,0,-55,"under",3,0,1,0,0,0,0,0,0.25,0.75,0,"AM","fire-sensitive","AM_fire-sensitive"
"14680_46_55_58_99_A","14680_46_55_58_99","Atlantic Coastal Plain Streamhead Seepage Swamp-Pocosin-Baygall","Riparian",58,23,16,8,"A",14,2,-12,"under",0,0,1,1,0,1,0,0,0.5,0,0.5,NA,"fire-adapted","NA_fire-adapted"
"14680_46_55_58_99_B","14680_46_55_58_99","Atlantic Coastal Plain Streamhead Seepage Swamp-Pocosin-Baygall","Riparian",58,23,16,8,"B",25,0,-25,"under",2,0,1,0,0,0,0,0,0.333333333333333,0.666666666666667,0,"AM","fire-adapted","AM_fire-adapted"
"14680_46_55_58_99_C","14680_46_55_58_99","Atlantic Coastal Plain Streamhead Seepage Swamp-Pocosin-Baygall","Riparian",58,23,16,8,"C",17,1,-16,"under",1,0,1,0,0,0,0,0,0.5,0.5,0,NA,"fire-adapted","NA_fire-adapted"
"14680_46_55_58_99_D","14680_46_55_58_99","Atlantic Coastal Plain Streamhead Seepage Swamp-Pocosin-Baygall","Riparian",58,23,16,8,"D",32,3,-29,"under",1,0,1,0,0,0,0,0,0.5,0.5,0,NA,"fire-adapted","NA_fire-adapted"
"14680_46_55_58_99_E","14680_46_55_58_99","Atlantic Coastal Plain Streamhead Seepage Swamp-Pocosin-Baygall","Riparian",58,23,16,8,"E",12,13,1,"over",2,0,0,0,0,0,0,0,0,1,0,"AM","fire-adapted","AM_fire-adapted"
"14680_60_A","14680_60","Atlantic Coastal Plain Streamhead Seepage Swamp-Pocosin-Baygall","Riparian",98,28,14,8,"A",8,0,-8,"under",0,0,1,1,0,1,0,0,0.5,0,0.5,NA,"fire-adapted","NA_fire-adapted"
"14680_60_B","14680_60","Atlantic Coastal Plain Streamhead Seepage Swamp-Pocosin-Baygall","Riparian",98,28,14,8,"B",16,0,-16,"under",2,0,1,0,0,0,0,0,0.333333333333333,0.666666666666667,0,"AM","fire-adapted","AM_fire-adapted"
"14680_60_C","14680_60","Atlantic Coastal Plain Streamhead Seepage Swamp-Pocosin-Baygall","Riparian",98,28,14,8,"C",13,0,-13,"under",1,0,1,0,0,0,0,0,0.5,0.5,0,NA,"fire-adapted","NA_fire-adapted"
"14680_60_D","14680_60","Atlantic Coastal Plain Streamhead Seepage Swamp-Pocosin-Baygall","Riparian",98,28,14,8,"D",52,3,-49,"under",1,0,1,0,0,0,0,0,0.5,0.5,0,NA,"fire-adapted","NA_fire-adapted"
"14680_60_E","14680_60","Atlantic Coastal Plain Streamhead Seepage Swamp-Pocosin-Baygall","Riparian",98,28,14,8,"E",11,19,8,"over",2,0,0,0,0,0,0,0,0,1,0,"AM","fire-adapted","AM_fire-adapted"
"14710_47_48_53_54_57_59_60_61_63_A","14710_47_48_53_54_57_59_60_61_63","Central Interior and Appalachian Floodplain Systems","Riparian",613,392,121,80,"A",9,0,-9,"under",27,0,0,0,0,0,0,0,0,1,0,"AM","fire-sensitive","AM_fire-sensitive"
"14710_47_48_53_54_57_59_60_61_63_B","14710_47_48_53_54_57_59_60_61_63","Central Interior and Appalachian Floodplain Systems","Riparian",613,392,121,80,"B",25,0,-25,"under",27,0,9,0,0,0,0,0,0.25,0.75,0,"AM","fire-sensitive","AM_fire-sensitive"
"14710_47_48_53_54_57_59_60_61_63_C","14710_47_48_53_54_57_59_60_61_63","Central Interior and Appalachian Floodplain Systems","Riparian",613,392,121,80,"C",6,1,-5,"under",18,0,18,0,0,0,0,0,0.5,0.5,0,NA,"fire-sensitive","NA_fire-sensitive"
"14710_47_48_53_54_57_59_60_61_63_D","14710_47_48_53_54_57_59_60_61_63","Central Interior and Appalachian Floodplain Systems","Riparian",613,392,121,80,"D",12,0,-12,"under",18,0,18,0,0,0,0,0,0.5,0.5,0,NA,"fire-sensitive","NA_fire-sensitive"
"14710_47_48_53_54_57_59_60_61_63_E","14710_47_48_53_54_57_59_60_61_63","Central Interior and Appalachian Floodplain Systems","Riparian",613,392,121,80,"E",48,0,-48,"under",18,0,18,0,0,0,0,0,0.5,0.5,0,NA,"fire-sensitive","NA_fire-sensitive"
"14710_49_52_A","14710_49_52","Central Interior and Appalachian Floodplain Systems","Riparian",5000,426,68,59,"A",15,0,-15,"under",0,2,0,0,0,0,0,0,0.5,0.5,0,NA,"fire-sensitive","NA_fire-sensitive"
"14710_49_52_B","14710_49_52","Central Interior and Appalachian Floodplain Systems","Riparian",5000,426,68,59,"B",23,0,-23,"under",1,2,0,0,0,0,0,0,0.333333333333333,0.666666666666667,0,"AM","fire-sensitive","AM_fire-sensitive"
"14710_49_52_C","14710_49_52","Central Interior and Appalachian Floodplain Systems","Riparian",5000,426,68,59,"C",45,18,-27,"under",3,1,0,0,0,0,0,0,0.125,0.875,0,"AM","fire-sensitive","AM_fire-sensitive"
"14710_49_52_D","14710_49_52","Central Interior and Appalachian Floodplain Systems","Riparian",5000,426,68,59,"D",17,0,-17,"under",3,0,1,0,0,0,0,0,0.25,0.75,0,"AM","fire-sensitive","AM_fire-sensitive"
"14710_51_62_A","14710_51_62","Central Interior and Appalachian Floodplain Systems","Riparian",5000,429,67,58,"A",15,0,-15,"under",0,2,0,0,0,0,0,0,0.5,0.5,0,NA,"fire-sensitive","NA_fire-sensitive"
"14710_51_62_B","14710_51_62","Central Interior and Appalachian Floodplain Systems","Riparian",5000,429,67,58,"B",23,2,-21,"under",1,2,0,0,0,0,0,0,0.333333333333333,0.666666666666667,0,"AM","fire-sensitive","AM_fire-sensitive"
"14710_51_62_C","14710_51_62","Central Interior and Appalachian Floodplain Systems","Riparian",5000,429,67,58,"C",44,21,-23,"under",3,1,0,0,0,0,0,0,0.125,0.875,0,"AM","fire-sensitive","AM_fire-sensitive"
"14710_51_62_D","14710_51_62","Central Interior and Appalachian Floodplain Systems","Riparian",5000,429,67,58,"D",18,0,-18,"under",3,0,1,0,0,0,0,0,0.25,0.75,0,"AM","fire-sensitive","AM_fire-sensitive"
"14710_64_65_A","14710_64_65","Central Interior and Appalachian Floodplain Systems","Riparian",603,392,120,80,"A",9,4,-5,"under",4,0,2,0,0,2,0,0,0.333333333333333,0.666666666666667,0,"AM","fire-sensitive","AM_fire-sensitive"
"14710_64_65_B","14710_64_65","Central Interior and Appalachian Floodplain Systems","Riparian",603,392,120,80,"B",25,6,-19,"under",6,0,2,0,0,0,0,0,0.25,0.75,0,"AM","fire-sensitive","AM_fire-sensitive"
"14710_64_65_C","14710_64_65","Central Interior and Appalachian Floodplain Systems","Riparian",603,392,120,80,"C",6,17,11,"over",4,0,4,0,0,0,0,0,0.5,0.5,0,NA,"fire-sensitive","NA_fire-sensitive"
"14710_64_65_D","14710_64_65","Central Interior and Appalachian Floodplain Systems","Riparian",603,392,120,80,"D",13,1,-12,"under",6,0,2,0,0,0,0,0,0.25,0.75,0,"AM","fire-sensitive","AM_fire-sensitive"
"14710_64_65_E","14710_64_65","Central Interior and Appalachian Floodplain Systems","Riparian",603,392,120,80,"E",47,0,-47,"under",4,0,4,0,0,0,0,0,0.5,0.5,0,NA,"fire-sensitive","NA_fire-sensitive"
"14720_44_46_47_48_A","14720_44_46_47_48","Central Interior and Appalachian Riparian Systems","Riparian",990,5000,200,167,"A",17,0,-17,"under",12,0,0,0,0,0,0,0,0,1,0,"AM","fire-sensitive","AM_fire-sensitive"
"14720_44_46_47_48_B","14720_44_46_47_48","Central Interior and Appalachian Riparian Systems","Riparian",990,5000,200,167,"B",23,6,-17,"under",9,0,3,0,0,0,0,0,0.25,0.75,0,"AM","fire-sensitive","AM_fire-sensitive"
"14720_44_46_47_48_C","14720_44_46_47_48","Central Interior and Appalachian Riparian Systems","Riparian",990,5000,200,167,"C",13,3,-10,"under",6,0,6,0,0,0,0,0,0.5,0.5,0,NA,"fire-sensitive","NA_fire-sensitive"
"14720_44_46_47_48_D","14720_44_46_47_48","Central Interior and Appalachian Riparian Systems","Riparian",990,5000,200,167,"D",38,0,-38,"under",6,0,6,0,0,0,0,0,0.5,0.5,0,NA,"fire-sensitive","NA_fire-sensitive"
"14720_44_46_47_48_E","14720_44_46_47_48","Central Interior and Appalachian Riparian Systems","Riparian",990,5000,200,167,"E",9,0,-9,"under",6,0,6,0,0,0,0,0,0.5,0.5,0,NA,"fire-sensitive","NA_fire-sensitive"
"14720_53_54_57_59_60_A","14720_53_54_57_59_60","Central Interior and Appalachian Riparian Systems","Riparian",997,5000,202,168,"A",17,0,-17,"under",20,0,0,0,0,0,0,0,0,1,0,"AM","fire-sensitive","AM_fire-sensitive"
"14720_53_54_57_59_60_B","14720_53_54_57_59_60","Central Interior and Appalachian Riparian Systems","Riparian",997,5000,202,168,"B",23,0,-23,"under",15,0,5,0,0,0,0,0,0.25,0.75,0,"AM","fire-sensitive","AM_fire-sensitive"
"14720_53_54_57_59_60_C","14720_53_54_57_59_60","Central Interior and Appalachian Riparian Systems","Riparian",997,5000,202,168,"C",13,0,-13,"under",10,0,10,0,0,0,0,0,0.5,0.5,0,NA,"fire-sensitive","NA_fire-sensitive"
"14720_53_54_57_59_60_D","14720_53_54_57_59_60","Central Interior and Appalachian Riparian Systems","Riparian",997,5000,202,168,"D",38,0,-38,"under",10,0,10,0,0,0,0,0,0.5,0.5,0,NA,"fire-sensitive","NA_fire-sensitive"
"14720_53_54_57_59_60_E","14720_53_54_57_59_60","Central Interior and Appalachian Riparian Systems","Riparian",997,5000,202,168,"E",9,0,-9,"under",10,0,10,0,0,0,0,0,0.5,0.5,0,NA,"fire-sensitive","NA_fire-sensitive"
"14720_61_62_63_A","14720_61_62_63","Central Interior and Appalachian Riparian Systems","Riparian",1001,5000,200,166,"A",16,1,-15,"under",9,0,3,0,0,0,0,0,0.25,0.75,0,"AM","fire-sensitive","AM_fire-sensitive"
"14720_61_62_63_B","14720_61_62_63","Central Interior and Appalachian Riparian Systems","Riparian",1001,5000,200,166,"B",22,8,-14,"under",9,0,3,0,0,0,0,0,0.25,0.75,0,"AM","fire-sensitive","AM_fire-sensitive"
"14720_61_62_63_C","14720_61_62_63","Central Interior and Appalachian Riparian Systems","Riparian",1001,5000,200,166,"C",13,5,-8,"under",9,0,3,0,0,0,0,0,0.25,0.75,0,"AM","fire-sensitive","AM_fire-sensitive"
"14720_61_62_63_D","14720_61_62_63","Central Interior and Appalachian Riparian Systems","Riparian",1001,5000,200,166,"D",39,0,-39,"under",9,0,3,0,0,0,0,0,0.25,0.75,0,"AM","fire-sensitive","AM_fire-sensitive"
"14720_61_62_63_E","14720_61_62_63","Central Interior and Appalachian Riparian Systems","Riparian",1001,5000,200,166,"E",10,0,-10,"under",9,0,3,0,0,0,0,0,0.25,0.75,0,"AM","fire-sensitive","AM_fire-sensitive"
"14720_64_65_66_A","14720_64_65_66","Central Interior and Appalachian Riparian Systems","Riparian",984,5000,198,165,"A",16,0,-16,"under",9,0,3,0,0,0,0,0,0.25,0.75,0,"AM","fire-sensitive","AM_fire-sensitive"
"14720_64_65_66_B","14720_64_65_66","Central Interior and Appalachian Riparian Systems","Riparian",984,5000,198,165,"B",22,0,-22,"under",9,0,3,0,0,0,0,0,0.25,0.75,0,"AM","fire-sensitive","AM_fire-sensitive"
"14720_64_65_66_C","14720_64_65_66","Central Interior and Appalachian Riparian Systems","Riparian",984,5000,198,165,"C",13,0,-13,"under",6,0,6,0,0,0,0,0,0.5,0.5,0,NA,"fire-sensitive","NA_fire-sensitive"
"14720_64_65_66_D","14720_64_65_66","Central Interior and Appalachian Riparian Systems","Riparian",984,5000,198,165,"D",40,0,-40,"under",2,0,2,0,0,0,0,0,0.5,0.5,0,NA,"fire-sensitive","NA_fire-sensitive"
"14720_64_65_66_E","14720_64_65_66","Central Interior and Appalachian Riparian Systems","Riparian",984,5000,198,165,"E",9,0,-9,"under",6,0,6,0,0,0,0,0,0.5,0.5,0,NA,"fire-sensitive","NA_fire-sensitive"
"14730_45_46_47_98_99_A","14730_45_46_47_98_99","Gulf and Atlantic Coastal Plain Floodplain Systems","Riparian",115,5000,100,53,"A",22,0,-22,"under",2,0,4,0,0,2,0,0,0.666666666666667,0.333333333333333,0,"EcM","fire-sensitive","EcM_fire-sensitive"
"14730_45_46_47_98_99_B","14730_45_46_47_98_99","Gulf and Atlantic Coastal Plain Floodplain Systems","Riparian",115,5000,100,53,"B",31,7,-24,"under",4,0,4,0,0,0,0,0,0.5,0.5,0,NA,"fire-sensitive","NA_fire-sensitive"
"14730_45_46_47_98_99_C","14730_45_46_47_98_99","Gulf and Atlantic Coastal Plain Floodplain Systems","Riparian",115,5000,100,53,"C",27,1,-26,"under",2,0,6,0,0,0,0,0,0.75,0.25,0,"EcM","fire-sensitive","EcM_fire-sensitive"
"14730_45_46_47_98_99_D","14730_45_46_47_98_99","Gulf and Atlantic Coastal Plain Floodplain Systems","Riparian",115,5000,100,53,"D",20,2,-18,"under",0,0,4,0,0,2,0,0,1,0,0,"EcM","fire-sensitive","EcM_fire-sensitive"
"14730_55_58_60_A","14730_55_58_60","Gulf and Atlantic Coastal Plain Floodplain Systems","Riparian",114,5000,101,54,"A",22,3,-19,"under",1,0,2,0,0,1,0,0,0.666666666666667,0.333333333333333,0,"EcM","fire-sensitive","EcM_fire-sensitive"
"14730_55_58_60_B","14730_55_58_60","Gulf and Atlantic Coastal Plain Floodplain Systems","Riparian",114,5000,101,54,"B",31,36,5,"over",2,0,2,0,0,0,0,0,0.5,0.5,0,NA,"fire-sensitive","NA_fire-sensitive"
"14730_55_58_60_C","14730_55_58_60","Gulf and Atlantic Coastal Plain Floodplain Systems","Riparian",114,5000,101,54,"C",26,0,-26,"under",1,0,3,0,0,0,0,0,0.75,0.25,0,"EcM","fire-sensitive","EcM_fire-sensitive"
"14730_55_58_60_D","14730_55_58_60","Gulf and Atlantic Coastal Plain Floodplain Systems","Riparian",114,5000,101,54,"D",21,11,-10,"under",0,0,2,0,0,1,0,0,1,0,0,"EcM","fire-sensitive","EcM_fire-sensitive"
"14740_46_47_48_55_56_58_60_99_A","14740_46_47_48_55_56_58_60_99","Gulf and Atlantic Coastal Plain Small Stream Riparian Systems","Riparian",477,202,131,68,"A",16,0,-16,"under",12,0,4,0,0,0,0,0,0.25,0.75,0,"AM","fire-sensitive","AM_fire-sensitive"
"14740_46_47_48_55_56_58_60_99_B","14740_46_47_48_55_56_58_60_99","Gulf and Atlantic Coastal Plain Small Stream Riparian Systems","Riparian",477,202,131,68,"B",23,3,-20,"under",12,0,4,0,0,0,0,0,0.25,0.75,0,"AM","fire-sensitive","AM_fire-sensitive"
"14740_46_47_48_55_56_58_60_99_C","14740_46_47_48_55_56_58_60_99","Gulf and Atlantic Coastal Plain Small Stream Riparian Systems","Riparian",477,202,131,68,"C",4,1,-3,"under",8,0,8,0,0,0,0,0,0.5,0.5,0,NA,"fire-sensitive","NA_fire-sensitive"
"14740_46_47_48_55_56_58_60_99_D","14740_46_47_48_55_56_58_60_99","Gulf and Atlantic Coastal Plain Small Stream Riparian Systems","Riparian",477,202,131,68,"D",24,0,-24,"under",6,0,6,0,0,0,0,0,0.5,0.5,0,NA,"fire-sensitive","NA_fire-sensitive"
"14740_46_47_48_55_56_58_60_99_E","14740_46_47_48_55_56_58_60_99","Gulf and Atlantic Coastal Plain Small Stream Riparian Systems","Riparian",477,202,131,68,"E",33,0,-33,"under",8,0,8,0,0,0,0,0,0.5,0.5,0,NA,"fire-sensitive","NA_fire-sensitive"
"14750_41_50_51_63_64_65_66_A","14750_41_50_51_63_64_65_66","Laurentian-Acadian Floodplain Systems","Riparian",5000,435,68,59,"A",16,0,-16,"under",0,4,4,0,0,0,0,0,0.75,0.25,0,"EcM","fire-sensitive","EcM_fire-sensitive"
"14750_41_50_51_63_64_65_66_B","14750_41_50_51_63_64_65_66","Laurentian-Acadian Floodplain Systems","Riparian",5000,435,68,59,"B",23,1,-22,"under",12,4,0,0,0,0,0,0,0.125,0.875,0,"AM","fire-sensitive","AM_fire-sensitive"
"14750_41_50_51_63_64_65_66_C","14750_41_50_51_63_64_65_66","Laurentian-Acadian Floodplain Systems","Riparian",5000,435,68,59,"C",44,4,-40,"under",12,0,0,0,0,0,0,0,0,1,0,"AM","fire-sensitive","AM_fire-sensitive"
"14750_41_50_51_63_64_65_66_D","14750_41_50_51_63_64_65_66","Laurentian-Acadian Floodplain Systems","Riparian",5000,435,68,59,"D",17,0,-17,"under",6,0,6,0,0,0,0,0,0.5,0.5,0,NA,"fire-sensitive","NA_fire-sensitive"
"14770_63_64_65_66_A","14770_63_64_65_66","Boreal Acidic Peatland Systems","Riparian",935,5000,170,144,"A",13,12,-1,"under",0,0,4,0,0,12,0,0,1,0,0,"EcM","fire-sensitive","EcM_fire-sensitive"
"14770_63_64_65_66_B","14770_63_64_65_66","Boreal Acidic Peatland Systems","Riparian",935,5000,170,144,"B",16,2,-14,"under",0,0,4,0,0,8,0,4,1,0,0,"EcM","fire-sensitive","EcM_fire-sensitive"
"14770_63_64_65_66_C","14770_63_64_65_66","Boreal Acidic Peatland Systems","Riparian",935,5000,170,144,"C",39,16,-23,"under",0,0,8,4,0,0,0,4,0.666666666666667,0,0.333333333333333,"EcM","fire-sensitive","EcM_fire-sensitive"
"14770_63_64_65_66_D","14770_63_64_65_66","Boreal Acidic Peatland Systems","Riparian",935,5000,170,144,"D",25,30,5,"over",0,0,4,4,0,4,0,4,0.5,0,0.5,NA,"fire-sensitive","NA_fire-sensitive"
"14790_41_42_47_48_50_51_53_A","14790_41_42_47_48_50_51_53","Central Interior and Appalachian Swamp Systems","Riparian",987,5000,5000,987,"A",24,0,-24,"under",12,0,0,0,0,0,0,0,0,1,0,"AM","fire-sensitive","AM_fire-sensitive"
"14790_41_42_47_48_50_51_53_B","14790_41_42_47_48_50_51_53","Central Interior and Appalachian Swamp Systems","Riparian",987,5000,5000,987,"B",36,0,-36,"under",12,0,0,0,0,0,0,0,0,1,0,"AM","fire-sensitive","AM_fire-sensitive"
"14790_41_42_47_48_50_51_53_C","14790_41_42_47_48_50_51_53","Central Interior and Appalachian Swamp Systems","Riparian",987,5000,5000,987,"C",40,21,-19,"under",9,0,0,0,0,3,0,0,0,1,0,"AM","fire-sensitive","AM_fire-sensitive"
"14790_52_62_A","14790_52_62","Central Interior and Appalachian Swamp Systems","Riparian",989,5000,5000,989,"A",15,0,-15,"under",8,0,0,0,0,0,0,0,0,1,0,"AM","fire-sensitive","AM_fire-sensitive"
"14790_52_62_B","14790_52_62","Central Interior and Appalachian Swamp Systems","Riparian",989,5000,5000,989,"B",21,0,-21,"under",8,0,0,0,0,0,0,0,0,1,0,"AM","fire-sensitive","AM_fire-sensitive"
"14790_52_62_C","14790_52_62","Central Interior and Appalachian Swamp Systems","Riparian",989,5000,5000,989,"C",64,8,-56,"under",8,0,0,0,0,0,0,0,0,1,0,"AM","fire-sensitive","AM_fire-sensitive"
"14790_60_61_63_64_65_66_A","14790_60_61_63_64_65_66","Central Interior and Appalachian Swamp Systems","Riparian",1011,5000,1353,578,"A",24,0,-24,"under",36,0,0,6,0,12,0,0,0,0.857142857142857,0.142857142857143,"AM","fire-sensitive","AM_fire-sensitive"
"14790_60_61_63_64_65_66_B","14790_60_61_63_64_65_66","Central Interior and Appalachian Swamp Systems","Riparian",1011,5000,1353,578,"B",36,0,-36,"under",30,0,0,6,0,12,0,0,0,0.833333333333333,0.166666666666667,"AM","fire-sensitive","AM_fire-sensitive"
"14790_60_61_63_64_65_66_C","14790_60_61_63_64_65_66","Central Interior and Appalachian Swamp Systems","Riparian",1011,5000,1353,578,"C",40,1,-39,"under",30,0,0,6,0,12,0,0,0,0.833333333333333,0.166666666666667,"AM","fire-sensitive","AM_fire-sensitive"
"14800_46_56_58_60_64_65_66_A","14800_46_56_58_60_64_65_66","Gulf and Atlantic Coastal Plain Swamp Systems","Riparian",5000,5000,221,221,"A",9,0,-9,"under",5,0,0,0,0,10,0,0,0,1,0,"AM","fire-sensitive","AM_fire-sensitive"
"14800_46_56_58_60_64_65_66_B","14800_46_56_58_60_64_65_66","Gulf and Atlantic Coastal Plain Swamp Systems","Riparian",5000,5000,221,221,"B",17,0,-17,"under",15,0,5,0,0,0,0,0,0.25,0.75,0,"AM","fire-sensitive","AM_fire-sensitive"
"14800_46_56_58_60_64_65_66_C","14800_46_56_58_60_64_65_66","Gulf and Atlantic Coastal Plain Swamp Systems","Riparian",5000,5000,221,221,"C",74,2,-72,"under",15,0,5,0,0,0,0,0,0.25,0.75,0,"AM","fire-sensitive","AM_fire-sensitive"
"14800_47_A","14800_47","Gulf and Atlantic Coastal Plain Swamp Systems","Riparian",5000,5000,219,219,"A",9,1,-8,"under",1,0,0,0,0,2,0,0,0,1,0,"AM","fire-sensitive","AM_fire-sensitive"
"14800_47_B","14800_47","Gulf and Atlantic Coastal Plain Swamp Systems","Riparian",5000,5000,219,219,"B",17,0,-17,"under",3,0,1,0,0,0,0,0,0.25,0.75,0,"AM","fire-sensitive","AM_fire-sensitive"
"14800_47_C","14800_47","Gulf and Atlantic Coastal Plain Swamp Systems","Riparian",5000,5000,219,219,"C",74,24,-50,"under",3,0,1,0,0,0,0,0,0.25,0.75,0,"AM","fire-sensitive","AM_fire-sensitive"
"14810_41_50_51_63_A","14810_41_50_51_63","Laurentian-Acadian Alkaline Conifer-Hardwood Swamp","Riparian",989,5000,5000,989,"A",14,5,-9,"under",1,0,2,1,0,0,0,0,0.5,0.25,0.25,NA,"fire-sensitive","NA_fire-sensitive"
"14810_41_50_51_63_B","14810_41_50_51_63","Laurentian-Acadian Alkaline Conifer-Hardwood Swamp","Riparian",989,5000,5000,989,"B",11,5,-6,"under",2,0,2,0,0,0,0,0,0.5,0.5,0,NA,"fire-sensitive","NA_fire-sensitive"
"14810_41_50_51_63_C","14810_41_50_51_63","Laurentian-Acadian Alkaline Conifer-Hardwood Swamp","Riparian",989,5000,5000,989,"C",21,19,-2,"under",2,0,2,0,0,0,0,0,0.5,0.5,0,NA,"fire-sensitive","NA_fire-sensitive"
"14810_41_50_51_63_D","14810_41_50_51_63","Laurentian-Acadian Alkaline Conifer-Hardwood Swamp","Riparian",989,5000,5000,989,"D",54,12,-42,"under",2,0,2,0,0,0,0,0,0.5,0.5,0,NA,"fire-sensitive","NA_fire-sensitive"
"14900_60_A","14900_60","Gulf and Atlantic Coastal Plain Tidal Marsh Systems","Riparian",5,294,5000,5,"A",57,0,-57,"under",0,0,0,0,0,3,0,0,NA,NA,NA,NA,"fire-sensitive","NA_fire-sensitive"
"14900_60_B","14900_60","Gulf and Atlantic Coastal Plain Tidal Marsh Systems","Riparian",5,294,5000,5,"B",26,0,-26,"under",0,0,0,0,0,1,0,0,NA,NA,NA,NA,"fire-sensitive","NA_fire-sensitive"
"14900_60_C","14900_60","Gulf and Atlantic Coastal Plain Tidal Marsh Systems","Riparian",5,294,5000,5,"C",6,0,-6,"under",3,0,0,0,0,1,0,0,0,1,0,"AM","fire-sensitive","AM_fire-sensitive"
"14900_60_D","14900_60","Gulf and Atlantic Coastal Plain Tidal Marsh Systems","Riparian",5,294,5000,5,"D",11,56,45,"over",0,0,0,0,0,1,0,0,NA,NA,NA,NA,"fire-sensitive","NA_fire-sensitive"
"14900_65_66_A","14900_65_66","Gulf and Atlantic Coastal Plain Tidal Marsh Systems","Riparian",508,5000,5000,508,"A",11,0,-11,"under",0,0,0,0,0,6,0,0,NA,NA,NA,NA,"fire-sensitive","NA_fire-sensitive"
"14900_65_66_B","14900_65_66","Gulf and Atlantic Coastal Plain Tidal Marsh Systems","Riparian",508,5000,5000,508,"B",16,8,-8,"under",0,0,0,0,0,6,0,0,NA,NA,NA,NA,"fire-sensitive","NA_fire-sensitive"
"14900_65_66_C","14900_65_66","Gulf and Atlantic Coastal Plain Tidal Marsh Systems","Riparian",508,5000,5000,508,"C",73,0,-73,"under",0,0,0,0,0,8,0,0,NA,NA,NA,NA,"fire-sensitive","NA_fire-sensitive"
"14920_41_50_51_52_63_B","14920_41_50_51_52_63","Great Lakes Coastal Marsh Systems","Riparian",5000,5000,5000,5000,"B",22,3,-19,"under",0,0,0,0,0,4,0,0,NA,NA,NA,NA,"fire-sensitive","NA_fire-sensitive"
"14920_41_50_51_52_63_C","14920_41_50_51_52_63","Great Lakes Coastal Marsh Systems","Riparian",5000,5000,5000,5000,"C",56,0,-56,"under",0,0,2,0,0,6,0,0,1,0,0,"EcM","fire-sensitive","EcM_fire-sensitive"
"14930_52_62_A","14930_52_62","Central Interior and Appalachian Shrub-Herbaceous Wetland Systems","Riparian",17,5000,5000,17,"A",8,0,-8,"under",0,0,0,0,0,2,0,0,NA,NA,NA,NA,"fire-sensitive","NA_fire-sensitive"
"14930_52_62_B","14930_52_62","Central Interior and Appalachian Shrub-Herbaceous Wetland Systems","Riparian",17,5000,5000,17,"B",59,0,-59,"under",0,0,0,0,0,4,0,0,NA,NA,NA,NA,"fire-sensitive","NA_fire-sensitive"
"14930_52_62_C","14930_52_62","Central Interior and Appalachian Shrub-Herbaceous Wetland Systems","Riparian",17,5000,5000,17,"C",30,0,-30,"under",6,0,0,0,0,2,0,0,0,1,0,"AM","fire-sensitive","AM_fire-sensitive"
"14930_52_62_D","14930_52_62","Central Interior and Appalachian Shrub-Herbaceous Wetland Systems","Riparian",17,5000,5000,17,"D",3,44,41,"over",8,0,0,0,0,0,0,0,0,1,0,"AM","fire-sensitive","AM_fire-sensitive"
"14940_63_65_66_B","14940_63_65_66","Laurentian-Acadian Shrub-Herbaceous Wetland Systems","Riparian",792,5000,5000,792,"B",29,5,-24,"under",0,0,0,0,0,12,0,0,NA,NA,NA,NA,"fire-sensitive","NA_fire-sensitive"
"14940_63_65_66_C","14940_63_65_66","Laurentian-Acadian Shrub-Herbaceous Wetland Systems","Riparian",792,5000,5000,792,"C",11,1,-10,"under",9,0,3,0,0,0,0,0,0.25,0.75,0,"AM","fire-sensitive","AM_fire-sensitive"
"14940_63_65_66_D","14940_63_65_66","Laurentian-Acadian Shrub-Herbaceous Wetland Systems","Riparian",792,5000,5000,792,"D",13,23,10,"over",3,0,3,0,0,6,0,0,0.5,0.5,0,NA,"fire-sensitive","NA_fire-sensitive"
"14940_64_B","14940_64","Laurentian-Acadian Shrub-Herbaceous Wetland Systems","Riparian",794,5000,5000,794,"B",29,2,-27,"under",0,0,0,0,0,4,0,0,NA,NA,NA,NA,"fire-sensitive","NA_fire-sensitive"
"14940_64_C","14940_64","Laurentian-Acadian Shrub-Herbaceous Wetland Systems","Riparian",794,5000,5000,794,"C",11,0,-11,"under",3,0,1,0,0,0,0,0,0.25,0.75,0,"AM","fire-sensitive","AM_fire-sensitive"
"14940_64_D","14940_64","Laurentian-Acadian Shrub-Herbaceous Wetland Systems","Riparian",794,5000,5000,794,"D",13,12,-1,"under",1,0,1,0,0,2,0,0,0.5,0.5,0,NA,"fire-sensitive","NA_fire-sensitive"
"15010_58_60_A","15010_58_60","Central Atlantic Coastal Plain Nonriverine Swamp and Wet Hardwood Forest","Riparian",92,424,5000,76,"A",8,3,-5,"under",1,0,0,0,0,0,0,0,0,1,0,"AM","fire-sensitive","AM_fire-sensitive"
"15010_58_60_B","15010_58_60","Central Atlantic Coastal Plain Nonriverine Swamp and Wet Hardwood Forest","Riparian",92,424,5000,76,"B",33,1,-32,"under",1,0,0,0,0,0,0,0,0,1,0,"AM","fire-sensitive","AM_fire-sensitive"
"15010_58_60_C","15010_58_60","Central Atlantic Coastal Plain Nonriverine Swamp and Wet Hardwood Forest","Riparian",92,424,5000,76,"C",16,1,-15,"under",3,0,1,0,0,0,0,0,0.25,0.75,0,"AM","fire-sensitive","AM_fire-sensitive"
"15010_58_60_D","15010_58_60","Central Atlantic Coastal Plain Nonriverine Swamp and Wet Hardwood Forest","Riparian",92,424,5000,76,"D",26,55,29,"over",4,0,0,0,0,0,0,0,0,1,0,"AM","fire-sensitive","AM_fire-sensitive"
"15010_58_60_E","15010_58_60","Central Atlantic Coastal Plain Nonriverine Swamp and Wet Hardwood Forest","Riparian",92,424,5000,76,"E",17,0,-17,"under",4,0,0,0,0,0,0,0,0,1,0,"AM","fire-sensitive","AM_fire-sensitive"
"15090_45_47_A","15090_45_47","Mississippi River Alluvial Plain Dry-Mesic Loess Slope Forest","Hardwood",479,106,88,44,"A",10,0,-10,"under",2,0,2,0,0,0,0,0,0.5,0.5,0,NA,"fire-sensitive","NA_fire-sensitive"
"15090_45_47_C","15090_45_47","Mississippi River Alluvial Plain Dry-Mesic Loess Slope Forest","Hardwood",479,106,88,44,"C",16,3,-13,"under",2,0,2,0,0,0,0,0,0.5,0.5,0,NA,"fire-sensitive","NA_fire-sensitive"
"15090_45_47_D","15090_45_47","Mississippi River Alluvial Plain Dry-Mesic Loess Slope Forest","Hardwood",479,106,88,44,"D",55,1,-54,"under",2,0,2,0,0,0,0,0,0.5,0.5,0,NA,"fire-sensitive","NA_fire-sensitive"
"15180_43_47_49_52_62_63_64_65_A","15180_43_47_49_52_62_63_64_65","North-Central Interior Wet Flatwoods","Hardwood",993,5000,5000,993,"A",11,0,-11,"under",0,6,18,0,0,0,0,0,0.875,0.125,0,"EcM","fire-sensitive","EcM_fire-sensitive"
"15180_43_47_49_52_62_63_64_65_B","15180_43_47_49_52_62_63_64_65","North-Central Interior Wet Flatwoods","Hardwood",993,5000,5000,993,"B",16,7,-9,"under",0,0,24,0,0,0,0,0,1,0,0,"EcM","fire-sensitive","EcM_fire-sensitive"
"15180_43_47_49_52_62_63_64_65_C","15180_43_47_49_52_62_63_64_65","North-Central Interior Wet Flatwoods","Hardwood",993,5000,5000,993,"C",73,0,-73,"under",6,0,18,0,0,0,0,0,0.75,0.25,0,"EcM","fire-sensitive","EcM_fire-sensitive"
"15260_64_65_66_A","15260_64_65_66","Laurentian-Acadian Swamp Systems","Riparian",1011,5000,5000,1011,"A",14,2,-12,"under",6,0,15,3,0,0,0,0,0.625,0.25,0.125,"EcM","fire-sensitive","EcM_fire-sensitive"
"15260_64_65_66_B","15260_64_65_66","Laurentian-Acadian Swamp Systems","Riparian",1011,5000,5000,1011,"B",11,9,-2,"under",9,0,15,0,0,0,0,0,0.625,0.375,0,"EcM","fire-sensitive","EcM_fire-sensitive"
"15260_64_65_66_C","15260_64_65_66","Laurentian-Acadian Swamp Systems","Riparian",1011,5000,5000,1011,"C",21,28,7,"over",6,0,12,0,0,0,0,0,0.666666666666667,0.333333333333333,0,"EcM","fire-sensitive","EcM_fire-sensitive"
"15260_64_65_66_D","15260_64_65_66","Laurentian-Acadian Swamp Systems","Riparian",1011,5000,5000,1011,"D",54,0,-54,"under",6,0,6,0,0,0,0,0,0.5,0.5,0,NA,"fire-sensitive","NA_fire-sensitive"
